INSERT INTO T_COMN_MENU_GROUP (MENU_GROUP_ID,PARENT_MENU_GROUP_ID,MENU_GROUP_NAME_JA,MENU_GROUP_NAME_EN,MENU_GROUP_ICON,MENU_CREATE_TARGET_FLAG,DISP_SEQ,NOTE,DISUSE_FLAG,LAST_UPDATE_TIMESTAMP,LAST_UPDATE_USER) VALUES(701,NULL,'ホストグループ管理','HostGroup management','host_group.png','0',65,NULL,'0',_____DATE_____,1);
INSERT INTO T_COMN_MENU_GROUP_JNL (JOURNAL_SEQ_NO,JOURNAL_REG_DATETIME,JOURNAL_ACTION_CLASS,MENU_GROUP_ID,PARENT_MENU_GROUP_ID,MENU_GROUP_NAME_JA,MENU_GROUP_NAME_EN,MENU_GROUP_ICON,MENU_CREATE_TARGET_FLAG,DISP_SEQ,NOTE,DISUSE_FLAG,LAST_UPDATE_TIMESTAMP,LAST_UPDATE_USER) VALUES(701,_____DATE_____,'INSERT',701,NULL,'ホストグループ管理','HostGroup management','host_group.png','0',65,NULL,'0',_____DATE_____,1);

INSERT INTO T_COMN_MENU (MENU_ID,MENU_GROUP_ID,MENU_NAME_JA,MENU_NAME_EN,MENU_NAME_REST,DISP_SEQ,AUTOFILTER_FLG,INITIAL_FILTER_FLG,WEB_PRINT_LIMIT,WEB_PRINT_CONFIRM,XLS_PRINT_LIMIT,SORT_KEY,NOTE,DISUSE_FLAG,LAST_UPDATE_TIMESTAMP,LAST_UPDATE_USER) VALUES(70101,701,'ホストグループ一覧','HostGroup management','hostgroup_management',10,1,1,NULL,NULL,NULL,'[{"ASC":"hostgroup_name"}]',NULL,'0',_____DATE_____,1);
INSERT INTO T_COMN_MENU_JNL (JOURNAL_SEQ_NO,JOURNAL_REG_DATETIME,JOURNAL_ACTION_CLASS,MENU_ID,MENU_GROUP_ID,MENU_NAME_JA,MENU_NAME_EN,MENU_NAME_REST,DISP_SEQ,AUTOFILTER_FLG,INITIAL_FILTER_FLG,WEB_PRINT_LIMIT,WEB_PRINT_CONFIRM,XLS_PRINT_LIMIT,SORT_KEY,NOTE,DISUSE_FLAG,LAST_UPDATE_TIMESTAMP,LAST_UPDATE_USER) VALUES(70101,_____DATE_____,'INSERT',70101,701,'ホストグループ一覧','HostGroup management','hostgroup_management',10,1,1,NULL,NULL,NULL,'[{"ASC":"hostgroup_name"}]',NULL,'0',_____DATE_____,1);
INSERT INTO T_COMN_MENU (MENU_ID,MENU_GROUP_ID,MENU_NAME_JA,MENU_NAME_EN,MENU_NAME_REST,DISP_SEQ,AUTOFILTER_FLG,INITIAL_FILTER_FLG,WEB_PRINT_LIMIT,WEB_PRINT_CONFIRM,XLS_PRINT_LIMIT,SORT_KEY,NOTE,DISUSE_FLAG,LAST_UPDATE_TIMESTAMP,LAST_UPDATE_USER) VALUES(70102,701,'ホストグループ親子紐付','HostGroup parent_child link list','hostgroup_parent_child_link_list',20,1,1,NULL,NULL,NULL,'[{"ASC":"hostgroup_child"},{"ASC":"hostgroup_parent"}]',NULL,'0',_____DATE_____,1);
INSERT INTO T_COMN_MENU_JNL (JOURNAL_SEQ_NO,JOURNAL_REG_DATETIME,JOURNAL_ACTION_CLASS,MENU_ID,MENU_GROUP_ID,MENU_NAME_JA,MENU_NAME_EN,MENU_NAME_REST,DISP_SEQ,AUTOFILTER_FLG,INITIAL_FILTER_FLG,WEB_PRINT_LIMIT,WEB_PRINT_CONFIRM,XLS_PRINT_LIMIT,SORT_KEY,NOTE,DISUSE_FLAG,LAST_UPDATE_TIMESTAMP,LAST_UPDATE_USER) VALUES(70102,_____DATE_____,'INSERT',70102,701,'ホストグループ親子紐付','HostGroup parent_child link list','hostgroup_parent_child_link_list',20,1,1,NULL,NULL,NULL,'[{"ASC":"hostgroup_child"},{"ASC":"hostgroup_parent"}]',NULL,'0',_____DATE_____,1);
INSERT INTO T_COMN_MENU (MENU_ID,MENU_GROUP_ID,MENU_NAME_JA,MENU_NAME_EN,MENU_NAME_REST,DISP_SEQ,AUTOFILTER_FLG,INITIAL_FILTER_FLG,WEB_PRINT_LIMIT,WEB_PRINT_CONFIRM,XLS_PRINT_LIMIT,SORT_KEY,NOTE,DISUSE_FLAG,LAST_UPDATE_TIMESTAMP,LAST_UPDATE_USER) VALUES(70103,701,'ホスト紐付管理','Host link list','host_link_list',30,1,1,NULL,NULL,NULL,'[{"ASC":"hostname"},{"ASC":"operation"},{"ASC":"hostgroup_name"}]',NULL,'0',_____DATE_____,1);
INSERT INTO T_COMN_MENU_JNL (JOURNAL_SEQ_NO,JOURNAL_REG_DATETIME,JOURNAL_ACTION_CLASS,MENU_ID,MENU_GROUP_ID,MENU_NAME_JA,MENU_NAME_EN,MENU_NAME_REST,DISP_SEQ,AUTOFILTER_FLG,INITIAL_FILTER_FLG,WEB_PRINT_LIMIT,WEB_PRINT_CONFIRM,XLS_PRINT_LIMIT,SORT_KEY,NOTE,DISUSE_FLAG,LAST_UPDATE_TIMESTAMP,LAST_UPDATE_USER) VALUES(70103,_____DATE_____,'INSERT',70103,701,'ホスト紐付管理','Host link list','host_link_list',30,1,1,NULL,NULL,NULL,'[{"ASC":"hostname"},{"ASC":"operation"},{"ASC":"hostgroup_name"}]',NULL,'0',_____DATE_____,1);
INSERT INTO T_COMN_MENU (MENU_ID,MENU_GROUP_ID,MENU_NAME_JA,MENU_NAME_EN,MENU_NAME_REST,DISP_SEQ,AUTOFILTER_FLG,INITIAL_FILTER_FLG,WEB_PRINT_LIMIT,WEB_PRINT_CONFIRM,XLS_PRINT_LIMIT,SORT_KEY,NOTE,DISUSE_FLAG,LAST_UPDATE_TIMESTAMP,LAST_UPDATE_USER) VALUES(70104,701,'ホストグループ分割対象','HostGroup split target','hostgroup_split_target',40,0,0,NULL,NULL,NULL,'[{"ASC":"registration_target_menu"},{"ASC":"split_target_menu"}]',NULL,'0',_____DATE_____,1);
INSERT INTO T_COMN_MENU_JNL (JOURNAL_SEQ_NO,JOURNAL_REG_DATETIME,JOURNAL_ACTION_CLASS,MENU_ID,MENU_GROUP_ID,MENU_NAME_JA,MENU_NAME_EN,MENU_NAME_REST,DISP_SEQ,AUTOFILTER_FLG,INITIAL_FILTER_FLG,WEB_PRINT_LIMIT,WEB_PRINT_CONFIRM,XLS_PRINT_LIMIT,SORT_KEY,NOTE,DISUSE_FLAG,LAST_UPDATE_TIMESTAMP,LAST_UPDATE_USER) VALUES(70104,_____DATE_____,'INSERT',70104,701,'ホストグループ分割対象','HostGroup split target','hostgroup_split_target',40,0,0,NULL,NULL,NULL,'[{"ASC":"registration_target_menu"},{"ASC":"split_target_menu"}]',NULL,'0',_____DATE_____,1);

INSERT INTO T_COMN_ROLE_MENU_LINK (LINK_ID,MENU_ID,ROLE_ID,PRIVILEGE,NOTE,DISUSE_FLAG,LAST_UPDATE_TIMESTAMP,LAST_UPDATE_USER) VALUES('70101','70101','__ROLE_ID__','1',NULL,'0',_____DATE_____,1);
INSERT INTO T_COMN_ROLE_MENU_LINK_JNL (JOURNAL_SEQ_NO,JOURNAL_REG_DATETIME,JOURNAL_ACTION_CLASS,LINK_ID,MENU_ID,ROLE_ID,PRIVILEGE,NOTE,DISUSE_FLAG,LAST_UPDATE_TIMESTAMP,LAST_UPDATE_USER) VALUES(70101,_____DATE_____,'INSERT','70101','70101','__ROLE_ID__','1',NULL,'0',_____DATE_____,1);
INSERT INTO T_COMN_ROLE_MENU_LINK (LINK_ID,MENU_ID,ROLE_ID,PRIVILEGE,NOTE,DISUSE_FLAG,LAST_UPDATE_TIMESTAMP,LAST_UPDATE_USER) VALUES('70102','70102','__ROLE_ID__','1',NULL,'0',_____DATE_____,1);
INSERT INTO T_COMN_ROLE_MENU_LINK_JNL (JOURNAL_SEQ_NO,JOURNAL_REG_DATETIME,JOURNAL_ACTION_CLASS,LINK_ID,MENU_ID,ROLE_ID,PRIVILEGE,NOTE,DISUSE_FLAG,LAST_UPDATE_TIMESTAMP,LAST_UPDATE_USER) VALUES(70102,_____DATE_____,'INSERT','70102','70102','__ROLE_ID__','1',NULL,'0',_____DATE_____,1);
INSERT INTO T_COMN_ROLE_MENU_LINK (LINK_ID,MENU_ID,ROLE_ID,PRIVILEGE,NOTE,DISUSE_FLAG,LAST_UPDATE_TIMESTAMP,LAST_UPDATE_USER) VALUES('70103','70103','__ROLE_ID__','1',NULL,'0',_____DATE_____,1);
INSERT INTO T_COMN_ROLE_MENU_LINK_JNL (JOURNAL_SEQ_NO,JOURNAL_REG_DATETIME,JOURNAL_ACTION_CLASS,LINK_ID,MENU_ID,ROLE_ID,PRIVILEGE,NOTE,DISUSE_FLAG,LAST_UPDATE_TIMESTAMP,LAST_UPDATE_USER) VALUES(70103,_____DATE_____,'INSERT','70103','70103','__ROLE_ID__','1',NULL,'0',_____DATE_____,1);
INSERT INTO T_COMN_ROLE_MENU_LINK (LINK_ID,MENU_ID,ROLE_ID,PRIVILEGE,NOTE,DISUSE_FLAG,LAST_UPDATE_TIMESTAMP,LAST_UPDATE_USER) VALUES('70104','70104','__ROLE_ID__','2',NULL,'1',_____DATE_____,1);
INSERT INTO T_COMN_ROLE_MENU_LINK_JNL (JOURNAL_SEQ_NO,JOURNAL_REG_DATETIME,JOURNAL_ACTION_CLASS,LINK_ID,MENU_ID,ROLE_ID,PRIVILEGE,NOTE,DISUSE_FLAG,LAST_UPDATE_TIMESTAMP,LAST_UPDATE_USER) VALUES(70104,_____DATE_____,'INSERT','70104','70104','__ROLE_ID__','2',NULL,'1',_____DATE_____,1);

INSERT INTO T_COMN_MENU_TABLE_LINK (TABLE_DEFINITION_ID,MENU_ID,TABLE_NAME,VIEW_NAME,PK_COLUMN_NAME_REST,MENU_INFO_JA,MENU_INFO_EN,SHEET_TYPE,HISTORY_TABLE_FLAG,INHERIT,HOSTGROUP,VERTICAL,ROW_INSERT_FLAG,ROW_UPDATE_FLAG,ROW_DISUSE_FLAG,ROW_REUSE_FLAG,SUBSTITUTION_VALUE_LINK_FLAG,LOCK_TABLE,UNIQUE_CONSTRAINT,BEFORE_VALIDATE_REGISTER,AFTER_VALIDATE_REGISTER,NOTE,DISUSE_FLAG,LAST_UPDATE_TIMESTAMP,LAST_UPDATE_USER) VALUES('70101','70101','T_HGSP_HOSTGROUP_LIST',NULL,'hostgroup_id','ホストグループをメンテナンス(閲覧/登録/更新/廃止)できます。
','You can perform maintenance (view/register/update/discard) of HostGroup management','0','1','0','0','0','1','1','1','1','0',NULL,NULL,NULL,'external_valid_menu_after',NULL,'0',_____DATE_____,1);
INSERT INTO T_COMN_MENU_TABLE_LINK_JNL (JOURNAL_SEQ_NO,JOURNAL_REG_DATETIME,JOURNAL_ACTION_CLASS,TABLE_DEFINITION_ID,MENU_ID,TABLE_NAME,VIEW_NAME,PK_COLUMN_NAME_REST,MENU_INFO_JA,MENU_INFO_EN,SHEET_TYPE,HISTORY_TABLE_FLAG,INHERIT,HOSTGROUP,VERTICAL,ROW_INSERT_FLAG,ROW_UPDATE_FLAG,ROW_DISUSE_FLAG,ROW_REUSE_FLAG,SUBSTITUTION_VALUE_LINK_FLAG,LOCK_TABLE,UNIQUE_CONSTRAINT,BEFORE_VALIDATE_REGISTER,AFTER_VALIDATE_REGISTER,NOTE,DISUSE_FLAG,LAST_UPDATE_TIMESTAMP,LAST_UPDATE_USER) VALUES(70101,_____DATE_____,'INSERT','70101','70101','T_HGSP_HOSTGROUP_LIST',NULL,'hostgroup_id','ホストグループをメンテナンス(閲覧/登録/更新/廃止)できます。
','You can perform maintenance (view/register/update/discard) of HostGroup management','0','1','0','0','0','1','1','1','1','0',NULL,NULL,NULL,'external_valid_menu_after',NULL,'0',_____DATE_____,1);
INSERT INTO T_COMN_MENU_TABLE_LINK (TABLE_DEFINITION_ID,MENU_ID,TABLE_NAME,VIEW_NAME,PK_COLUMN_NAME_REST,MENU_INFO_JA,MENU_INFO_EN,SHEET_TYPE,HISTORY_TABLE_FLAG,INHERIT,HOSTGROUP,VERTICAL,ROW_INSERT_FLAG,ROW_UPDATE_FLAG,ROW_DISUSE_FLAG,ROW_REUSE_FLAG,SUBSTITUTION_VALUE_LINK_FLAG,LOCK_TABLE,UNIQUE_CONSTRAINT,BEFORE_VALIDATE_REGISTER,AFTER_VALIDATE_REGISTER,NOTE,DISUSE_FLAG,LAST_UPDATE_TIMESTAMP,LAST_UPDATE_USER) VALUES('70102','70102','T_HGSP_HOST_LINK_LIST',NULL,'host_link_list_id','ホストグループの親子紐付情報をメンテナンス(閲覧/登録/更新/廃止)できます。
','You can perform maintenance (view/register/update/discard) of HostGroup parent_child link list','0','1','0','0','0','1','1','1','1','0',NULL,'[["hostgroup_parent","hostgroup_child"]]','check_loop','external_valid_menu_after',NULL,'0',_____DATE_____,1);
INSERT INTO T_COMN_MENU_TABLE_LINK_JNL (JOURNAL_SEQ_NO,JOURNAL_REG_DATETIME,JOURNAL_ACTION_CLASS,TABLE_DEFINITION_ID,MENU_ID,TABLE_NAME,VIEW_NAME,PK_COLUMN_NAME_REST,MENU_INFO_JA,MENU_INFO_EN,SHEET_TYPE,HISTORY_TABLE_FLAG,INHERIT,HOSTGROUP,VERTICAL,ROW_INSERT_FLAG,ROW_UPDATE_FLAG,ROW_DISUSE_FLAG,ROW_REUSE_FLAG,SUBSTITUTION_VALUE_LINK_FLAG,LOCK_TABLE,UNIQUE_CONSTRAINT,BEFORE_VALIDATE_REGISTER,AFTER_VALIDATE_REGISTER,NOTE,DISUSE_FLAG,LAST_UPDATE_TIMESTAMP,LAST_UPDATE_USER) VALUES(70102,_____DATE_____,'INSERT','70102','70102','T_HGSP_HOST_LINK_LIST',NULL,'host_link_list_id','ホストグループの親子紐付情報をメンテナンス(閲覧/登録/更新/廃止)できます。
','You can perform maintenance (view/register/update/discard) of HostGroup parent_child link list','0','1','0','0','0','1','1','1','1','0',NULL,'[["hostgroup_parent","hostgroup_child"]]','check_loop','external_valid_menu_after',NULL,'0',_____DATE_____,1);
INSERT INTO T_COMN_MENU_TABLE_LINK (TABLE_DEFINITION_ID,MENU_ID,TABLE_NAME,VIEW_NAME,PK_COLUMN_NAME_REST,MENU_INFO_JA,MENU_INFO_EN,SHEET_TYPE,HISTORY_TABLE_FLAG,INHERIT,HOSTGROUP,VERTICAL,ROW_INSERT_FLAG,ROW_UPDATE_FLAG,ROW_DISUSE_FLAG,ROW_REUSE_FLAG,SUBSTITUTION_VALUE_LINK_FLAG,LOCK_TABLE,UNIQUE_CONSTRAINT,BEFORE_VALIDATE_REGISTER,AFTER_VALIDATE_REGISTER,NOTE,DISUSE_FLAG,LAST_UPDATE_TIMESTAMP,LAST_UPDATE_USER) VALUES('70103','70103','T_HGSP_HOST_LINK',NULL,'host_link_id','ホストグループとホストの紐付情報をメンテナンス(閲覧/登録/更新/廃止)できます。
','You can perform maintenance (view/register/update/discard) of Host link list','0','1','0','0','0','1','1','1','1','0',NULL,'[["hostgroup_name","operation","hostname"]]',NULL,'external_valid_menu_after',NULL,'0',_____DATE_____,1);
INSERT INTO T_COMN_MENU_TABLE_LINK_JNL (JOURNAL_SEQ_NO,JOURNAL_REG_DATETIME,JOURNAL_ACTION_CLASS,TABLE_DEFINITION_ID,MENU_ID,TABLE_NAME,VIEW_NAME,PK_COLUMN_NAME_REST,MENU_INFO_JA,MENU_INFO_EN,SHEET_TYPE,HISTORY_TABLE_FLAG,INHERIT,HOSTGROUP,VERTICAL,ROW_INSERT_FLAG,ROW_UPDATE_FLAG,ROW_DISUSE_FLAG,ROW_REUSE_FLAG,SUBSTITUTION_VALUE_LINK_FLAG,LOCK_TABLE,UNIQUE_CONSTRAINT,BEFORE_VALIDATE_REGISTER,AFTER_VALIDATE_REGISTER,NOTE,DISUSE_FLAG,LAST_UPDATE_TIMESTAMP,LAST_UPDATE_USER) VALUES(70103,_____DATE_____,'INSERT','70103','70103','T_HGSP_HOST_LINK',NULL,'host_link_id','ホストグループとホストの紐付情報をメンテナンス(閲覧/登録/更新/廃止)できます。
','You can perform maintenance (view/register/update/discard) of Host link list','0','1','0','0','0','1','1','1','1','0',NULL,'[["hostgroup_name","operation","hostname"]]',NULL,'external_valid_menu_after',NULL,'0',_____DATE_____,1);
INSERT INTO T_COMN_MENU_TABLE_LINK (TABLE_DEFINITION_ID,MENU_ID,TABLE_NAME,VIEW_NAME,PK_COLUMN_NAME_REST,MENU_INFO_JA,MENU_INFO_EN,SHEET_TYPE,HISTORY_TABLE_FLAG,INHERIT,HOSTGROUP,VERTICAL,ROW_INSERT_FLAG,ROW_UPDATE_FLAG,ROW_DISUSE_FLAG,ROW_REUSE_FLAG,SUBSTITUTION_VALUE_LINK_FLAG,LOCK_TABLE,UNIQUE_CONSTRAINT,BEFORE_VALIDATE_REGISTER,AFTER_VALIDATE_REGISTER,NOTE,DISUSE_FLAG,LAST_UPDATE_TIMESTAMP,LAST_UPDATE_USER) VALUES('70104','70104','T_HGSP_SPLIT_TARGET',NULL,'split_target_id','ホストグループ分割対象パラメータシート情報をメンテナンス(閲覧/登録/更新/廃止)できます。','You can perform maintenance (view/register/update/discard) of HostGroup split target Parameter Sheet','0','0','0','0','0','1','1','1','1','0',NULL,'[["split_target_menu","registration_target_menu"]]',NULL,NULL,NULL,'0',_____DATE_____,1);
INSERT INTO T_COMN_MENU_TABLE_LINK_JNL (JOURNAL_SEQ_NO,JOURNAL_REG_DATETIME,JOURNAL_ACTION_CLASS,TABLE_DEFINITION_ID,MENU_ID,TABLE_NAME,VIEW_NAME,PK_COLUMN_NAME_REST,MENU_INFO_JA,MENU_INFO_EN,SHEET_TYPE,HISTORY_TABLE_FLAG,INHERIT,HOSTGROUP,VERTICAL,ROW_INSERT_FLAG,ROW_UPDATE_FLAG,ROW_DISUSE_FLAG,ROW_REUSE_FLAG,SUBSTITUTION_VALUE_LINK_FLAG,LOCK_TABLE,UNIQUE_CONSTRAINT,BEFORE_VALIDATE_REGISTER,AFTER_VALIDATE_REGISTER,NOTE,DISUSE_FLAG,LAST_UPDATE_TIMESTAMP,LAST_UPDATE_USER) VALUES(70104,_____DATE_____,'INSERT','70104','70104','T_HGSP_SPLIT_TARGET',NULL,'split_target_id','ホストグループ分割対象パラメータシート情報をメンテナンス(閲覧/登録/更新/廃止)できます。','You can perform maintenance (view/register/update/discard) of HostGroup split target Parameter Sheet','0','0','0','0','0','1','1','1','1','0',NULL,'[["split_target_menu","registration_target_menu"]]',NULL,NULL,NULL,'0',_____DATE_____,1);

INSERT INTO T_COMN_MENU_COLUMN_LINK (COLUMN_DEFINITION_ID,MENU_ID,COLUMN_NAME_JA,COLUMN_NAME_EN,COLUMN_NAME_REST,COL_GROUP_ID,COLUMN_CLASS,COLUMN_DISP_SEQ,REF_TABLE_NAME,REF_PKEY_NAME,REF_COL_NAME,REF_SORT_CONDITIONS,REF_MULTI_LANG,REFERENCE_ITEM,SENSITIVE_COL_NAME,FILE_UPLOAD_PLACE,BUTTON_ACTION,COL_NAME,SAVE_TYPE,AUTO_INPUT,INPUT_ITEM,VIEW_ITEM,UNIQUE_ITEM,REQUIRED_ITEM,AUTOREG_HIDE_ITEM,AUTOREG_ONLY_ITEM,INITIAL_VALUE,VALIDATE_OPTION,VALIDATE_REG_EXP,BEFORE_VALIDATE_REGISTER,AFTER_VALIDATE_REGISTER,DESCRIPTION_JA,DESCRIPTION_EN,NOTE,DISUSE_FLAG,LAST_UPDATE_TIMESTAMP,LAST_UPDATE_USER) VALUES('7010101','70101','ホストグループID','Hostgroup id','hostgroup_id',NULL,'1',10,NULL,NULL,NULL,NULL,NULL,NULL,NULL,NULL,NULL,'ROW_ID',NULL,'1','1','1','1','1','0','0',NULL,NULL,NULL,NULL,NULL,'自動採番のため編集不可。実行処理種別が【登録】の場合、空白のみ可。','Cannot edit because of auto-numbering. Must be blank when execution process type is [Register].',NULL,'0',_____DATE_____,1);
INSERT INTO T_COMN_MENU_COLUMN_LINK_JNL (JOURNAL_SEQ_NO,JOURNAL_REG_DATETIME,JOURNAL_ACTION_CLASS,COLUMN_DEFINITION_ID,MENU_ID,COLUMN_NAME_JA,COLUMN_NAME_EN,COLUMN_NAME_REST,COL_GROUP_ID,COLUMN_CLASS,COLUMN_DISP_SEQ,REF_TABLE_NAME,REF_PKEY_NAME,REF_COL_NAME,REF_SORT_CONDITIONS,REF_MULTI_LANG,REFERENCE_ITEM,SENSITIVE_COL_NAME,FILE_UPLOAD_PLACE,BUTTON_ACTION,COL_NAME,SAVE_TYPE,AUTO_INPUT,INPUT_ITEM,VIEW_ITEM,UNIQUE_ITEM,REQUIRED_ITEM,AUTOREG_HIDE_ITEM,AUTOREG_ONLY_ITEM,INITIAL_VALUE,VALIDATE_OPTION,VALIDATE_REG_EXP,BEFORE_VALIDATE_REGISTER,AFTER_VALIDATE_REGISTER,DESCRIPTION_JA,DESCRIPTION_EN,NOTE,DISUSE_FLAG,LAST_UPDATE_TIMESTAMP,LAST_UPDATE_USER) VALUES(7010101,_____DATE_____,'INSERT','7010101','70101','ホストグループID','Hostgroup id','hostgroup_id',NULL,'1',10,NULL,NULL,NULL,NULL,NULL,NULL,NULL,NULL,NULL,'ROW_ID',NULL,'1','1','1','1','1','0','0',NULL,NULL,NULL,NULL,NULL,'自動採番のため編集不可。実行処理種別が【登録】の場合、空白のみ可。','Cannot edit because of auto-numbering. Must be blank when execution process type is [Register].',NULL,'0',_____DATE_____,1);
INSERT INTO T_COMN_MENU_COLUMN_LINK (COLUMN_DEFINITION_ID,MENU_ID,COLUMN_NAME_JA,COLUMN_NAME_EN,COLUMN_NAME_REST,COL_GROUP_ID,COLUMN_CLASS,COLUMN_DISP_SEQ,REF_TABLE_NAME,REF_PKEY_NAME,REF_COL_NAME,REF_SORT_CONDITIONS,REF_MULTI_LANG,REFERENCE_ITEM,SENSITIVE_COL_NAME,FILE_UPLOAD_PLACE,BUTTON_ACTION,COL_NAME,SAVE_TYPE,AUTO_INPUT,INPUT_ITEM,VIEW_ITEM,UNIQUE_ITEM,REQUIRED_ITEM,AUTOREG_HIDE_ITEM,AUTOREG_ONLY_ITEM,INITIAL_VALUE,VALIDATE_OPTION,VALIDATE_REG_EXP,BEFORE_VALIDATE_REGISTER,AFTER_VALIDATE_REGISTER,DESCRIPTION_JA,DESCRIPTION_EN,NOTE,DISUSE_FLAG,LAST_UPDATE_TIMESTAMP,LAST_UPDATE_USER) VALUES('7010102','70101','ホストグループ名','Hostgroup name','hostgroup_name',NULL,'1',20,NULL,NULL,NULL,NULL,NULL,NULL,NULL,NULL,NULL,'HOSTGROUP_NAME',NULL,'0','1','1','1','1','0','0',NULL,'{
"min_length": 0,
"max_length": 255
}',NULL,NULL,NULL,'[最大長]255バイト','[Maximum length] 255 byte',NULL,'0',_____DATE_____,1);
INSERT INTO T_COMN_MENU_COLUMN_LINK_JNL (JOURNAL_SEQ_NO,JOURNAL_REG_DATETIME,JOURNAL_ACTION_CLASS,COLUMN_DEFINITION_ID,MENU_ID,COLUMN_NAME_JA,COLUMN_NAME_EN,COLUMN_NAME_REST,COL_GROUP_ID,COLUMN_CLASS,COLUMN_DISP_SEQ,REF_TABLE_NAME,REF_PKEY_NAME,REF_COL_NAME,REF_SORT_CONDITIONS,REF_MULTI_LANG,REFERENCE_ITEM,SENSITIVE_COL_NAME,FILE_UPLOAD_PLACE,BUTTON_ACTION,COL_NAME,SAVE_TYPE,AUTO_INPUT,INPUT_ITEM,VIEW_ITEM,UNIQUE_ITEM,REQUIRED_ITEM,AUTOREG_HIDE_ITEM,AUTOREG_ONLY_ITEM,INITIAL_VALUE,VALIDATE_OPTION,VALIDATE_REG_EXP,BEFORE_VALIDATE_REGISTER,AFTER_VALIDATE_REGISTER,DESCRIPTION_JA,DESCRIPTION_EN,NOTE,DISUSE_FLAG,LAST_UPDATE_TIMESTAMP,LAST_UPDATE_USER) VALUES(7010102,_____DATE_____,'INSERT','7010102','70101','ホストグループ名','Hostgroup name','hostgroup_name',NULL,'1',20,NULL,NULL,NULL,NULL,NULL,NULL,NULL,NULL,NULL,'HOSTGROUP_NAME',NULL,'0','1','1','1','1','0','0',NULL,'{
"min_length": 0,
"max_length": 255
}',NULL,NULL,NULL,'[最大長]255バイト','[Maximum length] 255 byte',NULL,'0',_____DATE_____,1);
INSERT INTO T_COMN_MENU_COLUMN_LINK (COLUMN_DEFINITION_ID,MENU_ID,COLUMN_NAME_JA,COLUMN_NAME_EN,COLUMN_NAME_REST,COL_GROUP_ID,COLUMN_CLASS,COLUMN_DISP_SEQ,REF_TABLE_NAME,REF_PKEY_NAME,REF_COL_NAME,REF_SORT_CONDITIONS,REF_MULTI_LANG,REFERENCE_ITEM,SENSITIVE_COL_NAME,FILE_UPLOAD_PLACE,BUTTON_ACTION,COL_NAME,SAVE_TYPE,AUTO_INPUT,INPUT_ITEM,VIEW_ITEM,UNIQUE_ITEM,REQUIRED_ITEM,AUTOREG_HIDE_ITEM,AUTOREG_ONLY_ITEM,INITIAL_VALUE,VALIDATE_OPTION,VALIDATE_REG_EXP,BEFORE_VALIDATE_REGISTER,AFTER_VALIDATE_REGISTER,DESCRIPTION_JA,DESCRIPTION_EN,NOTE,DISUSE_FLAG,LAST_UPDATE_TIMESTAMP,LAST_UPDATE_USER) VALUES('7010103','70101','優先順位','Priority','priority',NULL,'3',30,NULL,NULL,NULL,NULL,NULL,NULL,NULL,NULL,NULL,'PRIORITY',NULL,'0','1','1','0','0','0','0',NULL,'{
"int_min": 0,
"int_max": 2147483647
}',NULL,NULL,NULL,'優先順位(大きい方が強い)','Priority (larger value is higher)',NULL,'0',_____DATE_____,1);
INSERT INTO T_COMN_MENU_COLUMN_LINK_JNL (JOURNAL_SEQ_NO,JOURNAL_REG_DATETIME,JOURNAL_ACTION_CLASS,COLUMN_DEFINITION_ID,MENU_ID,COLUMN_NAME_JA,COLUMN_NAME_EN,COLUMN_NAME_REST,COL_GROUP_ID,COLUMN_CLASS,COLUMN_DISP_SEQ,REF_TABLE_NAME,REF_PKEY_NAME,REF_COL_NAME,REF_SORT_CONDITIONS,REF_MULTI_LANG,REFERENCE_ITEM,SENSITIVE_COL_NAME,FILE_UPLOAD_PLACE,BUTTON_ACTION,COL_NAME,SAVE_TYPE,AUTO_INPUT,INPUT_ITEM,VIEW_ITEM,UNIQUE_ITEM,REQUIRED_ITEM,AUTOREG_HIDE_ITEM,AUTOREG_ONLY_ITEM,INITIAL_VALUE,VALIDATE_OPTION,VALIDATE_REG_EXP,BEFORE_VALIDATE_REGISTER,AFTER_VALIDATE_REGISTER,DESCRIPTION_JA,DESCRIPTION_EN,NOTE,DISUSE_FLAG,LAST_UPDATE_TIMESTAMP,LAST_UPDATE_USER) VALUES(7010103,_____DATE_____,'INSERT','7010103','70101','優先順位','Priority','priority',NULL,'3',30,NULL,NULL,NULL,NULL,NULL,NULL,NULL,NULL,NULL,'PRIORITY',NULL,'0','1','1','0','0','0','0',NULL,'{
"int_min": 0,
"int_max": 2147483647
}',NULL,NULL,NULL,'優先順位(大きい方が強い)','Priority (larger value is higher)',NULL,'0',_____DATE_____,1);
INSERT INTO T_COMN_MENU_COLUMN_LINK (COLUMN_DEFINITION_ID,MENU_ID,COLUMN_NAME_JA,COLUMN_NAME_EN,COLUMN_NAME_REST,COL_GROUP_ID,COLUMN_CLASS,COLUMN_DISP_SEQ,REF_TABLE_NAME,REF_PKEY_NAME,REF_COL_NAME,REF_SORT_CONDITIONS,REF_MULTI_LANG,REFERENCE_ITEM,SENSITIVE_COL_NAME,FILE_UPLOAD_PLACE,BUTTON_ACTION,COL_NAME,SAVE_TYPE,AUTO_INPUT,INPUT_ITEM,VIEW_ITEM,UNIQUE_ITEM,REQUIRED_ITEM,AUTOREG_HIDE_ITEM,AUTOREG_ONLY_ITEM,INITIAL_VALUE,VALIDATE_OPTION,VALIDATE_REG_EXP,BEFORE_VALIDATE_REGISTER,AFTER_VALIDATE_REGISTER,DESCRIPTION_JA,DESCRIPTION_EN,NOTE,DISUSE_FLAG,LAST_UPDATE_TIMESTAMP,LAST_UPDATE_USER) VALUES('7010104','70101','備考','Remarks','remarks',NULL,'12',40,NULL,NULL,NULL,NULL,NULL,NULL,NULL,NULL,NULL,'NOTE',NULL,'0','1','1','0','0','0','0',NULL,'{
"min_length": 0,
"max_length": 4000
}',NULL,NULL,NULL,'自由記述欄。レコードの廃止・復活時にも記載可能。','Comments section. Can comment when removing or restoring records.',NULL,'0',_____DATE_____,1);
INSERT INTO T_COMN_MENU_COLUMN_LINK_JNL (JOURNAL_SEQ_NO,JOURNAL_REG_DATETIME,JOURNAL_ACTION_CLASS,COLUMN_DEFINITION_ID,MENU_ID,COLUMN_NAME_JA,COLUMN_NAME_EN,COLUMN_NAME_REST,COL_GROUP_ID,COLUMN_CLASS,COLUMN_DISP_SEQ,REF_TABLE_NAME,REF_PKEY_NAME,REF_COL_NAME,REF_SORT_CONDITIONS,REF_MULTI_LANG,REFERENCE_ITEM,SENSITIVE_COL_NAME,FILE_UPLOAD_PLACE,BUTTON_ACTION,COL_NAME,SAVE_TYPE,AUTO_INPUT,INPUT_ITEM,VIEW_ITEM,UNIQUE_ITEM,REQUIRED_ITEM,AUTOREG_HIDE_ITEM,AUTOREG_ONLY_ITEM,INITIAL_VALUE,VALIDATE_OPTION,VALIDATE_REG_EXP,BEFORE_VALIDATE_REGISTER,AFTER_VALIDATE_REGISTER,DESCRIPTION_JA,DESCRIPTION_EN,NOTE,DISUSE_FLAG,LAST_UPDATE_TIMESTAMP,LAST_UPDATE_USER) VALUES(7010104,_____DATE_____,'INSERT','7010104','70101','備考','Remarks','remarks',NULL,'12',40,NULL,NULL,NULL,NULL,NULL,NULL,NULL,NULL,NULL,'NOTE',NULL,'0','1','1','0','0','0','0',NULL,'{
"min_length": 0,
"max_length": 4000
}',NULL,NULL,NULL,'自由記述欄。レコードの廃止・復活時にも記載可能。','Comments section. Can comment when removing or restoring records.',NULL,'0',_____DATE_____,1);
INSERT INTO T_COMN_MENU_COLUMN_LINK (COLUMN_DEFINITION_ID,MENU_ID,COLUMN_NAME_JA,COLUMN_NAME_EN,COLUMN_NAME_REST,COL_GROUP_ID,COLUMN_CLASS,COLUMN_DISP_SEQ,REF_TABLE_NAME,REF_PKEY_NAME,REF_COL_NAME,REF_SORT_CONDITIONS,REF_MULTI_LANG,REFERENCE_ITEM,SENSITIVE_COL_NAME,FILE_UPLOAD_PLACE,BUTTON_ACTION,COL_NAME,SAVE_TYPE,AUTO_INPUT,INPUT_ITEM,VIEW_ITEM,UNIQUE_ITEM,REQUIRED_ITEM,AUTOREG_HIDE_ITEM,AUTOREG_ONLY_ITEM,INITIAL_VALUE,VALIDATE_OPTION,VALIDATE_REG_EXP,BEFORE_VALIDATE_REGISTER,AFTER_VALIDATE_REGISTER,DESCRIPTION_JA,DESCRIPTION_EN,NOTE,DISUSE_FLAG,LAST_UPDATE_TIMESTAMP,LAST_UPDATE_USER) VALUES('7010105','70101','廃止フラグ','Discard','discard',NULL,'1',50,NULL,NULL,NULL,NULL,NULL,NULL,NULL,NULL,NULL,'DISUSE_FLAG',NULL,'1','1','1','0','1','0','0',NULL,NULL,NULL,NULL,NULL,'廃止フラグ。復活以外のオペレーションは不可','Discard flag. Cannot do operation other than restore.',NULL,'0',_____DATE_____,1);
INSERT INTO T_COMN_MENU_COLUMN_LINK_JNL (JOURNAL_SEQ_NO,JOURNAL_REG_DATETIME,JOURNAL_ACTION_CLASS,COLUMN_DEFINITION_ID,MENU_ID,COLUMN_NAME_JA,COLUMN_NAME_EN,COLUMN_NAME_REST,COL_GROUP_ID,COLUMN_CLASS,COLUMN_DISP_SEQ,REF_TABLE_NAME,REF_PKEY_NAME,REF_COL_NAME,REF_SORT_CONDITIONS,REF_MULTI_LANG,REFERENCE_ITEM,SENSITIVE_COL_NAME,FILE_UPLOAD_PLACE,BUTTON_ACTION,COL_NAME,SAVE_TYPE,AUTO_INPUT,INPUT_ITEM,VIEW_ITEM,UNIQUE_ITEM,REQUIRED_ITEM,AUTOREG_HIDE_ITEM,AUTOREG_ONLY_ITEM,INITIAL_VALUE,VALIDATE_OPTION,VALIDATE_REG_EXP,BEFORE_VALIDATE_REGISTER,AFTER_VALIDATE_REGISTER,DESCRIPTION_JA,DESCRIPTION_EN,NOTE,DISUSE_FLAG,LAST_UPDATE_TIMESTAMP,LAST_UPDATE_USER) VALUES(7010105,_____DATE_____,'INSERT','7010105','70101','廃止フラグ','Discard','discard',NULL,'1',50,NULL,NULL,NULL,NULL,NULL,NULL,NULL,NULL,NULL,'DISUSE_FLAG',NULL,'1','1','1','0','1','0','0',NULL,NULL,NULL,NULL,NULL,'廃止フラグ。復活以外のオペレーションは不可','Discard flag. Cannot do operation other than restore.',NULL,'0',_____DATE_____,1);
INSERT INTO T_COMN_MENU_COLUMN_LINK (COLUMN_DEFINITION_ID,MENU_ID,COLUMN_NAME_JA,COLUMN_NAME_EN,COLUMN_NAME_REST,COL_GROUP_ID,COLUMN_CLASS,COLUMN_DISP_SEQ,REF_TABLE_NAME,REF_PKEY_NAME,REF_COL_NAME,REF_SORT_CONDITIONS,REF_MULTI_LANG,REFERENCE_ITEM,SENSITIVE_COL_NAME,FILE_UPLOAD_PLACE,BUTTON_ACTION,COL_NAME,SAVE_TYPE,AUTO_INPUT,INPUT_ITEM,VIEW_ITEM,UNIQUE_ITEM,REQUIRED_ITEM,AUTOREG_HIDE_ITEM,AUTOREG_ONLY_ITEM,INITIAL_VALUE,VALIDATE_OPTION,VALIDATE_REG_EXP,BEFORE_VALIDATE_REGISTER,AFTER_VALIDATE_REGISTER,DESCRIPTION_JA,DESCRIPTION_EN,NOTE,DISUSE_FLAG,LAST_UPDATE_TIMESTAMP,LAST_UPDATE_USER) VALUES('7010106','70101','最終更新日時','Last update date/time','last_update_date_time',NULL,'13',60,NULL,NULL,NULL,NULL,NULL,NULL,NULL,NULL,NULL,'LAST_UPDATE_TIMESTAMP',NULL,'1','0','1','0','1','0','0',NULL,NULL,NULL,NULL,NULL,'レコードの最終更新日。自動登録のため編集不可。','Last update date of record. Cannot edit because of auto-registration.',NULL,'0',_____DATE_____,1);
INSERT INTO T_COMN_MENU_COLUMN_LINK_JNL (JOURNAL_SEQ_NO,JOURNAL_REG_DATETIME,JOURNAL_ACTION_CLASS,COLUMN_DEFINITION_ID,MENU_ID,COLUMN_NAME_JA,COLUMN_NAME_EN,COLUMN_NAME_REST,COL_GROUP_ID,COLUMN_CLASS,COLUMN_DISP_SEQ,REF_TABLE_NAME,REF_PKEY_NAME,REF_COL_NAME,REF_SORT_CONDITIONS,REF_MULTI_LANG,REFERENCE_ITEM,SENSITIVE_COL_NAME,FILE_UPLOAD_PLACE,BUTTON_ACTION,COL_NAME,SAVE_TYPE,AUTO_INPUT,INPUT_ITEM,VIEW_ITEM,UNIQUE_ITEM,REQUIRED_ITEM,AUTOREG_HIDE_ITEM,AUTOREG_ONLY_ITEM,INITIAL_VALUE,VALIDATE_OPTION,VALIDATE_REG_EXP,BEFORE_VALIDATE_REGISTER,AFTER_VALIDATE_REGISTER,DESCRIPTION_JA,DESCRIPTION_EN,NOTE,DISUSE_FLAG,LAST_UPDATE_TIMESTAMP,LAST_UPDATE_USER) VALUES(7010106,_____DATE_____,'INSERT','7010106','70101','最終更新日時','Last update date/time','last_update_date_time',NULL,'13',60,NULL,NULL,NULL,NULL,NULL,NULL,NULL,NULL,NULL,'LAST_UPDATE_TIMESTAMP',NULL,'1','0','1','0','1','0','0',NULL,NULL,NULL,NULL,NULL,'レコードの最終更新日。自動登録のため編集不可。','Last update date of record. Cannot edit because of auto-registration.',NULL,'0',_____DATE_____,1);
INSERT INTO T_COMN_MENU_COLUMN_LINK (COLUMN_DEFINITION_ID,MENU_ID,COLUMN_NAME_JA,COLUMN_NAME_EN,COLUMN_NAME_REST,COL_GROUP_ID,COLUMN_CLASS,COLUMN_DISP_SEQ,REF_TABLE_NAME,REF_PKEY_NAME,REF_COL_NAME,REF_SORT_CONDITIONS,REF_MULTI_LANG,REFERENCE_ITEM,SENSITIVE_COL_NAME,FILE_UPLOAD_PLACE,BUTTON_ACTION,COL_NAME,SAVE_TYPE,AUTO_INPUT,INPUT_ITEM,VIEW_ITEM,UNIQUE_ITEM,REQUIRED_ITEM,AUTOREG_HIDE_ITEM,AUTOREG_ONLY_ITEM,INITIAL_VALUE,VALIDATE_OPTION,VALIDATE_REG_EXP,BEFORE_VALIDATE_REGISTER,AFTER_VALIDATE_REGISTER,DESCRIPTION_JA,DESCRIPTION_EN,NOTE,DISUSE_FLAG,LAST_UPDATE_TIMESTAMP,LAST_UPDATE_USER) VALUES('7010107','70101','最終更新者','Last updated by','last_updated_user',NULL,'14',70,NULL,NULL,NULL,NULL,NULL,NULL,NULL,NULL,NULL,'LAST_UPDATE_USER',NULL,'1','0','1','0','1','0','0',NULL,NULL,NULL,NULL,NULL,'更新者。ログインユーザのIDが自動的に登録される。編集不可。','Updated by. Login user ID is automatically registered. Cannot edit.',NULL,'0',_____DATE_____,1);
INSERT INTO T_COMN_MENU_COLUMN_LINK_JNL (JOURNAL_SEQ_NO,JOURNAL_REG_DATETIME,JOURNAL_ACTION_CLASS,COLUMN_DEFINITION_ID,MENU_ID,COLUMN_NAME_JA,COLUMN_NAME_EN,COLUMN_NAME_REST,COL_GROUP_ID,COLUMN_CLASS,COLUMN_DISP_SEQ,REF_TABLE_NAME,REF_PKEY_NAME,REF_COL_NAME,REF_SORT_CONDITIONS,REF_MULTI_LANG,REFERENCE_ITEM,SENSITIVE_COL_NAME,FILE_UPLOAD_PLACE,BUTTON_ACTION,COL_NAME,SAVE_TYPE,AUTO_INPUT,INPUT_ITEM,VIEW_ITEM,UNIQUE_ITEM,REQUIRED_ITEM,AUTOREG_HIDE_ITEM,AUTOREG_ONLY_ITEM,INITIAL_VALUE,VALIDATE_OPTION,VALIDATE_REG_EXP,BEFORE_VALIDATE_REGISTER,AFTER_VALIDATE_REGISTER,DESCRIPTION_JA,DESCRIPTION_EN,NOTE,DISUSE_FLAG,LAST_UPDATE_TIMESTAMP,LAST_UPDATE_USER) VALUES(7010107,_____DATE_____,'INSERT','7010107','70101','最終更新者','Last updated by','last_updated_user',NULL,'14',70,NULL,NULL,NULL,NULL,NULL,NULL,NULL,NULL,NULL,'LAST_UPDATE_USER',NULL,'1','0','1','0','1','0','0',NULL,NULL,NULL,NULL,NULL,'更新者。ログインユーザのIDが自動的に登録される。編集不可。','Updated by. Login user ID is automatically registered. Cannot edit.',NULL,'0',_____DATE_____,1);
INSERT INTO T_COMN_MENU_COLUMN_LINK (COLUMN_DEFINITION_ID,MENU_ID,COLUMN_NAME_JA,COLUMN_NAME_EN,COLUMN_NAME_REST,COL_GROUP_ID,COLUMN_CLASS,COLUMN_DISP_SEQ,REF_TABLE_NAME,REF_PKEY_NAME,REF_COL_NAME,REF_SORT_CONDITIONS,REF_MULTI_LANG,REFERENCE_ITEM,SENSITIVE_COL_NAME,FILE_UPLOAD_PLACE,BUTTON_ACTION,COL_NAME,SAVE_TYPE,AUTO_INPUT,INPUT_ITEM,VIEW_ITEM,UNIQUE_ITEM,REQUIRED_ITEM,AUTOREG_HIDE_ITEM,AUTOREG_ONLY_ITEM,INITIAL_VALUE,VALIDATE_OPTION,VALIDATE_REG_EXP,BEFORE_VALIDATE_REGISTER,AFTER_VALIDATE_REGISTER,DESCRIPTION_JA,DESCRIPTION_EN,NOTE,DISUSE_FLAG,LAST_UPDATE_TIMESTAMP,LAST_UPDATE_USER) VALUES('7010201','70102','項番','Host link list id','host_link_list_id',NULL,'1',10,NULL,NULL,NULL,NULL,NULL,NULL,NULL,NULL,NULL,'ROW_ID',NULL,'1','1','1','1','1','0','0',NULL,NULL,NULL,NULL,NULL,'自動採番のため編集不可。実行処理種別が【登録】の場合、空白のみ可。','Cannot edit because of auto-numbering. Must be blank when execution process type is [Register].',NULL,'0',_____DATE_____,1);
INSERT INTO T_COMN_MENU_COLUMN_LINK_JNL (JOURNAL_SEQ_NO,JOURNAL_REG_DATETIME,JOURNAL_ACTION_CLASS,COLUMN_DEFINITION_ID,MENU_ID,COLUMN_NAME_JA,COLUMN_NAME_EN,COLUMN_NAME_REST,COL_GROUP_ID,COLUMN_CLASS,COLUMN_DISP_SEQ,REF_TABLE_NAME,REF_PKEY_NAME,REF_COL_NAME,REF_SORT_CONDITIONS,REF_MULTI_LANG,REFERENCE_ITEM,SENSITIVE_COL_NAME,FILE_UPLOAD_PLACE,BUTTON_ACTION,COL_NAME,SAVE_TYPE,AUTO_INPUT,INPUT_ITEM,VIEW_ITEM,UNIQUE_ITEM,REQUIRED_ITEM,AUTOREG_HIDE_ITEM,AUTOREG_ONLY_ITEM,INITIAL_VALUE,VALIDATE_OPTION,VALIDATE_REG_EXP,BEFORE_VALIDATE_REGISTER,AFTER_VALIDATE_REGISTER,DESCRIPTION_JA,DESCRIPTION_EN,NOTE,DISUSE_FLAG,LAST_UPDATE_TIMESTAMP,LAST_UPDATE_USER) VALUES(7010201,_____DATE_____,'INSERT','7010201','70102','項番','Host link list id','host_link_list_id',NULL,'1',10,NULL,NULL,NULL,NULL,NULL,NULL,NULL,NULL,NULL,'ROW_ID',NULL,'1','1','1','1','1','0','0',NULL,NULL,NULL,NULL,NULL,'自動採番のため編集不可。実行処理種別が【登録】の場合、空白のみ可。','Cannot edit because of auto-numbering. Must be blank when execution process type is [Register].',NULL,'0',_____DATE_____,1);
INSERT INTO T_COMN_MENU_COLUMN_LINK (COLUMN_DEFINITION_ID,MENU_ID,COLUMN_NAME_JA,COLUMN_NAME_EN,COLUMN_NAME_REST,COL_GROUP_ID,COLUMN_CLASS,COLUMN_DISP_SEQ,REF_TABLE_NAME,REF_PKEY_NAME,REF_COL_NAME,REF_SORT_CONDITIONS,REF_MULTI_LANG,REFERENCE_ITEM,SENSITIVE_COL_NAME,FILE_UPLOAD_PLACE,BUTTON_ACTION,COL_NAME,SAVE_TYPE,AUTO_INPUT,INPUT_ITEM,VIEW_ITEM,UNIQUE_ITEM,REQUIRED_ITEM,AUTOREG_HIDE_ITEM,AUTOREG_ONLY_ITEM,INITIAL_VALUE,VALIDATE_OPTION,VALIDATE_REG_EXP,BEFORE_VALIDATE_REGISTER,AFTER_VALIDATE_REGISTER,DESCRIPTION_JA,DESCRIPTION_EN,NOTE,DISUSE_FLAG,LAST_UPDATE_TIMESTAMP,LAST_UPDATE_USER) VALUES('7010202','70102','親ホストグループ','HostGroup Parent','hostgroup_parent',NULL,'7',20,'T_HGSP_HOSTGROUP_LIST','ROW_ID','HOSTGROUP_NAME',NULL,NULL,NULL,NULL,NULL,NULL,'PA_HOSTGROUP',NULL,'0','1','1','0','1','0','0',NULL,NULL,NULL,NULL,NULL,'[元データ]ホストグループ一覧','[Original data]HostGroup list',NULL,'0',_____DATE_____,1);
INSERT INTO T_COMN_MENU_COLUMN_LINK_JNL (JOURNAL_SEQ_NO,JOURNAL_REG_DATETIME,JOURNAL_ACTION_CLASS,COLUMN_DEFINITION_ID,MENU_ID,COLUMN_NAME_JA,COLUMN_NAME_EN,COLUMN_NAME_REST,COL_GROUP_ID,COLUMN_CLASS,COLUMN_DISP_SEQ,REF_TABLE_NAME,REF_PKEY_NAME,REF_COL_NAME,REF_SORT_CONDITIONS,REF_MULTI_LANG,REFERENCE_ITEM,SENSITIVE_COL_NAME,FILE_UPLOAD_PLACE,BUTTON_ACTION,COL_NAME,SAVE_TYPE,AUTO_INPUT,INPUT_ITEM,VIEW_ITEM,UNIQUE_ITEM,REQUIRED_ITEM,AUTOREG_HIDE_ITEM,AUTOREG_ONLY_ITEM,INITIAL_VALUE,VALIDATE_OPTION,VALIDATE_REG_EXP,BEFORE_VALIDATE_REGISTER,AFTER_VALIDATE_REGISTER,DESCRIPTION_JA,DESCRIPTION_EN,NOTE,DISUSE_FLAG,LAST_UPDATE_TIMESTAMP,LAST_UPDATE_USER) VALUES(7010202,_____DATE_____,'INSERT','7010202','70102','親ホストグループ','HostGroup Parent','hostgroup_parent',NULL,'7',20,'T_HGSP_HOSTGROUP_LIST','ROW_ID','HOSTGROUP_NAME',NULL,NULL,NULL,NULL,NULL,NULL,'PA_HOSTGROUP',NULL,'0','1','1','0','1','0','0',NULL,NULL,NULL,NULL,NULL,'[元データ]ホストグループ一覧','[Original data]HostGroup list',NULL,'0',_____DATE_____,1);
INSERT INTO T_COMN_MENU_COLUMN_LINK (COLUMN_DEFINITION_ID,MENU_ID,COLUMN_NAME_JA,COLUMN_NAME_EN,COLUMN_NAME_REST,COL_GROUP_ID,COLUMN_CLASS,COLUMN_DISP_SEQ,REF_TABLE_NAME,REF_PKEY_NAME,REF_COL_NAME,REF_SORT_CONDITIONS,REF_MULTI_LANG,REFERENCE_ITEM,SENSITIVE_COL_NAME,FILE_UPLOAD_PLACE,BUTTON_ACTION,COL_NAME,SAVE_TYPE,AUTO_INPUT,INPUT_ITEM,VIEW_ITEM,UNIQUE_ITEM,REQUIRED_ITEM,AUTOREG_HIDE_ITEM,AUTOREG_ONLY_ITEM,INITIAL_VALUE,VALIDATE_OPTION,VALIDATE_REG_EXP,BEFORE_VALIDATE_REGISTER,AFTER_VALIDATE_REGISTER,DESCRIPTION_JA,DESCRIPTION_EN,NOTE,DISUSE_FLAG,LAST_UPDATE_TIMESTAMP,LAST_UPDATE_USER) VALUES('7010203','70102','子ホストグループ','HostGroup Child','hostgroup_child',NULL,'7',30,'T_HGSP_HOSTGROUP_LIST','ROW_ID','HOSTGROUP_NAME',NULL,NULL,NULL,NULL,NULL,NULL,'CH_HOSTGROUP',NULL,'0','1','1','0','1','0','0',NULL,NULL,NULL,NULL,NULL,'[元データ]ホストグループ一覧','[Original data]HostGroup list',NULL,'0',_____DATE_____,1);
INSERT INTO T_COMN_MENU_COLUMN_LINK_JNL (JOURNAL_SEQ_NO,JOURNAL_REG_DATETIME,JOURNAL_ACTION_CLASS,COLUMN_DEFINITION_ID,MENU_ID,COLUMN_NAME_JA,COLUMN_NAME_EN,COLUMN_NAME_REST,COL_GROUP_ID,COLUMN_CLASS,COLUMN_DISP_SEQ,REF_TABLE_NAME,REF_PKEY_NAME,REF_COL_NAME,REF_SORT_CONDITIONS,REF_MULTI_LANG,REFERENCE_ITEM,SENSITIVE_COL_NAME,FILE_UPLOAD_PLACE,BUTTON_ACTION,COL_NAME,SAVE_TYPE,AUTO_INPUT,INPUT_ITEM,VIEW_ITEM,UNIQUE_ITEM,REQUIRED_ITEM,AUTOREG_HIDE_ITEM,AUTOREG_ONLY_ITEM,INITIAL_VALUE,VALIDATE_OPTION,VALIDATE_REG_EXP,BEFORE_VALIDATE_REGISTER,AFTER_VALIDATE_REGISTER,DESCRIPTION_JA,DESCRIPTION_EN,NOTE,DISUSE_FLAG,LAST_UPDATE_TIMESTAMP,LAST_UPDATE_USER) VALUES(7010203,_____DATE_____,'INSERT','7010203','70102','子ホストグループ','HostGroup Child','hostgroup_child',NULL,'7',30,'T_HGSP_HOSTGROUP_LIST','ROW_ID','HOSTGROUP_NAME',NULL,NULL,NULL,NULL,NULL,NULL,'CH_HOSTGROUP',NULL,'0','1','1','0','1','0','0',NULL,NULL,NULL,NULL,NULL,'[元データ]ホストグループ一覧','[Original data]HostGroup list',NULL,'0',_____DATE_____,1);
INSERT INTO T_COMN_MENU_COLUMN_LINK (COLUMN_DEFINITION_ID,MENU_ID,COLUMN_NAME_JA,COLUMN_NAME_EN,COLUMN_NAME_REST,COL_GROUP_ID,COLUMN_CLASS,COLUMN_DISP_SEQ,REF_TABLE_NAME,REF_PKEY_NAME,REF_COL_NAME,REF_SORT_CONDITIONS,REF_MULTI_LANG,REFERENCE_ITEM,SENSITIVE_COL_NAME,FILE_UPLOAD_PLACE,BUTTON_ACTION,COL_NAME,SAVE_TYPE,AUTO_INPUT,INPUT_ITEM,VIEW_ITEM,UNIQUE_ITEM,REQUIRED_ITEM,AUTOREG_HIDE_ITEM,AUTOREG_ONLY_ITEM,INITIAL_VALUE,VALIDATE_OPTION,VALIDATE_REG_EXP,BEFORE_VALIDATE_REGISTER,AFTER_VALIDATE_REGISTER,DESCRIPTION_JA,DESCRIPTION_EN,NOTE,DISUSE_FLAG,LAST_UPDATE_TIMESTAMP,LAST_UPDATE_USER) VALUES('7010204','70102','備考','Remarks','remarks',NULL,'12',40,NULL,NULL,NULL,NULL,NULL,NULL,NULL,NULL,NULL,'NOTE',NULL,'0','1','1','0','0','0','0',NULL,'{
"min_length": 0,
"max_length": 4000
}',NULL,NULL,NULL,'自由記述欄。レコードの廃止・復活時にも記載可能。','Comments section. Can comment when removing or restoring records.',NULL,'0',_____DATE_____,1);
INSERT INTO T_COMN_MENU_COLUMN_LINK_JNL (JOURNAL_SEQ_NO,JOURNAL_REG_DATETIME,JOURNAL_ACTION_CLASS,COLUMN_DEFINITION_ID,MENU_ID,COLUMN_NAME_JA,COLUMN_NAME_EN,COLUMN_NAME_REST,COL_GROUP_ID,COLUMN_CLASS,COLUMN_DISP_SEQ,REF_TABLE_NAME,REF_PKEY_NAME,REF_COL_NAME,REF_SORT_CONDITIONS,REF_MULTI_LANG,REFERENCE_ITEM,SENSITIVE_COL_NAME,FILE_UPLOAD_PLACE,BUTTON_ACTION,COL_NAME,SAVE_TYPE,AUTO_INPUT,INPUT_ITEM,VIEW_ITEM,UNIQUE_ITEM,REQUIRED_ITEM,AUTOREG_HIDE_ITEM,AUTOREG_ONLY_ITEM,INITIAL_VALUE,VALIDATE_OPTION,VALIDATE_REG_EXP,BEFORE_VALIDATE_REGISTER,AFTER_VALIDATE_REGISTER,DESCRIPTION_JA,DESCRIPTION_EN,NOTE,DISUSE_FLAG,LAST_UPDATE_TIMESTAMP,LAST_UPDATE_USER) VALUES(7010204,_____DATE_____,'INSERT','7010204','70102','備考','Remarks','remarks',NULL,'12',40,NULL,NULL,NULL,NULL,NULL,NULL,NULL,NULL,NULL,'NOTE',NULL,'0','1','1','0','0','0','0',NULL,'{
"min_length": 0,
"max_length": 4000
}',NULL,NULL,NULL,'自由記述欄。レコードの廃止・復活時にも記載可能。','Comments section. Can comment when removing or restoring records.',NULL,'0',_____DATE_____,1);
INSERT INTO T_COMN_MENU_COLUMN_LINK (COLUMN_DEFINITION_ID,MENU_ID,COLUMN_NAME_JA,COLUMN_NAME_EN,COLUMN_NAME_REST,COL_GROUP_ID,COLUMN_CLASS,COLUMN_DISP_SEQ,REF_TABLE_NAME,REF_PKEY_NAME,REF_COL_NAME,REF_SORT_CONDITIONS,REF_MULTI_LANG,REFERENCE_ITEM,SENSITIVE_COL_NAME,FILE_UPLOAD_PLACE,BUTTON_ACTION,COL_NAME,SAVE_TYPE,AUTO_INPUT,INPUT_ITEM,VIEW_ITEM,UNIQUE_ITEM,REQUIRED_ITEM,AUTOREG_HIDE_ITEM,AUTOREG_ONLY_ITEM,INITIAL_VALUE,VALIDATE_OPTION,VALIDATE_REG_EXP,BEFORE_VALIDATE_REGISTER,AFTER_VALIDATE_REGISTER,DESCRIPTION_JA,DESCRIPTION_EN,NOTE,DISUSE_FLAG,LAST_UPDATE_TIMESTAMP,LAST_UPDATE_USER) VALUES('7010205','70102','廃止フラグ','Discard','discard',NULL,'1',50,NULL,NULL,NULL,NULL,NULL,NULL,NULL,NULL,NULL,'DISUSE_FLAG',NULL,'1','1','1','0','1','0','0',NULL,NULL,NULL,NULL,NULL,'廃止フラグ。復活以外のオペレーションは不可','Discard flag. Cannot do operation other than restore.',NULL,'0',_____DATE_____,1);
INSERT INTO T_COMN_MENU_COLUMN_LINK_JNL (JOURNAL_SEQ_NO,JOURNAL_REG_DATETIME,JOURNAL_ACTION_CLASS,COLUMN_DEFINITION_ID,MENU_ID,COLUMN_NAME_JA,COLUMN_NAME_EN,COLUMN_NAME_REST,COL_GROUP_ID,COLUMN_CLASS,COLUMN_DISP_SEQ,REF_TABLE_NAME,REF_PKEY_NAME,REF_COL_NAME,REF_SORT_CONDITIONS,REF_MULTI_LANG,REFERENCE_ITEM,SENSITIVE_COL_NAME,FILE_UPLOAD_PLACE,BUTTON_ACTION,COL_NAME,SAVE_TYPE,AUTO_INPUT,INPUT_ITEM,VIEW_ITEM,UNIQUE_ITEM,REQUIRED_ITEM,AUTOREG_HIDE_ITEM,AUTOREG_ONLY_ITEM,INITIAL_VALUE,VALIDATE_OPTION,VALIDATE_REG_EXP,BEFORE_VALIDATE_REGISTER,AFTER_VALIDATE_REGISTER,DESCRIPTION_JA,DESCRIPTION_EN,NOTE,DISUSE_FLAG,LAST_UPDATE_TIMESTAMP,LAST_UPDATE_USER) VALUES(7010205,_____DATE_____,'INSERT','7010205','70102','廃止フラグ','Discard','discard',NULL,'1',50,NULL,NULL,NULL,NULL,NULL,NULL,NULL,NULL,NULL,'DISUSE_FLAG',NULL,'1','1','1','0','1','0','0',NULL,NULL,NULL,NULL,NULL,'廃止フラグ。復活以外のオペレーションは不可','Discard flag. Cannot do operation other than restore.',NULL,'0',_____DATE_____,1);
INSERT INTO T_COMN_MENU_COLUMN_LINK (COLUMN_DEFINITION_ID,MENU_ID,COLUMN_NAME_JA,COLUMN_NAME_EN,COLUMN_NAME_REST,COL_GROUP_ID,COLUMN_CLASS,COLUMN_DISP_SEQ,REF_TABLE_NAME,REF_PKEY_NAME,REF_COL_NAME,REF_SORT_CONDITIONS,REF_MULTI_LANG,REFERENCE_ITEM,SENSITIVE_COL_NAME,FILE_UPLOAD_PLACE,BUTTON_ACTION,COL_NAME,SAVE_TYPE,AUTO_INPUT,INPUT_ITEM,VIEW_ITEM,UNIQUE_ITEM,REQUIRED_ITEM,AUTOREG_HIDE_ITEM,AUTOREG_ONLY_ITEM,INITIAL_VALUE,VALIDATE_OPTION,VALIDATE_REG_EXP,BEFORE_VALIDATE_REGISTER,AFTER_VALIDATE_REGISTER,DESCRIPTION_JA,DESCRIPTION_EN,NOTE,DISUSE_FLAG,LAST_UPDATE_TIMESTAMP,LAST_UPDATE_USER) VALUES('7010206','70102','最終更新日時','Last update date/time','last_update_date_time',NULL,'13',60,NULL,NULL,NULL,NULL,NULL,NULL,NULL,NULL,NULL,'LAST_UPDATE_TIMESTAMP',NULL,'1','0','1','0','1','0','0',NULL,NULL,NULL,NULL,NULL,'レコードの最終更新日。自動登録のため編集不可。','Last update date of record. Cannot edit because of auto-registration.',NULL,'0',_____DATE_____,1);
INSERT INTO T_COMN_MENU_COLUMN_LINK_JNL (JOURNAL_SEQ_NO,JOURNAL_REG_DATETIME,JOURNAL_ACTION_CLASS,COLUMN_DEFINITION_ID,MENU_ID,COLUMN_NAME_JA,COLUMN_NAME_EN,COLUMN_NAME_REST,COL_GROUP_ID,COLUMN_CLASS,COLUMN_DISP_SEQ,REF_TABLE_NAME,REF_PKEY_NAME,REF_COL_NAME,REF_SORT_CONDITIONS,REF_MULTI_LANG,REFERENCE_ITEM,SENSITIVE_COL_NAME,FILE_UPLOAD_PLACE,BUTTON_ACTION,COL_NAME,SAVE_TYPE,AUTO_INPUT,INPUT_ITEM,VIEW_ITEM,UNIQUE_ITEM,REQUIRED_ITEM,AUTOREG_HIDE_ITEM,AUTOREG_ONLY_ITEM,INITIAL_VALUE,VALIDATE_OPTION,VALIDATE_REG_EXP,BEFORE_VALIDATE_REGISTER,AFTER_VALIDATE_REGISTER,DESCRIPTION_JA,DESCRIPTION_EN,NOTE,DISUSE_FLAG,LAST_UPDATE_TIMESTAMP,LAST_UPDATE_USER) VALUES(7010206,_____DATE_____,'INSERT','7010206','70102','最終更新日時','Last update date/time','last_update_date_time',NULL,'13',60,NULL,NULL,NULL,NULL,NULL,NULL,NULL,NULL,NULL,'LAST_UPDATE_TIMESTAMP',NULL,'1','0','1','0','1','0','0',NULL,NULL,NULL,NULL,NULL,'レコードの最終更新日。自動登録のため編集不可。','Last update date of record. Cannot edit because of auto-registration.',NULL,'0',_____DATE_____,1);
INSERT INTO T_COMN_MENU_COLUMN_LINK (COLUMN_DEFINITION_ID,MENU_ID,COLUMN_NAME_JA,COLUMN_NAME_EN,COLUMN_NAME_REST,COL_GROUP_ID,COLUMN_CLASS,COLUMN_DISP_SEQ,REF_TABLE_NAME,REF_PKEY_NAME,REF_COL_NAME,REF_SORT_CONDITIONS,REF_MULTI_LANG,REFERENCE_ITEM,SENSITIVE_COL_NAME,FILE_UPLOAD_PLACE,BUTTON_ACTION,COL_NAME,SAVE_TYPE,AUTO_INPUT,INPUT_ITEM,VIEW_ITEM,UNIQUE_ITEM,REQUIRED_ITEM,AUTOREG_HIDE_ITEM,AUTOREG_ONLY_ITEM,INITIAL_VALUE,VALIDATE_OPTION,VALIDATE_REG_EXP,BEFORE_VALIDATE_REGISTER,AFTER_VALIDATE_REGISTER,DESCRIPTION_JA,DESCRIPTION_EN,NOTE,DISUSE_FLAG,LAST_UPDATE_TIMESTAMP,LAST_UPDATE_USER) VALUES('7010207','70102','最終更新者','Last updated by','last_updated_user',NULL,'14',70,NULL,NULL,NULL,NULL,NULL,NULL,NULL,NULL,NULL,'LAST_UPDATE_USER',NULL,'1','0','1','0','1','0','0',NULL,NULL,NULL,NULL,NULL,'更新者。ログインユーザのIDが自動的に登録される。編集不可。','Updated by. Login user ID is automatically registered. Cannot edit.',NULL,'0',_____DATE_____,1);
INSERT INTO T_COMN_MENU_COLUMN_LINK_JNL (JOURNAL_SEQ_NO,JOURNAL_REG_DATETIME,JOURNAL_ACTION_CLASS,COLUMN_DEFINITION_ID,MENU_ID,COLUMN_NAME_JA,COLUMN_NAME_EN,COLUMN_NAME_REST,COL_GROUP_ID,COLUMN_CLASS,COLUMN_DISP_SEQ,REF_TABLE_NAME,REF_PKEY_NAME,REF_COL_NAME,REF_SORT_CONDITIONS,REF_MULTI_LANG,REFERENCE_ITEM,SENSITIVE_COL_NAME,FILE_UPLOAD_PLACE,BUTTON_ACTION,COL_NAME,SAVE_TYPE,AUTO_INPUT,INPUT_ITEM,VIEW_ITEM,UNIQUE_ITEM,REQUIRED_ITEM,AUTOREG_HIDE_ITEM,AUTOREG_ONLY_ITEM,INITIAL_VALUE,VALIDATE_OPTION,VALIDATE_REG_EXP,BEFORE_VALIDATE_REGISTER,AFTER_VALIDATE_REGISTER,DESCRIPTION_JA,DESCRIPTION_EN,NOTE,DISUSE_FLAG,LAST_UPDATE_TIMESTAMP,LAST_UPDATE_USER) VALUES(7010207,_____DATE_____,'INSERT','7010207','70102','最終更新者','Last updated by','last_updated_user',NULL,'14',70,NULL,NULL,NULL,NULL,NULL,NULL,NULL,NULL,NULL,'LAST_UPDATE_USER',NULL,'1','0','1','0','1','0','0',NULL,NULL,NULL,NULL,NULL,'更新者。ログインユーザのIDが自動的に登録される。編集不可。','Updated by. Login user ID is automatically registered. Cannot edit.',NULL,'0',_____DATE_____,1);
INSERT INTO T_COMN_MENU_COLUMN_LINK (COLUMN_DEFINITION_ID,MENU_ID,COLUMN_NAME_JA,COLUMN_NAME_EN,COLUMN_NAME_REST,COL_GROUP_ID,COLUMN_CLASS,COLUMN_DISP_SEQ,REF_TABLE_NAME,REF_PKEY_NAME,REF_COL_NAME,REF_SORT_CONDITIONS,REF_MULTI_LANG,REFERENCE_ITEM,SENSITIVE_COL_NAME,FILE_UPLOAD_PLACE,BUTTON_ACTION,COL_NAME,SAVE_TYPE,AUTO_INPUT,INPUT_ITEM,VIEW_ITEM,UNIQUE_ITEM,REQUIRED_ITEM,AUTOREG_HIDE_ITEM,AUTOREG_ONLY_ITEM,INITIAL_VALUE,VALIDATE_OPTION,VALIDATE_REG_EXP,BEFORE_VALIDATE_REGISTER,AFTER_VALIDATE_REGISTER,DESCRIPTION_JA,DESCRIPTION_EN,NOTE,DISUSE_FLAG,LAST_UPDATE_TIMESTAMP,LAST_UPDATE_USER) VALUES('7010301','70103','項番','Host link id','host_link_id',NULL,'1',10,NULL,NULL,NULL,NULL,NULL,NULL,NULL,NULL,NULL,'ROW_ID',NULL,'1','1','1','1','1','0','0',NULL,NULL,NULL,NULL,NULL,'自動採番のため編集不可。実行処理種別が【登録】の場合、空白のみ可。','Cannot edit because of auto-numbering. Must be blank when execution process type is [Register].',NULL,'0',_____DATE_____,1);
INSERT INTO T_COMN_MENU_COLUMN_LINK_JNL (JOURNAL_SEQ_NO,JOURNAL_REG_DATETIME,JOURNAL_ACTION_CLASS,COLUMN_DEFINITION_ID,MENU_ID,COLUMN_NAME_JA,COLUMN_NAME_EN,COLUMN_NAME_REST,COL_GROUP_ID,COLUMN_CLASS,COLUMN_DISP_SEQ,REF_TABLE_NAME,REF_PKEY_NAME,REF_COL_NAME,REF_SORT_CONDITIONS,REF_MULTI_LANG,REFERENCE_ITEM,SENSITIVE_COL_NAME,FILE_UPLOAD_PLACE,BUTTON_ACTION,COL_NAME,SAVE_TYPE,AUTO_INPUT,INPUT_ITEM,VIEW_ITEM,UNIQUE_ITEM,REQUIRED_ITEM,AUTOREG_HIDE_ITEM,AUTOREG_ONLY_ITEM,INITIAL_VALUE,VALIDATE_OPTION,VALIDATE_REG_EXP,BEFORE_VALIDATE_REGISTER,AFTER_VALIDATE_REGISTER,DESCRIPTION_JA,DESCRIPTION_EN,NOTE,DISUSE_FLAG,LAST_UPDATE_TIMESTAMP,LAST_UPDATE_USER) VALUES(7010301,_____DATE_____,'INSERT','7010301','70103','項番','Host link id','host_link_id',NULL,'1',10,NULL,NULL,NULL,NULL,NULL,NULL,NULL,NULL,NULL,'ROW_ID',NULL,'1','1','1','1','1','0','0',NULL,NULL,NULL,NULL,NULL,'自動採番のため編集不可。実行処理種別が【登録】の場合、空白のみ可。','Cannot edit because of auto-numbering. Must be blank when execution process type is [Register].',NULL,'0',_____DATE_____,1);
INSERT INTO T_COMN_MENU_COLUMN_LINK (COLUMN_DEFINITION_ID,MENU_ID,COLUMN_NAME_JA,COLUMN_NAME_EN,COLUMN_NAME_REST,COL_GROUP_ID,COLUMN_CLASS,COLUMN_DISP_SEQ,REF_TABLE_NAME,REF_PKEY_NAME,REF_COL_NAME,REF_SORT_CONDITIONS,REF_MULTI_LANG,REFERENCE_ITEM,SENSITIVE_COL_NAME,FILE_UPLOAD_PLACE,BUTTON_ACTION,COL_NAME,SAVE_TYPE,AUTO_INPUT,INPUT_ITEM,VIEW_ITEM,UNIQUE_ITEM,REQUIRED_ITEM,AUTOREG_HIDE_ITEM,AUTOREG_ONLY_ITEM,INITIAL_VALUE,VALIDATE_OPTION,VALIDATE_REG_EXP,BEFORE_VALIDATE_REGISTER,AFTER_VALIDATE_REGISTER,DESCRIPTION_JA,DESCRIPTION_EN,NOTE,DISUSE_FLAG,LAST_UPDATE_TIMESTAMP,LAST_UPDATE_USER) VALUES('7010302','70103','ホストグループ名','Hostgroup name','hostgroup_name',NULL,'7',20,'T_HGSP_HOSTGROUP_LIST','ROW_ID','HOSTGROUP_NAME',NULL,NULL,NULL,NULL,NULL,NULL,'HOSTGROUP_NAME',NULL,'0','1','1','0','1','0','0',NULL,NULL,NULL,NULL,NULL,'[元データ]ホストグループ一覧','[Original data]HostGroup list',NULL,'0',_____DATE_____,1);
INSERT INTO T_COMN_MENU_COLUMN_LINK_JNL (JOURNAL_SEQ_NO,JOURNAL_REG_DATETIME,JOURNAL_ACTION_CLASS,COLUMN_DEFINITION_ID,MENU_ID,COLUMN_NAME_JA,COLUMN_NAME_EN,COLUMN_NAME_REST,COL_GROUP_ID,COLUMN_CLASS,COLUMN_DISP_SEQ,REF_TABLE_NAME,REF_PKEY_NAME,REF_COL_NAME,REF_SORT_CONDITIONS,REF_MULTI_LANG,REFERENCE_ITEM,SENSITIVE_COL_NAME,FILE_UPLOAD_PLACE,BUTTON_ACTION,COL_NAME,SAVE_TYPE,AUTO_INPUT,INPUT_ITEM,VIEW_ITEM,UNIQUE_ITEM,REQUIRED_ITEM,AUTOREG_HIDE_ITEM,AUTOREG_ONLY_ITEM,INITIAL_VALUE,VALIDATE_OPTION,VALIDATE_REG_EXP,BEFORE_VALIDATE_REGISTER,AFTER_VALIDATE_REGISTER,DESCRIPTION_JA,DESCRIPTION_EN,NOTE,DISUSE_FLAG,LAST_UPDATE_TIMESTAMP,LAST_UPDATE_USER) VALUES(7010302,_____DATE_____,'INSERT','7010302','70103','ホストグループ名','Hostgroup name','hostgroup_name',NULL,'7',20,'T_HGSP_HOSTGROUP_LIST','ROW_ID','HOSTGROUP_NAME',NULL,NULL,NULL,NULL,NULL,NULL,'HOSTGROUP_NAME',NULL,'0','1','1','0','1','0','0',NULL,NULL,NULL,NULL,NULL,'[元データ]ホストグループ一覧','[Original data]HostGroup list',NULL,'0',_____DATE_____,1);
INSERT INTO T_COMN_MENU_COLUMN_LINK (COLUMN_DEFINITION_ID,MENU_ID,COLUMN_NAME_JA,COLUMN_NAME_EN,COLUMN_NAME_REST,COL_GROUP_ID,COLUMN_CLASS,COLUMN_DISP_SEQ,REF_TABLE_NAME,REF_PKEY_NAME,REF_COL_NAME,REF_SORT_CONDITIONS,REF_MULTI_LANG,REFERENCE_ITEM,SENSITIVE_COL_NAME,FILE_UPLOAD_PLACE,BUTTON_ACTION,COL_NAME,SAVE_TYPE,AUTO_INPUT,INPUT_ITEM,VIEW_ITEM,UNIQUE_ITEM,REQUIRED_ITEM,AUTOREG_HIDE_ITEM,AUTOREG_ONLY_ITEM,INITIAL_VALUE,VALIDATE_OPTION,VALIDATE_REG_EXP,BEFORE_VALIDATE_REGISTER,AFTER_VALIDATE_REGISTER,DESCRIPTION_JA,DESCRIPTION_EN,NOTE,DISUSE_FLAG,LAST_UPDATE_TIMESTAMP,LAST_UPDATE_USER) VALUES('7010303','70103','オペレーション','Operation','operation',NULL,'7',30,'T_COMN_OPERATION','OPERATION_ID','OPERATION_NAME',NULL,NULL,NULL,NULL,NULL,NULL,'OPERATION_ID',NULL,'0','1','1','0','1','0','0',NULL,NULL,NULL,NULL,NULL,'[元データ]オペレーション一覧','[Original data]Operation list',NULL,'0',_____DATE_____,1);
INSERT INTO T_COMN_MENU_COLUMN_LINK_JNL (JOURNAL_SEQ_NO,JOURNAL_REG_DATETIME,JOURNAL_ACTION_CLASS,COLUMN_DEFINITION_ID,MENU_ID,COLUMN_NAME_JA,COLUMN_NAME_EN,COLUMN_NAME_REST,COL_GROUP_ID,COLUMN_CLASS,COLUMN_DISP_SEQ,REF_TABLE_NAME,REF_PKEY_NAME,REF_COL_NAME,REF_SORT_CONDITIONS,REF_MULTI_LANG,REFERENCE_ITEM,SENSITIVE_COL_NAME,FILE_UPLOAD_PLACE,BUTTON_ACTION,COL_NAME,SAVE_TYPE,AUTO_INPUT,INPUT_ITEM,VIEW_ITEM,UNIQUE_ITEM,REQUIRED_ITEM,AUTOREG_HIDE_ITEM,AUTOREG_ONLY_ITEM,INITIAL_VALUE,VALIDATE_OPTION,VALIDATE_REG_EXP,BEFORE_VALIDATE_REGISTER,AFTER_VALIDATE_REGISTER,DESCRIPTION_JA,DESCRIPTION_EN,NOTE,DISUSE_FLAG,LAST_UPDATE_TIMESTAMP,LAST_UPDATE_USER) VALUES(7010303,_____DATE_____,'INSERT','7010303','70103','オペレーション','Operation','operation',NULL,'7',30,'T_COMN_OPERATION','OPERATION_ID','OPERATION_NAME',NULL,NULL,NULL,NULL,NULL,NULL,'OPERATION_ID',NULL,'0','1','1','0','1','0','0',NULL,NULL,NULL,NULL,NULL,'[元データ]オペレーション一覧','[Original data]Operation list',NULL,'0',_____DATE_____,1);
INSERT INTO T_COMN_MENU_COLUMN_LINK (COLUMN_DEFINITION_ID,MENU_ID,COLUMN_NAME_JA,COLUMN_NAME_EN,COLUMN_NAME_REST,COL_GROUP_ID,COLUMN_CLASS,COLUMN_DISP_SEQ,REF_TABLE_NAME,REF_PKEY_NAME,REF_COL_NAME,REF_SORT_CONDITIONS,REF_MULTI_LANG,REFERENCE_ITEM,SENSITIVE_COL_NAME,FILE_UPLOAD_PLACE,BUTTON_ACTION,COL_NAME,SAVE_TYPE,AUTO_INPUT,INPUT_ITEM,VIEW_ITEM,UNIQUE_ITEM,REQUIRED_ITEM,AUTOREG_HIDE_ITEM,AUTOREG_ONLY_ITEM,INITIAL_VALUE,VALIDATE_OPTION,VALIDATE_REG_EXP,BEFORE_VALIDATE_REGISTER,AFTER_VALIDATE_REGISTER,DESCRIPTION_JA,DESCRIPTION_EN,NOTE,DISUSE_FLAG,LAST_UPDATE_TIMESTAMP,LAST_UPDATE_USER) VALUES('7010304','70103','ホスト名','Hostname','hostname',NULL,'7',40,'T_ANSC_DEVICE','SYSTEM_ID','HOST_NAME',NULL,NULL,NULL,NULL,NULL,NULL,'HOSTNAME',NULL,'0','1','1','0','1','0','0',NULL,NULL,NULL,NULL,NULL,'[元データ]機器一覧','[Original data]Device list',NULL,'0',_____DATE_____,1);
INSERT INTO T_COMN_MENU_COLUMN_LINK_JNL (JOURNAL_SEQ_NO,JOURNAL_REG_DATETIME,JOURNAL_ACTION_CLASS,COLUMN_DEFINITION_ID,MENU_ID,COLUMN_NAME_JA,COLUMN_NAME_EN,COLUMN_NAME_REST,COL_GROUP_ID,COLUMN_CLASS,COLUMN_DISP_SEQ,REF_TABLE_NAME,REF_PKEY_NAME,REF_COL_NAME,REF_SORT_CONDITIONS,REF_MULTI_LANG,REFERENCE_ITEM,SENSITIVE_COL_NAME,FILE_UPLOAD_PLACE,BUTTON_ACTION,COL_NAME,SAVE_TYPE,AUTO_INPUT,INPUT_ITEM,VIEW_ITEM,UNIQUE_ITEM,REQUIRED_ITEM,AUTOREG_HIDE_ITEM,AUTOREG_ONLY_ITEM,INITIAL_VALUE,VALIDATE_OPTION,VALIDATE_REG_EXP,BEFORE_VALIDATE_REGISTER,AFTER_VALIDATE_REGISTER,DESCRIPTION_JA,DESCRIPTION_EN,NOTE,DISUSE_FLAG,LAST_UPDATE_TIMESTAMP,LAST_UPDATE_USER) VALUES(7010304,_____DATE_____,'INSERT','7010304','70103','ホスト名','Hostname','hostname',NULL,'7',40,'T_ANSC_DEVICE','SYSTEM_ID','HOST_NAME',NULL,NULL,NULL,NULL,NULL,NULL,'HOSTNAME',NULL,'0','1','1','0','1','0','0',NULL,NULL,NULL,NULL,NULL,'[元データ]機器一覧','[Original data]Device list',NULL,'0',_____DATE_____,1);
INSERT INTO T_COMN_MENU_COLUMN_LINK (COLUMN_DEFINITION_ID,MENU_ID,COLUMN_NAME_JA,COLUMN_NAME_EN,COLUMN_NAME_REST,COL_GROUP_ID,COLUMN_CLASS,COLUMN_DISP_SEQ,REF_TABLE_NAME,REF_PKEY_NAME,REF_COL_NAME,REF_SORT_CONDITIONS,REF_MULTI_LANG,REFERENCE_ITEM,SENSITIVE_COL_NAME,FILE_UPLOAD_PLACE,BUTTON_ACTION,COL_NAME,SAVE_TYPE,AUTO_INPUT,INPUT_ITEM,VIEW_ITEM,UNIQUE_ITEM,REQUIRED_ITEM,AUTOREG_HIDE_ITEM,AUTOREG_ONLY_ITEM,INITIAL_VALUE,VALIDATE_OPTION,VALIDATE_REG_EXP,BEFORE_VALIDATE_REGISTER,AFTER_VALIDATE_REGISTER,DESCRIPTION_JA,DESCRIPTION_EN,NOTE,DISUSE_FLAG,LAST_UPDATE_TIMESTAMP,LAST_UPDATE_USER) VALUES('7010305','70103','備考','Remarks','remarks',NULL,'12',50,NULL,NULL,NULL,NULL,NULL,NULL,NULL,NULL,NULL,'NOTE',NULL,'0','1','1','0','0','0','0',NULL,'{
"min_length": 0,
"max_length": 4000
}',NULL,NULL,NULL,'自由記述欄。レコードの廃止・復活時にも記載可能。','Comments section. Can comment when removing or restoring records.',NULL,'0',_____DATE_____,1);
INSERT INTO T_COMN_MENU_COLUMN_LINK_JNL (JOURNAL_SEQ_NO,JOURNAL_REG_DATETIME,JOURNAL_ACTION_CLASS,COLUMN_DEFINITION_ID,MENU_ID,COLUMN_NAME_JA,COLUMN_NAME_EN,COLUMN_NAME_REST,COL_GROUP_ID,COLUMN_CLASS,COLUMN_DISP_SEQ,REF_TABLE_NAME,REF_PKEY_NAME,REF_COL_NAME,REF_SORT_CONDITIONS,REF_MULTI_LANG,REFERENCE_ITEM,SENSITIVE_COL_NAME,FILE_UPLOAD_PLACE,BUTTON_ACTION,COL_NAME,SAVE_TYPE,AUTO_INPUT,INPUT_ITEM,VIEW_ITEM,UNIQUE_ITEM,REQUIRED_ITEM,AUTOREG_HIDE_ITEM,AUTOREG_ONLY_ITEM,INITIAL_VALUE,VALIDATE_OPTION,VALIDATE_REG_EXP,BEFORE_VALIDATE_REGISTER,AFTER_VALIDATE_REGISTER,DESCRIPTION_JA,DESCRIPTION_EN,NOTE,DISUSE_FLAG,LAST_UPDATE_TIMESTAMP,LAST_UPDATE_USER) VALUES(7010305,_____DATE_____,'INSERT','7010305','70103','備考','Remarks','remarks',NULL,'12',50,NULL,NULL,NULL,NULL,NULL,NULL,NULL,NULL,NULL,'NOTE',NULL,'0','1','1','0','0','0','0',NULL,'{
"min_length": 0,
"max_length": 4000
}',NULL,NULL,NULL,'自由記述欄。レコードの廃止・復活時にも記載可能。','Comments section. Can comment when removing or restoring records.',NULL,'0',_____DATE_____,1);
INSERT INTO T_COMN_MENU_COLUMN_LINK (COLUMN_DEFINITION_ID,MENU_ID,COLUMN_NAME_JA,COLUMN_NAME_EN,COLUMN_NAME_REST,COL_GROUP_ID,COLUMN_CLASS,COLUMN_DISP_SEQ,REF_TABLE_NAME,REF_PKEY_NAME,REF_COL_NAME,REF_SORT_CONDITIONS,REF_MULTI_LANG,REFERENCE_ITEM,SENSITIVE_COL_NAME,FILE_UPLOAD_PLACE,BUTTON_ACTION,COL_NAME,SAVE_TYPE,AUTO_INPUT,INPUT_ITEM,VIEW_ITEM,UNIQUE_ITEM,REQUIRED_ITEM,AUTOREG_HIDE_ITEM,AUTOREG_ONLY_ITEM,INITIAL_VALUE,VALIDATE_OPTION,VALIDATE_REG_EXP,BEFORE_VALIDATE_REGISTER,AFTER_VALIDATE_REGISTER,DESCRIPTION_JA,DESCRIPTION_EN,NOTE,DISUSE_FLAG,LAST_UPDATE_TIMESTAMP,LAST_UPDATE_USER) VALUES('7010306','70103','廃止フラグ','Discard','discard',NULL,'1',60,NULL,NULL,NULL,NULL,NULL,NULL,NULL,NULL,NULL,'DISUSE_FLAG',NULL,'1','1','1','0','1','0','0',NULL,NULL,NULL,NULL,NULL,'廃止フラグ。復活以外のオペレーションは不可','Discard flag. Cannot do operation other than restore.',NULL,'0',_____DATE_____,1);
INSERT INTO T_COMN_MENU_COLUMN_LINK_JNL (JOURNAL_SEQ_NO,JOURNAL_REG_DATETIME,JOURNAL_ACTION_CLASS,COLUMN_DEFINITION_ID,MENU_ID,COLUMN_NAME_JA,COLUMN_NAME_EN,COLUMN_NAME_REST,COL_GROUP_ID,COLUMN_CLASS,COLUMN_DISP_SEQ,REF_TABLE_NAME,REF_PKEY_NAME,REF_COL_NAME,REF_SORT_CONDITIONS,REF_MULTI_LANG,REFERENCE_ITEM,SENSITIVE_COL_NAME,FILE_UPLOAD_PLACE,BUTTON_ACTION,COL_NAME,SAVE_TYPE,AUTO_INPUT,INPUT_ITEM,VIEW_ITEM,UNIQUE_ITEM,REQUIRED_ITEM,AUTOREG_HIDE_ITEM,AUTOREG_ONLY_ITEM,INITIAL_VALUE,VALIDATE_OPTION,VALIDATE_REG_EXP,BEFORE_VALIDATE_REGISTER,AFTER_VALIDATE_REGISTER,DESCRIPTION_JA,DESCRIPTION_EN,NOTE,DISUSE_FLAG,LAST_UPDATE_TIMESTAMP,LAST_UPDATE_USER) VALUES(7010306,_____DATE_____,'INSERT','7010306','70103','廃止フラグ','Discard','discard',NULL,'1',60,NULL,NULL,NULL,NULL,NULL,NULL,NULL,NULL,NULL,'DISUSE_FLAG',NULL,'1','1','1','0','1','0','0',NULL,NULL,NULL,NULL,NULL,'廃止フラグ。復活以外のオペレーションは不可','Discard flag. Cannot do operation other than restore.',NULL,'0',_____DATE_____,1);
INSERT INTO T_COMN_MENU_COLUMN_LINK (COLUMN_DEFINITION_ID,MENU_ID,COLUMN_NAME_JA,COLUMN_NAME_EN,COLUMN_NAME_REST,COL_GROUP_ID,COLUMN_CLASS,COLUMN_DISP_SEQ,REF_TABLE_NAME,REF_PKEY_NAME,REF_COL_NAME,REF_SORT_CONDITIONS,REF_MULTI_LANG,REFERENCE_ITEM,SENSITIVE_COL_NAME,FILE_UPLOAD_PLACE,BUTTON_ACTION,COL_NAME,SAVE_TYPE,AUTO_INPUT,INPUT_ITEM,VIEW_ITEM,UNIQUE_ITEM,REQUIRED_ITEM,AUTOREG_HIDE_ITEM,AUTOREG_ONLY_ITEM,INITIAL_VALUE,VALIDATE_OPTION,VALIDATE_REG_EXP,BEFORE_VALIDATE_REGISTER,AFTER_VALIDATE_REGISTER,DESCRIPTION_JA,DESCRIPTION_EN,NOTE,DISUSE_FLAG,LAST_UPDATE_TIMESTAMP,LAST_UPDATE_USER) VALUES('7010307','70103','最終更新日時','Last update date/time','last_update_date_time',NULL,'13',70,NULL,NULL,NULL,NULL,NULL,NULL,NULL,NULL,NULL,'LAST_UPDATE_TIMESTAMP',NULL,'1','0','1','0','1','0','0',NULL,NULL,NULL,NULL,NULL,'レコードの最終更新日。自動登録のため編集不可。','Last update date of record. Cannot edit because of auto-registration.',NULL,'0',_____DATE_____,1);
INSERT INTO T_COMN_MENU_COLUMN_LINK_JNL (JOURNAL_SEQ_NO,JOURNAL_REG_DATETIME,JOURNAL_ACTION_CLASS,COLUMN_DEFINITION_ID,MENU_ID,COLUMN_NAME_JA,COLUMN_NAME_EN,COLUMN_NAME_REST,COL_GROUP_ID,COLUMN_CLASS,COLUMN_DISP_SEQ,REF_TABLE_NAME,REF_PKEY_NAME,REF_COL_NAME,REF_SORT_CONDITIONS,REF_MULTI_LANG,REFERENCE_ITEM,SENSITIVE_COL_NAME,FILE_UPLOAD_PLACE,BUTTON_ACTION,COL_NAME,SAVE_TYPE,AUTO_INPUT,INPUT_ITEM,VIEW_ITEM,UNIQUE_ITEM,REQUIRED_ITEM,AUTOREG_HIDE_ITEM,AUTOREG_ONLY_ITEM,INITIAL_VALUE,VALIDATE_OPTION,VALIDATE_REG_EXP,BEFORE_VALIDATE_REGISTER,AFTER_VALIDATE_REGISTER,DESCRIPTION_JA,DESCRIPTION_EN,NOTE,DISUSE_FLAG,LAST_UPDATE_TIMESTAMP,LAST_UPDATE_USER) VALUES(7010307,_____DATE_____,'INSERT','7010307','70103','最終更新日時','Last update date/time','last_update_date_time',NULL,'13',70,NULL,NULL,NULL,NULL,NULL,NULL,NULL,NULL,NULL,'LAST_UPDATE_TIMESTAMP',NULL,'1','0','1','0','1','0','0',NULL,NULL,NULL,NULL,NULL,'レコードの最終更新日。自動登録のため編集不可。','Last update date of record. Cannot edit because of auto-registration.',NULL,'0',_____DATE_____,1);
INSERT INTO T_COMN_MENU_COLUMN_LINK (COLUMN_DEFINITION_ID,MENU_ID,COLUMN_NAME_JA,COLUMN_NAME_EN,COLUMN_NAME_REST,COL_GROUP_ID,COLUMN_CLASS,COLUMN_DISP_SEQ,REF_TABLE_NAME,REF_PKEY_NAME,REF_COL_NAME,REF_SORT_CONDITIONS,REF_MULTI_LANG,REFERENCE_ITEM,SENSITIVE_COL_NAME,FILE_UPLOAD_PLACE,BUTTON_ACTION,COL_NAME,SAVE_TYPE,AUTO_INPUT,INPUT_ITEM,VIEW_ITEM,UNIQUE_ITEM,REQUIRED_ITEM,AUTOREG_HIDE_ITEM,AUTOREG_ONLY_ITEM,INITIAL_VALUE,VALIDATE_OPTION,VALIDATE_REG_EXP,BEFORE_VALIDATE_REGISTER,AFTER_VALIDATE_REGISTER,DESCRIPTION_JA,DESCRIPTION_EN,NOTE,DISUSE_FLAG,LAST_UPDATE_TIMESTAMP,LAST_UPDATE_USER) VALUES('7010308','70103','最終更新者','Last updated by','last_updated_user',NULL,'14',80,NULL,NULL,NULL,NULL,NULL,NULL,NULL,NULL,NULL,'LAST_UPDATE_USER',NULL,'1','0','1','0','1','0','0',NULL,NULL,NULL,NULL,NULL,'更新者。ログインユーザのIDが自動的に登録される。編集不可。','Updated by. Login user ID is automatically registered. Cannot edit.',NULL,'0',_____DATE_____,1);
INSERT INTO T_COMN_MENU_COLUMN_LINK_JNL (JOURNAL_SEQ_NO,JOURNAL_REG_DATETIME,JOURNAL_ACTION_CLASS,COLUMN_DEFINITION_ID,MENU_ID,COLUMN_NAME_JA,COLUMN_NAME_EN,COLUMN_NAME_REST,COL_GROUP_ID,COLUMN_CLASS,COLUMN_DISP_SEQ,REF_TABLE_NAME,REF_PKEY_NAME,REF_COL_NAME,REF_SORT_CONDITIONS,REF_MULTI_LANG,REFERENCE_ITEM,SENSITIVE_COL_NAME,FILE_UPLOAD_PLACE,BUTTON_ACTION,COL_NAME,SAVE_TYPE,AUTO_INPUT,INPUT_ITEM,VIEW_ITEM,UNIQUE_ITEM,REQUIRED_ITEM,AUTOREG_HIDE_ITEM,AUTOREG_ONLY_ITEM,INITIAL_VALUE,VALIDATE_OPTION,VALIDATE_REG_EXP,BEFORE_VALIDATE_REGISTER,AFTER_VALIDATE_REGISTER,DESCRIPTION_JA,DESCRIPTION_EN,NOTE,DISUSE_FLAG,LAST_UPDATE_TIMESTAMP,LAST_UPDATE_USER) VALUES(7010308,_____DATE_____,'INSERT','7010308','70103','最終更新者','Last updated by','last_updated_user',NULL,'14',80,NULL,NULL,NULL,NULL,NULL,NULL,NULL,NULL,NULL,'LAST_UPDATE_USER',NULL,'1','0','1','0','1','0','0',NULL,NULL,NULL,NULL,NULL,'更新者。ログインユーザのIDが自動的に登録される。編集不可。','Updated by. Login user ID is automatically registered. Cannot edit.',NULL,'0',_____DATE_____,1);
INSERT INTO T_COMN_MENU_COLUMN_LINK (COLUMN_DEFINITION_ID,MENU_ID,COLUMN_NAME_JA,COLUMN_NAME_EN,COLUMN_NAME_REST,COL_GROUP_ID,COLUMN_CLASS,COLUMN_DISP_SEQ,REF_TABLE_NAME,REF_PKEY_NAME,REF_COL_NAME,REF_SORT_CONDITIONS,REF_MULTI_LANG,REFERENCE_ITEM,SENSITIVE_COL_NAME,FILE_UPLOAD_PLACE,BUTTON_ACTION,COL_NAME,SAVE_TYPE,AUTO_INPUT,INPUT_ITEM,VIEW_ITEM,UNIQUE_ITEM,REQUIRED_ITEM,AUTOREG_HIDE_ITEM,AUTOREG_ONLY_ITEM,INITIAL_VALUE,VALIDATE_OPTION,VALIDATE_REG_EXP,BEFORE_VALIDATE_REGISTER,AFTER_VALIDATE_REGISTER,DESCRIPTION_JA,DESCRIPTION_EN,NOTE,DISUSE_FLAG,LAST_UPDATE_TIMESTAMP,LAST_UPDATE_USER) VALUES('7010401','70104','項番','Split target id','split_target_id',NULL,'1',10,NULL,NULL,NULL,NULL,NULL,NULL,NULL,NULL,NULL,'ROW_ID',NULL,'1','1','1','1','1','0','0',NULL,NULL,NULL,NULL,NULL,'自動採番のため編集不可。実行処理種別が【登録】の場合、空白のみ可。','Cannot edit because of auto-numbering. Must be blank when execution process type is [Register].',NULL,'0',_____DATE_____,1);
INSERT INTO T_COMN_MENU_COLUMN_LINK_JNL (JOURNAL_SEQ_NO,JOURNAL_REG_DATETIME,JOURNAL_ACTION_CLASS,COLUMN_DEFINITION_ID,MENU_ID,COLUMN_NAME_JA,COLUMN_NAME_EN,COLUMN_NAME_REST,COL_GROUP_ID,COLUMN_CLASS,COLUMN_DISP_SEQ,REF_TABLE_NAME,REF_PKEY_NAME,REF_COL_NAME,REF_SORT_CONDITIONS,REF_MULTI_LANG,REFERENCE_ITEM,SENSITIVE_COL_NAME,FILE_UPLOAD_PLACE,BUTTON_ACTION,COL_NAME,SAVE_TYPE,AUTO_INPUT,INPUT_ITEM,VIEW_ITEM,UNIQUE_ITEM,REQUIRED_ITEM,AUTOREG_HIDE_ITEM,AUTOREG_ONLY_ITEM,INITIAL_VALUE,VALIDATE_OPTION,VALIDATE_REG_EXP,BEFORE_VALIDATE_REGISTER,AFTER_VALIDATE_REGISTER,DESCRIPTION_JA,DESCRIPTION_EN,NOTE,DISUSE_FLAG,LAST_UPDATE_TIMESTAMP,LAST_UPDATE_USER) VALUES(7010401,_____DATE_____,'INSERT','7010401','70104','項番','Split target id','split_target_id',NULL,'1',10,NULL,NULL,NULL,NULL,NULL,NULL,NULL,NULL,NULL,'ROW_ID',NULL,'1','1','1','1','1','0','0',NULL,NULL,NULL,NULL,NULL,'自動採番のため編集不可。実行処理種別が【登録】の場合、空白のみ可。','Cannot edit because of auto-numbering. Must be blank when execution process type is [Register].',NULL,'0',_____DATE_____,1);
INSERT INTO T_COMN_MENU_COLUMN_LINK (COLUMN_DEFINITION_ID,MENU_ID,COLUMN_NAME_JA,COLUMN_NAME_EN,COLUMN_NAME_REST,COL_GROUP_ID,COLUMN_CLASS,COLUMN_DISP_SEQ,REF_TABLE_NAME,REF_PKEY_NAME,REF_COL_NAME,REF_SORT_CONDITIONS,REF_MULTI_LANG,REFERENCE_ITEM,SENSITIVE_COL_NAME,FILE_UPLOAD_PLACE,BUTTON_ACTION,COL_NAME,SAVE_TYPE,AUTO_INPUT,INPUT_ITEM,VIEW_ITEM,UNIQUE_ITEM,REQUIRED_ITEM,AUTOREG_HIDE_ITEM,AUTOREG_ONLY_ITEM,INITIAL_VALUE,VALIDATE_OPTION,VALIDATE_REG_EXP,BEFORE_VALIDATE_REGISTER,AFTER_VALIDATE_REGISTER,DESCRIPTION_JA,DESCRIPTION_EN,NOTE,DISUSE_FLAG,LAST_UPDATE_TIMESTAMP,LAST_UPDATE_USER) VALUES('7010402','70104','分割対象パラメータシート','Split Parameter Sheet','split_target_menu',NULL,'7',20,'V_HGSP_SPLIT_TARGET_MENU','MENU_ID','MENU_NAME',NULL,'1',NULL,NULL,NULL,NULL,'INPUT_MENU_ID',NULL,'0','1','1','1','1','0','0',NULL,NULL,NULL,NULL,NULL,'[元データ]メニュー管理','[Original data]Menu list',NULL,'0',_____DATE_____,1);
INSERT INTO T_COMN_MENU_COLUMN_LINK_JNL (JOURNAL_SEQ_NO,JOURNAL_REG_DATETIME,JOURNAL_ACTION_CLASS,COLUMN_DEFINITION_ID,MENU_ID,COLUMN_NAME_JA,COLUMN_NAME_EN,COLUMN_NAME_REST,COL_GROUP_ID,COLUMN_CLASS,COLUMN_DISP_SEQ,REF_TABLE_NAME,REF_PKEY_NAME,REF_COL_NAME,REF_SORT_CONDITIONS,REF_MULTI_LANG,REFERENCE_ITEM,SENSITIVE_COL_NAME,FILE_UPLOAD_PLACE,BUTTON_ACTION,COL_NAME,SAVE_TYPE,AUTO_INPUT,INPUT_ITEM,VIEW_ITEM,UNIQUE_ITEM,REQUIRED_ITEM,AUTOREG_HIDE_ITEM,AUTOREG_ONLY_ITEM,INITIAL_VALUE,VALIDATE_OPTION,VALIDATE_REG_EXP,BEFORE_VALIDATE_REGISTER,AFTER_VALIDATE_REGISTER,DESCRIPTION_JA,DESCRIPTION_EN,NOTE,DISUSE_FLAG,LAST_UPDATE_TIMESTAMP,LAST_UPDATE_USER) VALUES(7010402,_____DATE_____,'INSERT','7010402','70104','分割対象パラメータシート','Split Parameter Sheet','split_target_menu',NULL,'7',20,'V_HGSP_SPLIT_TARGET_MENU','MENU_ID','MENU_NAME',NULL,'1',NULL,NULL,NULL,NULL,'INPUT_MENU_ID',NULL,'0','1','1','1','1','0','0',NULL,NULL,NULL,NULL,NULL,'[元データ]メニュー管理','[Original data]Menu list',NULL,'0',_____DATE_____,1);
INSERT INTO T_COMN_MENU_COLUMN_LINK (COLUMN_DEFINITION_ID,MENU_ID,COLUMN_NAME_JA,COLUMN_NAME_EN,COLUMN_NAME_REST,COL_GROUP_ID,COLUMN_CLASS,COLUMN_DISP_SEQ,REF_TABLE_NAME,REF_PKEY_NAME,REF_COL_NAME,REF_SORT_CONDITIONS,REF_MULTI_LANG,REFERENCE_ITEM,SENSITIVE_COL_NAME,FILE_UPLOAD_PLACE,BUTTON_ACTION,COL_NAME,SAVE_TYPE,AUTO_INPUT,INPUT_ITEM,VIEW_ITEM,UNIQUE_ITEM,REQUIRED_ITEM,AUTOREG_HIDE_ITEM,AUTOREG_ONLY_ITEM,INITIAL_VALUE,VALIDATE_OPTION,VALIDATE_REG_EXP,BEFORE_VALIDATE_REGISTER,AFTER_VALIDATE_REGISTER,DESCRIPTION_JA,DESCRIPTION_EN,NOTE,DISUSE_FLAG,LAST_UPDATE_TIMESTAMP,LAST_UPDATE_USER) VALUES('7010403','70104','登録対象パラメータシート','Registration Parameter Sheet','registration_target_menu',NULL,'7',30,'V_HGSP_REGISTER_TARGET_MENU','MENU_ID','MENU_NAME',NULL,'1',NULL,NULL,NULL,NULL,'OUTPUT_MENU_ID',NULL,'0','1','1','0','1','0','0',NULL,NULL,NULL,NULL,NULL,'[元データ]メニュー管理','[Original data]Menu list',NULL,'0',_____DATE_____,1);
INSERT INTO T_COMN_MENU_COLUMN_LINK_JNL (JOURNAL_SEQ_NO,JOURNAL_REG_DATETIME,JOURNAL_ACTION_CLASS,COLUMN_DEFINITION_ID,MENU_ID,COLUMN_NAME_JA,COLUMN_NAME_EN,COLUMN_NAME_REST,COL_GROUP_ID,COLUMN_CLASS,COLUMN_DISP_SEQ,REF_TABLE_NAME,REF_PKEY_NAME,REF_COL_NAME,REF_SORT_CONDITIONS,REF_MULTI_LANG,REFERENCE_ITEM,SENSITIVE_COL_NAME,FILE_UPLOAD_PLACE,BUTTON_ACTION,COL_NAME,SAVE_TYPE,AUTO_INPUT,INPUT_ITEM,VIEW_ITEM,UNIQUE_ITEM,REQUIRED_ITEM,AUTOREG_HIDE_ITEM,AUTOREG_ONLY_ITEM,INITIAL_VALUE,VALIDATE_OPTION,VALIDATE_REG_EXP,BEFORE_VALIDATE_REGISTER,AFTER_VALIDATE_REGISTER,DESCRIPTION_JA,DESCRIPTION_EN,NOTE,DISUSE_FLAG,LAST_UPDATE_TIMESTAMP,LAST_UPDATE_USER) VALUES(7010403,_____DATE_____,'INSERT','7010403','70104','登録対象パラメータシート','Registration Parameter Sheet','registration_target_menu',NULL,'7',30,'V_HGSP_REGISTER_TARGET_MENU','MENU_ID','MENU_NAME',NULL,'1',NULL,NULL,NULL,NULL,'OUTPUT_MENU_ID',NULL,'0','1','1','0','1','0','0',NULL,NULL,NULL,NULL,NULL,'[元データ]メニュー管理','[Original data]Menu list',NULL,'0',_____DATE_____,1);
INSERT INTO T_COMN_MENU_COLUMN_LINK (COLUMN_DEFINITION_ID,MENU_ID,COLUMN_NAME_JA,COLUMN_NAME_EN,COLUMN_NAME_REST,COL_GROUP_ID,COLUMN_CLASS,COLUMN_DISP_SEQ,REF_TABLE_NAME,REF_PKEY_NAME,REF_COL_NAME,REF_SORT_CONDITIONS,REF_MULTI_LANG,REFERENCE_ITEM,SENSITIVE_COL_NAME,FILE_UPLOAD_PLACE,BUTTON_ACTION,COL_NAME,SAVE_TYPE,AUTO_INPUT,INPUT_ITEM,VIEW_ITEM,UNIQUE_ITEM,REQUIRED_ITEM,AUTOREG_HIDE_ITEM,AUTOREG_ONLY_ITEM,INITIAL_VALUE,VALIDATE_OPTION,VALIDATE_REG_EXP,BEFORE_VALIDATE_REGISTER,AFTER_VALIDATE_REGISTER,DESCRIPTION_JA,DESCRIPTION_EN,NOTE,DISUSE_FLAG,LAST_UPDATE_TIMESTAMP,LAST_UPDATE_USER) VALUES('7010404','70104','分割済みフラグ','Split flag','split_flag',NULL,'7',40,'T_COMN_BOOLEAN_FLAG','FLAG_ID','FLAG_NAME',NULL,NULL,NULL,NULL,NULL,NULL,'DIVIDED_FLG',NULL,'0','1','1','0','1','0','0',NULL,NULL,NULL,NULL,NULL,'True:分割処理済み
False:分割未処理','True: Split processed
False: unprocessed split',NULL,'0',_____DATE_____,1);
INSERT INTO T_COMN_MENU_COLUMN_LINK_JNL (JOURNAL_SEQ_NO,JOURNAL_REG_DATETIME,JOURNAL_ACTION_CLASS,COLUMN_DEFINITION_ID,MENU_ID,COLUMN_NAME_JA,COLUMN_NAME_EN,COLUMN_NAME_REST,COL_GROUP_ID,COLUMN_CLASS,COLUMN_DISP_SEQ,REF_TABLE_NAME,REF_PKEY_NAME,REF_COL_NAME,REF_SORT_CONDITIONS,REF_MULTI_LANG,REFERENCE_ITEM,SENSITIVE_COL_NAME,FILE_UPLOAD_PLACE,BUTTON_ACTION,COL_NAME,SAVE_TYPE,AUTO_INPUT,INPUT_ITEM,VIEW_ITEM,UNIQUE_ITEM,REQUIRED_ITEM,AUTOREG_HIDE_ITEM,AUTOREG_ONLY_ITEM,INITIAL_VALUE,VALIDATE_OPTION,VALIDATE_REG_EXP,BEFORE_VALIDATE_REGISTER,AFTER_VALIDATE_REGISTER,DESCRIPTION_JA,DESCRIPTION_EN,NOTE,DISUSE_FLAG,LAST_UPDATE_TIMESTAMP,LAST_UPDATE_USER) VALUES(7010404,_____DATE_____,'INSERT','7010404','70104','分割済みフラグ','Split flag','split_flag',NULL,'7',40,'T_COMN_BOOLEAN_FLAG','FLAG_ID','FLAG_NAME',NULL,NULL,NULL,NULL,NULL,NULL,'DIVIDED_FLG',NULL,'0','1','1','0','1','0','0',NULL,NULL,NULL,NULL,NULL,'True:分割処理済み
False:分割未処理','True: Split processed
False: unprocessed split',NULL,'0',_____DATE_____,1);
INSERT INTO T_COMN_MENU_COLUMN_LINK (COLUMN_DEFINITION_ID,MENU_ID,COLUMN_NAME_JA,COLUMN_NAME_EN,COLUMN_NAME_REST,COL_GROUP_ID,COLUMN_CLASS,COLUMN_DISP_SEQ,REF_TABLE_NAME,REF_PKEY_NAME,REF_COL_NAME,REF_SORT_CONDITIONS,REF_MULTI_LANG,REFERENCE_ITEM,SENSITIVE_COL_NAME,FILE_UPLOAD_PLACE,BUTTON_ACTION,COL_NAME,SAVE_TYPE,AUTO_INPUT,INPUT_ITEM,VIEW_ITEM,UNIQUE_ITEM,REQUIRED_ITEM,AUTOREG_HIDE_ITEM,AUTOREG_ONLY_ITEM,INITIAL_VALUE,VALIDATE_OPTION,VALIDATE_REG_EXP,BEFORE_VALIDATE_REGISTER,AFTER_VALIDATE_REGISTER,DESCRIPTION_JA,DESCRIPTION_EN,NOTE,DISUSE_FLAG,LAST_UPDATE_TIMESTAMP,LAST_UPDATE_USER) VALUES('7010405','70104','備考','Remarks','remarks',NULL,'12',50,NULL,NULL,NULL,NULL,NULL,NULL,NULL,NULL,NULL,'NOTE',NULL,'0','1','1','0','0','0','0',NULL,'{
"min_length": 0,
"max_length": 4000
}',NULL,NULL,NULL,'自由記述欄。レコードの廃止・復活時にも記載可能。','Comments section. Can comment when removing or restoring records.',NULL,'0',_____DATE_____,1);
INSERT INTO T_COMN_MENU_COLUMN_LINK_JNL (JOURNAL_SEQ_NO,JOURNAL_REG_DATETIME,JOURNAL_ACTION_CLASS,COLUMN_DEFINITION_ID,MENU_ID,COLUMN_NAME_JA,COLUMN_NAME_EN,COLUMN_NAME_REST,COL_GROUP_ID,COLUMN_CLASS,COLUMN_DISP_SEQ,REF_TABLE_NAME,REF_PKEY_NAME,REF_COL_NAME,REF_SORT_CONDITIONS,REF_MULTI_LANG,REFERENCE_ITEM,SENSITIVE_COL_NAME,FILE_UPLOAD_PLACE,BUTTON_ACTION,COL_NAME,SAVE_TYPE,AUTO_INPUT,INPUT_ITEM,VIEW_ITEM,UNIQUE_ITEM,REQUIRED_ITEM,AUTOREG_HIDE_ITEM,AUTOREG_ONLY_ITEM,INITIAL_VALUE,VALIDATE_OPTION,VALIDATE_REG_EXP,BEFORE_VALIDATE_REGISTER,AFTER_VALIDATE_REGISTER,DESCRIPTION_JA,DESCRIPTION_EN,NOTE,DISUSE_FLAG,LAST_UPDATE_TIMESTAMP,LAST_UPDATE_USER) VALUES(7010405,_____DATE_____,'INSERT','7010405','70104','備考','Remarks','remarks',NULL,'12',50,NULL,NULL,NULL,NULL,NULL,NULL,NULL,NULL,NULL,'NOTE',NULL,'0','1','1','0','0','0','0',NULL,'{
"min_length": 0,
"max_length": 4000
}',NULL,NULL,NULL,'自由記述欄。レコードの廃止・復活時にも記載可能。','Comments section. Can comment when removing or restoring records.',NULL,'0',_____DATE_____,1);
INSERT INTO T_COMN_MENU_COLUMN_LINK (COLUMN_DEFINITION_ID,MENU_ID,COLUMN_NAME_JA,COLUMN_NAME_EN,COLUMN_NAME_REST,COL_GROUP_ID,COLUMN_CLASS,COLUMN_DISP_SEQ,REF_TABLE_NAME,REF_PKEY_NAME,REF_COL_NAME,REF_SORT_CONDITIONS,REF_MULTI_LANG,REFERENCE_ITEM,SENSITIVE_COL_NAME,FILE_UPLOAD_PLACE,BUTTON_ACTION,COL_NAME,SAVE_TYPE,AUTO_INPUT,INPUT_ITEM,VIEW_ITEM,UNIQUE_ITEM,REQUIRED_ITEM,AUTOREG_HIDE_ITEM,AUTOREG_ONLY_ITEM,INITIAL_VALUE,VALIDATE_OPTION,VALIDATE_REG_EXP,BEFORE_VALIDATE_REGISTER,AFTER_VALIDATE_REGISTER,DESCRIPTION_JA,DESCRIPTION_EN,NOTE,DISUSE_FLAG,LAST_UPDATE_TIMESTAMP,LAST_UPDATE_USER) VALUES('7010406','70104','廃止フラグ','Discard','discard',NULL,'1',60,NULL,NULL,NULL,NULL,NULL,NULL,NULL,NULL,NULL,'DISUSE_FLAG',NULL,'1','1','1','0','1','0','0',NULL,NULL,NULL,NULL,NULL,'廃止フラグ。復活以外のオペレーションは不可','Discard flag. Cannot do operation other than restore.',NULL,'0',_____DATE_____,1);
INSERT INTO T_COMN_MENU_COLUMN_LINK_JNL (JOURNAL_SEQ_NO,JOURNAL_REG_DATETIME,JOURNAL_ACTION_CLASS,COLUMN_DEFINITION_ID,MENU_ID,COLUMN_NAME_JA,COLUMN_NAME_EN,COLUMN_NAME_REST,COL_GROUP_ID,COLUMN_CLASS,COLUMN_DISP_SEQ,REF_TABLE_NAME,REF_PKEY_NAME,REF_COL_NAME,REF_SORT_CONDITIONS,REF_MULTI_LANG,REFERENCE_ITEM,SENSITIVE_COL_NAME,FILE_UPLOAD_PLACE,BUTTON_ACTION,COL_NAME,SAVE_TYPE,AUTO_INPUT,INPUT_ITEM,VIEW_ITEM,UNIQUE_ITEM,REQUIRED_ITEM,AUTOREG_HIDE_ITEM,AUTOREG_ONLY_ITEM,INITIAL_VALUE,VALIDATE_OPTION,VALIDATE_REG_EXP,BEFORE_VALIDATE_REGISTER,AFTER_VALIDATE_REGISTER,DESCRIPTION_JA,DESCRIPTION_EN,NOTE,DISUSE_FLAG,LAST_UPDATE_TIMESTAMP,LAST_UPDATE_USER) VALUES(7010406,_____DATE_____,'INSERT','7010406','70104','廃止フラグ','Discard','discard',NULL,'1',60,NULL,NULL,NULL,NULL,NULL,NULL,NULL,NULL,NULL,'DISUSE_FLAG',NULL,'1','1','1','0','1','0','0',NULL,NULL,NULL,NULL,NULL,'廃止フラグ。復活以外のオペレーションは不可','Discard flag. Cannot do operation other than restore.',NULL,'0',_____DATE_____,1);
INSERT INTO T_COMN_MENU_COLUMN_LINK (COLUMN_DEFINITION_ID,MENU_ID,COLUMN_NAME_JA,COLUMN_NAME_EN,COLUMN_NAME_REST,COL_GROUP_ID,COLUMN_CLASS,COLUMN_DISP_SEQ,REF_TABLE_NAME,REF_PKEY_NAME,REF_COL_NAME,REF_SORT_CONDITIONS,REF_MULTI_LANG,REFERENCE_ITEM,SENSITIVE_COL_NAME,FILE_UPLOAD_PLACE,BUTTON_ACTION,COL_NAME,SAVE_TYPE,AUTO_INPUT,INPUT_ITEM,VIEW_ITEM,UNIQUE_ITEM,REQUIRED_ITEM,AUTOREG_HIDE_ITEM,AUTOREG_ONLY_ITEM,INITIAL_VALUE,VALIDATE_OPTION,VALIDATE_REG_EXP,BEFORE_VALIDATE_REGISTER,AFTER_VALIDATE_REGISTER,DESCRIPTION_JA,DESCRIPTION_EN,NOTE,DISUSE_FLAG,LAST_UPDATE_TIMESTAMP,LAST_UPDATE_USER) VALUES('7010407','70104','最終更新日時','Last update date/time','last_update_date_time',NULL,'13',70,NULL,NULL,NULL,NULL,NULL,NULL,NULL,NULL,NULL,'LAST_UPDATE_TIMESTAMP',NULL,'1','0','1','0','1','0','0',NULL,NULL,NULL,NULL,NULL,'レコードの最終更新日。自動登録のため編集不可。','Last update date of record. Cannot edit because of auto-registration.',NULL,'0',_____DATE_____,1);
INSERT INTO T_COMN_MENU_COLUMN_LINK_JNL (JOURNAL_SEQ_NO,JOURNAL_REG_DATETIME,JOURNAL_ACTION_CLASS,COLUMN_DEFINITION_ID,MENU_ID,COLUMN_NAME_JA,COLUMN_NAME_EN,COLUMN_NAME_REST,COL_GROUP_ID,COLUMN_CLASS,COLUMN_DISP_SEQ,REF_TABLE_NAME,REF_PKEY_NAME,REF_COL_NAME,REF_SORT_CONDITIONS,REF_MULTI_LANG,REFERENCE_ITEM,SENSITIVE_COL_NAME,FILE_UPLOAD_PLACE,BUTTON_ACTION,COL_NAME,SAVE_TYPE,AUTO_INPUT,INPUT_ITEM,VIEW_ITEM,UNIQUE_ITEM,REQUIRED_ITEM,AUTOREG_HIDE_ITEM,AUTOREG_ONLY_ITEM,INITIAL_VALUE,VALIDATE_OPTION,VALIDATE_REG_EXP,BEFORE_VALIDATE_REGISTER,AFTER_VALIDATE_REGISTER,DESCRIPTION_JA,DESCRIPTION_EN,NOTE,DISUSE_FLAG,LAST_UPDATE_TIMESTAMP,LAST_UPDATE_USER) VALUES(7010407,_____DATE_____,'INSERT','7010407','70104','最終更新日時','Last update date/time','last_update_date_time',NULL,'13',70,NULL,NULL,NULL,NULL,NULL,NULL,NULL,NULL,NULL,'LAST_UPDATE_TIMESTAMP',NULL,'1','0','1','0','1','0','0',NULL,NULL,NULL,NULL,NULL,'レコードの最終更新日。自動登録のため編集不可。','Last update date of record. Cannot edit because of auto-registration.',NULL,'0',_____DATE_____,1);
INSERT INTO T_COMN_MENU_COLUMN_LINK (COLUMN_DEFINITION_ID,MENU_ID,COLUMN_NAME_JA,COLUMN_NAME_EN,COLUMN_NAME_REST,COL_GROUP_ID,COLUMN_CLASS,COLUMN_DISP_SEQ,REF_TABLE_NAME,REF_PKEY_NAME,REF_COL_NAME,REF_SORT_CONDITIONS,REF_MULTI_LANG,REFERENCE_ITEM,SENSITIVE_COL_NAME,FILE_UPLOAD_PLACE,BUTTON_ACTION,COL_NAME,SAVE_TYPE,AUTO_INPUT,INPUT_ITEM,VIEW_ITEM,UNIQUE_ITEM,REQUIRED_ITEM,AUTOREG_HIDE_ITEM,AUTOREG_ONLY_ITEM,INITIAL_VALUE,VALIDATE_OPTION,VALIDATE_REG_EXP,BEFORE_VALIDATE_REGISTER,AFTER_VALIDATE_REGISTER,DESCRIPTION_JA,DESCRIPTION_EN,NOTE,DISUSE_FLAG,LAST_UPDATE_TIMESTAMP,LAST_UPDATE_USER) VALUES('7010408','70104','最終更新者','Last updated by','last_updated_user',NULL,'14',80,NULL,NULL,NULL,NULL,NULL,NULL,NULL,NULL,NULL,'LAST_UPDATE_USER',NULL,'1','0','1','0','1','0','0',NULL,NULL,NULL,NULL,NULL,'更新者。ログインユーザのIDが自動的に登録される。編集不可。','Updated by. Login user ID is automatically registered. Cannot edit.',NULL,'0',_____DATE_____,1);
INSERT INTO T_COMN_MENU_COLUMN_LINK_JNL (JOURNAL_SEQ_NO,JOURNAL_REG_DATETIME,JOURNAL_ACTION_CLASS,COLUMN_DEFINITION_ID,MENU_ID,COLUMN_NAME_JA,COLUMN_NAME_EN,COLUMN_NAME_REST,COL_GROUP_ID,COLUMN_CLASS,COLUMN_DISP_SEQ,REF_TABLE_NAME,REF_PKEY_NAME,REF_COL_NAME,REF_SORT_CONDITIONS,REF_MULTI_LANG,REFERENCE_ITEM,SENSITIVE_COL_NAME,FILE_UPLOAD_PLACE,BUTTON_ACTION,COL_NAME,SAVE_TYPE,AUTO_INPUT,INPUT_ITEM,VIEW_ITEM,UNIQUE_ITEM,REQUIRED_ITEM,AUTOREG_HIDE_ITEM,AUTOREG_ONLY_ITEM,INITIAL_VALUE,VALIDATE_OPTION,VALIDATE_REG_EXP,BEFORE_VALIDATE_REGISTER,AFTER_VALIDATE_REGISTER,DESCRIPTION_JA,DESCRIPTION_EN,NOTE,DISUSE_FLAG,LAST_UPDATE_TIMESTAMP,LAST_UPDATE_USER) VALUES(7010408,_____DATE_____,'INSERT','7010408','70104','最終更新者','Last updated by','last_updated_user',NULL,'14',80,NULL,NULL,NULL,NULL,NULL,NULL,NULL,NULL,NULL,'LAST_UPDATE_USER',NULL,'1','0','1','0','1','0','0',NULL,NULL,NULL,NULL,NULL,'更新者。ログインユーザのIDが自動的に登録される。編集不可。','Updated by. Login user ID is automatically registered. Cannot edit.',NULL,'0',_____DATE_____,1);

