INSERT INTO T_COMN_SYSTEM_CONFIG (ITEM_ID,CONFIG_ID,CONFIG_NAME,VALUE,NOTE,DISUSE_FLAG,LAST_UPDATE_TIMESTAMP,LAST_UPDATE_USER) VALUES(1,'FORBIDDEN_UPLOAD','Upload prohibition extension','.exe;.com;.php;.cgi;.sh;.sql;.vbs;.js;.pl;.ini;.htaccess','ファイルアップロード禁止拡張子（半角セミコロン区切り）

Extension to prohibit file upload(single byte semicolon delimiter)','0',_____DATE_____,1);
INSERT INTO T_COMN_SYSTEM_CONFIG_JNL (JOURNAL_SEQ_NO,JOURNAL_REG_DATETIME,JOURNAL_ACTION_CLASS,ITEM_ID,CONFIG_ID,CONFIG_NAME,VALUE,NOTE,DISUSE_FLAG,LAST_UPDATE_TIMESTAMP,LAST_UPDATE_USER) VALUES(1,_____DATE_____,'INSERT',1,'FORBIDDEN_UPLOAD','Upload prohibition extension','.exe;.com;.php;.cgi;.sh;.sql;.vbs;.js;.pl;.ini;.htaccess','ファイルアップロード禁止拡張子（半角セミコロン区切り）

Extension to prohibit file upload(single byte semicolon delimiter)','0',_____DATE_____,1);
INSERT INTO T_COMN_SYSTEM_CONFIG (ITEM_ID,CONFIG_ID,CONFIG_NAME,VALUE,NOTE,DISUSE_FLAG,LAST_UPDATE_TIMESTAMP,LAST_UPDATE_USER) VALUES(2,'LOG_LEVEL','Log level','DEBUG','ユーザーが設定可能なログレベル ("INFO" or "DEBUG")

User configurable log levels.("INFO" or "DEBUG")','0',_____DATE_____,1);
INSERT INTO T_COMN_SYSTEM_CONFIG_JNL (JOURNAL_SEQ_NO,JOURNAL_REG_DATETIME,JOURNAL_ACTION_CLASS,ITEM_ID,CONFIG_ID,CONFIG_NAME,VALUE,NOTE,DISUSE_FLAG,LAST_UPDATE_TIMESTAMP,LAST_UPDATE_USER) VALUES(2,_____DATE_____,'INSERT',2,'LOG_LEVEL','Log level','DEBUG','ユーザーが設定可能なログレベル ("INFO" or "DEBUG")

User configurable log levels.("INFO" or "DEBUG")','0',_____DATE_____,1);

INSERT INTO T_COMN_MENU_GROUP (MENU_GROUP_ID,PARENT_MENU_GROUP_ID,MENU_GROUP_NAME_JA,MENU_GROUP_NAME_EN,MENU_GROUP_ICON,MENU_CREATE_TARGET_FLAG,DISP_SEQ,NOTE,DISUSE_FLAG,LAST_UPDATE_TIMESTAMP,LAST_UPDATE_USER) VALUES(101,NULL,'管理コンソール','Management Console','kanri.png','0',10,NULL,'0',_____DATE_____,1);
INSERT INTO T_COMN_MENU_GROUP_JNL (JOURNAL_SEQ_NO,JOURNAL_REG_DATETIME,JOURNAL_ACTION_CLASS,MENU_GROUP_ID,PARENT_MENU_GROUP_ID,MENU_GROUP_NAME_JA,MENU_GROUP_NAME_EN,MENU_GROUP_ICON,MENU_CREATE_TARGET_FLAG,DISP_SEQ,NOTE,DISUSE_FLAG,LAST_UPDATE_TIMESTAMP,LAST_UPDATE_USER) VALUES(101,_____DATE_____,'INSERT',101,NULL,'管理コンソール','Management Console','kanri.png','0',10,NULL,'0',_____DATE_____,1);
INSERT INTO T_COMN_MENU_GROUP (MENU_GROUP_ID,PARENT_MENU_GROUP_ID,MENU_GROUP_NAME_JA,MENU_GROUP_NAME_EN,MENU_GROUP_ICON,MENU_CREATE_TARGET_FLAG,DISP_SEQ,NOTE,DISUSE_FLAG,LAST_UPDATE_TIMESTAMP,LAST_UPDATE_USER) VALUES(102,NULL,'基本コンソール','Basic Console','kihon.png','0',20,NULL,'0',_____DATE_____,1);
INSERT INTO T_COMN_MENU_GROUP_JNL (JOURNAL_SEQ_NO,JOURNAL_REG_DATETIME,JOURNAL_ACTION_CLASS,MENU_GROUP_ID,PARENT_MENU_GROUP_ID,MENU_GROUP_NAME_JA,MENU_GROUP_NAME_EN,MENU_GROUP_ICON,MENU_CREATE_TARGET_FLAG,DISP_SEQ,NOTE,DISUSE_FLAG,LAST_UPDATE_TIMESTAMP,LAST_UPDATE_USER) VALUES(102,_____DATE_____,'INSERT',102,NULL,'基本コンソール','Basic Console','kihon.png','0',20,NULL,'0',_____DATE_____,1);

INSERT INTO T_COMN_MENU (MENU_ID,MENU_GROUP_ID,MENU_NAME_JA,MENU_NAME_EN,MENU_NAME_REST,DISP_SEQ,AUTOFILTER_FLG,INITIAL_FILTER_FLG,WEB_PRINT_LIMIT,WEB_PRINT_CONFIRM,XLS_PRINT_LIMIT,SORT_KEY,NOTE,DISUSE_FLAG,LAST_UPDATE_TIMESTAMP,LAST_UPDATE_USER) VALUES(10101,101,'システム設定','System settings','system_settings',10,1,1,NULL,NULL,NULL,'[{"ASC":"item_id"}]',NULL,'0',_____DATE_____,1);
INSERT INTO T_COMN_MENU_JNL (JOURNAL_SEQ_NO,JOURNAL_REG_DATETIME,JOURNAL_ACTION_CLASS,MENU_ID,MENU_GROUP_ID,MENU_NAME_JA,MENU_NAME_EN,MENU_NAME_REST,DISP_SEQ,AUTOFILTER_FLG,INITIAL_FILTER_FLG,WEB_PRINT_LIMIT,WEB_PRINT_CONFIRM,XLS_PRINT_LIMIT,SORT_KEY,NOTE,DISUSE_FLAG,LAST_UPDATE_TIMESTAMP,LAST_UPDATE_USER) VALUES(10101,_____DATE_____,'INSERT',10101,101,'システム設定','System settings','system_settings',10,1,1,NULL,NULL,NULL,'[{"ASC":"item_id"}]',NULL,'0',_____DATE_____,1);
INSERT INTO T_COMN_MENU (MENU_ID,MENU_GROUP_ID,MENU_NAME_JA,MENU_NAME_EN,MENU_NAME_REST,DISP_SEQ,AUTOFILTER_FLG,INITIAL_FILTER_FLG,WEB_PRINT_LIMIT,WEB_PRINT_CONFIRM,XLS_PRINT_LIMIT,SORT_KEY,NOTE,DISUSE_FLAG,LAST_UPDATE_TIMESTAMP,LAST_UPDATE_USER) VALUES(10102,101,'メニューグループ管理','Menu group list','menu_group_list',20,1,1,NULL,NULL,NULL,'[{"ASC":"menu_group_name_ja"}]',NULL,'0',_____DATE_____,1);
INSERT INTO T_COMN_MENU_JNL (JOURNAL_SEQ_NO,JOURNAL_REG_DATETIME,JOURNAL_ACTION_CLASS,MENU_ID,MENU_GROUP_ID,MENU_NAME_JA,MENU_NAME_EN,MENU_NAME_REST,DISP_SEQ,AUTOFILTER_FLG,INITIAL_FILTER_FLG,WEB_PRINT_LIMIT,WEB_PRINT_CONFIRM,XLS_PRINT_LIMIT,SORT_KEY,NOTE,DISUSE_FLAG,LAST_UPDATE_TIMESTAMP,LAST_UPDATE_USER) VALUES(10102,_____DATE_____,'INSERT',10102,101,'メニューグループ管理','Menu group list','menu_group_list',20,1,1,NULL,NULL,NULL,'[{"ASC":"menu_group_name_ja"}]',NULL,'0',_____DATE_____,1);
INSERT INTO T_COMN_MENU (MENU_ID,MENU_GROUP_ID,MENU_NAME_JA,MENU_NAME_EN,MENU_NAME_REST,DISP_SEQ,AUTOFILTER_FLG,INITIAL_FILTER_FLG,WEB_PRINT_LIMIT,WEB_PRINT_CONFIRM,XLS_PRINT_LIMIT,SORT_KEY,NOTE,DISUSE_FLAG,LAST_UPDATE_TIMESTAMP,LAST_UPDATE_USER) VALUES(10103,101,'メニュー管理','Menu list','menu_list',30,1,1,NULL,NULL,NULL,'[{"ASC":"menu_name_ja"}]',NULL,'0',_____DATE_____,1);
INSERT INTO T_COMN_MENU_JNL (JOURNAL_SEQ_NO,JOURNAL_REG_DATETIME,JOURNAL_ACTION_CLASS,MENU_ID,MENU_GROUP_ID,MENU_NAME_JA,MENU_NAME_EN,MENU_NAME_REST,DISP_SEQ,AUTOFILTER_FLG,INITIAL_FILTER_FLG,WEB_PRINT_LIMIT,WEB_PRINT_CONFIRM,XLS_PRINT_LIMIT,SORT_KEY,NOTE,DISUSE_FLAG,LAST_UPDATE_TIMESTAMP,LAST_UPDATE_USER) VALUES(10103,_____DATE_____,'INSERT',10103,101,'メニュー管理','Menu list','menu_list',30,1,1,NULL,NULL,NULL,'[{"ASC":"menu_name_ja"}]',NULL,'0',_____DATE_____,1);
INSERT INTO T_COMN_MENU (MENU_ID,MENU_GROUP_ID,MENU_NAME_JA,MENU_NAME_EN,MENU_NAME_REST,DISP_SEQ,AUTOFILTER_FLG,INITIAL_FILTER_FLG,WEB_PRINT_LIMIT,WEB_PRINT_CONFIRM,XLS_PRINT_LIMIT,SORT_KEY,NOTE,DISUSE_FLAG,LAST_UPDATE_TIMESTAMP,LAST_UPDATE_USER) VALUES(10104,101,'ロール-メニュー紐付管理','Role-Menu link list','role_menu_link_list',40,1,1,NULL,NULL,NULL,'[{"ASC":"role_name"},{"ASC":"menu_name"}]',NULL,'0',_____DATE_____,1);
INSERT INTO T_COMN_MENU_JNL (JOURNAL_SEQ_NO,JOURNAL_REG_DATETIME,JOURNAL_ACTION_CLASS,MENU_ID,MENU_GROUP_ID,MENU_NAME_JA,MENU_NAME_EN,MENU_NAME_REST,DISP_SEQ,AUTOFILTER_FLG,INITIAL_FILTER_FLG,WEB_PRINT_LIMIT,WEB_PRINT_CONFIRM,XLS_PRINT_LIMIT,SORT_KEY,NOTE,DISUSE_FLAG,LAST_UPDATE_TIMESTAMP,LAST_UPDATE_USER) VALUES(10104,_____DATE_____,'INSERT',10104,101,'ロール-メニュー紐付管理','Role-Menu link list','role_menu_link_list',40,1,1,NULL,NULL,NULL,'[{"ASC":"role_name"},{"ASC":"menu_name"}]',NULL,'0',_____DATE_____,1);
INSERT INTO T_COMN_MENU (MENU_ID,MENU_GROUP_ID,MENU_NAME_JA,MENU_NAME_EN,MENU_NAME_REST,DISP_SEQ,AUTOFILTER_FLG,INITIAL_FILTER_FLG,WEB_PRINT_LIMIT,WEB_PRINT_CONFIRM,XLS_PRINT_LIMIT,SORT_KEY,NOTE,DISUSE_FLAG,LAST_UPDATE_TIMESTAMP,LAST_UPDATE_USER) VALUES(10201,102,'オペレーション一覧','Operation list','operation_list',10,1,0,NULL,NULL,NULL,'[{"ASC":"operation_name"}]',NULL,'0',_____DATE_____,1);
INSERT INTO T_COMN_MENU_JNL (JOURNAL_SEQ_NO,JOURNAL_REG_DATETIME,JOURNAL_ACTION_CLASS,MENU_ID,MENU_GROUP_ID,MENU_NAME_JA,MENU_NAME_EN,MENU_NAME_REST,DISP_SEQ,AUTOFILTER_FLG,INITIAL_FILTER_FLG,WEB_PRINT_LIMIT,WEB_PRINT_CONFIRM,XLS_PRINT_LIMIT,SORT_KEY,NOTE,DISUSE_FLAG,LAST_UPDATE_TIMESTAMP,LAST_UPDATE_USER) VALUES(10201,_____DATE_____,'INSERT',10201,102,'オペレーション一覧','Operation list','operation_list',10,1,0,NULL,NULL,NULL,'[{"ASC":"operation_name"}]',NULL,'0',_____DATE_____,1);
INSERT INTO T_COMN_MENU (MENU_ID,MENU_GROUP_ID,MENU_NAME_JA,MENU_NAME_EN,MENU_NAME_REST,DISP_SEQ,AUTOFILTER_FLG,INITIAL_FILTER_FLG,WEB_PRINT_LIMIT,WEB_PRINT_CONFIRM,XLS_PRINT_LIMIT,SORT_KEY,NOTE,DISUSE_FLAG,LAST_UPDATE_TIMESTAMP,LAST_UPDATE_USER) VALUES(10202,102,'Movement一覧','Movement list','movement_list',20,1,1,NULL,NULL,NULL,'[{"ASC":"movement_name"}]',NULL,'0',_____DATE_____,1);
INSERT INTO T_COMN_MENU_JNL (JOURNAL_SEQ_NO,JOURNAL_REG_DATETIME,JOURNAL_ACTION_CLASS,MENU_ID,MENU_GROUP_ID,MENU_NAME_JA,MENU_NAME_EN,MENU_NAME_REST,DISP_SEQ,AUTOFILTER_FLG,INITIAL_FILTER_FLG,WEB_PRINT_LIMIT,WEB_PRINT_CONFIRM,XLS_PRINT_LIMIT,SORT_KEY,NOTE,DISUSE_FLAG,LAST_UPDATE_TIMESTAMP,LAST_UPDATE_USER) VALUES(10202,_____DATE_____,'INSERT',10202,102,'Movement一覧','Movement list','movement_list',20,1,1,NULL,NULL,NULL,'[{"ASC":"movement_name"}]',NULL,'0',_____DATE_____,1);
INSERT INTO T_COMN_MENU (MENU_ID,MENU_GROUP_ID,MENU_NAME_JA,MENU_NAME_EN,MENU_NAME_REST,DISP_SEQ,AUTOFILTER_FLG,INITIAL_FILTER_FLG,WEB_PRINT_LIMIT,WEB_PRINT_CONFIRM,XLS_PRINT_LIMIT,SORT_KEY,NOTE,DISUSE_FLAG,LAST_UPDATE_TIMESTAMP,LAST_UPDATE_USER) VALUES(10203,102,'メニュー-テーブル紐付管理','Menu-Table link list','menu_table_link_list',40,1,0,NULL,NULL,NULL,'[{"ASC":"menu_name"}]',NULL,'0',_____DATE_____,1);
INSERT INTO T_COMN_MENU_JNL (JOURNAL_SEQ_NO,JOURNAL_REG_DATETIME,JOURNAL_ACTION_CLASS,MENU_ID,MENU_GROUP_ID,MENU_NAME_JA,MENU_NAME_EN,MENU_NAME_REST,DISP_SEQ,AUTOFILTER_FLG,INITIAL_FILTER_FLG,WEB_PRINT_LIMIT,WEB_PRINT_CONFIRM,XLS_PRINT_LIMIT,SORT_KEY,NOTE,DISUSE_FLAG,LAST_UPDATE_TIMESTAMP,LAST_UPDATE_USER) VALUES(10203,_____DATE_____,'INSERT',10203,102,'メニュー-テーブル紐付管理','Menu-Table link list','menu_table_link_list',40,1,0,NULL,NULL,NULL,'[{"ASC":"menu_name"}]',NULL,'0',_____DATE_____,1);
INSERT INTO T_COMN_MENU (MENU_ID,MENU_GROUP_ID,MENU_NAME_JA,MENU_NAME_EN,MENU_NAME_REST,DISP_SEQ,AUTOFILTER_FLG,INITIAL_FILTER_FLG,WEB_PRINT_LIMIT,WEB_PRINT_CONFIRM,XLS_PRINT_LIMIT,SORT_KEY,NOTE,DISUSE_FLAG,LAST_UPDATE_TIMESTAMP,LAST_UPDATE_USER) VALUES(10204,102,'メニュー-カラム紐付管理','Menu-Column link list','menu_column_link_list',50,1,0,NULL,NULL,NULL,'[{"ASC":"menu_name"},{"ASC":"display_order"}]',NULL,'0',_____DATE_____,1);
INSERT INTO T_COMN_MENU_JNL (JOURNAL_SEQ_NO,JOURNAL_REG_DATETIME,JOURNAL_ACTION_CLASS,MENU_ID,MENU_GROUP_ID,MENU_NAME_JA,MENU_NAME_EN,MENU_NAME_REST,DISP_SEQ,AUTOFILTER_FLG,INITIAL_FILTER_FLG,WEB_PRINT_LIMIT,WEB_PRINT_CONFIRM,XLS_PRINT_LIMIT,SORT_KEY,NOTE,DISUSE_FLAG,LAST_UPDATE_TIMESTAMP,LAST_UPDATE_USER) VALUES(10204,_____DATE_____,'INSERT',10204,102,'メニュー-カラム紐付管理','Menu-Column link list','menu_column_link_list',50,1,0,NULL,NULL,NULL,'[{"ASC":"menu_name"},{"ASC":"display_order"}]',NULL,'0',_____DATE_____,1);
INSERT INTO T_COMN_MENU (MENU_ID,MENU_GROUP_ID,MENU_NAME_JA,MENU_NAME_EN,MENU_NAME_REST,DISP_SEQ,AUTOFILTER_FLG,INITIAL_FILTER_FLG,WEB_PRINT_LIMIT,WEB_PRINT_CONFIRM,XLS_PRINT_LIMIT,SORT_KEY,NOTE,DISUSE_FLAG,LAST_UPDATE_TIMESTAMP,LAST_UPDATE_USER) VALUES(10205,102,'カラムグループ管理','Column group list','column_group_list',60,1,0,NULL,NULL,NULL,'[{"ASC":"column_group_name_ja"}]',NULL,'0',_____DATE_____,1);
INSERT INTO T_COMN_MENU_JNL (JOURNAL_SEQ_NO,JOURNAL_REG_DATETIME,JOURNAL_ACTION_CLASS,MENU_ID,MENU_GROUP_ID,MENU_NAME_JA,MENU_NAME_EN,MENU_NAME_REST,DISP_SEQ,AUTOFILTER_FLG,INITIAL_FILTER_FLG,WEB_PRINT_LIMIT,WEB_PRINT_CONFIRM,XLS_PRINT_LIMIT,SORT_KEY,NOTE,DISUSE_FLAG,LAST_UPDATE_TIMESTAMP,LAST_UPDATE_USER) VALUES(10205,_____DATE_____,'INSERT',10205,102,'カラムグループ管理','Column group list','column_group_list',60,1,0,NULL,NULL,NULL,'[{"ASC":"column_group_name_ja"}]',NULL,'0',_____DATE_____,1);

INSERT INTO T_COMN_ROLE_MENU_LINK (LINK_ID,MENU_ID,ROLE_ID,PRIVILEGE,NOTE,DISUSE_FLAG,LAST_UPDATE_TIMESTAMP,LAST_UPDATE_USER) VALUES('10101','10101','__ROLE_ID__','1',NULL,'0',_____DATE_____,1);
INSERT INTO T_COMN_ROLE_MENU_LINK_JNL (JOURNAL_SEQ_NO,JOURNAL_REG_DATETIME,JOURNAL_ACTION_CLASS,LINK_ID,MENU_ID,ROLE_ID,PRIVILEGE,NOTE,DISUSE_FLAG,LAST_UPDATE_TIMESTAMP,LAST_UPDATE_USER) VALUES(10101,_____DATE_____,'INSERT','10101','10101','__ROLE_ID__','1',NULL,'0',_____DATE_____,1);
INSERT INTO T_COMN_ROLE_MENU_LINK (LINK_ID,MENU_ID,ROLE_ID,PRIVILEGE,NOTE,DISUSE_FLAG,LAST_UPDATE_TIMESTAMP,LAST_UPDATE_USER) VALUES('10102','10102','__ROLE_ID__','1',NULL,'0',_____DATE_____,1);
INSERT INTO T_COMN_ROLE_MENU_LINK_JNL (JOURNAL_SEQ_NO,JOURNAL_REG_DATETIME,JOURNAL_ACTION_CLASS,LINK_ID,MENU_ID,ROLE_ID,PRIVILEGE,NOTE,DISUSE_FLAG,LAST_UPDATE_TIMESTAMP,LAST_UPDATE_USER) VALUES(10102,_____DATE_____,'INSERT','10102','10102','__ROLE_ID__','1',NULL,'0',_____DATE_____,1);
INSERT INTO T_COMN_ROLE_MENU_LINK (LINK_ID,MENU_ID,ROLE_ID,PRIVILEGE,NOTE,DISUSE_FLAG,LAST_UPDATE_TIMESTAMP,LAST_UPDATE_USER) VALUES('10103','10103','__ROLE_ID__','1',NULL,'0',_____DATE_____,1);
INSERT INTO T_COMN_ROLE_MENU_LINK_JNL (JOURNAL_SEQ_NO,JOURNAL_REG_DATETIME,JOURNAL_ACTION_CLASS,LINK_ID,MENU_ID,ROLE_ID,PRIVILEGE,NOTE,DISUSE_FLAG,LAST_UPDATE_TIMESTAMP,LAST_UPDATE_USER) VALUES(10103,_____DATE_____,'INSERT','10103','10103','__ROLE_ID__','1',NULL,'0',_____DATE_____,1);
INSERT INTO T_COMN_ROLE_MENU_LINK (LINK_ID,MENU_ID,ROLE_ID,PRIVILEGE,NOTE,DISUSE_FLAG,LAST_UPDATE_TIMESTAMP,LAST_UPDATE_USER) VALUES('10104','10104','__ROLE_ID__','1',NULL,'0',_____DATE_____,1);
INSERT INTO T_COMN_ROLE_MENU_LINK_JNL (JOURNAL_SEQ_NO,JOURNAL_REG_DATETIME,JOURNAL_ACTION_CLASS,LINK_ID,MENU_ID,ROLE_ID,PRIVILEGE,NOTE,DISUSE_FLAG,LAST_UPDATE_TIMESTAMP,LAST_UPDATE_USER) VALUES(10104,_____DATE_____,'INSERT','10104','10104','__ROLE_ID__','1',NULL,'0',_____DATE_____,1);
INSERT INTO T_COMN_ROLE_MENU_LINK (LINK_ID,MENU_ID,ROLE_ID,PRIVILEGE,NOTE,DISUSE_FLAG,LAST_UPDATE_TIMESTAMP,LAST_UPDATE_USER) VALUES('10201','10201','__ROLE_ID__','1',NULL,'0',_____DATE_____,1);
INSERT INTO T_COMN_ROLE_MENU_LINK_JNL (JOURNAL_SEQ_NO,JOURNAL_REG_DATETIME,JOURNAL_ACTION_CLASS,LINK_ID,MENU_ID,ROLE_ID,PRIVILEGE,NOTE,DISUSE_FLAG,LAST_UPDATE_TIMESTAMP,LAST_UPDATE_USER) VALUES(10201,_____DATE_____,'INSERT','10201','10201','__ROLE_ID__','1',NULL,'0',_____DATE_____,1);
INSERT INTO T_COMN_ROLE_MENU_LINK (LINK_ID,MENU_ID,ROLE_ID,PRIVILEGE,NOTE,DISUSE_FLAG,LAST_UPDATE_TIMESTAMP,LAST_UPDATE_USER) VALUES('10202','10202','__ROLE_ID__','1',NULL,'0',_____DATE_____,1);
INSERT INTO T_COMN_ROLE_MENU_LINK_JNL (JOURNAL_SEQ_NO,JOURNAL_REG_DATETIME,JOURNAL_ACTION_CLASS,LINK_ID,MENU_ID,ROLE_ID,PRIVILEGE,NOTE,DISUSE_FLAG,LAST_UPDATE_TIMESTAMP,LAST_UPDATE_USER) VALUES(10202,_____DATE_____,'INSERT','10202','10202','__ROLE_ID__','1',NULL,'0',_____DATE_____,1);
INSERT INTO T_COMN_ROLE_MENU_LINK (LINK_ID,MENU_ID,ROLE_ID,PRIVILEGE,NOTE,DISUSE_FLAG,LAST_UPDATE_TIMESTAMP,LAST_UPDATE_USER) VALUES('10203','10203','__ROLE_ID__','2',NULL,'1',_____DATE_____,1);
INSERT INTO T_COMN_ROLE_MENU_LINK_JNL (JOURNAL_SEQ_NO,JOURNAL_REG_DATETIME,JOURNAL_ACTION_CLASS,LINK_ID,MENU_ID,ROLE_ID,PRIVILEGE,NOTE,DISUSE_FLAG,LAST_UPDATE_TIMESTAMP,LAST_UPDATE_USER) VALUES(10203,_____DATE_____,'INSERT','10203','10203','__ROLE_ID__','2',NULL,'1',_____DATE_____,1);
INSERT INTO T_COMN_ROLE_MENU_LINK (LINK_ID,MENU_ID,ROLE_ID,PRIVILEGE,NOTE,DISUSE_FLAG,LAST_UPDATE_TIMESTAMP,LAST_UPDATE_USER) VALUES('10204','10204','__ROLE_ID__','2',NULL,'1',_____DATE_____,1);
INSERT INTO T_COMN_ROLE_MENU_LINK_JNL (JOURNAL_SEQ_NO,JOURNAL_REG_DATETIME,JOURNAL_ACTION_CLASS,LINK_ID,MENU_ID,ROLE_ID,PRIVILEGE,NOTE,DISUSE_FLAG,LAST_UPDATE_TIMESTAMP,LAST_UPDATE_USER) VALUES(10204,_____DATE_____,'INSERT','10204','10204','__ROLE_ID__','2',NULL,'1',_____DATE_____,1);
INSERT INTO T_COMN_ROLE_MENU_LINK (LINK_ID,MENU_ID,ROLE_ID,PRIVILEGE,NOTE,DISUSE_FLAG,LAST_UPDATE_TIMESTAMP,LAST_UPDATE_USER) VALUES('10205','10205','__ROLE_ID__','2',NULL,'1',_____DATE_____,1);
INSERT INTO T_COMN_ROLE_MENU_LINK_JNL (JOURNAL_SEQ_NO,JOURNAL_REG_DATETIME,JOURNAL_ACTION_CLASS,LINK_ID,MENU_ID,ROLE_ID,PRIVILEGE,NOTE,DISUSE_FLAG,LAST_UPDATE_TIMESTAMP,LAST_UPDATE_USER) VALUES(10205,_____DATE_____,'INSERT','10205','10205','__ROLE_ID__','2',NULL,'1',_____DATE_____,1);

INSERT INTO T_COMN_VERSION (SERVICE_ID,VERSION,INSTALLED_DRIVER_JA,INSTALLED_DRIVER_EN,NOTE,DISUSE_FLAG,LAST_UPDATE_TIMESTAMP,LAST_UPDATE_USER) VALUES(1,'2.0.0','["メニュー作成","Ansible"]','["Menu Create","Ansible"]',NULL,'0',_____DATE_____,1);


INSERT INTO T_COMN_MENU_TABLE_LINK (TABLE_DEFINITION_ID,MENU_ID,TABLE_NAME,VIEW_NAME,PK_COLUMN_NAME_REST,MENU_INFO_JA,MENU_INFO_EN,SHEET_TYPE,HISTORY_TABLE_FLAG,INHERIT,VERTICAL,ROW_INSERT_FLAG,ROW_UPDATE_FLAG,ROW_DISUSE_FLAG,ROW_REUSE_FLAG,SUBSTITUTION_VALUE_LINK_FLAG,LOCK_TABLE,UNIQUE_CONSTRAINT,BEFORE_VALIDATE_REGISTER,AFTER_VALIDATE_REGISTER,NOTE,DISUSE_FLAG,LAST_UPDATE_TIMESTAMP,LAST_UPDATE_USER) VALUES('10101','10101','T_COMN_SYSTEM_CONFIG',NULL,'item_id','システム設定をメンテナンス(更新)できます。','You can perform maintenance (update) of system settings.','0','1','0','0','0','1','0','0','0',NULL,NULL,NULL,NULL,NULL,'0',_____DATE_____,1);
INSERT INTO T_COMN_MENU_TABLE_LINK_JNL (JOURNAL_SEQ_NO,JOURNAL_REG_DATETIME,JOURNAL_ACTION_CLASS,TABLE_DEFINITION_ID,MENU_ID,TABLE_NAME,VIEW_NAME,PK_COLUMN_NAME_REST,MENU_INFO_JA,MENU_INFO_EN,SHEET_TYPE,HISTORY_TABLE_FLAG,INHERIT,VERTICAL,ROW_INSERT_FLAG,ROW_UPDATE_FLAG,ROW_DISUSE_FLAG,ROW_REUSE_FLAG,SUBSTITUTION_VALUE_LINK_FLAG,LOCK_TABLE,UNIQUE_CONSTRAINT,BEFORE_VALIDATE_REGISTER,AFTER_VALIDATE_REGISTER,NOTE,DISUSE_FLAG,LAST_UPDATE_TIMESTAMP,LAST_UPDATE_USER) VALUES(10101,_____DATE_____,'INSERT','10101','10101','T_COMN_SYSTEM_CONFIG',NULL,'item_id','システム設定をメンテナンス(更新)できます。','You can perform maintenance (update) of system settings.','0','1','0','0','0','1','0','0','0',NULL,NULL,NULL,NULL,NULL,'0',_____DATE_____,1);
INSERT INTO T_COMN_MENU_TABLE_LINK (TABLE_DEFINITION_ID,MENU_ID,TABLE_NAME,VIEW_NAME,PK_COLUMN_NAME_REST,MENU_INFO_JA,MENU_INFO_EN,SHEET_TYPE,HISTORY_TABLE_FLAG,INHERIT,VERTICAL,ROW_INSERT_FLAG,ROW_UPDATE_FLAG,ROW_DISUSE_FLAG,ROW_REUSE_FLAG,SUBSTITUTION_VALUE_LINK_FLAG,LOCK_TABLE,UNIQUE_CONSTRAINT,BEFORE_VALIDATE_REGISTER,AFTER_VALIDATE_REGISTER,NOTE,DISUSE_FLAG,LAST_UPDATE_TIMESTAMP,LAST_UPDATE_USER) VALUES('10102','10102','T_COMN_MENU_GROUP',NULL,'menu_group_id','下記の機能を提供しています。
・メニューグループのメンテナンス(閲覧/登録/更新/廃止)
・メニューグループに紐付くメニューの閲覧(メンテナンスは不可)','The following functions are provided.
・Maintenance of menu group (view/register/update/discard/restore)
・View of menu associated with menu group (cannot maintain)','0','1','0','0','1','1','1','1','0',NULL,NULL,NULL,NULL,NULL,'0',_____DATE_____,1);
INSERT INTO T_COMN_MENU_TABLE_LINK_JNL (JOURNAL_SEQ_NO,JOURNAL_REG_DATETIME,JOURNAL_ACTION_CLASS,TABLE_DEFINITION_ID,MENU_ID,TABLE_NAME,VIEW_NAME,PK_COLUMN_NAME_REST,MENU_INFO_JA,MENU_INFO_EN,SHEET_TYPE,HISTORY_TABLE_FLAG,INHERIT,VERTICAL,ROW_INSERT_FLAG,ROW_UPDATE_FLAG,ROW_DISUSE_FLAG,ROW_REUSE_FLAG,SUBSTITUTION_VALUE_LINK_FLAG,LOCK_TABLE,UNIQUE_CONSTRAINT,BEFORE_VALIDATE_REGISTER,AFTER_VALIDATE_REGISTER,NOTE,DISUSE_FLAG,LAST_UPDATE_TIMESTAMP,LAST_UPDATE_USER) VALUES(10102,_____DATE_____,'INSERT','10102','10102','T_COMN_MENU_GROUP',NULL,'menu_group_id','下記の機能を提供しています。
・メニューグループのメンテナンス(閲覧/登録/更新/廃止)
・メニューグループに紐付くメニューの閲覧(メンテナンスは不可)','The following functions are provided.
・Maintenance of menu group (view/register/update/discard/restore)
・View of menu associated with menu group (cannot maintain)','0','1','0','0','1','1','1','1','0',NULL,NULL,NULL,NULL,NULL,'0',_____DATE_____,1);
INSERT INTO T_COMN_MENU_TABLE_LINK (TABLE_DEFINITION_ID,MENU_ID,TABLE_NAME,VIEW_NAME,PK_COLUMN_NAME_REST,MENU_INFO_JA,MENU_INFO_EN,SHEET_TYPE,HISTORY_TABLE_FLAG,INHERIT,VERTICAL,ROW_INSERT_FLAG,ROW_UPDATE_FLAG,ROW_DISUSE_FLAG,ROW_REUSE_FLAG,SUBSTITUTION_VALUE_LINK_FLAG,LOCK_TABLE,UNIQUE_CONSTRAINT,BEFORE_VALIDATE_REGISTER,AFTER_VALIDATE_REGISTER,NOTE,DISUSE_FLAG,LAST_UPDATE_TIMESTAMP,LAST_UPDATE_USER) VALUES('10103','10103','T_COMN_MENU',NULL,'menu_id','下記の機能を提供しています。
・メニューのメンテナンス(閲覧/登録/更新/廃止)
・メニューが紐付いているロールの閲覧(メンテナンスはできません。)
・メニューのロールへの紐付
・メニューに所属するコンテンツファイルの閲覧(メンテナンスはできません。)','The following functions are provided.
・Maintenance of menu (view/register/update/discard/restore)
・View of role associated with menu(cannot maintain)
・Association with role of menu
・View of contents file associated to the menu(cannot maintain)','0','1','0','0','1','1','1','1','0',NULL,'[["menu_group_name","menu_name_ja"],["menu_group_name","menu_name_en"]]',NULL,NULL,NULL,'0',_____DATE_____,1);
INSERT INTO T_COMN_MENU_TABLE_LINK_JNL (JOURNAL_SEQ_NO,JOURNAL_REG_DATETIME,JOURNAL_ACTION_CLASS,TABLE_DEFINITION_ID,MENU_ID,TABLE_NAME,VIEW_NAME,PK_COLUMN_NAME_REST,MENU_INFO_JA,MENU_INFO_EN,SHEET_TYPE,HISTORY_TABLE_FLAG,INHERIT,VERTICAL,ROW_INSERT_FLAG,ROW_UPDATE_FLAG,ROW_DISUSE_FLAG,ROW_REUSE_FLAG,SUBSTITUTION_VALUE_LINK_FLAG,LOCK_TABLE,UNIQUE_CONSTRAINT,BEFORE_VALIDATE_REGISTER,AFTER_VALIDATE_REGISTER,NOTE,DISUSE_FLAG,LAST_UPDATE_TIMESTAMP,LAST_UPDATE_USER) VALUES(10103,_____DATE_____,'INSERT','10103','10103','T_COMN_MENU',NULL,'menu_id','下記の機能を提供しています。
・メニューのメンテナンス(閲覧/登録/更新/廃止)
・メニューが紐付いているロールの閲覧(メンテナンスはできません。)
・メニューのロールへの紐付
・メニューに所属するコンテンツファイルの閲覧(メンテナンスはできません。)','The following functions are provided.
・Maintenance of menu (view/register/update/discard/restore)
・View of role associated with menu(cannot maintain)
・Association with role of menu
・View of contents file associated to the menu(cannot maintain)','0','1','0','0','1','1','1','1','0',NULL,'[["menu_group_name","menu_name_ja"],["menu_group_name","menu_name_en"]]',NULL,NULL,NULL,'0',_____DATE_____,1);
INSERT INTO T_COMN_MENU_TABLE_LINK (TABLE_DEFINITION_ID,MENU_ID,TABLE_NAME,VIEW_NAME,PK_COLUMN_NAME_REST,MENU_INFO_JA,MENU_INFO_EN,SHEET_TYPE,HISTORY_TABLE_FLAG,INHERIT,VERTICAL,ROW_INSERT_FLAG,ROW_UPDATE_FLAG,ROW_DISUSE_FLAG,ROW_REUSE_FLAG,SUBSTITUTION_VALUE_LINK_FLAG,LOCK_TABLE,UNIQUE_CONSTRAINT,BEFORE_VALIDATE_REGISTER,AFTER_VALIDATE_REGISTER,NOTE,DISUSE_FLAG,LAST_UPDATE_TIMESTAMP,LAST_UPDATE_USER) VALUES('10104','10104','T_COMN_ROLE_MENU_LINK',NULL,'uuid','下記の機能を提供しています。
・ロールとメニューの紐付(閲覧/登録/更新/廃止)','The following functions are provided.
・Role/menu link list (view/register/update/discard/restore)','0','1','0','0','1','1','1','1','0',NULL,'[["role_name","menu_name"]]',NULL,NULL,NULL,'0',_____DATE_____,1);
INSERT INTO T_COMN_MENU_TABLE_LINK_JNL (JOURNAL_SEQ_NO,JOURNAL_REG_DATETIME,JOURNAL_ACTION_CLASS,TABLE_DEFINITION_ID,MENU_ID,TABLE_NAME,VIEW_NAME,PK_COLUMN_NAME_REST,MENU_INFO_JA,MENU_INFO_EN,SHEET_TYPE,HISTORY_TABLE_FLAG,INHERIT,VERTICAL,ROW_INSERT_FLAG,ROW_UPDATE_FLAG,ROW_DISUSE_FLAG,ROW_REUSE_FLAG,SUBSTITUTION_VALUE_LINK_FLAG,LOCK_TABLE,UNIQUE_CONSTRAINT,BEFORE_VALIDATE_REGISTER,AFTER_VALIDATE_REGISTER,NOTE,DISUSE_FLAG,LAST_UPDATE_TIMESTAMP,LAST_UPDATE_USER) VALUES(10104,_____DATE_____,'INSERT','10104','10104','T_COMN_ROLE_MENU_LINK',NULL,'uuid','下記の機能を提供しています。
・ロールとメニューの紐付(閲覧/登録/更新/廃止)','The following functions are provided.
・Role/menu link list (view/register/update/discard/restore)','0','1','0','0','1','1','1','1','0',NULL,'[["role_name","menu_name"]]',NULL,NULL,NULL,'0',_____DATE_____,1);
INSERT INTO T_COMN_MENU_TABLE_LINK (TABLE_DEFINITION_ID,MENU_ID,TABLE_NAME,VIEW_NAME,PK_COLUMN_NAME_REST,MENU_INFO_JA,MENU_INFO_EN,SHEET_TYPE,HISTORY_TABLE_FLAG,INHERIT,VERTICAL,ROW_INSERT_FLAG,ROW_UPDATE_FLAG,ROW_DISUSE_FLAG,ROW_REUSE_FLAG,SUBSTITUTION_VALUE_LINK_FLAG,LOCK_TABLE,UNIQUE_CONSTRAINT,BEFORE_VALIDATE_REGISTER,AFTER_VALIDATE_REGISTER,NOTE,DISUSE_FLAG,LAST_UPDATE_TIMESTAMP,LAST_UPDATE_USER) VALUES('10201','10201','T_COMN_OPERATION',NULL,'operation_id','オペレーション一覧をメンテナンス(閲覧/登録/更新/廃止)できます。','You can perform maintenance (view/register/update/discard) of operation list.','0','1','0','0','1','1','1','1','0',NULL,NULL,NULL,NULL,NULL,'0',_____DATE_____,1);
INSERT INTO T_COMN_MENU_TABLE_LINK_JNL (JOURNAL_SEQ_NO,JOURNAL_REG_DATETIME,JOURNAL_ACTION_CLASS,TABLE_DEFINITION_ID,MENU_ID,TABLE_NAME,VIEW_NAME,PK_COLUMN_NAME_REST,MENU_INFO_JA,MENU_INFO_EN,SHEET_TYPE,HISTORY_TABLE_FLAG,INHERIT,VERTICAL,ROW_INSERT_FLAG,ROW_UPDATE_FLAG,ROW_DISUSE_FLAG,ROW_REUSE_FLAG,SUBSTITUTION_VALUE_LINK_FLAG,LOCK_TABLE,UNIQUE_CONSTRAINT,BEFORE_VALIDATE_REGISTER,AFTER_VALIDATE_REGISTER,NOTE,DISUSE_FLAG,LAST_UPDATE_TIMESTAMP,LAST_UPDATE_USER) VALUES(10201,_____DATE_____,'INSERT','10201','10201','T_COMN_OPERATION',NULL,'operation_id','オペレーション一覧をメンテナンス(閲覧/登録/更新/廃止)できます。','You can perform maintenance (view/register/update/discard) of operation list.','0','1','0','0','1','1','1','1','0',NULL,NULL,NULL,NULL,NULL,'0',_____DATE_____,1);
INSERT INTO T_COMN_MENU_TABLE_LINK (TABLE_DEFINITION_ID,MENU_ID,TABLE_NAME,VIEW_NAME,PK_COLUMN_NAME_REST,MENU_INFO_JA,MENU_INFO_EN,SHEET_TYPE,HISTORY_TABLE_FLAG,INHERIT,VERTICAL,ROW_INSERT_FLAG,ROW_UPDATE_FLAG,ROW_DISUSE_FLAG,ROW_REUSE_FLAG,SUBSTITUTION_VALUE_LINK_FLAG,LOCK_TABLE,UNIQUE_CONSTRAINT,BEFORE_VALIDATE_REGISTER,AFTER_VALIDATE_REGISTER,NOTE,DISUSE_FLAG,LAST_UPDATE_TIMESTAMP,LAST_UPDATE_USER) VALUES('10202','10202','T_COMN_MOVEMENT',NULL,'movement_id','Movementとオーケストレータの関連付けを閲覧できます。','You can browse the association between Movement and the orchestra.','0','1','0','0','0','0','0','0','0',NULL,NULL,NULL,NULL,NULL,'0',_____DATE_____,1);
INSERT INTO T_COMN_MENU_TABLE_LINK_JNL (JOURNAL_SEQ_NO,JOURNAL_REG_DATETIME,JOURNAL_ACTION_CLASS,TABLE_DEFINITION_ID,MENU_ID,TABLE_NAME,VIEW_NAME,PK_COLUMN_NAME_REST,MENU_INFO_JA,MENU_INFO_EN,SHEET_TYPE,HISTORY_TABLE_FLAG,INHERIT,VERTICAL,ROW_INSERT_FLAG,ROW_UPDATE_FLAG,ROW_DISUSE_FLAG,ROW_REUSE_FLAG,SUBSTITUTION_VALUE_LINK_FLAG,LOCK_TABLE,UNIQUE_CONSTRAINT,BEFORE_VALIDATE_REGISTER,AFTER_VALIDATE_REGISTER,NOTE,DISUSE_FLAG,LAST_UPDATE_TIMESTAMP,LAST_UPDATE_USER) VALUES(10202,_____DATE_____,'INSERT','10202','10202','T_COMN_MOVEMENT',NULL,'movement_id','Movementとオーケストレータの関連付けを閲覧できます。','You can browse the association between Movement and the orchestra.','0','1','0','0','0','0','0','0','0',NULL,NULL,NULL,NULL,NULL,'0',_____DATE_____,1);
INSERT INTO T_COMN_MENU_TABLE_LINK (TABLE_DEFINITION_ID,MENU_ID,TABLE_NAME,VIEW_NAME,PK_COLUMN_NAME_REST,MENU_INFO_JA,MENU_INFO_EN,SHEET_TYPE,HISTORY_TABLE_FLAG,INHERIT,VERTICAL,ROW_INSERT_FLAG,ROW_UPDATE_FLAG,ROW_DISUSE_FLAG,ROW_REUSE_FLAG,SUBSTITUTION_VALUE_LINK_FLAG,LOCK_TABLE,UNIQUE_CONSTRAINT,BEFORE_VALIDATE_REGISTER,AFTER_VALIDATE_REGISTER,NOTE,DISUSE_FLAG,LAST_UPDATE_TIMESTAMP,LAST_UPDATE_USER) VALUES('10203','10203','T_COMN_MENU_TABLE_LINK',NULL,'uuid','メニューに紐付けるデータベース情報を閲覧できます。','You can browse the database information associated with the menu.','0','1','0','0','0','0','0','0','0',NULL,NULL,NULL,NULL,NULL,'0',_____DATE_____,1);
INSERT INTO T_COMN_MENU_TABLE_LINK_JNL (JOURNAL_SEQ_NO,JOURNAL_REG_DATETIME,JOURNAL_ACTION_CLASS,TABLE_DEFINITION_ID,MENU_ID,TABLE_NAME,VIEW_NAME,PK_COLUMN_NAME_REST,MENU_INFO_JA,MENU_INFO_EN,SHEET_TYPE,HISTORY_TABLE_FLAG,INHERIT,VERTICAL,ROW_INSERT_FLAG,ROW_UPDATE_FLAG,ROW_DISUSE_FLAG,ROW_REUSE_FLAG,SUBSTITUTION_VALUE_LINK_FLAG,LOCK_TABLE,UNIQUE_CONSTRAINT,BEFORE_VALIDATE_REGISTER,AFTER_VALIDATE_REGISTER,NOTE,DISUSE_FLAG,LAST_UPDATE_TIMESTAMP,LAST_UPDATE_USER) VALUES(10203,_____DATE_____,'INSERT','10203','10203','T_COMN_MENU_TABLE_LINK',NULL,'uuid','メニューに紐付けるデータベース情報を閲覧できます。','You can browse the database information associated with the menu.','0','1','0','0','0','0','0','0','0',NULL,NULL,NULL,NULL,NULL,'0',_____DATE_____,1);
INSERT INTO T_COMN_MENU_TABLE_LINK (TABLE_DEFINITION_ID,MENU_ID,TABLE_NAME,VIEW_NAME,PK_COLUMN_NAME_REST,MENU_INFO_JA,MENU_INFO_EN,SHEET_TYPE,HISTORY_TABLE_FLAG,INHERIT,VERTICAL,ROW_INSERT_FLAG,ROW_UPDATE_FLAG,ROW_DISUSE_FLAG,ROW_REUSE_FLAG,SUBSTITUTION_VALUE_LINK_FLAG,LOCK_TABLE,UNIQUE_CONSTRAINT,BEFORE_VALIDATE_REGISTER,AFTER_VALIDATE_REGISTER,NOTE,DISUSE_FLAG,LAST_UPDATE_TIMESTAMP,LAST_UPDATE_USER) VALUES('10204','10204','T_COMN_MENU_COLUMN_LINK',NULL,'uuid','メニューのカラム情報を閲覧できます。','You can browse the column information of the menu.','0','1','0','0','0','0','0','0','0',NULL,'[["menu_name","column_name_ja"],["menu_name","column_name_en"],["menu_name","column_name_rest"],["menu_name","display_order"]]',NULL,NULL,NULL,'0',_____DATE_____,1);
INSERT INTO T_COMN_MENU_TABLE_LINK_JNL (JOURNAL_SEQ_NO,JOURNAL_REG_DATETIME,JOURNAL_ACTION_CLASS,TABLE_DEFINITION_ID,MENU_ID,TABLE_NAME,VIEW_NAME,PK_COLUMN_NAME_REST,MENU_INFO_JA,MENU_INFO_EN,SHEET_TYPE,HISTORY_TABLE_FLAG,INHERIT,VERTICAL,ROW_INSERT_FLAG,ROW_UPDATE_FLAG,ROW_DISUSE_FLAG,ROW_REUSE_FLAG,SUBSTITUTION_VALUE_LINK_FLAG,LOCK_TABLE,UNIQUE_CONSTRAINT,BEFORE_VALIDATE_REGISTER,AFTER_VALIDATE_REGISTER,NOTE,DISUSE_FLAG,LAST_UPDATE_TIMESTAMP,LAST_UPDATE_USER) VALUES(10204,_____DATE_____,'INSERT','10204','10204','T_COMN_MENU_COLUMN_LINK',NULL,'uuid','メニューのカラム情報を閲覧できます。','You can browse the column information of the menu.','0','1','0','0','0','0','0','0','0',NULL,'[["menu_name","column_name_ja"],["menu_name","column_name_en"],["menu_name","column_name_rest"],["menu_name","display_order"]]',NULL,NULL,NULL,'0',_____DATE_____,1);
INSERT INTO T_COMN_MENU_TABLE_LINK (TABLE_DEFINITION_ID,MENU_ID,TABLE_NAME,VIEW_NAME,PK_COLUMN_NAME_REST,MENU_INFO_JA,MENU_INFO_EN,SHEET_TYPE,HISTORY_TABLE_FLAG,INHERIT,VERTICAL,ROW_INSERT_FLAG,ROW_UPDATE_FLAG,ROW_DISUSE_FLAG,ROW_REUSE_FLAG,SUBSTITUTION_VALUE_LINK_FLAG,LOCK_TABLE,UNIQUE_CONSTRAINT,BEFORE_VALIDATE_REGISTER,AFTER_VALIDATE_REGISTER,NOTE,DISUSE_FLAG,LAST_UPDATE_TIMESTAMP,LAST_UPDATE_USER) VALUES('10205','10205','T_COMN_COLUMN_GROUP',NULL,'column_group_id','メニューのカラムグループ情報を閲覧できます。','You can browse the column group information of the menu.','0','1','0','0','0','0','0','0','0',NULL,'[["parent_column_group_id","column_group_name_ja"],["parent_column_group_id","column_group_name_en"]]',NULL,NULL,NULL,'0',_____DATE_____,1);
INSERT INTO T_COMN_MENU_TABLE_LINK_JNL (JOURNAL_SEQ_NO,JOURNAL_REG_DATETIME,JOURNAL_ACTION_CLASS,TABLE_DEFINITION_ID,MENU_ID,TABLE_NAME,VIEW_NAME,PK_COLUMN_NAME_REST,MENU_INFO_JA,MENU_INFO_EN,SHEET_TYPE,HISTORY_TABLE_FLAG,INHERIT,VERTICAL,ROW_INSERT_FLAG,ROW_UPDATE_FLAG,ROW_DISUSE_FLAG,ROW_REUSE_FLAG,SUBSTITUTION_VALUE_LINK_FLAG,LOCK_TABLE,UNIQUE_CONSTRAINT,BEFORE_VALIDATE_REGISTER,AFTER_VALIDATE_REGISTER,NOTE,DISUSE_FLAG,LAST_UPDATE_TIMESTAMP,LAST_UPDATE_USER) VALUES(10205,_____DATE_____,'INSERT','10205','10205','T_COMN_COLUMN_GROUP',NULL,'column_group_id','メニューのカラムグループ情報を閲覧できます。','You can browse the column group information of the menu.','0','1','0','0','0','0','0','0','0',NULL,'[["parent_column_group_id","column_group_name_ja"],["parent_column_group_id","column_group_name_en"]]',NULL,NULL,NULL,'0',_____DATE_____,1);

INSERT INTO T_COMN_MENU_COLUMN_LINK (COLUMN_DEFINITION_ID,MENU_ID,COLUMN_NAME_JA,COLUMN_NAME_EN,COLUMN_NAME_REST,COL_GROUP_ID,COLUMN_CLASS,COLUMN_DISP_SEQ,REF_TABLE_NAME,REF_PKEY_NAME,REF_COL_NAME,REF_SORT_CONDITIONS,REF_MULTI_LANG,REFERENCE_ITEM,SENSITIVE_COL_NAME,FILE_UPLOAD_PLACE,BUTTON_ACTION,COL_NAME,SAVE_TYPE,AUTO_INPUT,INPUT_ITEM,VIEW_ITEM,UNIQUE_ITEM,REQUIRED_ITEM,AUTOREG_HIDE_ITEM,AUTOREG_ONLY_ITEM,INITIAL_VALUE,VALIDATE_OPTION,VALIDATE_REG_EXP,BEFORE_VALIDATE_REGISTER,AFTER_VALIDATE_REGISTER,DESCRIPTION_JA,DESCRIPTION_EN,NOTE,DISUSE_FLAG,LAST_UPDATE_TIMESTAMP,LAST_UPDATE_USER) VALUES('1010101','10101','項番','Item No','item_id',NULL,'1',10,NULL,NULL,NULL,NULL,'0',NULL,NULL,NULL,NULL,'ITEM_ID',NULL,'1','1','1','1','1','1','0',NULL,NULL,NULL,NULL,NULL,'自動採番のため編集不可。実行処理種別が【登録】の場合、空白のみ可。','Cannot edit because of auto-numbering. Must be blank when execution process type is [Register].',NULL,'0',_____DATE_____,1);
INSERT INTO T_COMN_MENU_COLUMN_LINK_JNL (JOURNAL_SEQ_NO,JOURNAL_REG_DATETIME,JOURNAL_ACTION_CLASS,COLUMN_DEFINITION_ID,MENU_ID,COLUMN_NAME_JA,COLUMN_NAME_EN,COLUMN_NAME_REST,COL_GROUP_ID,COLUMN_CLASS,COLUMN_DISP_SEQ,REF_TABLE_NAME,REF_PKEY_NAME,REF_COL_NAME,REF_SORT_CONDITIONS,REF_MULTI_LANG,REFERENCE_ITEM,SENSITIVE_COL_NAME,FILE_UPLOAD_PLACE,BUTTON_ACTION,COL_NAME,SAVE_TYPE,AUTO_INPUT,INPUT_ITEM,VIEW_ITEM,UNIQUE_ITEM,REQUIRED_ITEM,AUTOREG_HIDE_ITEM,AUTOREG_ONLY_ITEM,INITIAL_VALUE,VALIDATE_OPTION,VALIDATE_REG_EXP,BEFORE_VALIDATE_REGISTER,AFTER_VALIDATE_REGISTER,DESCRIPTION_JA,DESCRIPTION_EN,NOTE,DISUSE_FLAG,LAST_UPDATE_TIMESTAMP,LAST_UPDATE_USER) VALUES(1010101,_____DATE_____,'INSERT','1010101','10101','項番','Item No','item_id',NULL,'1',10,NULL,NULL,NULL,NULL,'0',NULL,NULL,NULL,NULL,'ITEM_ID',NULL,'1','1','1','1','1','1','0',NULL,NULL,NULL,NULL,NULL,'自動採番のため編集不可。実行処理種別が【登録】の場合、空白のみ可。','Cannot edit because of auto-numbering. Must be blank when execution process type is [Register].',NULL,'0',_____DATE_____,1);
INSERT INTO T_COMN_MENU_COLUMN_LINK (COLUMN_DEFINITION_ID,MENU_ID,COLUMN_NAME_JA,COLUMN_NAME_EN,COLUMN_NAME_REST,COL_GROUP_ID,COLUMN_CLASS,COLUMN_DISP_SEQ,REF_TABLE_NAME,REF_PKEY_NAME,REF_COL_NAME,REF_SORT_CONDITIONS,REF_MULTI_LANG,REFERENCE_ITEM,SENSITIVE_COL_NAME,FILE_UPLOAD_PLACE,BUTTON_ACTION,COL_NAME,SAVE_TYPE,AUTO_INPUT,INPUT_ITEM,VIEW_ITEM,UNIQUE_ITEM,REQUIRED_ITEM,AUTOREG_HIDE_ITEM,AUTOREG_ONLY_ITEM,INITIAL_VALUE,VALIDATE_OPTION,VALIDATE_REG_EXP,BEFORE_VALIDATE_REGISTER,AFTER_VALIDATE_REGISTER,DESCRIPTION_JA,DESCRIPTION_EN,NOTE,DISUSE_FLAG,LAST_UPDATE_TIMESTAMP,LAST_UPDATE_USER) VALUES('1010102','10101','識別ID','ID','id',NULL,'1',20,NULL,NULL,NULL,NULL,'0',NULL,NULL,NULL,NULL,'CONFIG_ID',NULL,'0','0','1','1','1','1','0',NULL,'{
"min_length": 1,
"max_length": 32
}',NULL,NULL,NULL,'文字列 複数行を許容しない, 文字数は1～32バイト、タブと改行は入力不可、必須項目、他レコードとの重複を許容しない','Multiple lines of character strings are not allowed, character count is 1 to 32 bytes, tab and line break cannot be entered, required item, duplication with other records is not allowed.',NULL,'0',_____DATE_____,1);
INSERT INTO T_COMN_MENU_COLUMN_LINK_JNL (JOURNAL_SEQ_NO,JOURNAL_REG_DATETIME,JOURNAL_ACTION_CLASS,COLUMN_DEFINITION_ID,MENU_ID,COLUMN_NAME_JA,COLUMN_NAME_EN,COLUMN_NAME_REST,COL_GROUP_ID,COLUMN_CLASS,COLUMN_DISP_SEQ,REF_TABLE_NAME,REF_PKEY_NAME,REF_COL_NAME,REF_SORT_CONDITIONS,REF_MULTI_LANG,REFERENCE_ITEM,SENSITIVE_COL_NAME,FILE_UPLOAD_PLACE,BUTTON_ACTION,COL_NAME,SAVE_TYPE,AUTO_INPUT,INPUT_ITEM,VIEW_ITEM,UNIQUE_ITEM,REQUIRED_ITEM,AUTOREG_HIDE_ITEM,AUTOREG_ONLY_ITEM,INITIAL_VALUE,VALIDATE_OPTION,VALIDATE_REG_EXP,BEFORE_VALIDATE_REGISTER,AFTER_VALIDATE_REGISTER,DESCRIPTION_JA,DESCRIPTION_EN,NOTE,DISUSE_FLAG,LAST_UPDATE_TIMESTAMP,LAST_UPDATE_USER) VALUES(1010102,_____DATE_____,'INSERT','1010102','10101','識別ID','ID','id',NULL,'1',20,NULL,NULL,NULL,NULL,'0',NULL,NULL,NULL,NULL,'CONFIG_ID',NULL,'0','0','1','1','1','1','0',NULL,'{
"min_length": 1,
"max_length": 32
}',NULL,NULL,NULL,'文字列 複数行を許容しない, 文字数は1～32バイト、タブと改行は入力不可、必須項目、他レコードとの重複を許容しない','Multiple lines of character strings are not allowed, character count is 1 to 32 bytes, tab and line break cannot be entered, required item, duplication with other records is not allowed.',NULL,'0',_____DATE_____,1);
INSERT INTO T_COMN_MENU_COLUMN_LINK (COLUMN_DEFINITION_ID,MENU_ID,COLUMN_NAME_JA,COLUMN_NAME_EN,COLUMN_NAME_REST,COL_GROUP_ID,COLUMN_CLASS,COLUMN_DISP_SEQ,REF_TABLE_NAME,REF_PKEY_NAME,REF_COL_NAME,REF_SORT_CONDITIONS,REF_MULTI_LANG,REFERENCE_ITEM,SENSITIVE_COL_NAME,FILE_UPLOAD_PLACE,BUTTON_ACTION,COL_NAME,SAVE_TYPE,AUTO_INPUT,INPUT_ITEM,VIEW_ITEM,UNIQUE_ITEM,REQUIRED_ITEM,AUTOREG_HIDE_ITEM,AUTOREG_ONLY_ITEM,INITIAL_VALUE,VALIDATE_OPTION,VALIDATE_REG_EXP,BEFORE_VALIDATE_REGISTER,AFTER_VALIDATE_REGISTER,DESCRIPTION_JA,DESCRIPTION_EN,NOTE,DISUSE_FLAG,LAST_UPDATE_TIMESTAMP,LAST_UPDATE_USER) VALUES('1010103','10101','項目名','Item name','item_name',NULL,'1',30,NULL,NULL,NULL,NULL,'0',NULL,NULL,NULL,NULL,'CONFIG_NAME',NULL,'0','0','1','1','0','1','0',NULL,'{
"min_length": 0,
"max_length": 64
}',NULL,NULL,NULL,'文字列 複数行を許容する（非推奨）, 文字数は0～64バイト、タブは入力不可','Multiple lines of character string is allowed (not recommended), character count is 0 to 64 bytes, tabs cannot be entered.',NULL,'0',_____DATE_____,1);
INSERT INTO T_COMN_MENU_COLUMN_LINK_JNL (JOURNAL_SEQ_NO,JOURNAL_REG_DATETIME,JOURNAL_ACTION_CLASS,COLUMN_DEFINITION_ID,MENU_ID,COLUMN_NAME_JA,COLUMN_NAME_EN,COLUMN_NAME_REST,COL_GROUP_ID,COLUMN_CLASS,COLUMN_DISP_SEQ,REF_TABLE_NAME,REF_PKEY_NAME,REF_COL_NAME,REF_SORT_CONDITIONS,REF_MULTI_LANG,REFERENCE_ITEM,SENSITIVE_COL_NAME,FILE_UPLOAD_PLACE,BUTTON_ACTION,COL_NAME,SAVE_TYPE,AUTO_INPUT,INPUT_ITEM,VIEW_ITEM,UNIQUE_ITEM,REQUIRED_ITEM,AUTOREG_HIDE_ITEM,AUTOREG_ONLY_ITEM,INITIAL_VALUE,VALIDATE_OPTION,VALIDATE_REG_EXP,BEFORE_VALIDATE_REGISTER,AFTER_VALIDATE_REGISTER,DESCRIPTION_JA,DESCRIPTION_EN,NOTE,DISUSE_FLAG,LAST_UPDATE_TIMESTAMP,LAST_UPDATE_USER) VALUES(1010103,_____DATE_____,'INSERT','1010103','10101','項目名','Item name','item_name',NULL,'1',30,NULL,NULL,NULL,NULL,'0',NULL,NULL,NULL,NULL,'CONFIG_NAME',NULL,'0','0','1','1','0','1','0',NULL,'{
"min_length": 0,
"max_length": 64
}',NULL,NULL,NULL,'文字列 複数行を許容する（非推奨）, 文字数は0～64バイト、タブは入力不可','Multiple lines of character string is allowed (not recommended), character count is 0 to 64 bytes, tabs cannot be entered.',NULL,'0',_____DATE_____,1);
INSERT INTO T_COMN_MENU_COLUMN_LINK (COLUMN_DEFINITION_ID,MENU_ID,COLUMN_NAME_JA,COLUMN_NAME_EN,COLUMN_NAME_REST,COL_GROUP_ID,COLUMN_CLASS,COLUMN_DISP_SEQ,REF_TABLE_NAME,REF_PKEY_NAME,REF_COL_NAME,REF_SORT_CONDITIONS,REF_MULTI_LANG,REFERENCE_ITEM,SENSITIVE_COL_NAME,FILE_UPLOAD_PLACE,BUTTON_ACTION,COL_NAME,SAVE_TYPE,AUTO_INPUT,INPUT_ITEM,VIEW_ITEM,UNIQUE_ITEM,REQUIRED_ITEM,AUTOREG_HIDE_ITEM,AUTOREG_ONLY_ITEM,INITIAL_VALUE,VALIDATE_OPTION,VALIDATE_REG_EXP,BEFORE_VALIDATE_REGISTER,AFTER_VALIDATE_REGISTER,DESCRIPTION_JA,DESCRIPTION_EN,NOTE,DISUSE_FLAG,LAST_UPDATE_TIMESTAMP,LAST_UPDATE_USER) VALUES('1010104','10101','設定値','Setting value','setting_value',NULL,'2',40,NULL,NULL,NULL,NULL,'0',NULL,NULL,NULL,NULL,'VALUE',NULL,'0','1','1','0','0','1','0',NULL,'{
"min_length": 0,
"max_length": 1024
}',NULL,NULL,NULL,'文字列 複数行を許容する（非推奨）, 文字数は1～1024バイト、タブは入力不可','Multiple lines of character string is allowed (not recommended), character count is 1 to 1024 bytes, tabs cannot be entered.',NULL,'0',_____DATE_____,1);
INSERT INTO T_COMN_MENU_COLUMN_LINK_JNL (JOURNAL_SEQ_NO,JOURNAL_REG_DATETIME,JOURNAL_ACTION_CLASS,COLUMN_DEFINITION_ID,MENU_ID,COLUMN_NAME_JA,COLUMN_NAME_EN,COLUMN_NAME_REST,COL_GROUP_ID,COLUMN_CLASS,COLUMN_DISP_SEQ,REF_TABLE_NAME,REF_PKEY_NAME,REF_COL_NAME,REF_SORT_CONDITIONS,REF_MULTI_LANG,REFERENCE_ITEM,SENSITIVE_COL_NAME,FILE_UPLOAD_PLACE,BUTTON_ACTION,COL_NAME,SAVE_TYPE,AUTO_INPUT,INPUT_ITEM,VIEW_ITEM,UNIQUE_ITEM,REQUIRED_ITEM,AUTOREG_HIDE_ITEM,AUTOREG_ONLY_ITEM,INITIAL_VALUE,VALIDATE_OPTION,VALIDATE_REG_EXP,BEFORE_VALIDATE_REGISTER,AFTER_VALIDATE_REGISTER,DESCRIPTION_JA,DESCRIPTION_EN,NOTE,DISUSE_FLAG,LAST_UPDATE_TIMESTAMP,LAST_UPDATE_USER) VALUES(1010104,_____DATE_____,'INSERT','1010104','10101','設定値','Setting value','setting_value',NULL,'2',40,NULL,NULL,NULL,NULL,'0',NULL,NULL,NULL,NULL,'VALUE',NULL,'0','1','1','0','0','1','0',NULL,'{
"min_length": 0,
"max_length": 1024
}',NULL,NULL,NULL,'文字列 複数行を許容する（非推奨）, 文字数は1～1024バイト、タブは入力不可','Multiple lines of character string is allowed (not recommended), character count is 1 to 1024 bytes, tabs cannot be entered.',NULL,'0',_____DATE_____,1);
INSERT INTO T_COMN_MENU_COLUMN_LINK (COLUMN_DEFINITION_ID,MENU_ID,COLUMN_NAME_JA,COLUMN_NAME_EN,COLUMN_NAME_REST,COL_GROUP_ID,COLUMN_CLASS,COLUMN_DISP_SEQ,REF_TABLE_NAME,REF_PKEY_NAME,REF_COL_NAME,REF_SORT_CONDITIONS,REF_MULTI_LANG,REFERENCE_ITEM,SENSITIVE_COL_NAME,FILE_UPLOAD_PLACE,BUTTON_ACTION,COL_NAME,SAVE_TYPE,AUTO_INPUT,INPUT_ITEM,VIEW_ITEM,UNIQUE_ITEM,REQUIRED_ITEM,AUTOREG_HIDE_ITEM,AUTOREG_ONLY_ITEM,INITIAL_VALUE,VALIDATE_OPTION,VALIDATE_REG_EXP,BEFORE_VALIDATE_REGISTER,AFTER_VALIDATE_REGISTER,DESCRIPTION_JA,DESCRIPTION_EN,NOTE,DISUSE_FLAG,LAST_UPDATE_TIMESTAMP,LAST_UPDATE_USER) VALUES('1010105','10101','備考','Remarks','remarks',NULL,'12',50,NULL,NULL,NULL,NULL,'0',NULL,NULL,NULL,NULL,'NOTE',NULL,'0','1','1','0','0','1','0',NULL,'{
"min_length": 0,
"max_length": 4000
}',NULL,NULL,NULL,'自由記述欄。レコードの廃止・復活時にも記載可能。','Comments section. Can comment when removing or restoring records.',NULL,'0',_____DATE_____,1);
INSERT INTO T_COMN_MENU_COLUMN_LINK_JNL (JOURNAL_SEQ_NO,JOURNAL_REG_DATETIME,JOURNAL_ACTION_CLASS,COLUMN_DEFINITION_ID,MENU_ID,COLUMN_NAME_JA,COLUMN_NAME_EN,COLUMN_NAME_REST,COL_GROUP_ID,COLUMN_CLASS,COLUMN_DISP_SEQ,REF_TABLE_NAME,REF_PKEY_NAME,REF_COL_NAME,REF_SORT_CONDITIONS,REF_MULTI_LANG,REFERENCE_ITEM,SENSITIVE_COL_NAME,FILE_UPLOAD_PLACE,BUTTON_ACTION,COL_NAME,SAVE_TYPE,AUTO_INPUT,INPUT_ITEM,VIEW_ITEM,UNIQUE_ITEM,REQUIRED_ITEM,AUTOREG_HIDE_ITEM,AUTOREG_ONLY_ITEM,INITIAL_VALUE,VALIDATE_OPTION,VALIDATE_REG_EXP,BEFORE_VALIDATE_REGISTER,AFTER_VALIDATE_REGISTER,DESCRIPTION_JA,DESCRIPTION_EN,NOTE,DISUSE_FLAG,LAST_UPDATE_TIMESTAMP,LAST_UPDATE_USER) VALUES(1010105,_____DATE_____,'INSERT','1010105','10101','備考','Remarks','remarks',NULL,'12',50,NULL,NULL,NULL,NULL,'0',NULL,NULL,NULL,NULL,'NOTE',NULL,'0','1','1','0','0','1','0',NULL,'{
"min_length": 0,
"max_length": 4000
}',NULL,NULL,NULL,'自由記述欄。レコードの廃止・復活時にも記載可能。','Comments section. Can comment when removing or restoring records.',NULL,'0',_____DATE_____,1);
INSERT INTO T_COMN_MENU_COLUMN_LINK (COLUMN_DEFINITION_ID,MENU_ID,COLUMN_NAME_JA,COLUMN_NAME_EN,COLUMN_NAME_REST,COL_GROUP_ID,COLUMN_CLASS,COLUMN_DISP_SEQ,REF_TABLE_NAME,REF_PKEY_NAME,REF_COL_NAME,REF_SORT_CONDITIONS,REF_MULTI_LANG,REFERENCE_ITEM,SENSITIVE_COL_NAME,FILE_UPLOAD_PLACE,BUTTON_ACTION,COL_NAME,SAVE_TYPE,AUTO_INPUT,INPUT_ITEM,VIEW_ITEM,UNIQUE_ITEM,REQUIRED_ITEM,AUTOREG_HIDE_ITEM,AUTOREG_ONLY_ITEM,INITIAL_VALUE,VALIDATE_OPTION,VALIDATE_REG_EXP,BEFORE_VALIDATE_REGISTER,AFTER_VALIDATE_REGISTER,DESCRIPTION_JA,DESCRIPTION_EN,NOTE,DISUSE_FLAG,LAST_UPDATE_TIMESTAMP,LAST_UPDATE_USER) VALUES('1010106','10101','廃止フラグ','Discard','discard',NULL,'1',60,NULL,NULL,NULL,NULL,'0',NULL,NULL,NULL,NULL,'DISUSE_FLAG',NULL,'1','1','1','0','1','1','0',NULL,NULL,NULL,NULL,NULL,'廃止フラグ。復活以外のオペレーションは不可','Discard flag. Cannot do operation other than restore.',NULL,'0',_____DATE_____,1);
INSERT INTO T_COMN_MENU_COLUMN_LINK_JNL (JOURNAL_SEQ_NO,JOURNAL_REG_DATETIME,JOURNAL_ACTION_CLASS,COLUMN_DEFINITION_ID,MENU_ID,COLUMN_NAME_JA,COLUMN_NAME_EN,COLUMN_NAME_REST,COL_GROUP_ID,COLUMN_CLASS,COLUMN_DISP_SEQ,REF_TABLE_NAME,REF_PKEY_NAME,REF_COL_NAME,REF_SORT_CONDITIONS,REF_MULTI_LANG,REFERENCE_ITEM,SENSITIVE_COL_NAME,FILE_UPLOAD_PLACE,BUTTON_ACTION,COL_NAME,SAVE_TYPE,AUTO_INPUT,INPUT_ITEM,VIEW_ITEM,UNIQUE_ITEM,REQUIRED_ITEM,AUTOREG_HIDE_ITEM,AUTOREG_ONLY_ITEM,INITIAL_VALUE,VALIDATE_OPTION,VALIDATE_REG_EXP,BEFORE_VALIDATE_REGISTER,AFTER_VALIDATE_REGISTER,DESCRIPTION_JA,DESCRIPTION_EN,NOTE,DISUSE_FLAG,LAST_UPDATE_TIMESTAMP,LAST_UPDATE_USER) VALUES(1010106,_____DATE_____,'INSERT','1010106','10101','廃止フラグ','Discard','discard',NULL,'1',60,NULL,NULL,NULL,NULL,'0',NULL,NULL,NULL,NULL,'DISUSE_FLAG',NULL,'1','1','1','0','1','1','0',NULL,NULL,NULL,NULL,NULL,'廃止フラグ。復活以外のオペレーションは不可','Discard flag. Cannot do operation other than restore.',NULL,'0',_____DATE_____,1);
INSERT INTO T_COMN_MENU_COLUMN_LINK (COLUMN_DEFINITION_ID,MENU_ID,COLUMN_NAME_JA,COLUMN_NAME_EN,COLUMN_NAME_REST,COL_GROUP_ID,COLUMN_CLASS,COLUMN_DISP_SEQ,REF_TABLE_NAME,REF_PKEY_NAME,REF_COL_NAME,REF_SORT_CONDITIONS,REF_MULTI_LANG,REFERENCE_ITEM,SENSITIVE_COL_NAME,FILE_UPLOAD_PLACE,BUTTON_ACTION,COL_NAME,SAVE_TYPE,AUTO_INPUT,INPUT_ITEM,VIEW_ITEM,UNIQUE_ITEM,REQUIRED_ITEM,AUTOREG_HIDE_ITEM,AUTOREG_ONLY_ITEM,INITIAL_VALUE,VALIDATE_OPTION,VALIDATE_REG_EXP,BEFORE_VALIDATE_REGISTER,AFTER_VALIDATE_REGISTER,DESCRIPTION_JA,DESCRIPTION_EN,NOTE,DISUSE_FLAG,LAST_UPDATE_TIMESTAMP,LAST_UPDATE_USER) VALUES('1010107','10101','最終更新日時','Last update date/time','last_update_date_time',NULL,'13',70,NULL,NULL,NULL,NULL,'0',NULL,NULL,NULL,NULL,'LAST_UPDATE_TIMESTAMP',NULL,'1','0','1','0','1','1','0',NULL,NULL,NULL,NULL,NULL,'レコードの最終更新日。自動登録のため編集不可。','Last update date of record. Cannot edit because of auto-registration.',NULL,'0',_____DATE_____,1);
INSERT INTO T_COMN_MENU_COLUMN_LINK_JNL (JOURNAL_SEQ_NO,JOURNAL_REG_DATETIME,JOURNAL_ACTION_CLASS,COLUMN_DEFINITION_ID,MENU_ID,COLUMN_NAME_JA,COLUMN_NAME_EN,COLUMN_NAME_REST,COL_GROUP_ID,COLUMN_CLASS,COLUMN_DISP_SEQ,REF_TABLE_NAME,REF_PKEY_NAME,REF_COL_NAME,REF_SORT_CONDITIONS,REF_MULTI_LANG,REFERENCE_ITEM,SENSITIVE_COL_NAME,FILE_UPLOAD_PLACE,BUTTON_ACTION,COL_NAME,SAVE_TYPE,AUTO_INPUT,INPUT_ITEM,VIEW_ITEM,UNIQUE_ITEM,REQUIRED_ITEM,AUTOREG_HIDE_ITEM,AUTOREG_ONLY_ITEM,INITIAL_VALUE,VALIDATE_OPTION,VALIDATE_REG_EXP,BEFORE_VALIDATE_REGISTER,AFTER_VALIDATE_REGISTER,DESCRIPTION_JA,DESCRIPTION_EN,NOTE,DISUSE_FLAG,LAST_UPDATE_TIMESTAMP,LAST_UPDATE_USER) VALUES(1010107,_____DATE_____,'INSERT','1010107','10101','最終更新日時','Last update date/time','last_update_date_time',NULL,'13',70,NULL,NULL,NULL,NULL,'0',NULL,NULL,NULL,NULL,'LAST_UPDATE_TIMESTAMP',NULL,'1','0','1','0','1','1','0',NULL,NULL,NULL,NULL,NULL,'レコードの最終更新日。自動登録のため編集不可。','Last update date of record. Cannot edit because of auto-registration.',NULL,'0',_____DATE_____,1);
INSERT INTO T_COMN_MENU_COLUMN_LINK (COLUMN_DEFINITION_ID,MENU_ID,COLUMN_NAME_JA,COLUMN_NAME_EN,COLUMN_NAME_REST,COL_GROUP_ID,COLUMN_CLASS,COLUMN_DISP_SEQ,REF_TABLE_NAME,REF_PKEY_NAME,REF_COL_NAME,REF_SORT_CONDITIONS,REF_MULTI_LANG,REFERENCE_ITEM,SENSITIVE_COL_NAME,FILE_UPLOAD_PLACE,BUTTON_ACTION,COL_NAME,SAVE_TYPE,AUTO_INPUT,INPUT_ITEM,VIEW_ITEM,UNIQUE_ITEM,REQUIRED_ITEM,AUTOREG_HIDE_ITEM,AUTOREG_ONLY_ITEM,INITIAL_VALUE,VALIDATE_OPTION,VALIDATE_REG_EXP,BEFORE_VALIDATE_REGISTER,AFTER_VALIDATE_REGISTER,DESCRIPTION_JA,DESCRIPTION_EN,NOTE,DISUSE_FLAG,LAST_UPDATE_TIMESTAMP,LAST_UPDATE_USER) VALUES('1010108','10101','最終更新者','Last updated by','last_updated_user',NULL,'14',80,NULL,NULL,NULL,NULL,'0',NULL,NULL,NULL,NULL,'LAST_UPDATE_USER',NULL,'1','0','1','0','1','1','0',NULL,NULL,NULL,NULL,NULL,'更新者。ログインユーザのIDが自動的に登録される。編集不可。','Updated by. Login user ID is automatically registered. Cannot edit.',NULL,'0',_____DATE_____,1);
INSERT INTO T_COMN_MENU_COLUMN_LINK_JNL (JOURNAL_SEQ_NO,JOURNAL_REG_DATETIME,JOURNAL_ACTION_CLASS,COLUMN_DEFINITION_ID,MENU_ID,COLUMN_NAME_JA,COLUMN_NAME_EN,COLUMN_NAME_REST,COL_GROUP_ID,COLUMN_CLASS,COLUMN_DISP_SEQ,REF_TABLE_NAME,REF_PKEY_NAME,REF_COL_NAME,REF_SORT_CONDITIONS,REF_MULTI_LANG,REFERENCE_ITEM,SENSITIVE_COL_NAME,FILE_UPLOAD_PLACE,BUTTON_ACTION,COL_NAME,SAVE_TYPE,AUTO_INPUT,INPUT_ITEM,VIEW_ITEM,UNIQUE_ITEM,REQUIRED_ITEM,AUTOREG_HIDE_ITEM,AUTOREG_ONLY_ITEM,INITIAL_VALUE,VALIDATE_OPTION,VALIDATE_REG_EXP,BEFORE_VALIDATE_REGISTER,AFTER_VALIDATE_REGISTER,DESCRIPTION_JA,DESCRIPTION_EN,NOTE,DISUSE_FLAG,LAST_UPDATE_TIMESTAMP,LAST_UPDATE_USER) VALUES(1010108,_____DATE_____,'INSERT','1010108','10101','最終更新者','Last updated by','last_updated_user',NULL,'14',80,NULL,NULL,NULL,NULL,'0',NULL,NULL,NULL,NULL,'LAST_UPDATE_USER',NULL,'1','0','1','0','1','1','0',NULL,NULL,NULL,NULL,NULL,'更新者。ログインユーザのIDが自動的に登録される。編集不可。','Updated by. Login user ID is automatically registered. Cannot edit.',NULL,'0',_____DATE_____,1);
INSERT INTO T_COMN_MENU_COLUMN_LINK (COLUMN_DEFINITION_ID,MENU_ID,COLUMN_NAME_JA,COLUMN_NAME_EN,COLUMN_NAME_REST,COL_GROUP_ID,COLUMN_CLASS,COLUMN_DISP_SEQ,REF_TABLE_NAME,REF_PKEY_NAME,REF_COL_NAME,REF_SORT_CONDITIONS,REF_MULTI_LANG,REFERENCE_ITEM,SENSITIVE_COL_NAME,FILE_UPLOAD_PLACE,BUTTON_ACTION,COL_NAME,SAVE_TYPE,AUTO_INPUT,INPUT_ITEM,VIEW_ITEM,UNIQUE_ITEM,REQUIRED_ITEM,AUTOREG_HIDE_ITEM,AUTOREG_ONLY_ITEM,INITIAL_VALUE,VALIDATE_OPTION,VALIDATE_REG_EXP,BEFORE_VALIDATE_REGISTER,AFTER_VALIDATE_REGISTER,DESCRIPTION_JA,DESCRIPTION_EN,NOTE,DISUSE_FLAG,LAST_UPDATE_TIMESTAMP,LAST_UPDATE_USER) VALUES('1010201','10102','メニューグループID','Menu group ID','menu_group_id',NULL,'1',10,NULL,NULL,NULL,NULL,'0',NULL,NULL,NULL,NULL,'MENU_GROUP_ID',NULL,'1','1','1','1','1','1','0',NULL,NULL,NULL,NULL,NULL,'自動採番のため編集不可。実行処理種別が【登録】の場合、空白のみ可。','Cannot edit because of auto-numbering. Must be blank when execution process type is [Register].',NULL,'0',_____DATE_____,1);
INSERT INTO T_COMN_MENU_COLUMN_LINK_JNL (JOURNAL_SEQ_NO,JOURNAL_REG_DATETIME,JOURNAL_ACTION_CLASS,COLUMN_DEFINITION_ID,MENU_ID,COLUMN_NAME_JA,COLUMN_NAME_EN,COLUMN_NAME_REST,COL_GROUP_ID,COLUMN_CLASS,COLUMN_DISP_SEQ,REF_TABLE_NAME,REF_PKEY_NAME,REF_COL_NAME,REF_SORT_CONDITIONS,REF_MULTI_LANG,REFERENCE_ITEM,SENSITIVE_COL_NAME,FILE_UPLOAD_PLACE,BUTTON_ACTION,COL_NAME,SAVE_TYPE,AUTO_INPUT,INPUT_ITEM,VIEW_ITEM,UNIQUE_ITEM,REQUIRED_ITEM,AUTOREG_HIDE_ITEM,AUTOREG_ONLY_ITEM,INITIAL_VALUE,VALIDATE_OPTION,VALIDATE_REG_EXP,BEFORE_VALIDATE_REGISTER,AFTER_VALIDATE_REGISTER,DESCRIPTION_JA,DESCRIPTION_EN,NOTE,DISUSE_FLAG,LAST_UPDATE_TIMESTAMP,LAST_UPDATE_USER) VALUES(1010201,_____DATE_____,'INSERT','1010201','10102','メニューグループID','Menu group ID','menu_group_id',NULL,'1',10,NULL,NULL,NULL,NULL,'0',NULL,NULL,NULL,NULL,'MENU_GROUP_ID',NULL,'1','1','1','1','1','1','0',NULL,NULL,NULL,NULL,NULL,'自動採番のため編集不可。実行処理種別が【登録】の場合、空白のみ可。','Cannot edit because of auto-numbering. Must be blank when execution process type is [Register].',NULL,'0',_____DATE_____,1);
INSERT INTO T_COMN_MENU_COLUMN_LINK (COLUMN_DEFINITION_ID,MENU_ID,COLUMN_NAME_JA,COLUMN_NAME_EN,COLUMN_NAME_REST,COL_GROUP_ID,COLUMN_CLASS,COLUMN_DISP_SEQ,REF_TABLE_NAME,REF_PKEY_NAME,REF_COL_NAME,REF_SORT_CONDITIONS,REF_MULTI_LANG,REFERENCE_ITEM,SENSITIVE_COL_NAME,FILE_UPLOAD_PLACE,BUTTON_ACTION,COL_NAME,SAVE_TYPE,AUTO_INPUT,INPUT_ITEM,VIEW_ITEM,UNIQUE_ITEM,REQUIRED_ITEM,AUTOREG_HIDE_ITEM,AUTOREG_ONLY_ITEM,INITIAL_VALUE,VALIDATE_OPTION,VALIDATE_REG_EXP,BEFORE_VALIDATE_REGISTER,AFTER_VALIDATE_REGISTER,DESCRIPTION_JA,DESCRIPTION_EN,NOTE,DISUSE_FLAG,LAST_UPDATE_TIMESTAMP,LAST_UPDATE_USER) VALUES('1010202','10102','親メニューグループ','Parent menu group name','parent_menu_group_name',NULL,'7',20,'T_COMN_MENU_GROUP','MENU_GROUP_ID','MENU_GROUP_NAME',NULL,'1',NULL,NULL,NULL,NULL,'PARENT_MENU_GROUP_ID',NULL,'0','1','1','0','0','1','0',NULL,NULL,NULL,'parent_menu_group_name_valid_before',NULL,'親のメニューグループです。','parent menu group.',NULL,'0',_____DATE_____,1);
INSERT INTO T_COMN_MENU_COLUMN_LINK_JNL (JOURNAL_SEQ_NO,JOURNAL_REG_DATETIME,JOURNAL_ACTION_CLASS,COLUMN_DEFINITION_ID,MENU_ID,COLUMN_NAME_JA,COLUMN_NAME_EN,COLUMN_NAME_REST,COL_GROUP_ID,COLUMN_CLASS,COLUMN_DISP_SEQ,REF_TABLE_NAME,REF_PKEY_NAME,REF_COL_NAME,REF_SORT_CONDITIONS,REF_MULTI_LANG,REFERENCE_ITEM,SENSITIVE_COL_NAME,FILE_UPLOAD_PLACE,BUTTON_ACTION,COL_NAME,SAVE_TYPE,AUTO_INPUT,INPUT_ITEM,VIEW_ITEM,UNIQUE_ITEM,REQUIRED_ITEM,AUTOREG_HIDE_ITEM,AUTOREG_ONLY_ITEM,INITIAL_VALUE,VALIDATE_OPTION,VALIDATE_REG_EXP,BEFORE_VALIDATE_REGISTER,AFTER_VALIDATE_REGISTER,DESCRIPTION_JA,DESCRIPTION_EN,NOTE,DISUSE_FLAG,LAST_UPDATE_TIMESTAMP,LAST_UPDATE_USER) VALUES(1010202,_____DATE_____,'INSERT','1010202','10102','親メニューグループ','Parent menu group name','parent_menu_group_name',NULL,'7',20,'T_COMN_MENU_GROUP','MENU_GROUP_ID','MENU_GROUP_NAME',NULL,'1',NULL,NULL,NULL,NULL,'PARENT_MENU_GROUP_ID',NULL,'0','1','1','0','0','1','0',NULL,NULL,NULL,'parent_menu_group_name_valid_before',NULL,'親のメニューグループです。','parent menu group.',NULL,'0',_____DATE_____,1);
INSERT INTO T_COMN_MENU_COLUMN_LINK (COLUMN_DEFINITION_ID,MENU_ID,COLUMN_NAME_JA,COLUMN_NAME_EN,COLUMN_NAME_REST,COL_GROUP_ID,COLUMN_CLASS,COLUMN_DISP_SEQ,REF_TABLE_NAME,REF_PKEY_NAME,REF_COL_NAME,REF_SORT_CONDITIONS,REF_MULTI_LANG,REFERENCE_ITEM,SENSITIVE_COL_NAME,FILE_UPLOAD_PLACE,BUTTON_ACTION,COL_NAME,SAVE_TYPE,AUTO_INPUT,INPUT_ITEM,VIEW_ITEM,UNIQUE_ITEM,REQUIRED_ITEM,AUTOREG_HIDE_ITEM,AUTOREG_ONLY_ITEM,INITIAL_VALUE,VALIDATE_OPTION,VALIDATE_REG_EXP,BEFORE_VALIDATE_REGISTER,AFTER_VALIDATE_REGISTER,DESCRIPTION_JA,DESCRIPTION_EN,NOTE,DISUSE_FLAG,LAST_UPDATE_TIMESTAMP,LAST_UPDATE_USER) VALUES('1010203','10102','メニューグループ名(ja)','Menu group name (ja)','menu_group_name_ja',NULL,'1',30,NULL,NULL,NULL,NULL,'0',NULL,NULL,NULL,NULL,'MENU_GROUP_NAME_JA',NULL,'0','1','1','1','1','1','0',NULL,'{
"min_length": 1,
"max_length": 255
}',NULL,NULL,NULL,'日本語のメニューグループ名です。複数行を許容しない、文字数は1～255バイト、タブと改行は入力不可、必須項目、他レコードとの重複を許容しない。','Japanese menu group name. Multiple lines are not allowed, the number of characters is 1 to 255 bytes, tabs and line breaks cannot be entered, required items, and duplication with other records is not allowed.',NULL,'0',_____DATE_____,1);
INSERT INTO T_COMN_MENU_COLUMN_LINK_JNL (JOURNAL_SEQ_NO,JOURNAL_REG_DATETIME,JOURNAL_ACTION_CLASS,COLUMN_DEFINITION_ID,MENU_ID,COLUMN_NAME_JA,COLUMN_NAME_EN,COLUMN_NAME_REST,COL_GROUP_ID,COLUMN_CLASS,COLUMN_DISP_SEQ,REF_TABLE_NAME,REF_PKEY_NAME,REF_COL_NAME,REF_SORT_CONDITIONS,REF_MULTI_LANG,REFERENCE_ITEM,SENSITIVE_COL_NAME,FILE_UPLOAD_PLACE,BUTTON_ACTION,COL_NAME,SAVE_TYPE,AUTO_INPUT,INPUT_ITEM,VIEW_ITEM,UNIQUE_ITEM,REQUIRED_ITEM,AUTOREG_HIDE_ITEM,AUTOREG_ONLY_ITEM,INITIAL_VALUE,VALIDATE_OPTION,VALIDATE_REG_EXP,BEFORE_VALIDATE_REGISTER,AFTER_VALIDATE_REGISTER,DESCRIPTION_JA,DESCRIPTION_EN,NOTE,DISUSE_FLAG,LAST_UPDATE_TIMESTAMP,LAST_UPDATE_USER) VALUES(1010203,_____DATE_____,'INSERT','1010203','10102','メニューグループ名(ja)','Menu group name (ja)','menu_group_name_ja',NULL,'1',30,NULL,NULL,NULL,NULL,'0',NULL,NULL,NULL,NULL,'MENU_GROUP_NAME_JA',NULL,'0','1','1','1','1','1','0',NULL,'{
"min_length": 1,
"max_length": 255
}',NULL,NULL,NULL,'日本語のメニューグループ名です。複数行を許容しない、文字数は1～255バイト、タブと改行は入力不可、必須項目、他レコードとの重複を許容しない。','Japanese menu group name. Multiple lines are not allowed, the number of characters is 1 to 255 bytes, tabs and line breaks cannot be entered, required items, and duplication with other records is not allowed.',NULL,'0',_____DATE_____,1);
INSERT INTO T_COMN_MENU_COLUMN_LINK (COLUMN_DEFINITION_ID,MENU_ID,COLUMN_NAME_JA,COLUMN_NAME_EN,COLUMN_NAME_REST,COL_GROUP_ID,COLUMN_CLASS,COLUMN_DISP_SEQ,REF_TABLE_NAME,REF_PKEY_NAME,REF_COL_NAME,REF_SORT_CONDITIONS,REF_MULTI_LANG,REFERENCE_ITEM,SENSITIVE_COL_NAME,FILE_UPLOAD_PLACE,BUTTON_ACTION,COL_NAME,SAVE_TYPE,AUTO_INPUT,INPUT_ITEM,VIEW_ITEM,UNIQUE_ITEM,REQUIRED_ITEM,AUTOREG_HIDE_ITEM,AUTOREG_ONLY_ITEM,INITIAL_VALUE,VALIDATE_OPTION,VALIDATE_REG_EXP,BEFORE_VALIDATE_REGISTER,AFTER_VALIDATE_REGISTER,DESCRIPTION_JA,DESCRIPTION_EN,NOTE,DISUSE_FLAG,LAST_UPDATE_TIMESTAMP,LAST_UPDATE_USER) VALUES('1010204','10102','メニューグループ名(en)','Menu group name (en)','menu_group_name_en',NULL,'1',40,NULL,NULL,NULL,NULL,'0',NULL,NULL,NULL,NULL,'MENU_GROUP_NAME_EN',NULL,'0','1','1','1','1','1','0',NULL,'{
"min_length": 1,
"max_length": 255
}',NULL,NULL,NULL,'英語のメニューグループ名です。複数行を許容しない, 文字数は1～255バイト、タブと改行は入力不可、必須項目、他レコードとの重複を許容しない','English menu group name. Multiple lines are not allowed, the number of characters is 1 to 255 bytes, tabs and line breaks cannot be entered, required items, and duplication with other records is not allowed.',NULL,'0',_____DATE_____,1);
INSERT INTO T_COMN_MENU_COLUMN_LINK_JNL (JOURNAL_SEQ_NO,JOURNAL_REG_DATETIME,JOURNAL_ACTION_CLASS,COLUMN_DEFINITION_ID,MENU_ID,COLUMN_NAME_JA,COLUMN_NAME_EN,COLUMN_NAME_REST,COL_GROUP_ID,COLUMN_CLASS,COLUMN_DISP_SEQ,REF_TABLE_NAME,REF_PKEY_NAME,REF_COL_NAME,REF_SORT_CONDITIONS,REF_MULTI_LANG,REFERENCE_ITEM,SENSITIVE_COL_NAME,FILE_UPLOAD_PLACE,BUTTON_ACTION,COL_NAME,SAVE_TYPE,AUTO_INPUT,INPUT_ITEM,VIEW_ITEM,UNIQUE_ITEM,REQUIRED_ITEM,AUTOREG_HIDE_ITEM,AUTOREG_ONLY_ITEM,INITIAL_VALUE,VALIDATE_OPTION,VALIDATE_REG_EXP,BEFORE_VALIDATE_REGISTER,AFTER_VALIDATE_REGISTER,DESCRIPTION_JA,DESCRIPTION_EN,NOTE,DISUSE_FLAG,LAST_UPDATE_TIMESTAMP,LAST_UPDATE_USER) VALUES(1010204,_____DATE_____,'INSERT','1010204','10102','メニューグループ名(en)','Menu group name (en)','menu_group_name_en',NULL,'1',40,NULL,NULL,NULL,NULL,'0',NULL,NULL,NULL,NULL,'MENU_GROUP_NAME_EN',NULL,'0','1','1','1','1','1','0',NULL,'{
"min_length": 1,
"max_length": 255
}',NULL,NULL,NULL,'英語のメニューグループ名です。複数行を許容しない, 文字数は1～255バイト、タブと改行は入力不可、必須項目、他レコードとの重複を許容しない','English menu group name. Multiple lines are not allowed, the number of characters is 1 to 255 bytes, tabs and line breaks cannot be entered, required items, and duplication with other records is not allowed.',NULL,'0',_____DATE_____,1);
INSERT INTO T_COMN_MENU_COLUMN_LINK (COLUMN_DEFINITION_ID,MENU_ID,COLUMN_NAME_JA,COLUMN_NAME_EN,COLUMN_NAME_REST,COL_GROUP_ID,COLUMN_CLASS,COLUMN_DISP_SEQ,REF_TABLE_NAME,REF_PKEY_NAME,REF_COL_NAME,REF_SORT_CONDITIONS,REF_MULTI_LANG,REFERENCE_ITEM,SENSITIVE_COL_NAME,FILE_UPLOAD_PLACE,BUTTON_ACTION,COL_NAME,SAVE_TYPE,AUTO_INPUT,INPUT_ITEM,VIEW_ITEM,UNIQUE_ITEM,REQUIRED_ITEM,AUTOREG_HIDE_ITEM,AUTOREG_ONLY_ITEM,INITIAL_VALUE,VALIDATE_OPTION,VALIDATE_REG_EXP,BEFORE_VALIDATE_REGISTER,AFTER_VALIDATE_REGISTER,DESCRIPTION_JA,DESCRIPTION_EN,NOTE,DISUSE_FLAG,LAST_UPDATE_TIMESTAMP,LAST_UPDATE_USER) VALUES('1010205','10102','パネル用画像','Image for panel','menu_group_icon',NULL,'9',50,NULL,NULL,NULL,NULL,'0',NULL,NULL,NULL,NULL,'MENU_GROUP_ICON',NULL,'0','1','1','0','0','1','0',NULL,'{
"upload_max_size": 104857600
}',NULL,NULL,NULL,'ダッシュボードに表示する画像です。','This is the image to be displayed on the dashboard.',NULL,'0',_____DATE_____,1);
INSERT INTO T_COMN_MENU_COLUMN_LINK_JNL (JOURNAL_SEQ_NO,JOURNAL_REG_DATETIME,JOURNAL_ACTION_CLASS,COLUMN_DEFINITION_ID,MENU_ID,COLUMN_NAME_JA,COLUMN_NAME_EN,COLUMN_NAME_REST,COL_GROUP_ID,COLUMN_CLASS,COLUMN_DISP_SEQ,REF_TABLE_NAME,REF_PKEY_NAME,REF_COL_NAME,REF_SORT_CONDITIONS,REF_MULTI_LANG,REFERENCE_ITEM,SENSITIVE_COL_NAME,FILE_UPLOAD_PLACE,BUTTON_ACTION,COL_NAME,SAVE_TYPE,AUTO_INPUT,INPUT_ITEM,VIEW_ITEM,UNIQUE_ITEM,REQUIRED_ITEM,AUTOREG_HIDE_ITEM,AUTOREG_ONLY_ITEM,INITIAL_VALUE,VALIDATE_OPTION,VALIDATE_REG_EXP,BEFORE_VALIDATE_REGISTER,AFTER_VALIDATE_REGISTER,DESCRIPTION_JA,DESCRIPTION_EN,NOTE,DISUSE_FLAG,LAST_UPDATE_TIMESTAMP,LAST_UPDATE_USER) VALUES(1010205,_____DATE_____,'INSERT','1010205','10102','パネル用画像','Image for panel','menu_group_icon',NULL,'9',50,NULL,NULL,NULL,NULL,'0',NULL,NULL,NULL,NULL,'MENU_GROUP_ICON',NULL,'0','1','1','0','0','1','0',NULL,'{
"upload_max_size": 104857600
}',NULL,NULL,NULL,'ダッシュボードに表示する画像です。','This is the image to be displayed on the dashboard.',NULL,'0',_____DATE_____,1);
INSERT INTO T_COMN_MENU_COLUMN_LINK (COLUMN_DEFINITION_ID,MENU_ID,COLUMN_NAME_JA,COLUMN_NAME_EN,COLUMN_NAME_REST,COL_GROUP_ID,COLUMN_CLASS,COLUMN_DISP_SEQ,REF_TABLE_NAME,REF_PKEY_NAME,REF_COL_NAME,REF_SORT_CONDITIONS,REF_MULTI_LANG,REFERENCE_ITEM,SENSITIVE_COL_NAME,FILE_UPLOAD_PLACE,BUTTON_ACTION,COL_NAME,SAVE_TYPE,AUTO_INPUT,INPUT_ITEM,VIEW_ITEM,UNIQUE_ITEM,REQUIRED_ITEM,AUTOREG_HIDE_ITEM,AUTOREG_ONLY_ITEM,INITIAL_VALUE,VALIDATE_OPTION,VALIDATE_REG_EXP,BEFORE_VALIDATE_REGISTER,AFTER_VALIDATE_REGISTER,DESCRIPTION_JA,DESCRIPTION_EN,NOTE,DISUSE_FLAG,LAST_UPDATE_TIMESTAMP,LAST_UPDATE_USER) VALUES('1010206','10102','メニュー作成利用フラグ','Menu create target flag','menu_create_target_flag',NULL,'7',60,'T_COMN_BOOLEAN_FLAG','FLAG_ID','FLAG_NAME',NULL,'0',NULL,NULL,NULL,NULL,'MENU_CREATE_TARGET_FLAG',NULL,'0','1','1','0','1','1','0',NULL,NULL,NULL,NULL,NULL,'メニュー作成機能の「対象メニューグループ」として指定可能かどうかのフラグです。','It is a flag whether it can be specified as the "target menu group" of the menu creation.',NULL,'0',_____DATE_____,1);
INSERT INTO T_COMN_MENU_COLUMN_LINK_JNL (JOURNAL_SEQ_NO,JOURNAL_REG_DATETIME,JOURNAL_ACTION_CLASS,COLUMN_DEFINITION_ID,MENU_ID,COLUMN_NAME_JA,COLUMN_NAME_EN,COLUMN_NAME_REST,COL_GROUP_ID,COLUMN_CLASS,COLUMN_DISP_SEQ,REF_TABLE_NAME,REF_PKEY_NAME,REF_COL_NAME,REF_SORT_CONDITIONS,REF_MULTI_LANG,REFERENCE_ITEM,SENSITIVE_COL_NAME,FILE_UPLOAD_PLACE,BUTTON_ACTION,COL_NAME,SAVE_TYPE,AUTO_INPUT,INPUT_ITEM,VIEW_ITEM,UNIQUE_ITEM,REQUIRED_ITEM,AUTOREG_HIDE_ITEM,AUTOREG_ONLY_ITEM,INITIAL_VALUE,VALIDATE_OPTION,VALIDATE_REG_EXP,BEFORE_VALIDATE_REGISTER,AFTER_VALIDATE_REGISTER,DESCRIPTION_JA,DESCRIPTION_EN,NOTE,DISUSE_FLAG,LAST_UPDATE_TIMESTAMP,LAST_UPDATE_USER) VALUES(1010206,_____DATE_____,'INSERT','1010206','10102','メニュー作成利用フラグ','Menu create target flag','menu_create_target_flag',NULL,'7',60,'T_COMN_BOOLEAN_FLAG','FLAG_ID','FLAG_NAME',NULL,'0',NULL,NULL,NULL,NULL,'MENU_CREATE_TARGET_FLAG',NULL,'0','1','1','0','1','1','0',NULL,NULL,NULL,NULL,NULL,'メニュー作成機能の「対象メニューグループ」として指定可能かどうかのフラグです。','It is a flag whether it can be specified as the "target menu group" of the menu creation.',NULL,'0',_____DATE_____,1);
INSERT INTO T_COMN_MENU_COLUMN_LINK (COLUMN_DEFINITION_ID,MENU_ID,COLUMN_NAME_JA,COLUMN_NAME_EN,COLUMN_NAME_REST,COL_GROUP_ID,COLUMN_CLASS,COLUMN_DISP_SEQ,REF_TABLE_NAME,REF_PKEY_NAME,REF_COL_NAME,REF_SORT_CONDITIONS,REF_MULTI_LANG,REFERENCE_ITEM,SENSITIVE_COL_NAME,FILE_UPLOAD_PLACE,BUTTON_ACTION,COL_NAME,SAVE_TYPE,AUTO_INPUT,INPUT_ITEM,VIEW_ITEM,UNIQUE_ITEM,REQUIRED_ITEM,AUTOREG_HIDE_ITEM,AUTOREG_ONLY_ITEM,INITIAL_VALUE,VALIDATE_OPTION,VALIDATE_REG_EXP,BEFORE_VALIDATE_REGISTER,AFTER_VALIDATE_REGISTER,DESCRIPTION_JA,DESCRIPTION_EN,NOTE,DISUSE_FLAG,LAST_UPDATE_TIMESTAMP,LAST_UPDATE_USER) VALUES('1010207','10102','表示順序','Display order','display_order',NULL,'3',70,NULL,NULL,NULL,NULL,'0',NULL,NULL,NULL,NULL,'DISP_SEQ',NULL,'0','1','1','1','1','1','0',NULL,'{
"int_min": 0,
"int_max": 2147483647
}',NULL,NULL,NULL,'数値のみ入力可　
0～2147483647','Only numerical values can be entered
0～2147483647',NULL,'0',_____DATE_____,1);
INSERT INTO T_COMN_MENU_COLUMN_LINK_JNL (JOURNAL_SEQ_NO,JOURNAL_REG_DATETIME,JOURNAL_ACTION_CLASS,COLUMN_DEFINITION_ID,MENU_ID,COLUMN_NAME_JA,COLUMN_NAME_EN,COLUMN_NAME_REST,COL_GROUP_ID,COLUMN_CLASS,COLUMN_DISP_SEQ,REF_TABLE_NAME,REF_PKEY_NAME,REF_COL_NAME,REF_SORT_CONDITIONS,REF_MULTI_LANG,REFERENCE_ITEM,SENSITIVE_COL_NAME,FILE_UPLOAD_PLACE,BUTTON_ACTION,COL_NAME,SAVE_TYPE,AUTO_INPUT,INPUT_ITEM,VIEW_ITEM,UNIQUE_ITEM,REQUIRED_ITEM,AUTOREG_HIDE_ITEM,AUTOREG_ONLY_ITEM,INITIAL_VALUE,VALIDATE_OPTION,VALIDATE_REG_EXP,BEFORE_VALIDATE_REGISTER,AFTER_VALIDATE_REGISTER,DESCRIPTION_JA,DESCRIPTION_EN,NOTE,DISUSE_FLAG,LAST_UPDATE_TIMESTAMP,LAST_UPDATE_USER) VALUES(1010207,_____DATE_____,'INSERT','1010207','10102','表示順序','Display order','display_order',NULL,'3',70,NULL,NULL,NULL,NULL,'0',NULL,NULL,NULL,NULL,'DISP_SEQ',NULL,'0','1','1','1','1','1','0',NULL,'{
"int_min": 0,
"int_max": 2147483647
}',NULL,NULL,NULL,'数値のみ入力可　
0～2147483647','Only numerical values can be entered
0～2147483647',NULL,'0',_____DATE_____,1);
INSERT INTO T_COMN_MENU_COLUMN_LINK (COLUMN_DEFINITION_ID,MENU_ID,COLUMN_NAME_JA,COLUMN_NAME_EN,COLUMN_NAME_REST,COL_GROUP_ID,COLUMN_CLASS,COLUMN_DISP_SEQ,REF_TABLE_NAME,REF_PKEY_NAME,REF_COL_NAME,REF_SORT_CONDITIONS,REF_MULTI_LANG,REFERENCE_ITEM,SENSITIVE_COL_NAME,FILE_UPLOAD_PLACE,BUTTON_ACTION,COL_NAME,SAVE_TYPE,AUTO_INPUT,INPUT_ITEM,VIEW_ITEM,UNIQUE_ITEM,REQUIRED_ITEM,AUTOREG_HIDE_ITEM,AUTOREG_ONLY_ITEM,INITIAL_VALUE,VALIDATE_OPTION,VALIDATE_REG_EXP,BEFORE_VALIDATE_REGISTER,AFTER_VALIDATE_REGISTER,DESCRIPTION_JA,DESCRIPTION_EN,NOTE,DISUSE_FLAG,LAST_UPDATE_TIMESTAMP,LAST_UPDATE_USER) VALUES('1010208','10102','備考','Remarks','remarks',NULL,'12',80,NULL,NULL,NULL,NULL,'0',NULL,NULL,NULL,NULL,'NOTE',NULL,'0','1','1','0','0','1','0',NULL,'{
"min_length": 0,
"max_length": 4000
}',NULL,NULL,NULL,'自由記述欄。レコードの廃止・復活時にも記載可能。','Comments section. Can comment when removing or restoring records.',NULL,'0',_____DATE_____,1);
INSERT INTO T_COMN_MENU_COLUMN_LINK_JNL (JOURNAL_SEQ_NO,JOURNAL_REG_DATETIME,JOURNAL_ACTION_CLASS,COLUMN_DEFINITION_ID,MENU_ID,COLUMN_NAME_JA,COLUMN_NAME_EN,COLUMN_NAME_REST,COL_GROUP_ID,COLUMN_CLASS,COLUMN_DISP_SEQ,REF_TABLE_NAME,REF_PKEY_NAME,REF_COL_NAME,REF_SORT_CONDITIONS,REF_MULTI_LANG,REFERENCE_ITEM,SENSITIVE_COL_NAME,FILE_UPLOAD_PLACE,BUTTON_ACTION,COL_NAME,SAVE_TYPE,AUTO_INPUT,INPUT_ITEM,VIEW_ITEM,UNIQUE_ITEM,REQUIRED_ITEM,AUTOREG_HIDE_ITEM,AUTOREG_ONLY_ITEM,INITIAL_VALUE,VALIDATE_OPTION,VALIDATE_REG_EXP,BEFORE_VALIDATE_REGISTER,AFTER_VALIDATE_REGISTER,DESCRIPTION_JA,DESCRIPTION_EN,NOTE,DISUSE_FLAG,LAST_UPDATE_TIMESTAMP,LAST_UPDATE_USER) VALUES(1010208,_____DATE_____,'INSERT','1010208','10102','備考','Remarks','remarks',NULL,'12',80,NULL,NULL,NULL,NULL,'0',NULL,NULL,NULL,NULL,'NOTE',NULL,'0','1','1','0','0','1','0',NULL,'{
"min_length": 0,
"max_length": 4000
}',NULL,NULL,NULL,'自由記述欄。レコードの廃止・復活時にも記載可能。','Comments section. Can comment when removing or restoring records.',NULL,'0',_____DATE_____,1);
INSERT INTO T_COMN_MENU_COLUMN_LINK (COLUMN_DEFINITION_ID,MENU_ID,COLUMN_NAME_JA,COLUMN_NAME_EN,COLUMN_NAME_REST,COL_GROUP_ID,COLUMN_CLASS,COLUMN_DISP_SEQ,REF_TABLE_NAME,REF_PKEY_NAME,REF_COL_NAME,REF_SORT_CONDITIONS,REF_MULTI_LANG,REFERENCE_ITEM,SENSITIVE_COL_NAME,FILE_UPLOAD_PLACE,BUTTON_ACTION,COL_NAME,SAVE_TYPE,AUTO_INPUT,INPUT_ITEM,VIEW_ITEM,UNIQUE_ITEM,REQUIRED_ITEM,AUTOREG_HIDE_ITEM,AUTOREG_ONLY_ITEM,INITIAL_VALUE,VALIDATE_OPTION,VALIDATE_REG_EXP,BEFORE_VALIDATE_REGISTER,AFTER_VALIDATE_REGISTER,DESCRIPTION_JA,DESCRIPTION_EN,NOTE,DISUSE_FLAG,LAST_UPDATE_TIMESTAMP,LAST_UPDATE_USER) VALUES('1010209','10102','廃止フラグ','Discard','discard',NULL,'1',90,NULL,NULL,NULL,NULL,'0',NULL,NULL,NULL,NULL,'DISUSE_FLAG',NULL,'1','1','1','0','1','1','0',NULL,NULL,NULL,NULL,NULL,'廃止フラグ。復活以外のオペレーションは不可','Discard flag. Cannot do operation other than restore.',NULL,'0',_____DATE_____,1);
INSERT INTO T_COMN_MENU_COLUMN_LINK_JNL (JOURNAL_SEQ_NO,JOURNAL_REG_DATETIME,JOURNAL_ACTION_CLASS,COLUMN_DEFINITION_ID,MENU_ID,COLUMN_NAME_JA,COLUMN_NAME_EN,COLUMN_NAME_REST,COL_GROUP_ID,COLUMN_CLASS,COLUMN_DISP_SEQ,REF_TABLE_NAME,REF_PKEY_NAME,REF_COL_NAME,REF_SORT_CONDITIONS,REF_MULTI_LANG,REFERENCE_ITEM,SENSITIVE_COL_NAME,FILE_UPLOAD_PLACE,BUTTON_ACTION,COL_NAME,SAVE_TYPE,AUTO_INPUT,INPUT_ITEM,VIEW_ITEM,UNIQUE_ITEM,REQUIRED_ITEM,AUTOREG_HIDE_ITEM,AUTOREG_ONLY_ITEM,INITIAL_VALUE,VALIDATE_OPTION,VALIDATE_REG_EXP,BEFORE_VALIDATE_REGISTER,AFTER_VALIDATE_REGISTER,DESCRIPTION_JA,DESCRIPTION_EN,NOTE,DISUSE_FLAG,LAST_UPDATE_TIMESTAMP,LAST_UPDATE_USER) VALUES(1010209,_____DATE_____,'INSERT','1010209','10102','廃止フラグ','Discard','discard',NULL,'1',90,NULL,NULL,NULL,NULL,'0',NULL,NULL,NULL,NULL,'DISUSE_FLAG',NULL,'1','1','1','0','1','1','0',NULL,NULL,NULL,NULL,NULL,'廃止フラグ。復活以外のオペレーションは不可','Discard flag. Cannot do operation other than restore.',NULL,'0',_____DATE_____,1);
INSERT INTO T_COMN_MENU_COLUMN_LINK (COLUMN_DEFINITION_ID,MENU_ID,COLUMN_NAME_JA,COLUMN_NAME_EN,COLUMN_NAME_REST,COL_GROUP_ID,COLUMN_CLASS,COLUMN_DISP_SEQ,REF_TABLE_NAME,REF_PKEY_NAME,REF_COL_NAME,REF_SORT_CONDITIONS,REF_MULTI_LANG,REFERENCE_ITEM,SENSITIVE_COL_NAME,FILE_UPLOAD_PLACE,BUTTON_ACTION,COL_NAME,SAVE_TYPE,AUTO_INPUT,INPUT_ITEM,VIEW_ITEM,UNIQUE_ITEM,REQUIRED_ITEM,AUTOREG_HIDE_ITEM,AUTOREG_ONLY_ITEM,INITIAL_VALUE,VALIDATE_OPTION,VALIDATE_REG_EXP,BEFORE_VALIDATE_REGISTER,AFTER_VALIDATE_REGISTER,DESCRIPTION_JA,DESCRIPTION_EN,NOTE,DISUSE_FLAG,LAST_UPDATE_TIMESTAMP,LAST_UPDATE_USER) VALUES('1010210','10102','最終更新日時','Last update date/time','last_update_date_time',NULL,'13',100,NULL,NULL,NULL,NULL,'0',NULL,NULL,NULL,NULL,'LAST_UPDATE_TIMESTAMP',NULL,'1','0','1','0','1','1','0',NULL,NULL,NULL,NULL,NULL,'レコードの最終更新日。自動登録のため編集不可。','Last update date of record. Cannot edit because of auto-registration.',NULL,'0',_____DATE_____,1);
INSERT INTO T_COMN_MENU_COLUMN_LINK_JNL (JOURNAL_SEQ_NO,JOURNAL_REG_DATETIME,JOURNAL_ACTION_CLASS,COLUMN_DEFINITION_ID,MENU_ID,COLUMN_NAME_JA,COLUMN_NAME_EN,COLUMN_NAME_REST,COL_GROUP_ID,COLUMN_CLASS,COLUMN_DISP_SEQ,REF_TABLE_NAME,REF_PKEY_NAME,REF_COL_NAME,REF_SORT_CONDITIONS,REF_MULTI_LANG,REFERENCE_ITEM,SENSITIVE_COL_NAME,FILE_UPLOAD_PLACE,BUTTON_ACTION,COL_NAME,SAVE_TYPE,AUTO_INPUT,INPUT_ITEM,VIEW_ITEM,UNIQUE_ITEM,REQUIRED_ITEM,AUTOREG_HIDE_ITEM,AUTOREG_ONLY_ITEM,INITIAL_VALUE,VALIDATE_OPTION,VALIDATE_REG_EXP,BEFORE_VALIDATE_REGISTER,AFTER_VALIDATE_REGISTER,DESCRIPTION_JA,DESCRIPTION_EN,NOTE,DISUSE_FLAG,LAST_UPDATE_TIMESTAMP,LAST_UPDATE_USER) VALUES(1010210,_____DATE_____,'INSERT','1010210','10102','最終更新日時','Last update date/time','last_update_date_time',NULL,'13',100,NULL,NULL,NULL,NULL,'0',NULL,NULL,NULL,NULL,'LAST_UPDATE_TIMESTAMP',NULL,'1','0','1','0','1','1','0',NULL,NULL,NULL,NULL,NULL,'レコードの最終更新日。自動登録のため編集不可。','Last update date of record. Cannot edit because of auto-registration.',NULL,'0',_____DATE_____,1);
INSERT INTO T_COMN_MENU_COLUMN_LINK (COLUMN_DEFINITION_ID,MENU_ID,COLUMN_NAME_JA,COLUMN_NAME_EN,COLUMN_NAME_REST,COL_GROUP_ID,COLUMN_CLASS,COLUMN_DISP_SEQ,REF_TABLE_NAME,REF_PKEY_NAME,REF_COL_NAME,REF_SORT_CONDITIONS,REF_MULTI_LANG,REFERENCE_ITEM,SENSITIVE_COL_NAME,FILE_UPLOAD_PLACE,BUTTON_ACTION,COL_NAME,SAVE_TYPE,AUTO_INPUT,INPUT_ITEM,VIEW_ITEM,UNIQUE_ITEM,REQUIRED_ITEM,AUTOREG_HIDE_ITEM,AUTOREG_ONLY_ITEM,INITIAL_VALUE,VALIDATE_OPTION,VALIDATE_REG_EXP,BEFORE_VALIDATE_REGISTER,AFTER_VALIDATE_REGISTER,DESCRIPTION_JA,DESCRIPTION_EN,NOTE,DISUSE_FLAG,LAST_UPDATE_TIMESTAMP,LAST_UPDATE_USER) VALUES('1010211','10102','最終更新者','Last updated by','last_updated_user',NULL,'14',110,NULL,NULL,NULL,NULL,'0',NULL,NULL,NULL,NULL,'LAST_UPDATE_USER',NULL,'1','0','1','0','1','1','0',NULL,NULL,NULL,NULL,NULL,'更新者。ログインユーザのIDが自動的に登録される。編集不可。','Updated by. Login user ID is automatically registered. Cannot edit.',NULL,'0',_____DATE_____,1);
INSERT INTO T_COMN_MENU_COLUMN_LINK_JNL (JOURNAL_SEQ_NO,JOURNAL_REG_DATETIME,JOURNAL_ACTION_CLASS,COLUMN_DEFINITION_ID,MENU_ID,COLUMN_NAME_JA,COLUMN_NAME_EN,COLUMN_NAME_REST,COL_GROUP_ID,COLUMN_CLASS,COLUMN_DISP_SEQ,REF_TABLE_NAME,REF_PKEY_NAME,REF_COL_NAME,REF_SORT_CONDITIONS,REF_MULTI_LANG,REFERENCE_ITEM,SENSITIVE_COL_NAME,FILE_UPLOAD_PLACE,BUTTON_ACTION,COL_NAME,SAVE_TYPE,AUTO_INPUT,INPUT_ITEM,VIEW_ITEM,UNIQUE_ITEM,REQUIRED_ITEM,AUTOREG_HIDE_ITEM,AUTOREG_ONLY_ITEM,INITIAL_VALUE,VALIDATE_OPTION,VALIDATE_REG_EXP,BEFORE_VALIDATE_REGISTER,AFTER_VALIDATE_REGISTER,DESCRIPTION_JA,DESCRIPTION_EN,NOTE,DISUSE_FLAG,LAST_UPDATE_TIMESTAMP,LAST_UPDATE_USER) VALUES(1010211,_____DATE_____,'INSERT','1010211','10102','最終更新者','Last updated by','last_updated_user',NULL,'14',110,NULL,NULL,NULL,NULL,'0',NULL,NULL,NULL,NULL,'LAST_UPDATE_USER',NULL,'1','0','1','0','1','1','0',NULL,NULL,NULL,NULL,NULL,'更新者。ログインユーザのIDが自動的に登録される。編集不可。','Updated by. Login user ID is automatically registered. Cannot edit.',NULL,'0',_____DATE_____,1);
INSERT INTO T_COMN_MENU_COLUMN_LINK (COLUMN_DEFINITION_ID,MENU_ID,COLUMN_NAME_JA,COLUMN_NAME_EN,COLUMN_NAME_REST,COL_GROUP_ID,COLUMN_CLASS,COLUMN_DISP_SEQ,REF_TABLE_NAME,REF_PKEY_NAME,REF_COL_NAME,REF_SORT_CONDITIONS,REF_MULTI_LANG,REFERENCE_ITEM,SENSITIVE_COL_NAME,FILE_UPLOAD_PLACE,BUTTON_ACTION,COL_NAME,SAVE_TYPE,AUTO_INPUT,INPUT_ITEM,VIEW_ITEM,UNIQUE_ITEM,REQUIRED_ITEM,AUTOREG_HIDE_ITEM,AUTOREG_ONLY_ITEM,INITIAL_VALUE,VALIDATE_OPTION,VALIDATE_REG_EXP,BEFORE_VALIDATE_REGISTER,AFTER_VALIDATE_REGISTER,DESCRIPTION_JA,DESCRIPTION_EN,NOTE,DISUSE_FLAG,LAST_UPDATE_TIMESTAMP,LAST_UPDATE_USER) VALUES('1010301','10103','メニューID','Menu id','menu_id',NULL,'1',10,NULL,NULL,NULL,NULL,'0',NULL,NULL,NULL,NULL,'MENU_ID',NULL,'1','1','1','1','1','1','0',NULL,NULL,NULL,NULL,NULL,'自動採番のため編集不可。実行処理種別が【登録】の場合、空白のみ可。','Cannot edit because of auto-numbering. Must be blank when execution process type is [Register].',NULL,'0',_____DATE_____,1);
INSERT INTO T_COMN_MENU_COLUMN_LINK_JNL (JOURNAL_SEQ_NO,JOURNAL_REG_DATETIME,JOURNAL_ACTION_CLASS,COLUMN_DEFINITION_ID,MENU_ID,COLUMN_NAME_JA,COLUMN_NAME_EN,COLUMN_NAME_REST,COL_GROUP_ID,COLUMN_CLASS,COLUMN_DISP_SEQ,REF_TABLE_NAME,REF_PKEY_NAME,REF_COL_NAME,REF_SORT_CONDITIONS,REF_MULTI_LANG,REFERENCE_ITEM,SENSITIVE_COL_NAME,FILE_UPLOAD_PLACE,BUTTON_ACTION,COL_NAME,SAVE_TYPE,AUTO_INPUT,INPUT_ITEM,VIEW_ITEM,UNIQUE_ITEM,REQUIRED_ITEM,AUTOREG_HIDE_ITEM,AUTOREG_ONLY_ITEM,INITIAL_VALUE,VALIDATE_OPTION,VALIDATE_REG_EXP,BEFORE_VALIDATE_REGISTER,AFTER_VALIDATE_REGISTER,DESCRIPTION_JA,DESCRIPTION_EN,NOTE,DISUSE_FLAG,LAST_UPDATE_TIMESTAMP,LAST_UPDATE_USER) VALUES(1010301,_____DATE_____,'INSERT','1010301','10103','メニューID','Menu id','menu_id',NULL,'1',10,NULL,NULL,NULL,NULL,'0',NULL,NULL,NULL,NULL,'MENU_ID',NULL,'1','1','1','1','1','1','0',NULL,NULL,NULL,NULL,NULL,'自動採番のため編集不可。実行処理種別が【登録】の場合、空白のみ可。','Cannot edit because of auto-numbering. Must be blank when execution process type is [Register].',NULL,'0',_____DATE_____,1);
INSERT INTO T_COMN_MENU_COLUMN_LINK (COLUMN_DEFINITION_ID,MENU_ID,COLUMN_NAME_JA,COLUMN_NAME_EN,COLUMN_NAME_REST,COL_GROUP_ID,COLUMN_CLASS,COLUMN_DISP_SEQ,REF_TABLE_NAME,REF_PKEY_NAME,REF_COL_NAME,REF_SORT_CONDITIONS,REF_MULTI_LANG,REFERENCE_ITEM,SENSITIVE_COL_NAME,FILE_UPLOAD_PLACE,BUTTON_ACTION,COL_NAME,SAVE_TYPE,AUTO_INPUT,INPUT_ITEM,VIEW_ITEM,UNIQUE_ITEM,REQUIRED_ITEM,AUTOREG_HIDE_ITEM,AUTOREG_ONLY_ITEM,INITIAL_VALUE,VALIDATE_OPTION,VALIDATE_REG_EXP,BEFORE_VALIDATE_REGISTER,AFTER_VALIDATE_REGISTER,DESCRIPTION_JA,DESCRIPTION_EN,NOTE,DISUSE_FLAG,LAST_UPDATE_TIMESTAMP,LAST_UPDATE_USER) VALUES('1010302','10103','メニューグループ','Menu group','menu_group_name',NULL,'7',20,'T_COMN_MENU_GROUP','MENU_GROUP_ID','MENU_GROUP_NAME',NULL,'1',NULL,NULL,NULL,NULL,'MENU_GROUP_ID',NULL,'0','1','1','0','1','1','0',NULL,NULL,NULL,NULL,NULL,'プルダウン選択 必須項目','Pull-down selection  required item',NULL,'0',_____DATE_____,1);
INSERT INTO T_COMN_MENU_COLUMN_LINK_JNL (JOURNAL_SEQ_NO,JOURNAL_REG_DATETIME,JOURNAL_ACTION_CLASS,COLUMN_DEFINITION_ID,MENU_ID,COLUMN_NAME_JA,COLUMN_NAME_EN,COLUMN_NAME_REST,COL_GROUP_ID,COLUMN_CLASS,COLUMN_DISP_SEQ,REF_TABLE_NAME,REF_PKEY_NAME,REF_COL_NAME,REF_SORT_CONDITIONS,REF_MULTI_LANG,REFERENCE_ITEM,SENSITIVE_COL_NAME,FILE_UPLOAD_PLACE,BUTTON_ACTION,COL_NAME,SAVE_TYPE,AUTO_INPUT,INPUT_ITEM,VIEW_ITEM,UNIQUE_ITEM,REQUIRED_ITEM,AUTOREG_HIDE_ITEM,AUTOREG_ONLY_ITEM,INITIAL_VALUE,VALIDATE_OPTION,VALIDATE_REG_EXP,BEFORE_VALIDATE_REGISTER,AFTER_VALIDATE_REGISTER,DESCRIPTION_JA,DESCRIPTION_EN,NOTE,DISUSE_FLAG,LAST_UPDATE_TIMESTAMP,LAST_UPDATE_USER) VALUES(1010302,_____DATE_____,'INSERT','1010302','10103','メニューグループ','Menu group','menu_group_name',NULL,'7',20,'T_COMN_MENU_GROUP','MENU_GROUP_ID','MENU_GROUP_NAME',NULL,'1',NULL,NULL,NULL,NULL,'MENU_GROUP_ID',NULL,'0','1','1','0','1','1','0',NULL,NULL,NULL,NULL,NULL,'プルダウン選択 必須項目','Pull-down selection  required item',NULL,'0',_____DATE_____,1);
INSERT INTO T_COMN_MENU_COLUMN_LINK (COLUMN_DEFINITION_ID,MENU_ID,COLUMN_NAME_JA,COLUMN_NAME_EN,COLUMN_NAME_REST,COL_GROUP_ID,COLUMN_CLASS,COLUMN_DISP_SEQ,REF_TABLE_NAME,REF_PKEY_NAME,REF_COL_NAME,REF_SORT_CONDITIONS,REF_MULTI_LANG,REFERENCE_ITEM,SENSITIVE_COL_NAME,FILE_UPLOAD_PLACE,BUTTON_ACTION,COL_NAME,SAVE_TYPE,AUTO_INPUT,INPUT_ITEM,VIEW_ITEM,UNIQUE_ITEM,REQUIRED_ITEM,AUTOREG_HIDE_ITEM,AUTOREG_ONLY_ITEM,INITIAL_VALUE,VALIDATE_OPTION,VALIDATE_REG_EXP,BEFORE_VALIDATE_REGISTER,AFTER_VALIDATE_REGISTER,DESCRIPTION_JA,DESCRIPTION_EN,NOTE,DISUSE_FLAG,LAST_UPDATE_TIMESTAMP,LAST_UPDATE_USER) VALUES('1010303','10103','メニュー名(ja)','Menu name(ja)','menu_name_ja',NULL,'1',30,NULL,NULL,NULL,NULL,'0',NULL,NULL,NULL,NULL,'MENU_NAME_JA',NULL,'0','1','1','0','1','1','0',NULL,'{
"min_length": 0,
"max_length": 255
}',NULL,NULL,NULL,'日本語のメニュー名です。複数行を許容しない、文字数は1～255バイト、タブと改行は入力不可、必須項目、他レコードとの重複を許容しない。
','Japanese menu name. Multiple lines are not allowed, the number of characters is 1 to 255 bytes, tabs and line breaks cannot be entered, required items, and duplication with other records is not allowed.
',NULL,'0',_____DATE_____,1);
INSERT INTO T_COMN_MENU_COLUMN_LINK_JNL (JOURNAL_SEQ_NO,JOURNAL_REG_DATETIME,JOURNAL_ACTION_CLASS,COLUMN_DEFINITION_ID,MENU_ID,COLUMN_NAME_JA,COLUMN_NAME_EN,COLUMN_NAME_REST,COL_GROUP_ID,COLUMN_CLASS,COLUMN_DISP_SEQ,REF_TABLE_NAME,REF_PKEY_NAME,REF_COL_NAME,REF_SORT_CONDITIONS,REF_MULTI_LANG,REFERENCE_ITEM,SENSITIVE_COL_NAME,FILE_UPLOAD_PLACE,BUTTON_ACTION,COL_NAME,SAVE_TYPE,AUTO_INPUT,INPUT_ITEM,VIEW_ITEM,UNIQUE_ITEM,REQUIRED_ITEM,AUTOREG_HIDE_ITEM,AUTOREG_ONLY_ITEM,INITIAL_VALUE,VALIDATE_OPTION,VALIDATE_REG_EXP,BEFORE_VALIDATE_REGISTER,AFTER_VALIDATE_REGISTER,DESCRIPTION_JA,DESCRIPTION_EN,NOTE,DISUSE_FLAG,LAST_UPDATE_TIMESTAMP,LAST_UPDATE_USER) VALUES(1010303,_____DATE_____,'INSERT','1010303','10103','メニュー名(ja)','Menu name(ja)','menu_name_ja',NULL,'1',30,NULL,NULL,NULL,NULL,'0',NULL,NULL,NULL,NULL,'MENU_NAME_JA',NULL,'0','1','1','0','1','1','0',NULL,'{
"min_length": 0,
"max_length": 255
}',NULL,NULL,NULL,'日本語のメニュー名です。複数行を許容しない、文字数は1～255バイト、タブと改行は入力不可、必須項目、他レコードとの重複を許容しない。
','Japanese menu name. Multiple lines are not allowed, the number of characters is 1 to 255 bytes, tabs and line breaks cannot be entered, required items, and duplication with other records is not allowed.
',NULL,'0',_____DATE_____,1);
INSERT INTO T_COMN_MENU_COLUMN_LINK (COLUMN_DEFINITION_ID,MENU_ID,COLUMN_NAME_JA,COLUMN_NAME_EN,COLUMN_NAME_REST,COL_GROUP_ID,COLUMN_CLASS,COLUMN_DISP_SEQ,REF_TABLE_NAME,REF_PKEY_NAME,REF_COL_NAME,REF_SORT_CONDITIONS,REF_MULTI_LANG,REFERENCE_ITEM,SENSITIVE_COL_NAME,FILE_UPLOAD_PLACE,BUTTON_ACTION,COL_NAME,SAVE_TYPE,AUTO_INPUT,INPUT_ITEM,VIEW_ITEM,UNIQUE_ITEM,REQUIRED_ITEM,AUTOREG_HIDE_ITEM,AUTOREG_ONLY_ITEM,INITIAL_VALUE,VALIDATE_OPTION,VALIDATE_REG_EXP,BEFORE_VALIDATE_REGISTER,AFTER_VALIDATE_REGISTER,DESCRIPTION_JA,DESCRIPTION_EN,NOTE,DISUSE_FLAG,LAST_UPDATE_TIMESTAMP,LAST_UPDATE_USER) VALUES('1010304','10103','メニュー名(en)','Menu name(en)','menu_name_en',NULL,'1',40,NULL,NULL,NULL,NULL,'0',NULL,NULL,NULL,NULL,'MENU_NAME_EN',NULL,'0','1','1','0','1','1','0',NULL,'{
"min_length": 0,
"max_length": 255
}',NULL,NULL,NULL,'英語のメニュー名です。複数行を許容しない, 文字数は1～255バイト、タブと改行は入力不可、必須項目、他レコードとの重複を許容しない
','English menu name. Multiple lines are not allowed, the number of characters is 1 to 255 bytes, tabs and line breaks cannot be entered, required items, and duplication with other records is not allowed.
',NULL,'0',_____DATE_____,1);
INSERT INTO T_COMN_MENU_COLUMN_LINK_JNL (JOURNAL_SEQ_NO,JOURNAL_REG_DATETIME,JOURNAL_ACTION_CLASS,COLUMN_DEFINITION_ID,MENU_ID,COLUMN_NAME_JA,COLUMN_NAME_EN,COLUMN_NAME_REST,COL_GROUP_ID,COLUMN_CLASS,COLUMN_DISP_SEQ,REF_TABLE_NAME,REF_PKEY_NAME,REF_COL_NAME,REF_SORT_CONDITIONS,REF_MULTI_LANG,REFERENCE_ITEM,SENSITIVE_COL_NAME,FILE_UPLOAD_PLACE,BUTTON_ACTION,COL_NAME,SAVE_TYPE,AUTO_INPUT,INPUT_ITEM,VIEW_ITEM,UNIQUE_ITEM,REQUIRED_ITEM,AUTOREG_HIDE_ITEM,AUTOREG_ONLY_ITEM,INITIAL_VALUE,VALIDATE_OPTION,VALIDATE_REG_EXP,BEFORE_VALIDATE_REGISTER,AFTER_VALIDATE_REGISTER,DESCRIPTION_JA,DESCRIPTION_EN,NOTE,DISUSE_FLAG,LAST_UPDATE_TIMESTAMP,LAST_UPDATE_USER) VALUES(1010304,_____DATE_____,'INSERT','1010304','10103','メニュー名(en)','Menu name(en)','menu_name_en',NULL,'1',40,NULL,NULL,NULL,NULL,'0',NULL,NULL,NULL,NULL,'MENU_NAME_EN',NULL,'0','1','1','0','1','1','0',NULL,'{
"min_length": 0,
"max_length": 255
}',NULL,NULL,NULL,'英語のメニュー名です。複数行を許容しない, 文字数は1～255バイト、タブと改行は入力不可、必須項目、他レコードとの重複を許容しない
','English menu name. Multiple lines are not allowed, the number of characters is 1 to 255 bytes, tabs and line breaks cannot be entered, required items, and duplication with other records is not allowed.
',NULL,'0',_____DATE_____,1);
INSERT INTO T_COMN_MENU_COLUMN_LINK (COLUMN_DEFINITION_ID,MENU_ID,COLUMN_NAME_JA,COLUMN_NAME_EN,COLUMN_NAME_REST,COL_GROUP_ID,COLUMN_CLASS,COLUMN_DISP_SEQ,REF_TABLE_NAME,REF_PKEY_NAME,REF_COL_NAME,REF_SORT_CONDITIONS,REF_MULTI_LANG,REFERENCE_ITEM,SENSITIVE_COL_NAME,FILE_UPLOAD_PLACE,BUTTON_ACTION,COL_NAME,SAVE_TYPE,AUTO_INPUT,INPUT_ITEM,VIEW_ITEM,UNIQUE_ITEM,REQUIRED_ITEM,AUTOREG_HIDE_ITEM,AUTOREG_ONLY_ITEM,INITIAL_VALUE,VALIDATE_OPTION,VALIDATE_REG_EXP,BEFORE_VALIDATE_REGISTER,AFTER_VALIDATE_REGISTER,DESCRIPTION_JA,DESCRIPTION_EN,NOTE,DISUSE_FLAG,LAST_UPDATE_TIMESTAMP,LAST_UPDATE_USER) VALUES('1010305','10103','メニュー名(rest)','Menu name(rest)','menu_name_rest',NULL,'1',50,NULL,NULL,NULL,NULL,'0',NULL,NULL,NULL,NULL,'MENU_NAME_REST',NULL,'0','1','1','1','1','1','0',NULL,'{
"min_length": 0,
"max_length": 255
}',NULL,NULL,NULL,'RESTAPI用のメニュー名です。複数行を許容しない, 文字数は1～255バイト、タブと改行は入力不可、必須項目、他レコードとの重複を許容しない
','RESTAPI menu name. Multiple lines are not allowed, the number of characters is 1 to 255 bytes, tabs and line breaks cannot be entered, required items, and duplication with other records is not allowed.
',NULL,'0',_____DATE_____,1);
INSERT INTO T_COMN_MENU_COLUMN_LINK_JNL (JOURNAL_SEQ_NO,JOURNAL_REG_DATETIME,JOURNAL_ACTION_CLASS,COLUMN_DEFINITION_ID,MENU_ID,COLUMN_NAME_JA,COLUMN_NAME_EN,COLUMN_NAME_REST,COL_GROUP_ID,COLUMN_CLASS,COLUMN_DISP_SEQ,REF_TABLE_NAME,REF_PKEY_NAME,REF_COL_NAME,REF_SORT_CONDITIONS,REF_MULTI_LANG,REFERENCE_ITEM,SENSITIVE_COL_NAME,FILE_UPLOAD_PLACE,BUTTON_ACTION,COL_NAME,SAVE_TYPE,AUTO_INPUT,INPUT_ITEM,VIEW_ITEM,UNIQUE_ITEM,REQUIRED_ITEM,AUTOREG_HIDE_ITEM,AUTOREG_ONLY_ITEM,INITIAL_VALUE,VALIDATE_OPTION,VALIDATE_REG_EXP,BEFORE_VALIDATE_REGISTER,AFTER_VALIDATE_REGISTER,DESCRIPTION_JA,DESCRIPTION_EN,NOTE,DISUSE_FLAG,LAST_UPDATE_TIMESTAMP,LAST_UPDATE_USER) VALUES(1010305,_____DATE_____,'INSERT','1010305','10103','メニュー名(rest)','Menu name(rest)','menu_name_rest',NULL,'1',50,NULL,NULL,NULL,NULL,'0',NULL,NULL,NULL,NULL,'MENU_NAME_REST',NULL,'0','1','1','1','1','1','0',NULL,'{
"min_length": 0,
"max_length": 255
}',NULL,NULL,NULL,'RESTAPI用のメニュー名です。複数行を許容しない, 文字数は1～255バイト、タブと改行は入力不可、必須項目、他レコードとの重複を許容しない
','RESTAPI menu name. Multiple lines are not allowed, the number of characters is 1 to 255 bytes, tabs and line breaks cannot be entered, required items, and duplication with other records is not allowed.
',NULL,'0',_____DATE_____,1);
INSERT INTO T_COMN_MENU_COLUMN_LINK (COLUMN_DEFINITION_ID,MENU_ID,COLUMN_NAME_JA,COLUMN_NAME_EN,COLUMN_NAME_REST,COL_GROUP_ID,COLUMN_CLASS,COLUMN_DISP_SEQ,REF_TABLE_NAME,REF_PKEY_NAME,REF_COL_NAME,REF_SORT_CONDITIONS,REF_MULTI_LANG,REFERENCE_ITEM,SENSITIVE_COL_NAME,FILE_UPLOAD_PLACE,BUTTON_ACTION,COL_NAME,SAVE_TYPE,AUTO_INPUT,INPUT_ITEM,VIEW_ITEM,UNIQUE_ITEM,REQUIRED_ITEM,AUTOREG_HIDE_ITEM,AUTOREG_ONLY_ITEM,INITIAL_VALUE,VALIDATE_OPTION,VALIDATE_REG_EXP,BEFORE_VALIDATE_REGISTER,AFTER_VALIDATE_REGISTER,DESCRIPTION_JA,DESCRIPTION_EN,NOTE,DISUSE_FLAG,LAST_UPDATE_TIMESTAMP,LAST_UPDATE_USER) VALUES('1010306','10103','メニューグループ内表示順序','DISP_SEQ','display_order',NULL,'3',60,NULL,NULL,NULL,NULL,'0',NULL,NULL,NULL,NULL,'DISP_SEQ',NULL,'0','1','1','0','1','1','0',NULL,'{
"int_min": 0,
"int_max": 2147483647
}',NULL,NULL,NULL,'数値のみ入力可　
0～2147483647','Only numerical values can be entered
0～2147483647',NULL,'0',_____DATE_____,1);
INSERT INTO T_COMN_MENU_COLUMN_LINK_JNL (JOURNAL_SEQ_NO,JOURNAL_REG_DATETIME,JOURNAL_ACTION_CLASS,COLUMN_DEFINITION_ID,MENU_ID,COLUMN_NAME_JA,COLUMN_NAME_EN,COLUMN_NAME_REST,COL_GROUP_ID,COLUMN_CLASS,COLUMN_DISP_SEQ,REF_TABLE_NAME,REF_PKEY_NAME,REF_COL_NAME,REF_SORT_CONDITIONS,REF_MULTI_LANG,REFERENCE_ITEM,SENSITIVE_COL_NAME,FILE_UPLOAD_PLACE,BUTTON_ACTION,COL_NAME,SAVE_TYPE,AUTO_INPUT,INPUT_ITEM,VIEW_ITEM,UNIQUE_ITEM,REQUIRED_ITEM,AUTOREG_HIDE_ITEM,AUTOREG_ONLY_ITEM,INITIAL_VALUE,VALIDATE_OPTION,VALIDATE_REG_EXP,BEFORE_VALIDATE_REGISTER,AFTER_VALIDATE_REGISTER,DESCRIPTION_JA,DESCRIPTION_EN,NOTE,DISUSE_FLAG,LAST_UPDATE_TIMESTAMP,LAST_UPDATE_USER) VALUES(1010306,_____DATE_____,'INSERT','1010306','10103','メニューグループ内表示順序','DISP_SEQ','display_order',NULL,'3',60,NULL,NULL,NULL,NULL,'0',NULL,NULL,NULL,NULL,'DISP_SEQ',NULL,'0','1','1','0','1','1','0',NULL,'{
"int_min": 0,
"int_max": 2147483647
}',NULL,NULL,NULL,'数値のみ入力可　
0～2147483647','Only numerical values can be entered
0～2147483647',NULL,'0',_____DATE_____,1);
INSERT INTO T_COMN_MENU_COLUMN_LINK (COLUMN_DEFINITION_ID,MENU_ID,COLUMN_NAME_JA,COLUMN_NAME_EN,COLUMN_NAME_REST,COL_GROUP_ID,COLUMN_CLASS,COLUMN_DISP_SEQ,REF_TABLE_NAME,REF_PKEY_NAME,REF_COL_NAME,REF_SORT_CONDITIONS,REF_MULTI_LANG,REFERENCE_ITEM,SENSITIVE_COL_NAME,FILE_UPLOAD_PLACE,BUTTON_ACTION,COL_NAME,SAVE_TYPE,AUTO_INPUT,INPUT_ITEM,VIEW_ITEM,UNIQUE_ITEM,REQUIRED_ITEM,AUTOREG_HIDE_ITEM,AUTOREG_ONLY_ITEM,INITIAL_VALUE,VALIDATE_OPTION,VALIDATE_REG_EXP,BEFORE_VALIDATE_REGISTER,AFTER_VALIDATE_REGISTER,DESCRIPTION_JA,DESCRIPTION_EN,NOTE,DISUSE_FLAG,LAST_UPDATE_TIMESTAMP,LAST_UPDATE_USER) VALUES('1010307','10103','オートフィルタチェック','AUTOFILTER_FLG','autofilter_flg',NULL,'7',70,'T_COMN_BOOLEAN_FLAG','FLAG_ID','FLAG_NAME',NULL,'0',NULL,NULL,NULL,NULL,'AUTOFILTER_FLG',NULL,'0','1','1','0','1','1','0',NULL,NULL,NULL,NULL,NULL,'プルダウン選択 必須項目
True: する
False: しない','Pull-down selection  required item
True: Required
False: Not required',NULL,'0',_____DATE_____,1);
INSERT INTO T_COMN_MENU_COLUMN_LINK_JNL (JOURNAL_SEQ_NO,JOURNAL_REG_DATETIME,JOURNAL_ACTION_CLASS,COLUMN_DEFINITION_ID,MENU_ID,COLUMN_NAME_JA,COLUMN_NAME_EN,COLUMN_NAME_REST,COL_GROUP_ID,COLUMN_CLASS,COLUMN_DISP_SEQ,REF_TABLE_NAME,REF_PKEY_NAME,REF_COL_NAME,REF_SORT_CONDITIONS,REF_MULTI_LANG,REFERENCE_ITEM,SENSITIVE_COL_NAME,FILE_UPLOAD_PLACE,BUTTON_ACTION,COL_NAME,SAVE_TYPE,AUTO_INPUT,INPUT_ITEM,VIEW_ITEM,UNIQUE_ITEM,REQUIRED_ITEM,AUTOREG_HIDE_ITEM,AUTOREG_ONLY_ITEM,INITIAL_VALUE,VALIDATE_OPTION,VALIDATE_REG_EXP,BEFORE_VALIDATE_REGISTER,AFTER_VALIDATE_REGISTER,DESCRIPTION_JA,DESCRIPTION_EN,NOTE,DISUSE_FLAG,LAST_UPDATE_TIMESTAMP,LAST_UPDATE_USER) VALUES(1010307,_____DATE_____,'INSERT','1010307','10103','オートフィルタチェック','AUTOFILTER_FLG','autofilter_flg',NULL,'7',70,'T_COMN_BOOLEAN_FLAG','FLAG_ID','FLAG_NAME',NULL,'0',NULL,NULL,NULL,NULL,'AUTOFILTER_FLG',NULL,'0','1','1','0','1','1','0',NULL,NULL,NULL,NULL,NULL,'プルダウン選択 必須項目
True: する
False: しない','Pull-down selection  required item
True: Required
False: Not required',NULL,'0',_____DATE_____,1);
INSERT INTO T_COMN_MENU_COLUMN_LINK (COLUMN_DEFINITION_ID,MENU_ID,COLUMN_NAME_JA,COLUMN_NAME_EN,COLUMN_NAME_REST,COL_GROUP_ID,COLUMN_CLASS,COLUMN_DISP_SEQ,REF_TABLE_NAME,REF_PKEY_NAME,REF_COL_NAME,REF_SORT_CONDITIONS,REF_MULTI_LANG,REFERENCE_ITEM,SENSITIVE_COL_NAME,FILE_UPLOAD_PLACE,BUTTON_ACTION,COL_NAME,SAVE_TYPE,AUTO_INPUT,INPUT_ITEM,VIEW_ITEM,UNIQUE_ITEM,REQUIRED_ITEM,AUTOREG_HIDE_ITEM,AUTOREG_ONLY_ITEM,INITIAL_VALUE,VALIDATE_OPTION,VALIDATE_REG_EXP,BEFORE_VALIDATE_REGISTER,AFTER_VALIDATE_REGISTER,DESCRIPTION_JA,DESCRIPTION_EN,NOTE,DISUSE_FLAG,LAST_UPDATE_TIMESTAMP,LAST_UPDATE_USER) VALUES('1010308','10103','初回フィルタ','INITIAL_FILTER_FLG','initial_filter_flg',NULL,'7',80,'T_COMN_BOOLEAN_FLAG','FLAG_ID','FLAG_NAME',NULL,'0',NULL,NULL,NULL,NULL,'INITIAL_FILTER_FLG',NULL,'0','1','1','0','1','1','0',NULL,NULL,NULL,NULL,NULL,'プルダウン選択 必須項目
True: する
False: しない','Pull-down selection  required item
True: Required
False: Not required',NULL,'0',_____DATE_____,1);
INSERT INTO T_COMN_MENU_COLUMN_LINK_JNL (JOURNAL_SEQ_NO,JOURNAL_REG_DATETIME,JOURNAL_ACTION_CLASS,COLUMN_DEFINITION_ID,MENU_ID,COLUMN_NAME_JA,COLUMN_NAME_EN,COLUMN_NAME_REST,COL_GROUP_ID,COLUMN_CLASS,COLUMN_DISP_SEQ,REF_TABLE_NAME,REF_PKEY_NAME,REF_COL_NAME,REF_SORT_CONDITIONS,REF_MULTI_LANG,REFERENCE_ITEM,SENSITIVE_COL_NAME,FILE_UPLOAD_PLACE,BUTTON_ACTION,COL_NAME,SAVE_TYPE,AUTO_INPUT,INPUT_ITEM,VIEW_ITEM,UNIQUE_ITEM,REQUIRED_ITEM,AUTOREG_HIDE_ITEM,AUTOREG_ONLY_ITEM,INITIAL_VALUE,VALIDATE_OPTION,VALIDATE_REG_EXP,BEFORE_VALIDATE_REGISTER,AFTER_VALIDATE_REGISTER,DESCRIPTION_JA,DESCRIPTION_EN,NOTE,DISUSE_FLAG,LAST_UPDATE_TIMESTAMP,LAST_UPDATE_USER) VALUES(1010308,_____DATE_____,'INSERT','1010308','10103','初回フィルタ','INITIAL_FILTER_FLG','initial_filter_flg',NULL,'7',80,'T_COMN_BOOLEAN_FLAG','FLAG_ID','FLAG_NAME',NULL,'0',NULL,NULL,NULL,NULL,'INITIAL_FILTER_FLG',NULL,'0','1','1','0','1','1','0',NULL,NULL,NULL,NULL,NULL,'プルダウン選択 必須項目
True: する
False: しない','Pull-down selection  required item
True: Required
False: Not required',NULL,'0',_____DATE_____,1);
INSERT INTO T_COMN_MENU_COLUMN_LINK (COLUMN_DEFINITION_ID,MENU_ID,COLUMN_NAME_JA,COLUMN_NAME_EN,COLUMN_NAME_REST,COL_GROUP_ID,COLUMN_CLASS,COLUMN_DISP_SEQ,REF_TABLE_NAME,REF_PKEY_NAME,REF_COL_NAME,REF_SORT_CONDITIONS,REF_MULTI_LANG,REFERENCE_ITEM,SENSITIVE_COL_NAME,FILE_UPLOAD_PLACE,BUTTON_ACTION,COL_NAME,SAVE_TYPE,AUTO_INPUT,INPUT_ITEM,VIEW_ITEM,UNIQUE_ITEM,REQUIRED_ITEM,AUTOREG_HIDE_ITEM,AUTOREG_ONLY_ITEM,INITIAL_VALUE,VALIDATE_OPTION,VALIDATE_REG_EXP,BEFORE_VALIDATE_REGISTER,AFTER_VALIDATE_REGISTER,DESCRIPTION_JA,DESCRIPTION_EN,NOTE,DISUSE_FLAG,LAST_UPDATE_TIMESTAMP,LAST_UPDATE_USER) VALUES('1010309','10103','Web表示最大行数','WEB_PRINT_LIMIT','web_print_limit',NULL,'3',90,NULL,NULL,NULL,NULL,'0',NULL,NULL,NULL,NULL,'WEB_PRINT_LIMIT',NULL,'0','1','1','0','0','1','0',NULL,'{
"int_min": 0,
"int_max": 2147483647
}',NULL,NULL,NULL,'数値のみ入力可　
0～2147483647','Only numerical values can be entered
0～2147483647',NULL,'0',_____DATE_____,1);
INSERT INTO T_COMN_MENU_COLUMN_LINK_JNL (JOURNAL_SEQ_NO,JOURNAL_REG_DATETIME,JOURNAL_ACTION_CLASS,COLUMN_DEFINITION_ID,MENU_ID,COLUMN_NAME_JA,COLUMN_NAME_EN,COLUMN_NAME_REST,COL_GROUP_ID,COLUMN_CLASS,COLUMN_DISP_SEQ,REF_TABLE_NAME,REF_PKEY_NAME,REF_COL_NAME,REF_SORT_CONDITIONS,REF_MULTI_LANG,REFERENCE_ITEM,SENSITIVE_COL_NAME,FILE_UPLOAD_PLACE,BUTTON_ACTION,COL_NAME,SAVE_TYPE,AUTO_INPUT,INPUT_ITEM,VIEW_ITEM,UNIQUE_ITEM,REQUIRED_ITEM,AUTOREG_HIDE_ITEM,AUTOREG_ONLY_ITEM,INITIAL_VALUE,VALIDATE_OPTION,VALIDATE_REG_EXP,BEFORE_VALIDATE_REGISTER,AFTER_VALIDATE_REGISTER,DESCRIPTION_JA,DESCRIPTION_EN,NOTE,DISUSE_FLAG,LAST_UPDATE_TIMESTAMP,LAST_UPDATE_USER) VALUES(1010309,_____DATE_____,'INSERT','1010309','10103','Web表示最大行数','WEB_PRINT_LIMIT','web_print_limit',NULL,'3',90,NULL,NULL,NULL,NULL,'0',NULL,NULL,NULL,NULL,'WEB_PRINT_LIMIT',NULL,'0','1','1','0','0','1','0',NULL,'{
"int_min": 0,
"int_max": 2147483647
}',NULL,NULL,NULL,'数値のみ入力可　
0～2147483647','Only numerical values can be entered
0～2147483647',NULL,'0',_____DATE_____,1);
INSERT INTO T_COMN_MENU_COLUMN_LINK (COLUMN_DEFINITION_ID,MENU_ID,COLUMN_NAME_JA,COLUMN_NAME_EN,COLUMN_NAME_REST,COL_GROUP_ID,COLUMN_CLASS,COLUMN_DISP_SEQ,REF_TABLE_NAME,REF_PKEY_NAME,REF_COL_NAME,REF_SORT_CONDITIONS,REF_MULTI_LANG,REFERENCE_ITEM,SENSITIVE_COL_NAME,FILE_UPLOAD_PLACE,BUTTON_ACTION,COL_NAME,SAVE_TYPE,AUTO_INPUT,INPUT_ITEM,VIEW_ITEM,UNIQUE_ITEM,REQUIRED_ITEM,AUTOREG_HIDE_ITEM,AUTOREG_ONLY_ITEM,INITIAL_VALUE,VALIDATE_OPTION,VALIDATE_REG_EXP,BEFORE_VALIDATE_REGISTER,AFTER_VALIDATE_REGISTER,DESCRIPTION_JA,DESCRIPTION_EN,NOTE,DISUSE_FLAG,LAST_UPDATE_TIMESTAMP,LAST_UPDATE_USER) VALUES('1010310','10103','Web表示前確認行数','WEB_PRINT_CONFIRM','web_print_confirm',NULL,'3',100,NULL,NULL,NULL,NULL,'0',NULL,NULL,NULL,NULL,'WEB_PRINT_CONFIRM',NULL,'0','1','1','0','0','1','0',NULL,'{
"int_min": 0,
"int_max": 2147483647
}',NULL,NULL,NULL,'数値のみ入力可　
0～2147483647','Only numerical values can be entered
0～2147483647',NULL,'0',_____DATE_____,1);
INSERT INTO T_COMN_MENU_COLUMN_LINK_JNL (JOURNAL_SEQ_NO,JOURNAL_REG_DATETIME,JOURNAL_ACTION_CLASS,COLUMN_DEFINITION_ID,MENU_ID,COLUMN_NAME_JA,COLUMN_NAME_EN,COLUMN_NAME_REST,COL_GROUP_ID,COLUMN_CLASS,COLUMN_DISP_SEQ,REF_TABLE_NAME,REF_PKEY_NAME,REF_COL_NAME,REF_SORT_CONDITIONS,REF_MULTI_LANG,REFERENCE_ITEM,SENSITIVE_COL_NAME,FILE_UPLOAD_PLACE,BUTTON_ACTION,COL_NAME,SAVE_TYPE,AUTO_INPUT,INPUT_ITEM,VIEW_ITEM,UNIQUE_ITEM,REQUIRED_ITEM,AUTOREG_HIDE_ITEM,AUTOREG_ONLY_ITEM,INITIAL_VALUE,VALIDATE_OPTION,VALIDATE_REG_EXP,BEFORE_VALIDATE_REGISTER,AFTER_VALIDATE_REGISTER,DESCRIPTION_JA,DESCRIPTION_EN,NOTE,DISUSE_FLAG,LAST_UPDATE_TIMESTAMP,LAST_UPDATE_USER) VALUES(1010310,_____DATE_____,'INSERT','1010310','10103','Web表示前確認行数','WEB_PRINT_CONFIRM','web_print_confirm',NULL,'3',100,NULL,NULL,NULL,NULL,'0',NULL,NULL,NULL,NULL,'WEB_PRINT_CONFIRM',NULL,'0','1','1','0','0','1','0',NULL,'{
"int_min": 0,
"int_max": 2147483647
}',NULL,NULL,NULL,'数値のみ入力可　
0～2147483647','Only numerical values can be entered
0～2147483647',NULL,'0',_____DATE_____,1);
INSERT INTO T_COMN_MENU_COLUMN_LINK (COLUMN_DEFINITION_ID,MENU_ID,COLUMN_NAME_JA,COLUMN_NAME_EN,COLUMN_NAME_REST,COL_GROUP_ID,COLUMN_CLASS,COLUMN_DISP_SEQ,REF_TABLE_NAME,REF_PKEY_NAME,REF_COL_NAME,REF_SORT_CONDITIONS,REF_MULTI_LANG,REFERENCE_ITEM,SENSITIVE_COL_NAME,FILE_UPLOAD_PLACE,BUTTON_ACTION,COL_NAME,SAVE_TYPE,AUTO_INPUT,INPUT_ITEM,VIEW_ITEM,UNIQUE_ITEM,REQUIRED_ITEM,AUTOREG_HIDE_ITEM,AUTOREG_ONLY_ITEM,INITIAL_VALUE,VALIDATE_OPTION,VALIDATE_REG_EXP,BEFORE_VALIDATE_REGISTER,AFTER_VALIDATE_REGISTER,DESCRIPTION_JA,DESCRIPTION_EN,NOTE,DISUSE_FLAG,LAST_UPDATE_TIMESTAMP,LAST_UPDATE_USER) VALUES('1010311','10103','Excel出力最大行数','XLS_PRINT_LIMIT','xls_print_limit',NULL,'3',110,NULL,NULL,NULL,NULL,'0',NULL,NULL,NULL,NULL,'XLS_PRINT_LIMIT',NULL,'0','1','1','0','0','1','0',NULL,'{
"int_min": 0,
"int_max": 1048576
}',NULL,NULL,NULL,'数値のみ入力可　
0～1048576','Only numerical values can be entered
0～1048576',NULL,'0',_____DATE_____,1);
INSERT INTO T_COMN_MENU_COLUMN_LINK_JNL (JOURNAL_SEQ_NO,JOURNAL_REG_DATETIME,JOURNAL_ACTION_CLASS,COLUMN_DEFINITION_ID,MENU_ID,COLUMN_NAME_JA,COLUMN_NAME_EN,COLUMN_NAME_REST,COL_GROUP_ID,COLUMN_CLASS,COLUMN_DISP_SEQ,REF_TABLE_NAME,REF_PKEY_NAME,REF_COL_NAME,REF_SORT_CONDITIONS,REF_MULTI_LANG,REFERENCE_ITEM,SENSITIVE_COL_NAME,FILE_UPLOAD_PLACE,BUTTON_ACTION,COL_NAME,SAVE_TYPE,AUTO_INPUT,INPUT_ITEM,VIEW_ITEM,UNIQUE_ITEM,REQUIRED_ITEM,AUTOREG_HIDE_ITEM,AUTOREG_ONLY_ITEM,INITIAL_VALUE,VALIDATE_OPTION,VALIDATE_REG_EXP,BEFORE_VALIDATE_REGISTER,AFTER_VALIDATE_REGISTER,DESCRIPTION_JA,DESCRIPTION_EN,NOTE,DISUSE_FLAG,LAST_UPDATE_TIMESTAMP,LAST_UPDATE_USER) VALUES(1010311,_____DATE_____,'INSERT','1010311','10103','Excel出力最大行数','XLS_PRINT_LIMIT','xls_print_limit',NULL,'3',110,NULL,NULL,NULL,NULL,'0',NULL,NULL,NULL,NULL,'XLS_PRINT_LIMIT',NULL,'0','1','1','0','0','1','0',NULL,'{
"int_min": 0,
"int_max": 1048576
}',NULL,NULL,NULL,'数値のみ入力可　
0～1048576','Only numerical values can be entered
0～1048576',NULL,'0',_____DATE_____,1);
INSERT INTO T_COMN_MENU_COLUMN_LINK (COLUMN_DEFINITION_ID,MENU_ID,COLUMN_NAME_JA,COLUMN_NAME_EN,COLUMN_NAME_REST,COL_GROUP_ID,COLUMN_CLASS,COLUMN_DISP_SEQ,REF_TABLE_NAME,REF_PKEY_NAME,REF_COL_NAME,REF_SORT_CONDITIONS,REF_MULTI_LANG,REFERENCE_ITEM,SENSITIVE_COL_NAME,FILE_UPLOAD_PLACE,BUTTON_ACTION,COL_NAME,SAVE_TYPE,AUTO_INPUT,INPUT_ITEM,VIEW_ITEM,UNIQUE_ITEM,REQUIRED_ITEM,AUTOREG_HIDE_ITEM,AUTOREG_ONLY_ITEM,INITIAL_VALUE,VALIDATE_OPTION,VALIDATE_REG_EXP,BEFORE_VALIDATE_REGISTER,AFTER_VALIDATE_REGISTER,DESCRIPTION_JA,DESCRIPTION_EN,NOTE,DISUSE_FLAG,LAST_UPDATE_TIMESTAMP,LAST_UPDATE_USER) VALUES('1010312','10103','ソートキー','SORT_KEY','sort_key',NULL,'2',120,NULL,NULL,NULL,NULL,'0',NULL,NULL,NULL,NULL,'SORT_KEY',NULL,'0','1','1','0','0','1','0',NULL,'{
"min_length": 0,
"max_length": 4000
}',NULL,NULL,NULL,'最大文字数4000バイト','Maximum number of characters 4000 bytes',NULL,'0',_____DATE_____,1);
INSERT INTO T_COMN_MENU_COLUMN_LINK_JNL (JOURNAL_SEQ_NO,JOURNAL_REG_DATETIME,JOURNAL_ACTION_CLASS,COLUMN_DEFINITION_ID,MENU_ID,COLUMN_NAME_JA,COLUMN_NAME_EN,COLUMN_NAME_REST,COL_GROUP_ID,COLUMN_CLASS,COLUMN_DISP_SEQ,REF_TABLE_NAME,REF_PKEY_NAME,REF_COL_NAME,REF_SORT_CONDITIONS,REF_MULTI_LANG,REFERENCE_ITEM,SENSITIVE_COL_NAME,FILE_UPLOAD_PLACE,BUTTON_ACTION,COL_NAME,SAVE_TYPE,AUTO_INPUT,INPUT_ITEM,VIEW_ITEM,UNIQUE_ITEM,REQUIRED_ITEM,AUTOREG_HIDE_ITEM,AUTOREG_ONLY_ITEM,INITIAL_VALUE,VALIDATE_OPTION,VALIDATE_REG_EXP,BEFORE_VALIDATE_REGISTER,AFTER_VALIDATE_REGISTER,DESCRIPTION_JA,DESCRIPTION_EN,NOTE,DISUSE_FLAG,LAST_UPDATE_TIMESTAMP,LAST_UPDATE_USER) VALUES(1010312,_____DATE_____,'INSERT','1010312','10103','ソートキー','SORT_KEY','sort_key',NULL,'2',120,NULL,NULL,NULL,NULL,'0',NULL,NULL,NULL,NULL,'SORT_KEY',NULL,'0','1','1','0','0','1','0',NULL,'{
"min_length": 0,
"max_length": 4000
}',NULL,NULL,NULL,'最大文字数4000バイト','Maximum number of characters 4000 bytes',NULL,'0',_____DATE_____,1);
INSERT INTO T_COMN_MENU_COLUMN_LINK (COLUMN_DEFINITION_ID,MENU_ID,COLUMN_NAME_JA,COLUMN_NAME_EN,COLUMN_NAME_REST,COL_GROUP_ID,COLUMN_CLASS,COLUMN_DISP_SEQ,REF_TABLE_NAME,REF_PKEY_NAME,REF_COL_NAME,REF_SORT_CONDITIONS,REF_MULTI_LANG,REFERENCE_ITEM,SENSITIVE_COL_NAME,FILE_UPLOAD_PLACE,BUTTON_ACTION,COL_NAME,SAVE_TYPE,AUTO_INPUT,INPUT_ITEM,VIEW_ITEM,UNIQUE_ITEM,REQUIRED_ITEM,AUTOREG_HIDE_ITEM,AUTOREG_ONLY_ITEM,INITIAL_VALUE,VALIDATE_OPTION,VALIDATE_REG_EXP,BEFORE_VALIDATE_REGISTER,AFTER_VALIDATE_REGISTER,DESCRIPTION_JA,DESCRIPTION_EN,NOTE,DISUSE_FLAG,LAST_UPDATE_TIMESTAMP,LAST_UPDATE_USER) VALUES('1010313','10103','備考','Remarks','remarks',NULL,'12',130,NULL,NULL,NULL,NULL,'0',NULL,NULL,NULL,NULL,'NOTE',NULL,'0','1','1','0','0','1','0',NULL,'{
"min_length": 0,
"max_length": 4000
}',NULL,NULL,NULL,'自由記述欄。レコードの廃止・復活時にも記載可能。','Comments section. Can comment when removing or restoring records.',NULL,'0',_____DATE_____,1);
INSERT INTO T_COMN_MENU_COLUMN_LINK_JNL (JOURNAL_SEQ_NO,JOURNAL_REG_DATETIME,JOURNAL_ACTION_CLASS,COLUMN_DEFINITION_ID,MENU_ID,COLUMN_NAME_JA,COLUMN_NAME_EN,COLUMN_NAME_REST,COL_GROUP_ID,COLUMN_CLASS,COLUMN_DISP_SEQ,REF_TABLE_NAME,REF_PKEY_NAME,REF_COL_NAME,REF_SORT_CONDITIONS,REF_MULTI_LANG,REFERENCE_ITEM,SENSITIVE_COL_NAME,FILE_UPLOAD_PLACE,BUTTON_ACTION,COL_NAME,SAVE_TYPE,AUTO_INPUT,INPUT_ITEM,VIEW_ITEM,UNIQUE_ITEM,REQUIRED_ITEM,AUTOREG_HIDE_ITEM,AUTOREG_ONLY_ITEM,INITIAL_VALUE,VALIDATE_OPTION,VALIDATE_REG_EXP,BEFORE_VALIDATE_REGISTER,AFTER_VALIDATE_REGISTER,DESCRIPTION_JA,DESCRIPTION_EN,NOTE,DISUSE_FLAG,LAST_UPDATE_TIMESTAMP,LAST_UPDATE_USER) VALUES(1010313,_____DATE_____,'INSERT','1010313','10103','備考','Remarks','remarks',NULL,'12',130,NULL,NULL,NULL,NULL,'0',NULL,NULL,NULL,NULL,'NOTE',NULL,'0','1','1','0','0','1','0',NULL,'{
"min_length": 0,
"max_length": 4000
}',NULL,NULL,NULL,'自由記述欄。レコードの廃止・復活時にも記載可能。','Comments section. Can comment when removing or restoring records.',NULL,'0',_____DATE_____,1);
INSERT INTO T_COMN_MENU_COLUMN_LINK (COLUMN_DEFINITION_ID,MENU_ID,COLUMN_NAME_JA,COLUMN_NAME_EN,COLUMN_NAME_REST,COL_GROUP_ID,COLUMN_CLASS,COLUMN_DISP_SEQ,REF_TABLE_NAME,REF_PKEY_NAME,REF_COL_NAME,REF_SORT_CONDITIONS,REF_MULTI_LANG,REFERENCE_ITEM,SENSITIVE_COL_NAME,FILE_UPLOAD_PLACE,BUTTON_ACTION,COL_NAME,SAVE_TYPE,AUTO_INPUT,INPUT_ITEM,VIEW_ITEM,UNIQUE_ITEM,REQUIRED_ITEM,AUTOREG_HIDE_ITEM,AUTOREG_ONLY_ITEM,INITIAL_VALUE,VALIDATE_OPTION,VALIDATE_REG_EXP,BEFORE_VALIDATE_REGISTER,AFTER_VALIDATE_REGISTER,DESCRIPTION_JA,DESCRIPTION_EN,NOTE,DISUSE_FLAG,LAST_UPDATE_TIMESTAMP,LAST_UPDATE_USER) VALUES('1010314','10103','廃止フラグ','Discard','discard',NULL,'1',140,NULL,NULL,NULL,NULL,'0',NULL,NULL,NULL,NULL,'DISUSE_FLAG',NULL,'1','1','1','0','1','1','0',NULL,NULL,NULL,NULL,NULL,'廃止フラグ。復活以外のオペレーションは不可','Discard flag. Cannot do operation other than restore.',NULL,'0',_____DATE_____,1);
INSERT INTO T_COMN_MENU_COLUMN_LINK_JNL (JOURNAL_SEQ_NO,JOURNAL_REG_DATETIME,JOURNAL_ACTION_CLASS,COLUMN_DEFINITION_ID,MENU_ID,COLUMN_NAME_JA,COLUMN_NAME_EN,COLUMN_NAME_REST,COL_GROUP_ID,COLUMN_CLASS,COLUMN_DISP_SEQ,REF_TABLE_NAME,REF_PKEY_NAME,REF_COL_NAME,REF_SORT_CONDITIONS,REF_MULTI_LANG,REFERENCE_ITEM,SENSITIVE_COL_NAME,FILE_UPLOAD_PLACE,BUTTON_ACTION,COL_NAME,SAVE_TYPE,AUTO_INPUT,INPUT_ITEM,VIEW_ITEM,UNIQUE_ITEM,REQUIRED_ITEM,AUTOREG_HIDE_ITEM,AUTOREG_ONLY_ITEM,INITIAL_VALUE,VALIDATE_OPTION,VALIDATE_REG_EXP,BEFORE_VALIDATE_REGISTER,AFTER_VALIDATE_REGISTER,DESCRIPTION_JA,DESCRIPTION_EN,NOTE,DISUSE_FLAG,LAST_UPDATE_TIMESTAMP,LAST_UPDATE_USER) VALUES(1010314,_____DATE_____,'INSERT','1010314','10103','廃止フラグ','Discard','discard',NULL,'1',140,NULL,NULL,NULL,NULL,'0',NULL,NULL,NULL,NULL,'DISUSE_FLAG',NULL,'1','1','1','0','1','1','0',NULL,NULL,NULL,NULL,NULL,'廃止フラグ。復活以外のオペレーションは不可','Discard flag. Cannot do operation other than restore.',NULL,'0',_____DATE_____,1);
INSERT INTO T_COMN_MENU_COLUMN_LINK (COLUMN_DEFINITION_ID,MENU_ID,COLUMN_NAME_JA,COLUMN_NAME_EN,COLUMN_NAME_REST,COL_GROUP_ID,COLUMN_CLASS,COLUMN_DISP_SEQ,REF_TABLE_NAME,REF_PKEY_NAME,REF_COL_NAME,REF_SORT_CONDITIONS,REF_MULTI_LANG,REFERENCE_ITEM,SENSITIVE_COL_NAME,FILE_UPLOAD_PLACE,BUTTON_ACTION,COL_NAME,SAVE_TYPE,AUTO_INPUT,INPUT_ITEM,VIEW_ITEM,UNIQUE_ITEM,REQUIRED_ITEM,AUTOREG_HIDE_ITEM,AUTOREG_ONLY_ITEM,INITIAL_VALUE,VALIDATE_OPTION,VALIDATE_REG_EXP,BEFORE_VALIDATE_REGISTER,AFTER_VALIDATE_REGISTER,DESCRIPTION_JA,DESCRIPTION_EN,NOTE,DISUSE_FLAG,LAST_UPDATE_TIMESTAMP,LAST_UPDATE_USER) VALUES('1010315','10103','最終更新日時','Last update date/time','last_update_date_time',NULL,'13',150,NULL,NULL,NULL,NULL,'0',NULL,NULL,NULL,NULL,'LAST_UPDATE_TIMESTAMP',NULL,'1','0','1','0','1','1','0',NULL,NULL,NULL,NULL,NULL,'レコードの最終更新日。自動登録のため編集不可。','Last update date of record. Cannot edit because of auto-registration.',NULL,'0',_____DATE_____,1);
INSERT INTO T_COMN_MENU_COLUMN_LINK_JNL (JOURNAL_SEQ_NO,JOURNAL_REG_DATETIME,JOURNAL_ACTION_CLASS,COLUMN_DEFINITION_ID,MENU_ID,COLUMN_NAME_JA,COLUMN_NAME_EN,COLUMN_NAME_REST,COL_GROUP_ID,COLUMN_CLASS,COLUMN_DISP_SEQ,REF_TABLE_NAME,REF_PKEY_NAME,REF_COL_NAME,REF_SORT_CONDITIONS,REF_MULTI_LANG,REFERENCE_ITEM,SENSITIVE_COL_NAME,FILE_UPLOAD_PLACE,BUTTON_ACTION,COL_NAME,SAVE_TYPE,AUTO_INPUT,INPUT_ITEM,VIEW_ITEM,UNIQUE_ITEM,REQUIRED_ITEM,AUTOREG_HIDE_ITEM,AUTOREG_ONLY_ITEM,INITIAL_VALUE,VALIDATE_OPTION,VALIDATE_REG_EXP,BEFORE_VALIDATE_REGISTER,AFTER_VALIDATE_REGISTER,DESCRIPTION_JA,DESCRIPTION_EN,NOTE,DISUSE_FLAG,LAST_UPDATE_TIMESTAMP,LAST_UPDATE_USER) VALUES(1010315,_____DATE_____,'INSERT','1010315','10103','最終更新日時','Last update date/time','last_update_date_time',NULL,'13',150,NULL,NULL,NULL,NULL,'0',NULL,NULL,NULL,NULL,'LAST_UPDATE_TIMESTAMP',NULL,'1','0','1','0','1','1','0',NULL,NULL,NULL,NULL,NULL,'レコードの最終更新日。自動登録のため編集不可。','Last update date of record. Cannot edit because of auto-registration.',NULL,'0',_____DATE_____,1);
INSERT INTO T_COMN_MENU_COLUMN_LINK (COLUMN_DEFINITION_ID,MENU_ID,COLUMN_NAME_JA,COLUMN_NAME_EN,COLUMN_NAME_REST,COL_GROUP_ID,COLUMN_CLASS,COLUMN_DISP_SEQ,REF_TABLE_NAME,REF_PKEY_NAME,REF_COL_NAME,REF_SORT_CONDITIONS,REF_MULTI_LANG,REFERENCE_ITEM,SENSITIVE_COL_NAME,FILE_UPLOAD_PLACE,BUTTON_ACTION,COL_NAME,SAVE_TYPE,AUTO_INPUT,INPUT_ITEM,VIEW_ITEM,UNIQUE_ITEM,REQUIRED_ITEM,AUTOREG_HIDE_ITEM,AUTOREG_ONLY_ITEM,INITIAL_VALUE,VALIDATE_OPTION,VALIDATE_REG_EXP,BEFORE_VALIDATE_REGISTER,AFTER_VALIDATE_REGISTER,DESCRIPTION_JA,DESCRIPTION_EN,NOTE,DISUSE_FLAG,LAST_UPDATE_TIMESTAMP,LAST_UPDATE_USER) VALUES('1010316','10103','最終更新者','Last updated by','last_updated_user',NULL,'14',160,NULL,NULL,NULL,NULL,'0',NULL,NULL,NULL,NULL,'LAST_UPDATE_USER',NULL,'1','0','1','0','1','1','0',NULL,NULL,NULL,NULL,NULL,'更新者。ログインユーザのIDが自動的に登録される。編集不可。','Updated by. Login user ID is automatically registered. Cannot edit.',NULL,'0',_____DATE_____,1);
INSERT INTO T_COMN_MENU_COLUMN_LINK_JNL (JOURNAL_SEQ_NO,JOURNAL_REG_DATETIME,JOURNAL_ACTION_CLASS,COLUMN_DEFINITION_ID,MENU_ID,COLUMN_NAME_JA,COLUMN_NAME_EN,COLUMN_NAME_REST,COL_GROUP_ID,COLUMN_CLASS,COLUMN_DISP_SEQ,REF_TABLE_NAME,REF_PKEY_NAME,REF_COL_NAME,REF_SORT_CONDITIONS,REF_MULTI_LANG,REFERENCE_ITEM,SENSITIVE_COL_NAME,FILE_UPLOAD_PLACE,BUTTON_ACTION,COL_NAME,SAVE_TYPE,AUTO_INPUT,INPUT_ITEM,VIEW_ITEM,UNIQUE_ITEM,REQUIRED_ITEM,AUTOREG_HIDE_ITEM,AUTOREG_ONLY_ITEM,INITIAL_VALUE,VALIDATE_OPTION,VALIDATE_REG_EXP,BEFORE_VALIDATE_REGISTER,AFTER_VALIDATE_REGISTER,DESCRIPTION_JA,DESCRIPTION_EN,NOTE,DISUSE_FLAG,LAST_UPDATE_TIMESTAMP,LAST_UPDATE_USER) VALUES(1010316,_____DATE_____,'INSERT','1010316','10103','最終更新者','Last updated by','last_updated_user',NULL,'14',160,NULL,NULL,NULL,NULL,'0',NULL,NULL,NULL,NULL,'LAST_UPDATE_USER',NULL,'1','0','1','0','1','1','0',NULL,NULL,NULL,NULL,NULL,'更新者。ログインユーザのIDが自動的に登録される。編集不可。','Updated by. Login user ID is automatically registered. Cannot edit.',NULL,'0',_____DATE_____,1);
INSERT INTO T_COMN_MENU_COLUMN_LINK (COLUMN_DEFINITION_ID,MENU_ID,COLUMN_NAME_JA,COLUMN_NAME_EN,COLUMN_NAME_REST,COL_GROUP_ID,COLUMN_CLASS,COLUMN_DISP_SEQ,REF_TABLE_NAME,REF_PKEY_NAME,REF_COL_NAME,REF_SORT_CONDITIONS,REF_MULTI_LANG,REFERENCE_ITEM,SENSITIVE_COL_NAME,FILE_UPLOAD_PLACE,BUTTON_ACTION,COL_NAME,SAVE_TYPE,AUTO_INPUT,INPUT_ITEM,VIEW_ITEM,UNIQUE_ITEM,REQUIRED_ITEM,AUTOREG_HIDE_ITEM,AUTOREG_ONLY_ITEM,INITIAL_VALUE,VALIDATE_OPTION,VALIDATE_REG_EXP,BEFORE_VALIDATE_REGISTER,AFTER_VALIDATE_REGISTER,DESCRIPTION_JA,DESCRIPTION_EN,NOTE,DISUSE_FLAG,LAST_UPDATE_TIMESTAMP,LAST_UPDATE_USER) VALUES('1010401','10104','UUID','UUID','uuid',NULL,'1',10,NULL,NULL,NULL,NULL,'0',NULL,NULL,NULL,NULL,'LINK_ID',NULL,'1','1','1','1','1','1','0',NULL,NULL,NULL,NULL,NULL,'自動採番のため編集不可。実行処理種別が【登録】の場合、空白のみ可。','Cannot edit because of auto-numbering. Must be blank when execution process type is [Register].',NULL,'0',_____DATE_____,1);
INSERT INTO T_COMN_MENU_COLUMN_LINK_JNL (JOURNAL_SEQ_NO,JOURNAL_REG_DATETIME,JOURNAL_ACTION_CLASS,COLUMN_DEFINITION_ID,MENU_ID,COLUMN_NAME_JA,COLUMN_NAME_EN,COLUMN_NAME_REST,COL_GROUP_ID,COLUMN_CLASS,COLUMN_DISP_SEQ,REF_TABLE_NAME,REF_PKEY_NAME,REF_COL_NAME,REF_SORT_CONDITIONS,REF_MULTI_LANG,REFERENCE_ITEM,SENSITIVE_COL_NAME,FILE_UPLOAD_PLACE,BUTTON_ACTION,COL_NAME,SAVE_TYPE,AUTO_INPUT,INPUT_ITEM,VIEW_ITEM,UNIQUE_ITEM,REQUIRED_ITEM,AUTOREG_HIDE_ITEM,AUTOREG_ONLY_ITEM,INITIAL_VALUE,VALIDATE_OPTION,VALIDATE_REG_EXP,BEFORE_VALIDATE_REGISTER,AFTER_VALIDATE_REGISTER,DESCRIPTION_JA,DESCRIPTION_EN,NOTE,DISUSE_FLAG,LAST_UPDATE_TIMESTAMP,LAST_UPDATE_USER) VALUES(1010401,_____DATE_____,'INSERT','1010401','10104','UUID','UUID','uuid',NULL,'1',10,NULL,NULL,NULL,NULL,'0',NULL,NULL,NULL,NULL,'LINK_ID',NULL,'1','1','1','1','1','1','0',NULL,NULL,NULL,NULL,NULL,'自動採番のため編集不可。実行処理種別が【登録】の場合、空白のみ可。','Cannot edit because of auto-numbering. Must be blank when execution process type is [Register].',NULL,'0',_____DATE_____,1);
INSERT INTO T_COMN_MENU_COLUMN_LINK (COLUMN_DEFINITION_ID,MENU_ID,COLUMN_NAME_JA,COLUMN_NAME_EN,COLUMN_NAME_REST,COL_GROUP_ID,COLUMN_CLASS,COLUMN_DISP_SEQ,REF_TABLE_NAME,REF_PKEY_NAME,REF_COL_NAME,REF_SORT_CONDITIONS,REF_MULTI_LANG,REFERENCE_ITEM,SENSITIVE_COL_NAME,FILE_UPLOAD_PLACE,BUTTON_ACTION,COL_NAME,SAVE_TYPE,AUTO_INPUT,INPUT_ITEM,VIEW_ITEM,UNIQUE_ITEM,REQUIRED_ITEM,AUTOREG_HIDE_ITEM,AUTOREG_ONLY_ITEM,INITIAL_VALUE,VALIDATE_OPTION,VALIDATE_REG_EXP,BEFORE_VALIDATE_REGISTER,AFTER_VALIDATE_REGISTER,DESCRIPTION_JA,DESCRIPTION_EN,NOTE,DISUSE_FLAG,LAST_UPDATE_TIMESTAMP,LAST_UPDATE_USER) VALUES('1010402','10104','ロール','Role name','role_name',NULL,'18',20,NULL,NULL,NULL,NULL,'0',NULL,NULL,NULL,NULL,'ROLE_ID',NULL,'0','1','1','0','1','1','0',NULL,NULL,NULL,NULL,NULL,'プルダウン選択 必須項目','Pull-down selection  required item',NULL,'0',_____DATE_____,1);
INSERT INTO T_COMN_MENU_COLUMN_LINK_JNL (JOURNAL_SEQ_NO,JOURNAL_REG_DATETIME,JOURNAL_ACTION_CLASS,COLUMN_DEFINITION_ID,MENU_ID,COLUMN_NAME_JA,COLUMN_NAME_EN,COLUMN_NAME_REST,COL_GROUP_ID,COLUMN_CLASS,COLUMN_DISP_SEQ,REF_TABLE_NAME,REF_PKEY_NAME,REF_COL_NAME,REF_SORT_CONDITIONS,REF_MULTI_LANG,REFERENCE_ITEM,SENSITIVE_COL_NAME,FILE_UPLOAD_PLACE,BUTTON_ACTION,COL_NAME,SAVE_TYPE,AUTO_INPUT,INPUT_ITEM,VIEW_ITEM,UNIQUE_ITEM,REQUIRED_ITEM,AUTOREG_HIDE_ITEM,AUTOREG_ONLY_ITEM,INITIAL_VALUE,VALIDATE_OPTION,VALIDATE_REG_EXP,BEFORE_VALIDATE_REGISTER,AFTER_VALIDATE_REGISTER,DESCRIPTION_JA,DESCRIPTION_EN,NOTE,DISUSE_FLAG,LAST_UPDATE_TIMESTAMP,LAST_UPDATE_USER) VALUES(1010402,_____DATE_____,'INSERT','1010402','10104','ロール','Role name','role_name',NULL,'18',20,NULL,NULL,NULL,NULL,'0',NULL,NULL,NULL,NULL,'ROLE_ID',NULL,'0','1','1','0','1','1','0',NULL,NULL,NULL,NULL,NULL,'プルダウン選択 必須項目','Pull-down selection  required item',NULL,'0',_____DATE_____,1);
INSERT INTO T_COMN_MENU_COLUMN_LINK (COLUMN_DEFINITION_ID,MENU_ID,COLUMN_NAME_JA,COLUMN_NAME_EN,COLUMN_NAME_REST,COL_GROUP_ID,COLUMN_CLASS,COLUMN_DISP_SEQ,REF_TABLE_NAME,REF_PKEY_NAME,REF_COL_NAME,REF_SORT_CONDITIONS,REF_MULTI_LANG,REFERENCE_ITEM,SENSITIVE_COL_NAME,FILE_UPLOAD_PLACE,BUTTON_ACTION,COL_NAME,SAVE_TYPE,AUTO_INPUT,INPUT_ITEM,VIEW_ITEM,UNIQUE_ITEM,REQUIRED_ITEM,AUTOREG_HIDE_ITEM,AUTOREG_ONLY_ITEM,INITIAL_VALUE,VALIDATE_OPTION,VALIDATE_REG_EXP,BEFORE_VALIDATE_REGISTER,AFTER_VALIDATE_REGISTER,DESCRIPTION_JA,DESCRIPTION_EN,NOTE,DISUSE_FLAG,LAST_UPDATE_TIMESTAMP,LAST_UPDATE_USER) VALUES('1010403','10104','メニュー','Menu name','menu_name',NULL,'7',30,'V_COMN_MENU_GROUP_MENU_PULLDOWN','MENU_ID','MENU_GROUP_NAME_PULLDOWN',NULL,'1',NULL,NULL,NULL,NULL,'MENU_ID',NULL,'0','1','1','0','1','1','0',NULL,NULL,NULL,NULL,NULL,'プルダウン選択 必須項目','Pull-down selection  required item',NULL,'0',_____DATE_____,1);
INSERT INTO T_COMN_MENU_COLUMN_LINK_JNL (JOURNAL_SEQ_NO,JOURNAL_REG_DATETIME,JOURNAL_ACTION_CLASS,COLUMN_DEFINITION_ID,MENU_ID,COLUMN_NAME_JA,COLUMN_NAME_EN,COLUMN_NAME_REST,COL_GROUP_ID,COLUMN_CLASS,COLUMN_DISP_SEQ,REF_TABLE_NAME,REF_PKEY_NAME,REF_COL_NAME,REF_SORT_CONDITIONS,REF_MULTI_LANG,REFERENCE_ITEM,SENSITIVE_COL_NAME,FILE_UPLOAD_PLACE,BUTTON_ACTION,COL_NAME,SAVE_TYPE,AUTO_INPUT,INPUT_ITEM,VIEW_ITEM,UNIQUE_ITEM,REQUIRED_ITEM,AUTOREG_HIDE_ITEM,AUTOREG_ONLY_ITEM,INITIAL_VALUE,VALIDATE_OPTION,VALIDATE_REG_EXP,BEFORE_VALIDATE_REGISTER,AFTER_VALIDATE_REGISTER,DESCRIPTION_JA,DESCRIPTION_EN,NOTE,DISUSE_FLAG,LAST_UPDATE_TIMESTAMP,LAST_UPDATE_USER) VALUES(1010403,_____DATE_____,'INSERT','1010403','10104','メニュー','Menu name','menu_name',NULL,'7',30,'V_COMN_MENU_GROUP_MENU_PULLDOWN','MENU_ID','MENU_GROUP_NAME_PULLDOWN',NULL,'1',NULL,NULL,NULL,NULL,'MENU_ID',NULL,'0','1','1','0','1','1','0',NULL,NULL,NULL,NULL,NULL,'プルダウン選択 必須項目','Pull-down selection  required item',NULL,'0',_____DATE_____,1);
INSERT INTO T_COMN_MENU_COLUMN_LINK (COLUMN_DEFINITION_ID,MENU_ID,COLUMN_NAME_JA,COLUMN_NAME_EN,COLUMN_NAME_REST,COL_GROUP_ID,COLUMN_CLASS,COLUMN_DISP_SEQ,REF_TABLE_NAME,REF_PKEY_NAME,REF_COL_NAME,REF_SORT_CONDITIONS,REF_MULTI_LANG,REFERENCE_ITEM,SENSITIVE_COL_NAME,FILE_UPLOAD_PLACE,BUTTON_ACTION,COL_NAME,SAVE_TYPE,AUTO_INPUT,INPUT_ITEM,VIEW_ITEM,UNIQUE_ITEM,REQUIRED_ITEM,AUTOREG_HIDE_ITEM,AUTOREG_ONLY_ITEM,INITIAL_VALUE,VALIDATE_OPTION,VALIDATE_REG_EXP,BEFORE_VALIDATE_REGISTER,AFTER_VALIDATE_REGISTER,DESCRIPTION_JA,DESCRIPTION_EN,NOTE,DISUSE_FLAG,LAST_UPDATE_TIMESTAMP,LAST_UPDATE_USER) VALUES('1010404','10104','紐付','Associate','associate',NULL,'7',40,'T_COMN_OPERATION_PRIVILEGES','PRIVILEGES_ID','PRIVILEGES_NAME',NULL,'1',NULL,NULL,NULL,NULL,'PRIVILEGE',NULL,'0','1','1','0','1','1','0',NULL,NULL,NULL,NULL,NULL,'プルダウン選択 必須項目','Pull-down selection  required item',NULL,'0',_____DATE_____,1);
INSERT INTO T_COMN_MENU_COLUMN_LINK_JNL (JOURNAL_SEQ_NO,JOURNAL_REG_DATETIME,JOURNAL_ACTION_CLASS,COLUMN_DEFINITION_ID,MENU_ID,COLUMN_NAME_JA,COLUMN_NAME_EN,COLUMN_NAME_REST,COL_GROUP_ID,COLUMN_CLASS,COLUMN_DISP_SEQ,REF_TABLE_NAME,REF_PKEY_NAME,REF_COL_NAME,REF_SORT_CONDITIONS,REF_MULTI_LANG,REFERENCE_ITEM,SENSITIVE_COL_NAME,FILE_UPLOAD_PLACE,BUTTON_ACTION,COL_NAME,SAVE_TYPE,AUTO_INPUT,INPUT_ITEM,VIEW_ITEM,UNIQUE_ITEM,REQUIRED_ITEM,AUTOREG_HIDE_ITEM,AUTOREG_ONLY_ITEM,INITIAL_VALUE,VALIDATE_OPTION,VALIDATE_REG_EXP,BEFORE_VALIDATE_REGISTER,AFTER_VALIDATE_REGISTER,DESCRIPTION_JA,DESCRIPTION_EN,NOTE,DISUSE_FLAG,LAST_UPDATE_TIMESTAMP,LAST_UPDATE_USER) VALUES(1010404,_____DATE_____,'INSERT','1010404','10104','紐付','Associate','associate',NULL,'7',40,'T_COMN_OPERATION_PRIVILEGES','PRIVILEGES_ID','PRIVILEGES_NAME',NULL,'1',NULL,NULL,NULL,NULL,'PRIVILEGE',NULL,'0','1','1','0','1','1','0',NULL,NULL,NULL,NULL,NULL,'プルダウン選択 必須項目','Pull-down selection  required item',NULL,'0',_____DATE_____,1);
INSERT INTO T_COMN_MENU_COLUMN_LINK (COLUMN_DEFINITION_ID,MENU_ID,COLUMN_NAME_JA,COLUMN_NAME_EN,COLUMN_NAME_REST,COL_GROUP_ID,COLUMN_CLASS,COLUMN_DISP_SEQ,REF_TABLE_NAME,REF_PKEY_NAME,REF_COL_NAME,REF_SORT_CONDITIONS,REF_MULTI_LANG,REFERENCE_ITEM,SENSITIVE_COL_NAME,FILE_UPLOAD_PLACE,BUTTON_ACTION,COL_NAME,SAVE_TYPE,AUTO_INPUT,INPUT_ITEM,VIEW_ITEM,UNIQUE_ITEM,REQUIRED_ITEM,AUTOREG_HIDE_ITEM,AUTOREG_ONLY_ITEM,INITIAL_VALUE,VALIDATE_OPTION,VALIDATE_REG_EXP,BEFORE_VALIDATE_REGISTER,AFTER_VALIDATE_REGISTER,DESCRIPTION_JA,DESCRIPTION_EN,NOTE,DISUSE_FLAG,LAST_UPDATE_TIMESTAMP,LAST_UPDATE_USER) VALUES('1010405','10104','備考','Remarks','remarks',NULL,'12',50,NULL,NULL,NULL,NULL,'0',NULL,NULL,NULL,NULL,'NOTE',NULL,'0','1','1','0','0','1','0',NULL,'{
"min_length": 0,
"max_length": 4000
}',NULL,NULL,NULL,'自由記述欄。レコードの廃止・復活時にも記載可能。','Comments section. Can comment when removing or restoring records.',NULL,'0',_____DATE_____,1);
INSERT INTO T_COMN_MENU_COLUMN_LINK_JNL (JOURNAL_SEQ_NO,JOURNAL_REG_DATETIME,JOURNAL_ACTION_CLASS,COLUMN_DEFINITION_ID,MENU_ID,COLUMN_NAME_JA,COLUMN_NAME_EN,COLUMN_NAME_REST,COL_GROUP_ID,COLUMN_CLASS,COLUMN_DISP_SEQ,REF_TABLE_NAME,REF_PKEY_NAME,REF_COL_NAME,REF_SORT_CONDITIONS,REF_MULTI_LANG,REFERENCE_ITEM,SENSITIVE_COL_NAME,FILE_UPLOAD_PLACE,BUTTON_ACTION,COL_NAME,SAVE_TYPE,AUTO_INPUT,INPUT_ITEM,VIEW_ITEM,UNIQUE_ITEM,REQUIRED_ITEM,AUTOREG_HIDE_ITEM,AUTOREG_ONLY_ITEM,INITIAL_VALUE,VALIDATE_OPTION,VALIDATE_REG_EXP,BEFORE_VALIDATE_REGISTER,AFTER_VALIDATE_REGISTER,DESCRIPTION_JA,DESCRIPTION_EN,NOTE,DISUSE_FLAG,LAST_UPDATE_TIMESTAMP,LAST_UPDATE_USER) VALUES(1010405,_____DATE_____,'INSERT','1010405','10104','備考','Remarks','remarks',NULL,'12',50,NULL,NULL,NULL,NULL,'0',NULL,NULL,NULL,NULL,'NOTE',NULL,'0','1','1','0','0','1','0',NULL,'{
"min_length": 0,
"max_length": 4000
}',NULL,NULL,NULL,'自由記述欄。レコードの廃止・復活時にも記載可能。','Comments section. Can comment when removing or restoring records.',NULL,'0',_____DATE_____,1);
INSERT INTO T_COMN_MENU_COLUMN_LINK (COLUMN_DEFINITION_ID,MENU_ID,COLUMN_NAME_JA,COLUMN_NAME_EN,COLUMN_NAME_REST,COL_GROUP_ID,COLUMN_CLASS,COLUMN_DISP_SEQ,REF_TABLE_NAME,REF_PKEY_NAME,REF_COL_NAME,REF_SORT_CONDITIONS,REF_MULTI_LANG,REFERENCE_ITEM,SENSITIVE_COL_NAME,FILE_UPLOAD_PLACE,BUTTON_ACTION,COL_NAME,SAVE_TYPE,AUTO_INPUT,INPUT_ITEM,VIEW_ITEM,UNIQUE_ITEM,REQUIRED_ITEM,AUTOREG_HIDE_ITEM,AUTOREG_ONLY_ITEM,INITIAL_VALUE,VALIDATE_OPTION,VALIDATE_REG_EXP,BEFORE_VALIDATE_REGISTER,AFTER_VALIDATE_REGISTER,DESCRIPTION_JA,DESCRIPTION_EN,NOTE,DISUSE_FLAG,LAST_UPDATE_TIMESTAMP,LAST_UPDATE_USER) VALUES('1010406','10104','廃止フラグ','Discard','discard',NULL,'1',60,NULL,NULL,NULL,NULL,'0',NULL,NULL,NULL,NULL,'DISUSE_FLAG',NULL,'1','1','1','0','1','1','0',NULL,NULL,NULL,NULL,NULL,'廃止フラグ。復活以外のオペレーションは不可','Discard flag. Cannot do operation other than restore.',NULL,'0',_____DATE_____,1);
INSERT INTO T_COMN_MENU_COLUMN_LINK_JNL (JOURNAL_SEQ_NO,JOURNAL_REG_DATETIME,JOURNAL_ACTION_CLASS,COLUMN_DEFINITION_ID,MENU_ID,COLUMN_NAME_JA,COLUMN_NAME_EN,COLUMN_NAME_REST,COL_GROUP_ID,COLUMN_CLASS,COLUMN_DISP_SEQ,REF_TABLE_NAME,REF_PKEY_NAME,REF_COL_NAME,REF_SORT_CONDITIONS,REF_MULTI_LANG,REFERENCE_ITEM,SENSITIVE_COL_NAME,FILE_UPLOAD_PLACE,BUTTON_ACTION,COL_NAME,SAVE_TYPE,AUTO_INPUT,INPUT_ITEM,VIEW_ITEM,UNIQUE_ITEM,REQUIRED_ITEM,AUTOREG_HIDE_ITEM,AUTOREG_ONLY_ITEM,INITIAL_VALUE,VALIDATE_OPTION,VALIDATE_REG_EXP,BEFORE_VALIDATE_REGISTER,AFTER_VALIDATE_REGISTER,DESCRIPTION_JA,DESCRIPTION_EN,NOTE,DISUSE_FLAG,LAST_UPDATE_TIMESTAMP,LAST_UPDATE_USER) VALUES(1010406,_____DATE_____,'INSERT','1010406','10104','廃止フラグ','Discard','discard',NULL,'1',60,NULL,NULL,NULL,NULL,'0',NULL,NULL,NULL,NULL,'DISUSE_FLAG',NULL,'1','1','1','0','1','1','0',NULL,NULL,NULL,NULL,NULL,'廃止フラグ。復活以外のオペレーションは不可','Discard flag. Cannot do operation other than restore.',NULL,'0',_____DATE_____,1);
INSERT INTO T_COMN_MENU_COLUMN_LINK (COLUMN_DEFINITION_ID,MENU_ID,COLUMN_NAME_JA,COLUMN_NAME_EN,COLUMN_NAME_REST,COL_GROUP_ID,COLUMN_CLASS,COLUMN_DISP_SEQ,REF_TABLE_NAME,REF_PKEY_NAME,REF_COL_NAME,REF_SORT_CONDITIONS,REF_MULTI_LANG,REFERENCE_ITEM,SENSITIVE_COL_NAME,FILE_UPLOAD_PLACE,BUTTON_ACTION,COL_NAME,SAVE_TYPE,AUTO_INPUT,INPUT_ITEM,VIEW_ITEM,UNIQUE_ITEM,REQUIRED_ITEM,AUTOREG_HIDE_ITEM,AUTOREG_ONLY_ITEM,INITIAL_VALUE,VALIDATE_OPTION,VALIDATE_REG_EXP,BEFORE_VALIDATE_REGISTER,AFTER_VALIDATE_REGISTER,DESCRIPTION_JA,DESCRIPTION_EN,NOTE,DISUSE_FLAG,LAST_UPDATE_TIMESTAMP,LAST_UPDATE_USER) VALUES('1010407','10104','最終更新日時','Last update date/time','last_update_date_time',NULL,'13',70,NULL,NULL,NULL,NULL,'0',NULL,NULL,NULL,NULL,'LAST_UPDATE_TIMESTAMP',NULL,'1','0','1','0','1','1','0',NULL,NULL,NULL,NULL,NULL,'レコードの最終更新日。自動登録のため編集不可。','Last update date of record. Cannot edit because of auto-registration.',NULL,'0',_____DATE_____,1);
INSERT INTO T_COMN_MENU_COLUMN_LINK_JNL (JOURNAL_SEQ_NO,JOURNAL_REG_DATETIME,JOURNAL_ACTION_CLASS,COLUMN_DEFINITION_ID,MENU_ID,COLUMN_NAME_JA,COLUMN_NAME_EN,COLUMN_NAME_REST,COL_GROUP_ID,COLUMN_CLASS,COLUMN_DISP_SEQ,REF_TABLE_NAME,REF_PKEY_NAME,REF_COL_NAME,REF_SORT_CONDITIONS,REF_MULTI_LANG,REFERENCE_ITEM,SENSITIVE_COL_NAME,FILE_UPLOAD_PLACE,BUTTON_ACTION,COL_NAME,SAVE_TYPE,AUTO_INPUT,INPUT_ITEM,VIEW_ITEM,UNIQUE_ITEM,REQUIRED_ITEM,AUTOREG_HIDE_ITEM,AUTOREG_ONLY_ITEM,INITIAL_VALUE,VALIDATE_OPTION,VALIDATE_REG_EXP,BEFORE_VALIDATE_REGISTER,AFTER_VALIDATE_REGISTER,DESCRIPTION_JA,DESCRIPTION_EN,NOTE,DISUSE_FLAG,LAST_UPDATE_TIMESTAMP,LAST_UPDATE_USER) VALUES(1010407,_____DATE_____,'INSERT','1010407','10104','最終更新日時','Last update date/time','last_update_date_time',NULL,'13',70,NULL,NULL,NULL,NULL,'0',NULL,NULL,NULL,NULL,'LAST_UPDATE_TIMESTAMP',NULL,'1','0','1','0','1','1','0',NULL,NULL,NULL,NULL,NULL,'レコードの最終更新日。自動登録のため編集不可。','Last update date of record. Cannot edit because of auto-registration.',NULL,'0',_____DATE_____,1);
INSERT INTO T_COMN_MENU_COLUMN_LINK (COLUMN_DEFINITION_ID,MENU_ID,COLUMN_NAME_JA,COLUMN_NAME_EN,COLUMN_NAME_REST,COL_GROUP_ID,COLUMN_CLASS,COLUMN_DISP_SEQ,REF_TABLE_NAME,REF_PKEY_NAME,REF_COL_NAME,REF_SORT_CONDITIONS,REF_MULTI_LANG,REFERENCE_ITEM,SENSITIVE_COL_NAME,FILE_UPLOAD_PLACE,BUTTON_ACTION,COL_NAME,SAVE_TYPE,AUTO_INPUT,INPUT_ITEM,VIEW_ITEM,UNIQUE_ITEM,REQUIRED_ITEM,AUTOREG_HIDE_ITEM,AUTOREG_ONLY_ITEM,INITIAL_VALUE,VALIDATE_OPTION,VALIDATE_REG_EXP,BEFORE_VALIDATE_REGISTER,AFTER_VALIDATE_REGISTER,DESCRIPTION_JA,DESCRIPTION_EN,NOTE,DISUSE_FLAG,LAST_UPDATE_TIMESTAMP,LAST_UPDATE_USER) VALUES('1010408','10104','最終更新者','Last updated by','last_updated_user',NULL,'14',80,NULL,NULL,NULL,NULL,'0',NULL,NULL,NULL,NULL,'LAST_UPDATE_USER',NULL,'1','0','1','0','1','1','0',NULL,NULL,NULL,NULL,NULL,'更新者。ログインユーザのIDが自動的に登録される。編集不可。','Updated by. Login user ID is automatically registered. Cannot edit.',NULL,'0',_____DATE_____,1);
INSERT INTO T_COMN_MENU_COLUMN_LINK_JNL (JOURNAL_SEQ_NO,JOURNAL_REG_DATETIME,JOURNAL_ACTION_CLASS,COLUMN_DEFINITION_ID,MENU_ID,COLUMN_NAME_JA,COLUMN_NAME_EN,COLUMN_NAME_REST,COL_GROUP_ID,COLUMN_CLASS,COLUMN_DISP_SEQ,REF_TABLE_NAME,REF_PKEY_NAME,REF_COL_NAME,REF_SORT_CONDITIONS,REF_MULTI_LANG,REFERENCE_ITEM,SENSITIVE_COL_NAME,FILE_UPLOAD_PLACE,BUTTON_ACTION,COL_NAME,SAVE_TYPE,AUTO_INPUT,INPUT_ITEM,VIEW_ITEM,UNIQUE_ITEM,REQUIRED_ITEM,AUTOREG_HIDE_ITEM,AUTOREG_ONLY_ITEM,INITIAL_VALUE,VALIDATE_OPTION,VALIDATE_REG_EXP,BEFORE_VALIDATE_REGISTER,AFTER_VALIDATE_REGISTER,DESCRIPTION_JA,DESCRIPTION_EN,NOTE,DISUSE_FLAG,LAST_UPDATE_TIMESTAMP,LAST_UPDATE_USER) VALUES(1010408,_____DATE_____,'INSERT','1010408','10104','最終更新者','Last updated by','last_updated_user',NULL,'14',80,NULL,NULL,NULL,NULL,'0',NULL,NULL,NULL,NULL,'LAST_UPDATE_USER',NULL,'1','0','1','0','1','1','0',NULL,NULL,NULL,NULL,NULL,'更新者。ログインユーザのIDが自動的に登録される。編集不可。','Updated by. Login user ID is automatically registered. Cannot edit.',NULL,'0',_____DATE_____,1);
INSERT INTO T_COMN_MENU_COLUMN_LINK (COLUMN_DEFINITION_ID,MENU_ID,COLUMN_NAME_JA,COLUMN_NAME_EN,COLUMN_NAME_REST,COL_GROUP_ID,COLUMN_CLASS,COLUMN_DISP_SEQ,REF_TABLE_NAME,REF_PKEY_NAME,REF_COL_NAME,REF_SORT_CONDITIONS,REF_MULTI_LANG,REFERENCE_ITEM,SENSITIVE_COL_NAME,FILE_UPLOAD_PLACE,BUTTON_ACTION,COL_NAME,SAVE_TYPE,AUTO_INPUT,INPUT_ITEM,VIEW_ITEM,UNIQUE_ITEM,REQUIRED_ITEM,AUTOREG_HIDE_ITEM,AUTOREG_ONLY_ITEM,INITIAL_VALUE,VALIDATE_OPTION,VALIDATE_REG_EXP,BEFORE_VALIDATE_REGISTER,AFTER_VALIDATE_REGISTER,DESCRIPTION_JA,DESCRIPTION_EN,NOTE,DISUSE_FLAG,LAST_UPDATE_TIMESTAMP,LAST_UPDATE_USER) VALUES('1020101','10201','オペレーションID','Operation id','operation_id',NULL,'1',10,NULL,NULL,NULL,NULL,'0',NULL,NULL,NULL,NULL,'OPERATION_ID',NULL,'1','1','1','1','1','1','0',NULL,NULL,NULL,NULL,NULL,'自動採番のため編集不可。実行処理種別が【登録】の場合、空白のみ可。','Cannot edit because of auto-numbering. Must be blank when execution process type is [Register].',NULL,'0',_____DATE_____,1);
INSERT INTO T_COMN_MENU_COLUMN_LINK_JNL (JOURNAL_SEQ_NO,JOURNAL_REG_DATETIME,JOURNAL_ACTION_CLASS,COLUMN_DEFINITION_ID,MENU_ID,COLUMN_NAME_JA,COLUMN_NAME_EN,COLUMN_NAME_REST,COL_GROUP_ID,COLUMN_CLASS,COLUMN_DISP_SEQ,REF_TABLE_NAME,REF_PKEY_NAME,REF_COL_NAME,REF_SORT_CONDITIONS,REF_MULTI_LANG,REFERENCE_ITEM,SENSITIVE_COL_NAME,FILE_UPLOAD_PLACE,BUTTON_ACTION,COL_NAME,SAVE_TYPE,AUTO_INPUT,INPUT_ITEM,VIEW_ITEM,UNIQUE_ITEM,REQUIRED_ITEM,AUTOREG_HIDE_ITEM,AUTOREG_ONLY_ITEM,INITIAL_VALUE,VALIDATE_OPTION,VALIDATE_REG_EXP,BEFORE_VALIDATE_REGISTER,AFTER_VALIDATE_REGISTER,DESCRIPTION_JA,DESCRIPTION_EN,NOTE,DISUSE_FLAG,LAST_UPDATE_TIMESTAMP,LAST_UPDATE_USER) VALUES(1020101,_____DATE_____,'INSERT','1020101','10201','オペレーションID','Operation id','operation_id',NULL,'1',10,NULL,NULL,NULL,NULL,'0',NULL,NULL,NULL,NULL,'OPERATION_ID',NULL,'1','1','1','1','1','1','0',NULL,NULL,NULL,NULL,NULL,'自動採番のため編集不可。実行処理種別が【登録】の場合、空白のみ可。','Cannot edit because of auto-numbering. Must be blank when execution process type is [Register].',NULL,'0',_____DATE_____,1);
INSERT INTO T_COMN_MENU_COLUMN_LINK (COLUMN_DEFINITION_ID,MENU_ID,COLUMN_NAME_JA,COLUMN_NAME_EN,COLUMN_NAME_REST,COL_GROUP_ID,COLUMN_CLASS,COLUMN_DISP_SEQ,REF_TABLE_NAME,REF_PKEY_NAME,REF_COL_NAME,REF_SORT_CONDITIONS,REF_MULTI_LANG,REFERENCE_ITEM,SENSITIVE_COL_NAME,FILE_UPLOAD_PLACE,BUTTON_ACTION,COL_NAME,SAVE_TYPE,AUTO_INPUT,INPUT_ITEM,VIEW_ITEM,UNIQUE_ITEM,REQUIRED_ITEM,AUTOREG_HIDE_ITEM,AUTOREG_ONLY_ITEM,INITIAL_VALUE,VALIDATE_OPTION,VALIDATE_REG_EXP,BEFORE_VALIDATE_REGISTER,AFTER_VALIDATE_REGISTER,DESCRIPTION_JA,DESCRIPTION_EN,NOTE,DISUSE_FLAG,LAST_UPDATE_TIMESTAMP,LAST_UPDATE_USER) VALUES('1020102','10201','オペレーション名','Operation name','operation_name',NULL,'1',20,NULL,NULL,NULL,NULL,'0',NULL,NULL,NULL,NULL,'OPERATION_NAME',NULL,'0','1','1','1','1','1','0',NULL,'{
"min_length": 0,
"max_length": 255
}',NULL,NULL,NULL,'[最大長]255バイト','[Maximum length] 255 byte',NULL,'0',_____DATE_____,1);
INSERT INTO T_COMN_MENU_COLUMN_LINK_JNL (JOURNAL_SEQ_NO,JOURNAL_REG_DATETIME,JOURNAL_ACTION_CLASS,COLUMN_DEFINITION_ID,MENU_ID,COLUMN_NAME_JA,COLUMN_NAME_EN,COLUMN_NAME_REST,COL_GROUP_ID,COLUMN_CLASS,COLUMN_DISP_SEQ,REF_TABLE_NAME,REF_PKEY_NAME,REF_COL_NAME,REF_SORT_CONDITIONS,REF_MULTI_LANG,REFERENCE_ITEM,SENSITIVE_COL_NAME,FILE_UPLOAD_PLACE,BUTTON_ACTION,COL_NAME,SAVE_TYPE,AUTO_INPUT,INPUT_ITEM,VIEW_ITEM,UNIQUE_ITEM,REQUIRED_ITEM,AUTOREG_HIDE_ITEM,AUTOREG_ONLY_ITEM,INITIAL_VALUE,VALIDATE_OPTION,VALIDATE_REG_EXP,BEFORE_VALIDATE_REGISTER,AFTER_VALIDATE_REGISTER,DESCRIPTION_JA,DESCRIPTION_EN,NOTE,DISUSE_FLAG,LAST_UPDATE_TIMESTAMP,LAST_UPDATE_USER) VALUES(1020102,_____DATE_____,'INSERT','1020102','10201','オペレーション名','Operation name','operation_name',NULL,'1',20,NULL,NULL,NULL,NULL,'0',NULL,NULL,NULL,NULL,'OPERATION_NAME',NULL,'0','1','1','1','1','1','0',NULL,'{
"min_length": 0,
"max_length": 255
}',NULL,NULL,NULL,'[最大長]255バイト','[Maximum length] 255 byte',NULL,'0',_____DATE_____,1);
INSERT INTO T_COMN_MENU_COLUMN_LINK (COLUMN_DEFINITION_ID,MENU_ID,COLUMN_NAME_JA,COLUMN_NAME_EN,COLUMN_NAME_REST,COL_GROUP_ID,COLUMN_CLASS,COLUMN_DISP_SEQ,REF_TABLE_NAME,REF_PKEY_NAME,REF_COL_NAME,REF_SORT_CONDITIONS,REF_MULTI_LANG,REFERENCE_ITEM,SENSITIVE_COL_NAME,FILE_UPLOAD_PLACE,BUTTON_ACTION,COL_NAME,SAVE_TYPE,AUTO_INPUT,INPUT_ITEM,VIEW_ITEM,UNIQUE_ITEM,REQUIRED_ITEM,AUTOREG_HIDE_ITEM,AUTOREG_ONLY_ITEM,INITIAL_VALUE,VALIDATE_OPTION,VALIDATE_REG_EXP,BEFORE_VALIDATE_REGISTER,AFTER_VALIDATE_REGISTER,DESCRIPTION_JA,DESCRIPTION_EN,NOTE,DISUSE_FLAG,LAST_UPDATE_TIMESTAMP,LAST_UPDATE_USER) VALUES('1020103','10201','実施予定日時','Scheduled date for execution','scheduled_date_for_execution',NULL,'5',30,NULL,NULL,NULL,NULL,'0',NULL,NULL,NULL,NULL,'OPERATION_DATE',NULL,'0','1','1','0','1','1','0',NULL,NULL,NULL,NULL,NULL,'システム的には利用していません。','Not used in the system',NULL,'0',_____DATE_____,1);
INSERT INTO T_COMN_MENU_COLUMN_LINK_JNL (JOURNAL_SEQ_NO,JOURNAL_REG_DATETIME,JOURNAL_ACTION_CLASS,COLUMN_DEFINITION_ID,MENU_ID,COLUMN_NAME_JA,COLUMN_NAME_EN,COLUMN_NAME_REST,COL_GROUP_ID,COLUMN_CLASS,COLUMN_DISP_SEQ,REF_TABLE_NAME,REF_PKEY_NAME,REF_COL_NAME,REF_SORT_CONDITIONS,REF_MULTI_LANG,REFERENCE_ITEM,SENSITIVE_COL_NAME,FILE_UPLOAD_PLACE,BUTTON_ACTION,COL_NAME,SAVE_TYPE,AUTO_INPUT,INPUT_ITEM,VIEW_ITEM,UNIQUE_ITEM,REQUIRED_ITEM,AUTOREG_HIDE_ITEM,AUTOREG_ONLY_ITEM,INITIAL_VALUE,VALIDATE_OPTION,VALIDATE_REG_EXP,BEFORE_VALIDATE_REGISTER,AFTER_VALIDATE_REGISTER,DESCRIPTION_JA,DESCRIPTION_EN,NOTE,DISUSE_FLAG,LAST_UPDATE_TIMESTAMP,LAST_UPDATE_USER) VALUES(1020103,_____DATE_____,'INSERT','1020103','10201','実施予定日時','Scheduled date for execution','scheduled_date_for_execution',NULL,'5',30,NULL,NULL,NULL,NULL,'0',NULL,NULL,NULL,NULL,'OPERATION_DATE',NULL,'0','1','1','0','1','1','0',NULL,NULL,NULL,NULL,NULL,'システム的には利用していません。','Not used in the system',NULL,'0',_____DATE_____,1);
INSERT INTO T_COMN_MENU_COLUMN_LINK (COLUMN_DEFINITION_ID,MENU_ID,COLUMN_NAME_JA,COLUMN_NAME_EN,COLUMN_NAME_REST,COL_GROUP_ID,COLUMN_CLASS,COLUMN_DISP_SEQ,REF_TABLE_NAME,REF_PKEY_NAME,REF_COL_NAME,REF_SORT_CONDITIONS,REF_MULTI_LANG,REFERENCE_ITEM,SENSITIVE_COL_NAME,FILE_UPLOAD_PLACE,BUTTON_ACTION,COL_NAME,SAVE_TYPE,AUTO_INPUT,INPUT_ITEM,VIEW_ITEM,UNIQUE_ITEM,REQUIRED_ITEM,AUTOREG_HIDE_ITEM,AUTOREG_ONLY_ITEM,INITIAL_VALUE,VALIDATE_OPTION,VALIDATE_REG_EXP,BEFORE_VALIDATE_REGISTER,AFTER_VALIDATE_REGISTER,DESCRIPTION_JA,DESCRIPTION_EN,NOTE,DISUSE_FLAG,LAST_UPDATE_TIMESTAMP,LAST_UPDATE_USER) VALUES('1020104','10201','最終実行日時','Last run date','last_run_date',NULL,'5',40,NULL,NULL,NULL,NULL,'0',NULL,NULL,NULL,NULL,'LAST_EXECUTE_TIMESTAMP',NULL,'0','0','1','0','0','1','0',NULL,NULL,NULL,NULL,NULL,'オペレーションを実行した実績の日時','Date/time when the operation was actually performed.',NULL,'0',_____DATE_____,1);
INSERT INTO T_COMN_MENU_COLUMN_LINK_JNL (JOURNAL_SEQ_NO,JOURNAL_REG_DATETIME,JOURNAL_ACTION_CLASS,COLUMN_DEFINITION_ID,MENU_ID,COLUMN_NAME_JA,COLUMN_NAME_EN,COLUMN_NAME_REST,COL_GROUP_ID,COLUMN_CLASS,COLUMN_DISP_SEQ,REF_TABLE_NAME,REF_PKEY_NAME,REF_COL_NAME,REF_SORT_CONDITIONS,REF_MULTI_LANG,REFERENCE_ITEM,SENSITIVE_COL_NAME,FILE_UPLOAD_PLACE,BUTTON_ACTION,COL_NAME,SAVE_TYPE,AUTO_INPUT,INPUT_ITEM,VIEW_ITEM,UNIQUE_ITEM,REQUIRED_ITEM,AUTOREG_HIDE_ITEM,AUTOREG_ONLY_ITEM,INITIAL_VALUE,VALIDATE_OPTION,VALIDATE_REG_EXP,BEFORE_VALIDATE_REGISTER,AFTER_VALIDATE_REGISTER,DESCRIPTION_JA,DESCRIPTION_EN,NOTE,DISUSE_FLAG,LAST_UPDATE_TIMESTAMP,LAST_UPDATE_USER) VALUES(1020104,_____DATE_____,'INSERT','1020104','10201','最終実行日時','Last run date','last_run_date',NULL,'5',40,NULL,NULL,NULL,NULL,'0',NULL,NULL,NULL,NULL,'LAST_EXECUTE_TIMESTAMP',NULL,'0','0','1','0','0','1','0',NULL,NULL,NULL,NULL,NULL,'オペレーションを実行した実績の日時','Date/time when the operation was actually performed.',NULL,'0',_____DATE_____,1);
INSERT INTO T_COMN_MENU_COLUMN_LINK (COLUMN_DEFINITION_ID,MENU_ID,COLUMN_NAME_JA,COLUMN_NAME_EN,COLUMN_NAME_REST,COL_GROUP_ID,COLUMN_CLASS,COLUMN_DISP_SEQ,REF_TABLE_NAME,REF_PKEY_NAME,REF_COL_NAME,REF_SORT_CONDITIONS,REF_MULTI_LANG,REFERENCE_ITEM,SENSITIVE_COL_NAME,FILE_UPLOAD_PLACE,BUTTON_ACTION,COL_NAME,SAVE_TYPE,AUTO_INPUT,INPUT_ITEM,VIEW_ITEM,UNIQUE_ITEM,REQUIRED_ITEM,AUTOREG_HIDE_ITEM,AUTOREG_ONLY_ITEM,INITIAL_VALUE,VALIDATE_OPTION,VALIDATE_REG_EXP,BEFORE_VALIDATE_REGISTER,AFTER_VALIDATE_REGISTER,DESCRIPTION_JA,DESCRIPTION_EN,NOTE,DISUSE_FLAG,LAST_UPDATE_TIMESTAMP,LAST_UPDATE_USER) VALUES('1020105','10201','環境','Environment','environment',NULL,'22',50,NULL,NULL,NULL,NULL,'0',NULL,NULL,NULL,NULL,'ENVIRONMENT',NULL,'0','1','1','0','0','1','0',NULL,NULL,NULL,NULL,NULL,'環境','Environment',NULL,'0',_____DATE_____,1);
INSERT INTO T_COMN_MENU_COLUMN_LINK_JNL (JOURNAL_SEQ_NO,JOURNAL_REG_DATETIME,JOURNAL_ACTION_CLASS,COLUMN_DEFINITION_ID,MENU_ID,COLUMN_NAME_JA,COLUMN_NAME_EN,COLUMN_NAME_REST,COL_GROUP_ID,COLUMN_CLASS,COLUMN_DISP_SEQ,REF_TABLE_NAME,REF_PKEY_NAME,REF_COL_NAME,REF_SORT_CONDITIONS,REF_MULTI_LANG,REFERENCE_ITEM,SENSITIVE_COL_NAME,FILE_UPLOAD_PLACE,BUTTON_ACTION,COL_NAME,SAVE_TYPE,AUTO_INPUT,INPUT_ITEM,VIEW_ITEM,UNIQUE_ITEM,REQUIRED_ITEM,AUTOREG_HIDE_ITEM,AUTOREG_ONLY_ITEM,INITIAL_VALUE,VALIDATE_OPTION,VALIDATE_REG_EXP,BEFORE_VALIDATE_REGISTER,AFTER_VALIDATE_REGISTER,DESCRIPTION_JA,DESCRIPTION_EN,NOTE,DISUSE_FLAG,LAST_UPDATE_TIMESTAMP,LAST_UPDATE_USER) VALUES(1020105,_____DATE_____,'INSERT','1020105','10201','環境','Environment','environment',NULL,'22',50,NULL,NULL,NULL,NULL,'0',NULL,NULL,NULL,NULL,'ENVIRONMENT',NULL,'0','1','1','0','0','1','0',NULL,NULL,NULL,NULL,NULL,'環境','Environment',NULL,'0',_____DATE_____,1);
INSERT INTO T_COMN_MENU_COLUMN_LINK (COLUMN_DEFINITION_ID,MENU_ID,COLUMN_NAME_JA,COLUMN_NAME_EN,COLUMN_NAME_REST,COL_GROUP_ID,COLUMN_CLASS,COLUMN_DISP_SEQ,REF_TABLE_NAME,REF_PKEY_NAME,REF_COL_NAME,REF_SORT_CONDITIONS,REF_MULTI_LANG,REFERENCE_ITEM,SENSITIVE_COL_NAME,FILE_UPLOAD_PLACE,BUTTON_ACTION,COL_NAME,SAVE_TYPE,AUTO_INPUT,INPUT_ITEM,VIEW_ITEM,UNIQUE_ITEM,REQUIRED_ITEM,AUTOREG_HIDE_ITEM,AUTOREG_ONLY_ITEM,INITIAL_VALUE,VALIDATE_OPTION,VALIDATE_REG_EXP,BEFORE_VALIDATE_REGISTER,AFTER_VALIDATE_REGISTER,DESCRIPTION_JA,DESCRIPTION_EN,NOTE,DISUSE_FLAG,LAST_UPDATE_TIMESTAMP,LAST_UPDATE_USER) VALUES('1020106','10201','備考','Remarks','remarks',NULL,'12',60,NULL,NULL,NULL,NULL,'0',NULL,NULL,NULL,NULL,'NOTE',NULL,'0','1','1','0','0','1','0',NULL,'{
"min_length": 0,
"max_length": 4000
}',NULL,NULL,NULL,'自由記述欄。レコードの廃止・復活時にも記載可能。','Comments section. Can comment when removing or restoring records.',NULL,'0',_____DATE_____,1);
INSERT INTO T_COMN_MENU_COLUMN_LINK_JNL (JOURNAL_SEQ_NO,JOURNAL_REG_DATETIME,JOURNAL_ACTION_CLASS,COLUMN_DEFINITION_ID,MENU_ID,COLUMN_NAME_JA,COLUMN_NAME_EN,COLUMN_NAME_REST,COL_GROUP_ID,COLUMN_CLASS,COLUMN_DISP_SEQ,REF_TABLE_NAME,REF_PKEY_NAME,REF_COL_NAME,REF_SORT_CONDITIONS,REF_MULTI_LANG,REFERENCE_ITEM,SENSITIVE_COL_NAME,FILE_UPLOAD_PLACE,BUTTON_ACTION,COL_NAME,SAVE_TYPE,AUTO_INPUT,INPUT_ITEM,VIEW_ITEM,UNIQUE_ITEM,REQUIRED_ITEM,AUTOREG_HIDE_ITEM,AUTOREG_ONLY_ITEM,INITIAL_VALUE,VALIDATE_OPTION,VALIDATE_REG_EXP,BEFORE_VALIDATE_REGISTER,AFTER_VALIDATE_REGISTER,DESCRIPTION_JA,DESCRIPTION_EN,NOTE,DISUSE_FLAG,LAST_UPDATE_TIMESTAMP,LAST_UPDATE_USER) VALUES(1020106,_____DATE_____,'INSERT','1020106','10201','備考','Remarks','remarks',NULL,'12',60,NULL,NULL,NULL,NULL,'0',NULL,NULL,NULL,NULL,'NOTE',NULL,'0','1','1','0','0','1','0',NULL,'{
"min_length": 0,
"max_length": 4000
}',NULL,NULL,NULL,'自由記述欄。レコードの廃止・復活時にも記載可能。','Comments section. Can comment when removing or restoring records.',NULL,'0',_____DATE_____,1);
INSERT INTO T_COMN_MENU_COLUMN_LINK (COLUMN_DEFINITION_ID,MENU_ID,COLUMN_NAME_JA,COLUMN_NAME_EN,COLUMN_NAME_REST,COL_GROUP_ID,COLUMN_CLASS,COLUMN_DISP_SEQ,REF_TABLE_NAME,REF_PKEY_NAME,REF_COL_NAME,REF_SORT_CONDITIONS,REF_MULTI_LANG,REFERENCE_ITEM,SENSITIVE_COL_NAME,FILE_UPLOAD_PLACE,BUTTON_ACTION,COL_NAME,SAVE_TYPE,AUTO_INPUT,INPUT_ITEM,VIEW_ITEM,UNIQUE_ITEM,REQUIRED_ITEM,AUTOREG_HIDE_ITEM,AUTOREG_ONLY_ITEM,INITIAL_VALUE,VALIDATE_OPTION,VALIDATE_REG_EXP,BEFORE_VALIDATE_REGISTER,AFTER_VALIDATE_REGISTER,DESCRIPTION_JA,DESCRIPTION_EN,NOTE,DISUSE_FLAG,LAST_UPDATE_TIMESTAMP,LAST_UPDATE_USER) VALUES('1020107','10201','廃止フラグ','Discard','discard',NULL,'1',70,NULL,NULL,NULL,NULL,'0',NULL,NULL,NULL,NULL,'DISUSE_FLAG',NULL,'1','1','1','0','1','1','0',NULL,NULL,NULL,NULL,NULL,'廃止フラグ。復活以外のオペレーションは不可','Discard flag. Cannot do operation other than restore.',NULL,'0',_____DATE_____,1);
INSERT INTO T_COMN_MENU_COLUMN_LINK_JNL (JOURNAL_SEQ_NO,JOURNAL_REG_DATETIME,JOURNAL_ACTION_CLASS,COLUMN_DEFINITION_ID,MENU_ID,COLUMN_NAME_JA,COLUMN_NAME_EN,COLUMN_NAME_REST,COL_GROUP_ID,COLUMN_CLASS,COLUMN_DISP_SEQ,REF_TABLE_NAME,REF_PKEY_NAME,REF_COL_NAME,REF_SORT_CONDITIONS,REF_MULTI_LANG,REFERENCE_ITEM,SENSITIVE_COL_NAME,FILE_UPLOAD_PLACE,BUTTON_ACTION,COL_NAME,SAVE_TYPE,AUTO_INPUT,INPUT_ITEM,VIEW_ITEM,UNIQUE_ITEM,REQUIRED_ITEM,AUTOREG_HIDE_ITEM,AUTOREG_ONLY_ITEM,INITIAL_VALUE,VALIDATE_OPTION,VALIDATE_REG_EXP,BEFORE_VALIDATE_REGISTER,AFTER_VALIDATE_REGISTER,DESCRIPTION_JA,DESCRIPTION_EN,NOTE,DISUSE_FLAG,LAST_UPDATE_TIMESTAMP,LAST_UPDATE_USER) VALUES(1020107,_____DATE_____,'INSERT','1020107','10201','廃止フラグ','Discard','discard',NULL,'1',70,NULL,NULL,NULL,NULL,'0',NULL,NULL,NULL,NULL,'DISUSE_FLAG',NULL,'1','1','1','0','1','1','0',NULL,NULL,NULL,NULL,NULL,'廃止フラグ。復活以外のオペレーションは不可','Discard flag. Cannot do operation other than restore.',NULL,'0',_____DATE_____,1);
INSERT INTO T_COMN_MENU_COLUMN_LINK (COLUMN_DEFINITION_ID,MENU_ID,COLUMN_NAME_JA,COLUMN_NAME_EN,COLUMN_NAME_REST,COL_GROUP_ID,COLUMN_CLASS,COLUMN_DISP_SEQ,REF_TABLE_NAME,REF_PKEY_NAME,REF_COL_NAME,REF_SORT_CONDITIONS,REF_MULTI_LANG,REFERENCE_ITEM,SENSITIVE_COL_NAME,FILE_UPLOAD_PLACE,BUTTON_ACTION,COL_NAME,SAVE_TYPE,AUTO_INPUT,INPUT_ITEM,VIEW_ITEM,UNIQUE_ITEM,REQUIRED_ITEM,AUTOREG_HIDE_ITEM,AUTOREG_ONLY_ITEM,INITIAL_VALUE,VALIDATE_OPTION,VALIDATE_REG_EXP,BEFORE_VALIDATE_REGISTER,AFTER_VALIDATE_REGISTER,DESCRIPTION_JA,DESCRIPTION_EN,NOTE,DISUSE_FLAG,LAST_UPDATE_TIMESTAMP,LAST_UPDATE_USER) VALUES('1020108','10201','最終更新日時','Last update date/time','last_update_date_time',NULL,'13',80,NULL,NULL,NULL,NULL,'0',NULL,NULL,NULL,NULL,'LAST_UPDATE_TIMESTAMP',NULL,'1','0','1','0','1','1','0',NULL,NULL,NULL,NULL,NULL,'レコードの最終更新日。自動登録のため編集不可。','Last update date of record. Cannot edit because of auto-registration.',NULL,'0',_____DATE_____,1);
INSERT INTO T_COMN_MENU_COLUMN_LINK_JNL (JOURNAL_SEQ_NO,JOURNAL_REG_DATETIME,JOURNAL_ACTION_CLASS,COLUMN_DEFINITION_ID,MENU_ID,COLUMN_NAME_JA,COLUMN_NAME_EN,COLUMN_NAME_REST,COL_GROUP_ID,COLUMN_CLASS,COLUMN_DISP_SEQ,REF_TABLE_NAME,REF_PKEY_NAME,REF_COL_NAME,REF_SORT_CONDITIONS,REF_MULTI_LANG,REFERENCE_ITEM,SENSITIVE_COL_NAME,FILE_UPLOAD_PLACE,BUTTON_ACTION,COL_NAME,SAVE_TYPE,AUTO_INPUT,INPUT_ITEM,VIEW_ITEM,UNIQUE_ITEM,REQUIRED_ITEM,AUTOREG_HIDE_ITEM,AUTOREG_ONLY_ITEM,INITIAL_VALUE,VALIDATE_OPTION,VALIDATE_REG_EXP,BEFORE_VALIDATE_REGISTER,AFTER_VALIDATE_REGISTER,DESCRIPTION_JA,DESCRIPTION_EN,NOTE,DISUSE_FLAG,LAST_UPDATE_TIMESTAMP,LAST_UPDATE_USER) VALUES(1020108,_____DATE_____,'INSERT','1020108','10201','最終更新日時','Last update date/time','last_update_date_time',NULL,'13',80,NULL,NULL,NULL,NULL,'0',NULL,NULL,NULL,NULL,'LAST_UPDATE_TIMESTAMP',NULL,'1','0','1','0','1','1','0',NULL,NULL,NULL,NULL,NULL,'レコードの最終更新日。自動登録のため編集不可。','Last update date of record. Cannot edit because of auto-registration.',NULL,'0',_____DATE_____,1);
INSERT INTO T_COMN_MENU_COLUMN_LINK (COLUMN_DEFINITION_ID,MENU_ID,COLUMN_NAME_JA,COLUMN_NAME_EN,COLUMN_NAME_REST,COL_GROUP_ID,COLUMN_CLASS,COLUMN_DISP_SEQ,REF_TABLE_NAME,REF_PKEY_NAME,REF_COL_NAME,REF_SORT_CONDITIONS,REF_MULTI_LANG,REFERENCE_ITEM,SENSITIVE_COL_NAME,FILE_UPLOAD_PLACE,BUTTON_ACTION,COL_NAME,SAVE_TYPE,AUTO_INPUT,INPUT_ITEM,VIEW_ITEM,UNIQUE_ITEM,REQUIRED_ITEM,AUTOREG_HIDE_ITEM,AUTOREG_ONLY_ITEM,INITIAL_VALUE,VALIDATE_OPTION,VALIDATE_REG_EXP,BEFORE_VALIDATE_REGISTER,AFTER_VALIDATE_REGISTER,DESCRIPTION_JA,DESCRIPTION_EN,NOTE,DISUSE_FLAG,LAST_UPDATE_TIMESTAMP,LAST_UPDATE_USER) VALUES('1020109','10201','最終更新者','Last updated by','last_updated_user',NULL,'14',90,NULL,NULL,NULL,NULL,'0',NULL,NULL,NULL,NULL,'LAST_UPDATE_USER',NULL,'1','0','1','0','1','1','0',NULL,NULL,NULL,NULL,NULL,'更新者。ログインユーザのIDが自動的に登録される。編集不可。','Updated by. Login user ID is automatically registered. Cannot edit.',NULL,'0',_____DATE_____,1);
INSERT INTO T_COMN_MENU_COLUMN_LINK_JNL (JOURNAL_SEQ_NO,JOURNAL_REG_DATETIME,JOURNAL_ACTION_CLASS,COLUMN_DEFINITION_ID,MENU_ID,COLUMN_NAME_JA,COLUMN_NAME_EN,COLUMN_NAME_REST,COL_GROUP_ID,COLUMN_CLASS,COLUMN_DISP_SEQ,REF_TABLE_NAME,REF_PKEY_NAME,REF_COL_NAME,REF_SORT_CONDITIONS,REF_MULTI_LANG,REFERENCE_ITEM,SENSITIVE_COL_NAME,FILE_UPLOAD_PLACE,BUTTON_ACTION,COL_NAME,SAVE_TYPE,AUTO_INPUT,INPUT_ITEM,VIEW_ITEM,UNIQUE_ITEM,REQUIRED_ITEM,AUTOREG_HIDE_ITEM,AUTOREG_ONLY_ITEM,INITIAL_VALUE,VALIDATE_OPTION,VALIDATE_REG_EXP,BEFORE_VALIDATE_REGISTER,AFTER_VALIDATE_REGISTER,DESCRIPTION_JA,DESCRIPTION_EN,NOTE,DISUSE_FLAG,LAST_UPDATE_TIMESTAMP,LAST_UPDATE_USER) VALUES(1020109,_____DATE_____,'INSERT','1020109','10201','最終更新者','Last updated by','last_updated_user',NULL,'14',90,NULL,NULL,NULL,NULL,'0',NULL,NULL,NULL,NULL,'LAST_UPDATE_USER',NULL,'1','0','1','0','1','1','0',NULL,NULL,NULL,NULL,NULL,'更新者。ログインユーザのIDが自動的に登録される。編集不可。','Updated by. Login user ID is automatically registered. Cannot edit.',NULL,'0',_____DATE_____,1);
INSERT INTO T_COMN_MENU_COLUMN_LINK (COLUMN_DEFINITION_ID,MENU_ID,COLUMN_NAME_JA,COLUMN_NAME_EN,COLUMN_NAME_REST,COL_GROUP_ID,COLUMN_CLASS,COLUMN_DISP_SEQ,REF_TABLE_NAME,REF_PKEY_NAME,REF_COL_NAME,REF_SORT_CONDITIONS,REF_MULTI_LANG,REFERENCE_ITEM,SENSITIVE_COL_NAME,FILE_UPLOAD_PLACE,BUTTON_ACTION,COL_NAME,SAVE_TYPE,AUTO_INPUT,INPUT_ITEM,VIEW_ITEM,UNIQUE_ITEM,REQUIRED_ITEM,AUTOREG_HIDE_ITEM,AUTOREG_ONLY_ITEM,INITIAL_VALUE,VALIDATE_OPTION,VALIDATE_REG_EXP,BEFORE_VALIDATE_REGISTER,AFTER_VALIDATE_REGISTER,DESCRIPTION_JA,DESCRIPTION_EN,NOTE,DISUSE_FLAG,LAST_UPDATE_TIMESTAMP,LAST_UPDATE_USER) VALUES('1020201','10202','ＭovemenID','Movement id','movement_id',NULL,'1',10,NULL,NULL,NULL,NULL,'0',NULL,NULL,NULL,NULL,'MOVEMENT_ID',NULL,'1','1','1','1','1','1','0',NULL,NULL,NULL,NULL,NULL,'自動採番のため編集不可。実行処理種別が【登録】の場合、空白のみ可。','Cannot edit because of auto-numbering. Must be blank when execution process type is [Register].',NULL,'0',_____DATE_____,1);
INSERT INTO T_COMN_MENU_COLUMN_LINK_JNL (JOURNAL_SEQ_NO,JOURNAL_REG_DATETIME,JOURNAL_ACTION_CLASS,COLUMN_DEFINITION_ID,MENU_ID,COLUMN_NAME_JA,COLUMN_NAME_EN,COLUMN_NAME_REST,COL_GROUP_ID,COLUMN_CLASS,COLUMN_DISP_SEQ,REF_TABLE_NAME,REF_PKEY_NAME,REF_COL_NAME,REF_SORT_CONDITIONS,REF_MULTI_LANG,REFERENCE_ITEM,SENSITIVE_COL_NAME,FILE_UPLOAD_PLACE,BUTTON_ACTION,COL_NAME,SAVE_TYPE,AUTO_INPUT,INPUT_ITEM,VIEW_ITEM,UNIQUE_ITEM,REQUIRED_ITEM,AUTOREG_HIDE_ITEM,AUTOREG_ONLY_ITEM,INITIAL_VALUE,VALIDATE_OPTION,VALIDATE_REG_EXP,BEFORE_VALIDATE_REGISTER,AFTER_VALIDATE_REGISTER,DESCRIPTION_JA,DESCRIPTION_EN,NOTE,DISUSE_FLAG,LAST_UPDATE_TIMESTAMP,LAST_UPDATE_USER) VALUES(1020201,_____DATE_____,'INSERT','1020201','10202','ＭovemenID','Movement id','movement_id',NULL,'1',10,NULL,NULL,NULL,NULL,'0',NULL,NULL,NULL,NULL,'MOVEMENT_ID',NULL,'1','1','1','1','1','1','0',NULL,NULL,NULL,NULL,NULL,'自動採番のため編集不可。実行処理種別が【登録】の場合、空白のみ可。','Cannot edit because of auto-numbering. Must be blank when execution process type is [Register].',NULL,'0',_____DATE_____,1);
INSERT INTO T_COMN_MENU_COLUMN_LINK (COLUMN_DEFINITION_ID,MENU_ID,COLUMN_NAME_JA,COLUMN_NAME_EN,COLUMN_NAME_REST,COL_GROUP_ID,COLUMN_CLASS,COLUMN_DISP_SEQ,REF_TABLE_NAME,REF_PKEY_NAME,REF_COL_NAME,REF_SORT_CONDITIONS,REF_MULTI_LANG,REFERENCE_ITEM,SENSITIVE_COL_NAME,FILE_UPLOAD_PLACE,BUTTON_ACTION,COL_NAME,SAVE_TYPE,AUTO_INPUT,INPUT_ITEM,VIEW_ITEM,UNIQUE_ITEM,REQUIRED_ITEM,AUTOREG_HIDE_ITEM,AUTOREG_ONLY_ITEM,INITIAL_VALUE,VALIDATE_OPTION,VALIDATE_REG_EXP,BEFORE_VALIDATE_REGISTER,AFTER_VALIDATE_REGISTER,DESCRIPTION_JA,DESCRIPTION_EN,NOTE,DISUSE_FLAG,LAST_UPDATE_TIMESTAMP,LAST_UPDATE_USER) VALUES('1020202','10202','Movement名','Movement name','movement_name',NULL,'1',20,NULL,NULL,NULL,NULL,'0',NULL,NULL,NULL,NULL,'MOVEMENT_NAME',NULL,'0','1','1','1','1','1','0',NULL,'{
"min_length": 0,
"max_length": 255
}',NULL,NULL,NULL,'[最大長]255バイト','[Maximum length] 255 byte',NULL,'0',_____DATE_____,1);
INSERT INTO T_COMN_MENU_COLUMN_LINK_JNL (JOURNAL_SEQ_NO,JOURNAL_REG_DATETIME,JOURNAL_ACTION_CLASS,COLUMN_DEFINITION_ID,MENU_ID,COLUMN_NAME_JA,COLUMN_NAME_EN,COLUMN_NAME_REST,COL_GROUP_ID,COLUMN_CLASS,COLUMN_DISP_SEQ,REF_TABLE_NAME,REF_PKEY_NAME,REF_COL_NAME,REF_SORT_CONDITIONS,REF_MULTI_LANG,REFERENCE_ITEM,SENSITIVE_COL_NAME,FILE_UPLOAD_PLACE,BUTTON_ACTION,COL_NAME,SAVE_TYPE,AUTO_INPUT,INPUT_ITEM,VIEW_ITEM,UNIQUE_ITEM,REQUIRED_ITEM,AUTOREG_HIDE_ITEM,AUTOREG_ONLY_ITEM,INITIAL_VALUE,VALIDATE_OPTION,VALIDATE_REG_EXP,BEFORE_VALIDATE_REGISTER,AFTER_VALIDATE_REGISTER,DESCRIPTION_JA,DESCRIPTION_EN,NOTE,DISUSE_FLAG,LAST_UPDATE_TIMESTAMP,LAST_UPDATE_USER) VALUES(1020202,_____DATE_____,'INSERT','1020202','10202','Movement名','Movement name','movement_name',NULL,'1',20,NULL,NULL,NULL,NULL,'0',NULL,NULL,NULL,NULL,'MOVEMENT_NAME',NULL,'0','1','1','1','1','1','0',NULL,'{
"min_length": 0,
"max_length": 255
}',NULL,NULL,NULL,'[最大長]255バイト','[Maximum length] 255 byte',NULL,'0',_____DATE_____,1);
INSERT INTO T_COMN_MENU_COLUMN_LINK (COLUMN_DEFINITION_ID,MENU_ID,COLUMN_NAME_JA,COLUMN_NAME_EN,COLUMN_NAME_REST,COL_GROUP_ID,COLUMN_CLASS,COLUMN_DISP_SEQ,REF_TABLE_NAME,REF_PKEY_NAME,REF_COL_NAME,REF_SORT_CONDITIONS,REF_MULTI_LANG,REFERENCE_ITEM,SENSITIVE_COL_NAME,FILE_UPLOAD_PLACE,BUTTON_ACTION,COL_NAME,SAVE_TYPE,AUTO_INPUT,INPUT_ITEM,VIEW_ITEM,UNIQUE_ITEM,REQUIRED_ITEM,AUTOREG_HIDE_ITEM,AUTOREG_ONLY_ITEM,INITIAL_VALUE,VALIDATE_OPTION,VALIDATE_REG_EXP,BEFORE_VALIDATE_REGISTER,AFTER_VALIDATE_REGISTER,DESCRIPTION_JA,DESCRIPTION_EN,NOTE,DISUSE_FLAG,LAST_UPDATE_TIMESTAMP,LAST_UPDATE_USER) VALUES('1020203','10202','オーケストレータ','Orchestrator','orchestrator',NULL,'7',30,'T_COMN_ORCHESTRA','ORCHESTRA_ID','ORCHESTRA_NAME',NULL,'0',NULL,NULL,NULL,NULL,'ITA_EXT_STM_ID',NULL,'0','1','1','0','1','1','0',NULL,NULL,NULL,NULL,NULL,'使用するオーケストレータが表示されます。','The orcestrator used is displayed.',NULL,'0',_____DATE_____,1);
INSERT INTO T_COMN_MENU_COLUMN_LINK_JNL (JOURNAL_SEQ_NO,JOURNAL_REG_DATETIME,JOURNAL_ACTION_CLASS,COLUMN_DEFINITION_ID,MENU_ID,COLUMN_NAME_JA,COLUMN_NAME_EN,COLUMN_NAME_REST,COL_GROUP_ID,COLUMN_CLASS,COLUMN_DISP_SEQ,REF_TABLE_NAME,REF_PKEY_NAME,REF_COL_NAME,REF_SORT_CONDITIONS,REF_MULTI_LANG,REFERENCE_ITEM,SENSITIVE_COL_NAME,FILE_UPLOAD_PLACE,BUTTON_ACTION,COL_NAME,SAVE_TYPE,AUTO_INPUT,INPUT_ITEM,VIEW_ITEM,UNIQUE_ITEM,REQUIRED_ITEM,AUTOREG_HIDE_ITEM,AUTOREG_ONLY_ITEM,INITIAL_VALUE,VALIDATE_OPTION,VALIDATE_REG_EXP,BEFORE_VALIDATE_REGISTER,AFTER_VALIDATE_REGISTER,DESCRIPTION_JA,DESCRIPTION_EN,NOTE,DISUSE_FLAG,LAST_UPDATE_TIMESTAMP,LAST_UPDATE_USER) VALUES(1020203,_____DATE_____,'INSERT','1020203','10202','オーケストレータ','Orchestrator','orchestrator',NULL,'7',30,'T_COMN_ORCHESTRA','ORCHESTRA_ID','ORCHESTRA_NAME',NULL,'0',NULL,NULL,NULL,NULL,'ITA_EXT_STM_ID',NULL,'0','1','1','0','1','1','0',NULL,NULL,NULL,NULL,NULL,'使用するオーケストレータが表示されます。','The orcestrator used is displayed.',NULL,'0',_____DATE_____,1);
INSERT INTO T_COMN_MENU_COLUMN_LINK (COLUMN_DEFINITION_ID,MENU_ID,COLUMN_NAME_JA,COLUMN_NAME_EN,COLUMN_NAME_REST,COL_GROUP_ID,COLUMN_CLASS,COLUMN_DISP_SEQ,REF_TABLE_NAME,REF_PKEY_NAME,REF_COL_NAME,REF_SORT_CONDITIONS,REF_MULTI_LANG,REFERENCE_ITEM,SENSITIVE_COL_NAME,FILE_UPLOAD_PLACE,BUTTON_ACTION,COL_NAME,SAVE_TYPE,AUTO_INPUT,INPUT_ITEM,VIEW_ITEM,UNIQUE_ITEM,REQUIRED_ITEM,AUTOREG_HIDE_ITEM,AUTOREG_ONLY_ITEM,INITIAL_VALUE,VALIDATE_OPTION,VALIDATE_REG_EXP,BEFORE_VALIDATE_REGISTER,AFTER_VALIDATE_REGISTER,DESCRIPTION_JA,DESCRIPTION_EN,NOTE,DISUSE_FLAG,LAST_UPDATE_TIMESTAMP,LAST_UPDATE_USER) VALUES('1020204','10202','遅延タイマー','Delay timer','delay_timer',NULL,'3',40,NULL,NULL,NULL,NULL,'0',NULL,NULL,NULL,NULL,'TIME_LIMIT',NULL,'0','1','1','0','0','1','0',NULL,'{
"int_min": 0,
"int_max": 2147483647
}',NULL,NULL,NULL,'Movementが指定期間(分)を遅延した場合にステータスを遅延として警告します。','If there is a delay in the Movement as per the specified period (minutes), delayed status appears.',NULL,'0',_____DATE_____,1);
INSERT INTO T_COMN_MENU_COLUMN_LINK_JNL (JOURNAL_SEQ_NO,JOURNAL_REG_DATETIME,JOURNAL_ACTION_CLASS,COLUMN_DEFINITION_ID,MENU_ID,COLUMN_NAME_JA,COLUMN_NAME_EN,COLUMN_NAME_REST,COL_GROUP_ID,COLUMN_CLASS,COLUMN_DISP_SEQ,REF_TABLE_NAME,REF_PKEY_NAME,REF_COL_NAME,REF_SORT_CONDITIONS,REF_MULTI_LANG,REFERENCE_ITEM,SENSITIVE_COL_NAME,FILE_UPLOAD_PLACE,BUTTON_ACTION,COL_NAME,SAVE_TYPE,AUTO_INPUT,INPUT_ITEM,VIEW_ITEM,UNIQUE_ITEM,REQUIRED_ITEM,AUTOREG_HIDE_ITEM,AUTOREG_ONLY_ITEM,INITIAL_VALUE,VALIDATE_OPTION,VALIDATE_REG_EXP,BEFORE_VALIDATE_REGISTER,AFTER_VALIDATE_REGISTER,DESCRIPTION_JA,DESCRIPTION_EN,NOTE,DISUSE_FLAG,LAST_UPDATE_TIMESTAMP,LAST_UPDATE_USER) VALUES(1020204,_____DATE_____,'INSERT','1020204','10202','遅延タイマー','Delay timer','delay_timer',NULL,'3',40,NULL,NULL,NULL,NULL,'0',NULL,NULL,NULL,NULL,'TIME_LIMIT',NULL,'0','1','1','0','0','1','0',NULL,'{
"int_min": 0,
"int_max": 2147483647
}',NULL,NULL,NULL,'Movementが指定期間(分)を遅延した場合にステータスを遅延として警告します。','If there is a delay in the Movement as per the specified period (minutes), delayed status appears.',NULL,'0',_____DATE_____,1);
INSERT INTO T_COMN_MENU_COLUMN_LINK (COLUMN_DEFINITION_ID,MENU_ID,COLUMN_NAME_JA,COLUMN_NAME_EN,COLUMN_NAME_REST,COL_GROUP_ID,COLUMN_CLASS,COLUMN_DISP_SEQ,REF_TABLE_NAME,REF_PKEY_NAME,REF_COL_NAME,REF_SORT_CONDITIONS,REF_MULTI_LANG,REFERENCE_ITEM,SENSITIVE_COL_NAME,FILE_UPLOAD_PLACE,BUTTON_ACTION,COL_NAME,SAVE_TYPE,AUTO_INPUT,INPUT_ITEM,VIEW_ITEM,UNIQUE_ITEM,REQUIRED_ITEM,AUTOREG_HIDE_ITEM,AUTOREG_ONLY_ITEM,INITIAL_VALUE,VALIDATE_OPTION,VALIDATE_REG_EXP,BEFORE_VALIDATE_REGISTER,AFTER_VALIDATE_REGISTER,DESCRIPTION_JA,DESCRIPTION_EN,NOTE,DISUSE_FLAG,LAST_UPDATE_TIMESTAMP,LAST_UPDATE_USER) VALUES('1020205','10202','ホスト指定形式','Host specific format','host_specific_format','1020201','7',50,'T_COMN_HOST_DESIGNATE_TYPE','HOST_DESIGNATE_TYPE_ID','HOST_DESIGNATE_TYPE_NAME',NULL,'1',NULL,NULL,NULL,NULL,'ANS_HOST_DESIGNATE_TYPE_ID',NULL,'0','1','1','0','1','1','0',NULL,NULL,NULL,NULL,NULL,'構築対象ノードの指定方法です。','Method that specifies build node.',NULL,'0',_____DATE_____,1);
INSERT INTO T_COMN_MENU_COLUMN_LINK_JNL (JOURNAL_SEQ_NO,JOURNAL_REG_DATETIME,JOURNAL_ACTION_CLASS,COLUMN_DEFINITION_ID,MENU_ID,COLUMN_NAME_JA,COLUMN_NAME_EN,COLUMN_NAME_REST,COL_GROUP_ID,COLUMN_CLASS,COLUMN_DISP_SEQ,REF_TABLE_NAME,REF_PKEY_NAME,REF_COL_NAME,REF_SORT_CONDITIONS,REF_MULTI_LANG,REFERENCE_ITEM,SENSITIVE_COL_NAME,FILE_UPLOAD_PLACE,BUTTON_ACTION,COL_NAME,SAVE_TYPE,AUTO_INPUT,INPUT_ITEM,VIEW_ITEM,UNIQUE_ITEM,REQUIRED_ITEM,AUTOREG_HIDE_ITEM,AUTOREG_ONLY_ITEM,INITIAL_VALUE,VALIDATE_OPTION,VALIDATE_REG_EXP,BEFORE_VALIDATE_REGISTER,AFTER_VALIDATE_REGISTER,DESCRIPTION_JA,DESCRIPTION_EN,NOTE,DISUSE_FLAG,LAST_UPDATE_TIMESTAMP,LAST_UPDATE_USER) VALUES(1020205,_____DATE_____,'INSERT','1020205','10202','ホスト指定形式','Host specific format','host_specific_format','1020201','7',50,'T_COMN_HOST_DESIGNATE_TYPE','HOST_DESIGNATE_TYPE_ID','HOST_DESIGNATE_TYPE_NAME',NULL,'1',NULL,NULL,NULL,NULL,'ANS_HOST_DESIGNATE_TYPE_ID',NULL,'0','1','1','0','1','1','0',NULL,NULL,NULL,NULL,NULL,'構築対象ノードの指定方法です。','Method that specifies build node.',NULL,'0',_____DATE_____,1);
INSERT INTO T_COMN_MENU_COLUMN_LINK (COLUMN_DEFINITION_ID,MENU_ID,COLUMN_NAME_JA,COLUMN_NAME_EN,COLUMN_NAME_REST,COL_GROUP_ID,COLUMN_CLASS,COLUMN_DISP_SEQ,REF_TABLE_NAME,REF_PKEY_NAME,REF_COL_NAME,REF_SORT_CONDITIONS,REF_MULTI_LANG,REFERENCE_ITEM,SENSITIVE_COL_NAME,FILE_UPLOAD_PLACE,BUTTON_ACTION,COL_NAME,SAVE_TYPE,AUTO_INPUT,INPUT_ITEM,VIEW_ITEM,UNIQUE_ITEM,REQUIRED_ITEM,AUTOREG_HIDE_ITEM,AUTOREG_ONLY_ITEM,INITIAL_VALUE,VALIDATE_OPTION,VALIDATE_REG_EXP,BEFORE_VALIDATE_REGISTER,AFTER_VALIDATE_REGISTER,DESCRIPTION_JA,DESCRIPTION_EN,NOTE,DISUSE_FLAG,LAST_UPDATE_TIMESTAMP,LAST_UPDATE_USER) VALUES('1020206','10202','並列実行数','Number of parallel executions','parallel_executions_count','1020201','12',60,NULL,NULL,NULL,NULL,'0',NULL,NULL,NULL,NULL,'ANS_PARALLEL_EXE',NULL,'0','2','0','0','0','1','0',NULL,'{
"int_min": 0,
"int_max": 1000
}',NULL,NULL,NULL,'ansible-playbook コマンドの--forks=パラメータを設定します。','Set the --forks parameter of the ansible-playbook command.',NULL,'1',_____DATE_____,1);
INSERT INTO T_COMN_MENU_COLUMN_LINK_JNL (JOURNAL_SEQ_NO,JOURNAL_REG_DATETIME,JOURNAL_ACTION_CLASS,COLUMN_DEFINITION_ID,MENU_ID,COLUMN_NAME_JA,COLUMN_NAME_EN,COLUMN_NAME_REST,COL_GROUP_ID,COLUMN_CLASS,COLUMN_DISP_SEQ,REF_TABLE_NAME,REF_PKEY_NAME,REF_COL_NAME,REF_SORT_CONDITIONS,REF_MULTI_LANG,REFERENCE_ITEM,SENSITIVE_COL_NAME,FILE_UPLOAD_PLACE,BUTTON_ACTION,COL_NAME,SAVE_TYPE,AUTO_INPUT,INPUT_ITEM,VIEW_ITEM,UNIQUE_ITEM,REQUIRED_ITEM,AUTOREG_HIDE_ITEM,AUTOREG_ONLY_ITEM,INITIAL_VALUE,VALIDATE_OPTION,VALIDATE_REG_EXP,BEFORE_VALIDATE_REGISTER,AFTER_VALIDATE_REGISTER,DESCRIPTION_JA,DESCRIPTION_EN,NOTE,DISUSE_FLAG,LAST_UPDATE_TIMESTAMP,LAST_UPDATE_USER) VALUES(1020206,_____DATE_____,'INSERT','1020206','10202','並列実行数','Number of parallel executions','parallel_executions_count','1020201','12',60,NULL,NULL,NULL,NULL,'0',NULL,NULL,NULL,NULL,'ANS_PARALLEL_EXE',NULL,'0','2','0','0','0','1','0',NULL,'{
"int_min": 0,
"int_max": 1000
}',NULL,NULL,NULL,'ansible-playbook コマンドの--forks=パラメータを設定します。','Set the --forks parameter of the ansible-playbook command.',NULL,'1',_____DATE_____,1);
INSERT INTO T_COMN_MENU_COLUMN_LINK (COLUMN_DEFINITION_ID,MENU_ID,COLUMN_NAME_JA,COLUMN_NAME_EN,COLUMN_NAME_REST,COL_GROUP_ID,COLUMN_CLASS,COLUMN_DISP_SEQ,REF_TABLE_NAME,REF_PKEY_NAME,REF_COL_NAME,REF_SORT_CONDITIONS,REF_MULTI_LANG,REFERENCE_ITEM,SENSITIVE_COL_NAME,FILE_UPLOAD_PLACE,BUTTON_ACTION,COL_NAME,SAVE_TYPE,AUTO_INPUT,INPUT_ITEM,VIEW_ITEM,UNIQUE_ITEM,REQUIRED_ITEM,AUTOREG_HIDE_ITEM,AUTOREG_ONLY_ITEM,INITIAL_VALUE,VALIDATE_OPTION,VALIDATE_REG_EXP,BEFORE_VALIDATE_REGISTER,AFTER_VALIDATE_REGISTER,DESCRIPTION_JA,DESCRIPTION_EN,NOTE,DISUSE_FLAG,LAST_UPDATE_TIMESTAMP,LAST_UPDATE_USER) VALUES('1020207','10202','WinRM接続','WinRM connection','winrm_connection','1020201','7',70,'T_COMN_BOOLEAN_FLAG','FLAG_ID','FLAG_NAME',NULL,'0',NULL,NULL,NULL,NULL,'ANS_WINRM_ID',NULL,'0','1','1','0','1','1','0',NULL,NULL,NULL,NULL,NULL,'構築対象ノードがWindowsServerでWinRM接続する場合に選択します。
True: はい
False: いいえ','Select when the build node connects to a WinRM through a WindowsServer.
True: yes
False: no',NULL,'0',_____DATE_____,1);
INSERT INTO T_COMN_MENU_COLUMN_LINK_JNL (JOURNAL_SEQ_NO,JOURNAL_REG_DATETIME,JOURNAL_ACTION_CLASS,COLUMN_DEFINITION_ID,MENU_ID,COLUMN_NAME_JA,COLUMN_NAME_EN,COLUMN_NAME_REST,COL_GROUP_ID,COLUMN_CLASS,COLUMN_DISP_SEQ,REF_TABLE_NAME,REF_PKEY_NAME,REF_COL_NAME,REF_SORT_CONDITIONS,REF_MULTI_LANG,REFERENCE_ITEM,SENSITIVE_COL_NAME,FILE_UPLOAD_PLACE,BUTTON_ACTION,COL_NAME,SAVE_TYPE,AUTO_INPUT,INPUT_ITEM,VIEW_ITEM,UNIQUE_ITEM,REQUIRED_ITEM,AUTOREG_HIDE_ITEM,AUTOREG_ONLY_ITEM,INITIAL_VALUE,VALIDATE_OPTION,VALIDATE_REG_EXP,BEFORE_VALIDATE_REGISTER,AFTER_VALIDATE_REGISTER,DESCRIPTION_JA,DESCRIPTION_EN,NOTE,DISUSE_FLAG,LAST_UPDATE_TIMESTAMP,LAST_UPDATE_USER) VALUES(1020207,_____DATE_____,'INSERT','1020207','10202','WinRM接続','WinRM connection','winrm_connection','1020201','7',70,'T_COMN_BOOLEAN_FLAG','FLAG_ID','FLAG_NAME',NULL,'0',NULL,NULL,NULL,NULL,'ANS_WINRM_ID',NULL,'0','1','1','0','1','1','0',NULL,NULL,NULL,NULL,NULL,'構築対象ノードがWindowsServerでWinRM接続する場合に選択します。
True: はい
False: いいえ','Select when the build node connects to a WinRM through a WindowsServer.
True: yes
False: no',NULL,'0',_____DATE_____,1);
INSERT INTO T_COMN_MENU_COLUMN_LINK (COLUMN_DEFINITION_ID,MENU_ID,COLUMN_NAME_JA,COLUMN_NAME_EN,COLUMN_NAME_REST,COL_GROUP_ID,COLUMN_CLASS,COLUMN_DISP_SEQ,REF_TABLE_NAME,REF_PKEY_NAME,REF_COL_NAME,REF_SORT_CONDITIONS,REF_MULTI_LANG,REFERENCE_ITEM,SENSITIVE_COL_NAME,FILE_UPLOAD_PLACE,BUTTON_ACTION,COL_NAME,SAVE_TYPE,AUTO_INPUT,INPUT_ITEM,VIEW_ITEM,UNIQUE_ITEM,REQUIRED_ITEM,AUTOREG_HIDE_ITEM,AUTOREG_ONLY_ITEM,INITIAL_VALUE,VALIDATE_OPTION,VALIDATE_REG_EXP,BEFORE_VALIDATE_REGISTER,AFTER_VALIDATE_REGISTER,DESCRIPTION_JA,DESCRIPTION_EN,NOTE,DISUSE_FLAG,LAST_UPDATE_TIMESTAMP,LAST_UPDATE_USER) VALUES('1020208','10202','ヘッダーセクション','Header section','header_section','1020201','2',80,NULL,NULL,NULL,NULL,'0',NULL,NULL,NULL,NULL,'ANS_PLAYBOOK_HED_DEF',NULL,'0','1','1','0','0','1','0',NULL,'{
"min_length": 0,
"max_length": 4000
}',NULL,NULL,NULL,'ITAが自動生成する親Playbookの先頭からtasksセクションまでのセクションを編集します。
未入力の場合は、以下を適用します。
Ansible:
  - hosts: all
    remote_user: "{{ __loginuser__ }}"
    gather_facts: no
    become: yes

Ansible Automation Controller:
  - hosts: all
    gather_facts: no
    become: yes
winrm接続の場合は「become: yes」は省略されます。','Edit the section from the top of the parent Playbook automatically generated by ITA is executed to the tasks section.
Setting value when not enter.
Ansible:
  - hosts: all
    remote_user: "{{ __loginuser__ }}"
    gather_facts: no
    become: yes

Ansible Automation Controller:
  - hosts: all
    gather_facts: no
    become: yes
become is omitted for winrm connection.',NULL,'0',_____DATE_____,1);
INSERT INTO T_COMN_MENU_COLUMN_LINK_JNL (JOURNAL_SEQ_NO,JOURNAL_REG_DATETIME,JOURNAL_ACTION_CLASS,COLUMN_DEFINITION_ID,MENU_ID,COLUMN_NAME_JA,COLUMN_NAME_EN,COLUMN_NAME_REST,COL_GROUP_ID,COLUMN_CLASS,COLUMN_DISP_SEQ,REF_TABLE_NAME,REF_PKEY_NAME,REF_COL_NAME,REF_SORT_CONDITIONS,REF_MULTI_LANG,REFERENCE_ITEM,SENSITIVE_COL_NAME,FILE_UPLOAD_PLACE,BUTTON_ACTION,COL_NAME,SAVE_TYPE,AUTO_INPUT,INPUT_ITEM,VIEW_ITEM,UNIQUE_ITEM,REQUIRED_ITEM,AUTOREG_HIDE_ITEM,AUTOREG_ONLY_ITEM,INITIAL_VALUE,VALIDATE_OPTION,VALIDATE_REG_EXP,BEFORE_VALIDATE_REGISTER,AFTER_VALIDATE_REGISTER,DESCRIPTION_JA,DESCRIPTION_EN,NOTE,DISUSE_FLAG,LAST_UPDATE_TIMESTAMP,LAST_UPDATE_USER) VALUES(1020208,_____DATE_____,'INSERT','1020208','10202','ヘッダーセクション','Header section','header_section','1020201','2',80,NULL,NULL,NULL,NULL,'0',NULL,NULL,NULL,NULL,'ANS_PLAYBOOK_HED_DEF',NULL,'0','1','1','0','0','1','0',NULL,'{
"min_length": 0,
"max_length": 4000
}',NULL,NULL,NULL,'ITAが自動生成する親Playbookの先頭からtasksセクションまでのセクションを編集します。
未入力の場合は、以下を適用します。
Ansible:
  - hosts: all
    remote_user: "{{ __loginuser__ }}"
    gather_facts: no
    become: yes

Ansible Automation Controller:
  - hosts: all
    gather_facts: no
    become: yes
winrm接続の場合は「become: yes」は省略されます。','Edit the section from the top of the parent Playbook automatically generated by ITA is executed to the tasks section.
Setting value when not enter.
Ansible:
  - hosts: all
    remote_user: "{{ __loginuser__ }}"
    gather_facts: no
    become: yes

Ansible Automation Controller:
  - hosts: all
    gather_facts: no
    become: yes
become is omitted for winrm connection.',NULL,'0',_____DATE_____,1);
INSERT INTO T_COMN_MENU_COLUMN_LINK (COLUMN_DEFINITION_ID,MENU_ID,COLUMN_NAME_JA,COLUMN_NAME_EN,COLUMN_NAME_REST,COL_GROUP_ID,COLUMN_CLASS,COLUMN_DISP_SEQ,REF_TABLE_NAME,REF_PKEY_NAME,REF_COL_NAME,REF_SORT_CONDITIONS,REF_MULTI_LANG,REFERENCE_ITEM,SENSITIVE_COL_NAME,FILE_UPLOAD_PLACE,BUTTON_ACTION,COL_NAME,SAVE_TYPE,AUTO_INPUT,INPUT_ITEM,VIEW_ITEM,UNIQUE_ITEM,REQUIRED_ITEM,AUTOREG_HIDE_ITEM,AUTOREG_ONLY_ITEM,INITIAL_VALUE,VALIDATE_OPTION,VALIDATE_REG_EXP,BEFORE_VALIDATE_REGISTER,AFTER_VALIDATE_REGISTER,DESCRIPTION_JA,DESCRIPTION_EN,NOTE,DISUSE_FLAG,LAST_UPDATE_TIMESTAMP,LAST_UPDATE_USER) VALUES('1020209','10202','オプションパラメータ','Optional parameters','optional_parameters','1020201','1',90,NULL,NULL,NULL,NULL,'0',NULL,NULL,NULL,NULL,'ANS_EXEC_OPTIONS',NULL,'0','1','1','0','0','1','0',NULL,'{
"min_length": 0,
"max_length": 4000
}',NULL,NULL,NULL,'Movement固有のansible-playbookコマンドのオプションパ ラメータを設定します。','Movement-specific ansible-playbook command optional parameters.',NULL,'0',_____DATE_____,1);
INSERT INTO T_COMN_MENU_COLUMN_LINK_JNL (JOURNAL_SEQ_NO,JOURNAL_REG_DATETIME,JOURNAL_ACTION_CLASS,COLUMN_DEFINITION_ID,MENU_ID,COLUMN_NAME_JA,COLUMN_NAME_EN,COLUMN_NAME_REST,COL_GROUP_ID,COLUMN_CLASS,COLUMN_DISP_SEQ,REF_TABLE_NAME,REF_PKEY_NAME,REF_COL_NAME,REF_SORT_CONDITIONS,REF_MULTI_LANG,REFERENCE_ITEM,SENSITIVE_COL_NAME,FILE_UPLOAD_PLACE,BUTTON_ACTION,COL_NAME,SAVE_TYPE,AUTO_INPUT,INPUT_ITEM,VIEW_ITEM,UNIQUE_ITEM,REQUIRED_ITEM,AUTOREG_HIDE_ITEM,AUTOREG_ONLY_ITEM,INITIAL_VALUE,VALIDATE_OPTION,VALIDATE_REG_EXP,BEFORE_VALIDATE_REGISTER,AFTER_VALIDATE_REGISTER,DESCRIPTION_JA,DESCRIPTION_EN,NOTE,DISUSE_FLAG,LAST_UPDATE_TIMESTAMP,LAST_UPDATE_USER) VALUES(1020209,_____DATE_____,'INSERT','1020209','10202','オプションパラメータ','Optional parameters','optional_parameters','1020201','1',90,NULL,NULL,NULL,NULL,'0',NULL,NULL,NULL,NULL,'ANS_EXEC_OPTIONS',NULL,'0','1','1','0','0','1','0',NULL,'{
"min_length": 0,
"max_length": 4000
}',NULL,NULL,NULL,'Movement固有のansible-playbookコマンドのオプションパ ラメータを設定します。','Movement-specific ansible-playbook command optional parameters.',NULL,'0',_____DATE_____,1);
INSERT INTO T_COMN_MENU_COLUMN_LINK (COLUMN_DEFINITION_ID,MENU_ID,COLUMN_NAME_JA,COLUMN_NAME_EN,COLUMN_NAME_REST,COL_GROUP_ID,COLUMN_CLASS,COLUMN_DISP_SEQ,REF_TABLE_NAME,REF_PKEY_NAME,REF_COL_NAME,REF_SORT_CONDITIONS,REF_MULTI_LANG,REFERENCE_ITEM,SENSITIVE_COL_NAME,FILE_UPLOAD_PLACE,BUTTON_ACTION,COL_NAME,SAVE_TYPE,AUTO_INPUT,INPUT_ITEM,VIEW_ITEM,UNIQUE_ITEM,REQUIRED_ITEM,AUTOREG_HIDE_ITEM,AUTOREG_ONLY_ITEM,INITIAL_VALUE,VALIDATE_OPTION,VALIDATE_REG_EXP,BEFORE_VALIDATE_REGISTER,AFTER_VALIDATE_REGISTER,DESCRIPTION_JA,DESCRIPTION_EN,NOTE,DISUSE_FLAG,LAST_UPDATE_TIMESTAMP,LAST_UPDATE_USER) VALUES('1020210','10202','Ansible.cfg','Ansible.cfg','ansible_cfg','1020201','9',100,NULL,NULL,NULL,NULL,'0',NULL,NULL,NULL,NULL,'ANS_ANSIBLE_CONFIG_FILE',NULL,'0','1','1','0','0','1','0',NULL,'{
"upload_max_size": 104857600
}',NULL,NULL,NULL,'作業実行時に使用するansible.cfgをアップロードします。
未アップロードの場合は、デフォルトが使用されます。
また、ロールパッケージ管理でアップロードされているzipファイルにansible.cfgが含まれている場合は、アップロードしたansible.cfg>で上書きされます。','Uploads the ansible.cfg file.
If the file hasn\'t been uploaded, the default value will be used.
If a zip file containing ansible.cfg is uploaded to the role package list, the uploaded ansible.cfg will be overwritten.',NULL,'0',_____DATE_____,1);
INSERT INTO T_COMN_MENU_COLUMN_LINK_JNL (JOURNAL_SEQ_NO,JOURNAL_REG_DATETIME,JOURNAL_ACTION_CLASS,COLUMN_DEFINITION_ID,MENU_ID,COLUMN_NAME_JA,COLUMN_NAME_EN,COLUMN_NAME_REST,COL_GROUP_ID,COLUMN_CLASS,COLUMN_DISP_SEQ,REF_TABLE_NAME,REF_PKEY_NAME,REF_COL_NAME,REF_SORT_CONDITIONS,REF_MULTI_LANG,REFERENCE_ITEM,SENSITIVE_COL_NAME,FILE_UPLOAD_PLACE,BUTTON_ACTION,COL_NAME,SAVE_TYPE,AUTO_INPUT,INPUT_ITEM,VIEW_ITEM,UNIQUE_ITEM,REQUIRED_ITEM,AUTOREG_HIDE_ITEM,AUTOREG_ONLY_ITEM,INITIAL_VALUE,VALIDATE_OPTION,VALIDATE_REG_EXP,BEFORE_VALIDATE_REGISTER,AFTER_VALIDATE_REGISTER,DESCRIPTION_JA,DESCRIPTION_EN,NOTE,DISUSE_FLAG,LAST_UPDATE_TIMESTAMP,LAST_UPDATE_USER) VALUES(1020210,_____DATE_____,'INSERT','1020210','10202','Ansible.cfg','Ansible.cfg','ansible_cfg','1020201','9',100,NULL,NULL,NULL,NULL,'0',NULL,NULL,NULL,NULL,'ANS_ANSIBLE_CONFIG_FILE',NULL,'0','1','1','0','0','1','0',NULL,'{
"upload_max_size": 104857600
}',NULL,NULL,NULL,'作業実行時に使用するansible.cfgをアップロードします。
未アップロードの場合は、デフォルトが使用されます。
また、ロールパッケージ管理でアップロードされているzipファイルにansible.cfgが含まれている場合は、アップロードしたansible.cfg>で上書きされます。','Uploads the ansible.cfg file.
If the file hasn\'t been uploaded, the default value will be used.
If a zip file containing ansible.cfg is uploaded to the role package list, the uploaded ansible.cfg will be overwritten.',NULL,'0',_____DATE_____,1);
INSERT INTO T_COMN_MENU_COLUMN_LINK (COLUMN_DEFINITION_ID,MENU_ID,COLUMN_NAME_JA,COLUMN_NAME_EN,COLUMN_NAME_REST,COL_GROUP_ID,COLUMN_CLASS,COLUMN_DISP_SEQ,REF_TABLE_NAME,REF_PKEY_NAME,REF_COL_NAME,REF_SORT_CONDITIONS,REF_MULTI_LANG,REFERENCE_ITEM,SENSITIVE_COL_NAME,FILE_UPLOAD_PLACE,BUTTON_ACTION,COL_NAME,SAVE_TYPE,AUTO_INPUT,INPUT_ITEM,VIEW_ITEM,UNIQUE_ITEM,REQUIRED_ITEM,AUTOREG_HIDE_ITEM,AUTOREG_ONLY_ITEM,INITIAL_VALUE,VALIDATE_OPTION,VALIDATE_REG_EXP,BEFORE_VALIDATE_REGISTER,AFTER_VALIDATE_REGISTER,DESCRIPTION_JA,DESCRIPTION_EN,NOTE,DISUSE_FLAG,LAST_UPDATE_TIMESTAMP,LAST_UPDATE_USER) VALUES('1020211','10202','Virtualenv','Virtualenv','ansible_engine_virtualenv','1020202','1',110,NULL,NULL,NULL,NULL,'0',NULL,NULL,NULL,NULL,'ANS_ENGINE_VIRTUALENV_NAME',NULL,'0','0','0','0','0','1','0',NULL,'{
"min_length": 0,
"max_length": 255
}',NULL,NULL,NULL,'Ansibleサーバー内にvirtualenvで構築したansible実行環 境で作業実行したい場合、virtualenvのフルパスを入力して下さい。','f you want to run operations in the ansible execution environment created with the ansible server\'s virtualenv, input the full path for virtualenv.',NULL,'0',_____DATE_____,1);
INSERT INTO T_COMN_MENU_COLUMN_LINK_JNL (JOURNAL_SEQ_NO,JOURNAL_REG_DATETIME,JOURNAL_ACTION_CLASS,COLUMN_DEFINITION_ID,MENU_ID,COLUMN_NAME_JA,COLUMN_NAME_EN,COLUMN_NAME_REST,COL_GROUP_ID,COLUMN_CLASS,COLUMN_DISP_SEQ,REF_TABLE_NAME,REF_PKEY_NAME,REF_COL_NAME,REF_SORT_CONDITIONS,REF_MULTI_LANG,REFERENCE_ITEM,SENSITIVE_COL_NAME,FILE_UPLOAD_PLACE,BUTTON_ACTION,COL_NAME,SAVE_TYPE,AUTO_INPUT,INPUT_ITEM,VIEW_ITEM,UNIQUE_ITEM,REQUIRED_ITEM,AUTOREG_HIDE_ITEM,AUTOREG_ONLY_ITEM,INITIAL_VALUE,VALIDATE_OPTION,VALIDATE_REG_EXP,BEFORE_VALIDATE_REGISTER,AFTER_VALIDATE_REGISTER,DESCRIPTION_JA,DESCRIPTION_EN,NOTE,DISUSE_FLAG,LAST_UPDATE_TIMESTAMP,LAST_UPDATE_USER) VALUES(1020211,_____DATE_____,'INSERT','1020211','10202','Virtualenv','Virtualenv','ansible_engine_virtualenv','1020202','1',110,NULL,NULL,NULL,NULL,'0',NULL,NULL,NULL,NULL,'ANS_ENGINE_VIRTUALENV_NAME',NULL,'0','0','0','0','0','1','0',NULL,'{
"min_length": 0,
"max_length": 255
}',NULL,NULL,NULL,'Ansibleサーバー内にvirtualenvで構築したansible実行環 境で作業実行したい場合、virtualenvのフルパスを入力して下さい。','f you want to run operations in the ansible execution environment created with the ansible server\'s virtualenv, input the full path for virtualenv.',NULL,'0',_____DATE_____,1);
INSERT INTO T_COMN_MENU_COLUMN_LINK (COLUMN_DEFINITION_ID,MENU_ID,COLUMN_NAME_JA,COLUMN_NAME_EN,COLUMN_NAME_REST,COL_GROUP_ID,COLUMN_CLASS,COLUMN_DISP_SEQ,REF_TABLE_NAME,REF_PKEY_NAME,REF_COL_NAME,REF_SORT_CONDITIONS,REF_MULTI_LANG,REFERENCE_ITEM,SENSITIVE_COL_NAME,FILE_UPLOAD_PLACE,BUTTON_ACTION,COL_NAME,SAVE_TYPE,AUTO_INPUT,INPUT_ITEM,VIEW_ITEM,UNIQUE_ITEM,REQUIRED_ITEM,AUTOREG_HIDE_ITEM,AUTOREG_ONLY_ITEM,INITIAL_VALUE,VALIDATE_OPTION,VALIDATE_REG_EXP,BEFORE_VALIDATE_REGISTER,AFTER_VALIDATE_REGISTER,DESCRIPTION_JA,DESCRIPTION_EN,NOTE,DISUSE_FLAG,LAST_UPDATE_TIMESTAMP,LAST_UPDATE_USER) VALUES('1020212','10202','実行環境','Execution environment','execution_environment','1020204','7',120,'T_COMN_AAC_EXECUTION_ENVIRONMENT','EXECUTION_ENVIRONMENT_NAME','EXECUTION_ENVIRONMENT_NAME',NULL,'0',NULL,NULL,NULL,NULL,'ANS_EXECUTION_ENVIRONMENT_NAME',NULL,'0','1','1','0','0','1','0',NULL,'{
"min_length": 0,
"max_length": 255
}',NULL,NULL,NULL,'Ansible Automation Controllerサーバに構築されている実行環境が表示されています。
作業実行する実行環境を選択して下さい。
未選択の場合は、デフォルト「Default execution environment」が使用されます。','Displays the Execution environments constructed in the Ansible Automation Controller server.
Please select the Execution environment you want to operate.
If nothing is selected, "Default execution environment" will be selected by default.',NULL,'0',_____DATE_____,1);
INSERT INTO T_COMN_MENU_COLUMN_LINK_JNL (JOURNAL_SEQ_NO,JOURNAL_REG_DATETIME,JOURNAL_ACTION_CLASS,COLUMN_DEFINITION_ID,MENU_ID,COLUMN_NAME_JA,COLUMN_NAME_EN,COLUMN_NAME_REST,COL_GROUP_ID,COLUMN_CLASS,COLUMN_DISP_SEQ,REF_TABLE_NAME,REF_PKEY_NAME,REF_COL_NAME,REF_SORT_CONDITIONS,REF_MULTI_LANG,REFERENCE_ITEM,SENSITIVE_COL_NAME,FILE_UPLOAD_PLACE,BUTTON_ACTION,COL_NAME,SAVE_TYPE,AUTO_INPUT,INPUT_ITEM,VIEW_ITEM,UNIQUE_ITEM,REQUIRED_ITEM,AUTOREG_HIDE_ITEM,AUTOREG_ONLY_ITEM,INITIAL_VALUE,VALIDATE_OPTION,VALIDATE_REG_EXP,BEFORE_VALIDATE_REGISTER,AFTER_VALIDATE_REGISTER,DESCRIPTION_JA,DESCRIPTION_EN,NOTE,DISUSE_FLAG,LAST_UPDATE_TIMESTAMP,LAST_UPDATE_USER) VALUES(1020212,_____DATE_____,'INSERT','1020212','10202','実行環境','Execution environment','execution_environment','1020204','7',120,'T_COMN_AAC_EXECUTION_ENVIRONMENT','EXECUTION_ENVIRONMENT_NAME','EXECUTION_ENVIRONMENT_NAME',NULL,'0',NULL,NULL,NULL,NULL,'ANS_EXECUTION_ENVIRONMENT_NAME',NULL,'0','1','1','0','0','1','0',NULL,'{
"min_length": 0,
"max_length": 255
}',NULL,NULL,NULL,'Ansible Automation Controllerサーバに構築されている実行環境が表示されています。
作業実行する実行環境を選択して下さい。
未選択の場合は、デフォルト「Default execution environment」が使用されます。','Displays the Execution environments constructed in the Ansible Automation Controller server.
Please select the Execution environment you want to operate.
If nothing is selected, "Default execution environment" will be selected by default.',NULL,'0',_____DATE_____,1);
INSERT INTO T_COMN_MENU_COLUMN_LINK (COLUMN_DEFINITION_ID,MENU_ID,COLUMN_NAME_JA,COLUMN_NAME_EN,COLUMN_NAME_REST,COL_GROUP_ID,COLUMN_CLASS,COLUMN_DISP_SEQ,REF_TABLE_NAME,REF_PKEY_NAME,REF_COL_NAME,REF_SORT_CONDITIONS,REF_MULTI_LANG,REFERENCE_ITEM,SENSITIVE_COL_NAME,FILE_UPLOAD_PLACE,BUTTON_ACTION,COL_NAME,SAVE_TYPE,AUTO_INPUT,INPUT_ITEM,VIEW_ITEM,UNIQUE_ITEM,REQUIRED_ITEM,AUTOREG_HIDE_ITEM,AUTOREG_ONLY_ITEM,INITIAL_VALUE,VALIDATE_OPTION,VALIDATE_REG_EXP,BEFORE_VALIDATE_REGISTER,AFTER_VALIDATE_REGISTER,DESCRIPTION_JA,DESCRIPTION_EN,NOTE,DISUSE_FLAG,LAST_UPDATE_TIMESTAMP,LAST_UPDATE_USER) VALUES('1020213','10202','備考','Remarks','remarks',NULL,'12',130,NULL,NULL,NULL,NULL,'0',NULL,NULL,NULL,NULL,'NOTE',NULL,'0','1','1','0','0','1','0',NULL,'{
"min_length": 0,
"max_length": 4000
}',NULL,NULL,NULL,'自由記述欄。レコードの廃止・復活時にも記載可能。','Comments section. Can comment when removing or restoring records.',NULL,'0',_____DATE_____,1);
INSERT INTO T_COMN_MENU_COLUMN_LINK_JNL (JOURNAL_SEQ_NO,JOURNAL_REG_DATETIME,JOURNAL_ACTION_CLASS,COLUMN_DEFINITION_ID,MENU_ID,COLUMN_NAME_JA,COLUMN_NAME_EN,COLUMN_NAME_REST,COL_GROUP_ID,COLUMN_CLASS,COLUMN_DISP_SEQ,REF_TABLE_NAME,REF_PKEY_NAME,REF_COL_NAME,REF_SORT_CONDITIONS,REF_MULTI_LANG,REFERENCE_ITEM,SENSITIVE_COL_NAME,FILE_UPLOAD_PLACE,BUTTON_ACTION,COL_NAME,SAVE_TYPE,AUTO_INPUT,INPUT_ITEM,VIEW_ITEM,UNIQUE_ITEM,REQUIRED_ITEM,AUTOREG_HIDE_ITEM,AUTOREG_ONLY_ITEM,INITIAL_VALUE,VALIDATE_OPTION,VALIDATE_REG_EXP,BEFORE_VALIDATE_REGISTER,AFTER_VALIDATE_REGISTER,DESCRIPTION_JA,DESCRIPTION_EN,NOTE,DISUSE_FLAG,LAST_UPDATE_TIMESTAMP,LAST_UPDATE_USER) VALUES(1020213,_____DATE_____,'INSERT','1020213','10202','備考','Remarks','remarks',NULL,'12',130,NULL,NULL,NULL,NULL,'0',NULL,NULL,NULL,NULL,'NOTE',NULL,'0','1','1','0','0','1','0',NULL,'{
"min_length": 0,
"max_length": 4000
}',NULL,NULL,NULL,'自由記述欄。レコードの廃止・復活時にも記載可能。','Comments section. Can comment when removing or restoring records.',NULL,'0',_____DATE_____,1);
INSERT INTO T_COMN_MENU_COLUMN_LINK (COLUMN_DEFINITION_ID,MENU_ID,COLUMN_NAME_JA,COLUMN_NAME_EN,COLUMN_NAME_REST,COL_GROUP_ID,COLUMN_CLASS,COLUMN_DISP_SEQ,REF_TABLE_NAME,REF_PKEY_NAME,REF_COL_NAME,REF_SORT_CONDITIONS,REF_MULTI_LANG,REFERENCE_ITEM,SENSITIVE_COL_NAME,FILE_UPLOAD_PLACE,BUTTON_ACTION,COL_NAME,SAVE_TYPE,AUTO_INPUT,INPUT_ITEM,VIEW_ITEM,UNIQUE_ITEM,REQUIRED_ITEM,AUTOREG_HIDE_ITEM,AUTOREG_ONLY_ITEM,INITIAL_VALUE,VALIDATE_OPTION,VALIDATE_REG_EXP,BEFORE_VALIDATE_REGISTER,AFTER_VALIDATE_REGISTER,DESCRIPTION_JA,DESCRIPTION_EN,NOTE,DISUSE_FLAG,LAST_UPDATE_TIMESTAMP,LAST_UPDATE_USER) VALUES('1020214','10202','廃止フラグ','Discard','discard',NULL,'1',140,NULL,NULL,NULL,NULL,'0',NULL,NULL,NULL,NULL,'DISUSE_FLAG',NULL,'1','1','1','0','1','1','0',NULL,NULL,NULL,NULL,NULL,'廃止フラグ。復活以外のオペレーションは不可','Discard flag. Cannot do operation other than restore.',NULL,'0',_____DATE_____,1);
INSERT INTO T_COMN_MENU_COLUMN_LINK_JNL (JOURNAL_SEQ_NO,JOURNAL_REG_DATETIME,JOURNAL_ACTION_CLASS,COLUMN_DEFINITION_ID,MENU_ID,COLUMN_NAME_JA,COLUMN_NAME_EN,COLUMN_NAME_REST,COL_GROUP_ID,COLUMN_CLASS,COLUMN_DISP_SEQ,REF_TABLE_NAME,REF_PKEY_NAME,REF_COL_NAME,REF_SORT_CONDITIONS,REF_MULTI_LANG,REFERENCE_ITEM,SENSITIVE_COL_NAME,FILE_UPLOAD_PLACE,BUTTON_ACTION,COL_NAME,SAVE_TYPE,AUTO_INPUT,INPUT_ITEM,VIEW_ITEM,UNIQUE_ITEM,REQUIRED_ITEM,AUTOREG_HIDE_ITEM,AUTOREG_ONLY_ITEM,INITIAL_VALUE,VALIDATE_OPTION,VALIDATE_REG_EXP,BEFORE_VALIDATE_REGISTER,AFTER_VALIDATE_REGISTER,DESCRIPTION_JA,DESCRIPTION_EN,NOTE,DISUSE_FLAG,LAST_UPDATE_TIMESTAMP,LAST_UPDATE_USER) VALUES(1020214,_____DATE_____,'INSERT','1020214','10202','廃止フラグ','Discard','discard',NULL,'1',140,NULL,NULL,NULL,NULL,'0',NULL,NULL,NULL,NULL,'DISUSE_FLAG',NULL,'1','1','1','0','1','1','0',NULL,NULL,NULL,NULL,NULL,'廃止フラグ。復活以外のオペレーションは不可','Discard flag. Cannot do operation other than restore.',NULL,'0',_____DATE_____,1);
INSERT INTO T_COMN_MENU_COLUMN_LINK (COLUMN_DEFINITION_ID,MENU_ID,COLUMN_NAME_JA,COLUMN_NAME_EN,COLUMN_NAME_REST,COL_GROUP_ID,COLUMN_CLASS,COLUMN_DISP_SEQ,REF_TABLE_NAME,REF_PKEY_NAME,REF_COL_NAME,REF_SORT_CONDITIONS,REF_MULTI_LANG,REFERENCE_ITEM,SENSITIVE_COL_NAME,FILE_UPLOAD_PLACE,BUTTON_ACTION,COL_NAME,SAVE_TYPE,AUTO_INPUT,INPUT_ITEM,VIEW_ITEM,UNIQUE_ITEM,REQUIRED_ITEM,AUTOREG_HIDE_ITEM,AUTOREG_ONLY_ITEM,INITIAL_VALUE,VALIDATE_OPTION,VALIDATE_REG_EXP,BEFORE_VALIDATE_REGISTER,AFTER_VALIDATE_REGISTER,DESCRIPTION_JA,DESCRIPTION_EN,NOTE,DISUSE_FLAG,LAST_UPDATE_TIMESTAMP,LAST_UPDATE_USER) VALUES('1020215','10202','最終更新日時','Last update date/time','last_update_date_time',NULL,'13',150,NULL,NULL,NULL,NULL,'0',NULL,NULL,NULL,NULL,'LAST_UPDATE_TIMESTAMP',NULL,'1','0','1','0','1','1','0',NULL,NULL,NULL,NULL,NULL,'レコードの最終更新日。自動登録のため編集不可。','Last update date of record. Cannot edit because of auto-registration.',NULL,'0',_____DATE_____,1);
INSERT INTO T_COMN_MENU_COLUMN_LINK_JNL (JOURNAL_SEQ_NO,JOURNAL_REG_DATETIME,JOURNAL_ACTION_CLASS,COLUMN_DEFINITION_ID,MENU_ID,COLUMN_NAME_JA,COLUMN_NAME_EN,COLUMN_NAME_REST,COL_GROUP_ID,COLUMN_CLASS,COLUMN_DISP_SEQ,REF_TABLE_NAME,REF_PKEY_NAME,REF_COL_NAME,REF_SORT_CONDITIONS,REF_MULTI_LANG,REFERENCE_ITEM,SENSITIVE_COL_NAME,FILE_UPLOAD_PLACE,BUTTON_ACTION,COL_NAME,SAVE_TYPE,AUTO_INPUT,INPUT_ITEM,VIEW_ITEM,UNIQUE_ITEM,REQUIRED_ITEM,AUTOREG_HIDE_ITEM,AUTOREG_ONLY_ITEM,INITIAL_VALUE,VALIDATE_OPTION,VALIDATE_REG_EXP,BEFORE_VALIDATE_REGISTER,AFTER_VALIDATE_REGISTER,DESCRIPTION_JA,DESCRIPTION_EN,NOTE,DISUSE_FLAG,LAST_UPDATE_TIMESTAMP,LAST_UPDATE_USER) VALUES(1020215,_____DATE_____,'INSERT','1020215','10202','最終更新日時','Last update date/time','last_update_date_time',NULL,'13',150,NULL,NULL,NULL,NULL,'0',NULL,NULL,NULL,NULL,'LAST_UPDATE_TIMESTAMP',NULL,'1','0','1','0','1','1','0',NULL,NULL,NULL,NULL,NULL,'レコードの最終更新日。自動登録のため編集不可。','Last update date of record. Cannot edit because of auto-registration.',NULL,'0',_____DATE_____,1);
INSERT INTO T_COMN_MENU_COLUMN_LINK (COLUMN_DEFINITION_ID,MENU_ID,COLUMN_NAME_JA,COLUMN_NAME_EN,COLUMN_NAME_REST,COL_GROUP_ID,COLUMN_CLASS,COLUMN_DISP_SEQ,REF_TABLE_NAME,REF_PKEY_NAME,REF_COL_NAME,REF_SORT_CONDITIONS,REF_MULTI_LANG,REFERENCE_ITEM,SENSITIVE_COL_NAME,FILE_UPLOAD_PLACE,BUTTON_ACTION,COL_NAME,SAVE_TYPE,AUTO_INPUT,INPUT_ITEM,VIEW_ITEM,UNIQUE_ITEM,REQUIRED_ITEM,AUTOREG_HIDE_ITEM,AUTOREG_ONLY_ITEM,INITIAL_VALUE,VALIDATE_OPTION,VALIDATE_REG_EXP,BEFORE_VALIDATE_REGISTER,AFTER_VALIDATE_REGISTER,DESCRIPTION_JA,DESCRIPTION_EN,NOTE,DISUSE_FLAG,LAST_UPDATE_TIMESTAMP,LAST_UPDATE_USER) VALUES('1020216','10202','最終更新者','Last updated by','last_updated_user',NULL,'14',160,NULL,NULL,NULL,NULL,'0',NULL,NULL,NULL,NULL,'LAST_UPDATE_USER',NULL,'1','0','1','0','1','1','0',NULL,NULL,NULL,NULL,NULL,'更新者。ログインユーザのIDが自動的に登録される。編集不可。','Updated by. Login user ID is automatically registered. Cannot edit.',NULL,'0',_____DATE_____,1);
INSERT INTO T_COMN_MENU_COLUMN_LINK_JNL (JOURNAL_SEQ_NO,JOURNAL_REG_DATETIME,JOURNAL_ACTION_CLASS,COLUMN_DEFINITION_ID,MENU_ID,COLUMN_NAME_JA,COLUMN_NAME_EN,COLUMN_NAME_REST,COL_GROUP_ID,COLUMN_CLASS,COLUMN_DISP_SEQ,REF_TABLE_NAME,REF_PKEY_NAME,REF_COL_NAME,REF_SORT_CONDITIONS,REF_MULTI_LANG,REFERENCE_ITEM,SENSITIVE_COL_NAME,FILE_UPLOAD_PLACE,BUTTON_ACTION,COL_NAME,SAVE_TYPE,AUTO_INPUT,INPUT_ITEM,VIEW_ITEM,UNIQUE_ITEM,REQUIRED_ITEM,AUTOREG_HIDE_ITEM,AUTOREG_ONLY_ITEM,INITIAL_VALUE,VALIDATE_OPTION,VALIDATE_REG_EXP,BEFORE_VALIDATE_REGISTER,AFTER_VALIDATE_REGISTER,DESCRIPTION_JA,DESCRIPTION_EN,NOTE,DISUSE_FLAG,LAST_UPDATE_TIMESTAMP,LAST_UPDATE_USER) VALUES(1020216,_____DATE_____,'INSERT','1020216','10202','最終更新者','Last updated by','last_updated_user',NULL,'14',160,NULL,NULL,NULL,NULL,'0',NULL,NULL,NULL,NULL,'LAST_UPDATE_USER',NULL,'1','0','1','0','1','1','0',NULL,NULL,NULL,NULL,NULL,'更新者。ログインユーザのIDが自動的に登録される。編集不可。','Updated by. Login user ID is automatically registered. Cannot edit.',NULL,'0',_____DATE_____,1);
INSERT INTO T_COMN_MENU_COLUMN_LINK (COLUMN_DEFINITION_ID,MENU_ID,COLUMN_NAME_JA,COLUMN_NAME_EN,COLUMN_NAME_REST,COL_GROUP_ID,COLUMN_CLASS,COLUMN_DISP_SEQ,REF_TABLE_NAME,REF_PKEY_NAME,REF_COL_NAME,REF_SORT_CONDITIONS,REF_MULTI_LANG,REFERENCE_ITEM,SENSITIVE_COL_NAME,FILE_UPLOAD_PLACE,BUTTON_ACTION,COL_NAME,SAVE_TYPE,AUTO_INPUT,INPUT_ITEM,VIEW_ITEM,UNIQUE_ITEM,REQUIRED_ITEM,AUTOREG_HIDE_ITEM,AUTOREG_ONLY_ITEM,INITIAL_VALUE,VALIDATE_OPTION,VALIDATE_REG_EXP,BEFORE_VALIDATE_REGISTER,AFTER_VALIDATE_REGISTER,DESCRIPTION_JA,DESCRIPTION_EN,NOTE,DISUSE_FLAG,LAST_UPDATE_TIMESTAMP,LAST_UPDATE_USER) VALUES('1020301','10203','UUID','uuid','uuid',NULL,'1',10,NULL,NULL,NULL,NULL,'0',NULL,NULL,NULL,NULL,'TABLE_DEFINITION_ID',NULL,'1','1','1','1','1','1','0',NULL,NULL,NULL,NULL,NULL,'自動採番のため編集不可。実行処理種別が【登録】の場合、空白のみ可。','Cannot edit because of auto-numbering. Must be blank when execution process type is [Register].',NULL,'0',_____DATE_____,1);
INSERT INTO T_COMN_MENU_COLUMN_LINK_JNL (JOURNAL_SEQ_NO,JOURNAL_REG_DATETIME,JOURNAL_ACTION_CLASS,COLUMN_DEFINITION_ID,MENU_ID,COLUMN_NAME_JA,COLUMN_NAME_EN,COLUMN_NAME_REST,COL_GROUP_ID,COLUMN_CLASS,COLUMN_DISP_SEQ,REF_TABLE_NAME,REF_PKEY_NAME,REF_COL_NAME,REF_SORT_CONDITIONS,REF_MULTI_LANG,REFERENCE_ITEM,SENSITIVE_COL_NAME,FILE_UPLOAD_PLACE,BUTTON_ACTION,COL_NAME,SAVE_TYPE,AUTO_INPUT,INPUT_ITEM,VIEW_ITEM,UNIQUE_ITEM,REQUIRED_ITEM,AUTOREG_HIDE_ITEM,AUTOREG_ONLY_ITEM,INITIAL_VALUE,VALIDATE_OPTION,VALIDATE_REG_EXP,BEFORE_VALIDATE_REGISTER,AFTER_VALIDATE_REGISTER,DESCRIPTION_JA,DESCRIPTION_EN,NOTE,DISUSE_FLAG,LAST_UPDATE_TIMESTAMP,LAST_UPDATE_USER) VALUES(1020301,_____DATE_____,'INSERT','1020301','10203','UUID','uuid','uuid',NULL,'1',10,NULL,NULL,NULL,NULL,'0',NULL,NULL,NULL,NULL,'TABLE_DEFINITION_ID',NULL,'1','1','1','1','1','1','0',NULL,NULL,NULL,NULL,NULL,'自動採番のため編集不可。実行処理種別が【登録】の場合、空白のみ可。','Cannot edit because of auto-numbering. Must be blank when execution process type is [Register].',NULL,'0',_____DATE_____,1);
INSERT INTO T_COMN_MENU_COLUMN_LINK (COLUMN_DEFINITION_ID,MENU_ID,COLUMN_NAME_JA,COLUMN_NAME_EN,COLUMN_NAME_REST,COL_GROUP_ID,COLUMN_CLASS,COLUMN_DISP_SEQ,REF_TABLE_NAME,REF_PKEY_NAME,REF_COL_NAME,REF_SORT_CONDITIONS,REF_MULTI_LANG,REFERENCE_ITEM,SENSITIVE_COL_NAME,FILE_UPLOAD_PLACE,BUTTON_ACTION,COL_NAME,SAVE_TYPE,AUTO_INPUT,INPUT_ITEM,VIEW_ITEM,UNIQUE_ITEM,REQUIRED_ITEM,AUTOREG_HIDE_ITEM,AUTOREG_ONLY_ITEM,INITIAL_VALUE,VALIDATE_OPTION,VALIDATE_REG_EXP,BEFORE_VALIDATE_REGISTER,AFTER_VALIDATE_REGISTER,DESCRIPTION_JA,DESCRIPTION_EN,NOTE,DISUSE_FLAG,LAST_UPDATE_TIMESTAMP,LAST_UPDATE_USER) VALUES('1020302','10203','メニュー','Menu name','menu_name',NULL,'7',20,'V_COMN_MENU_GROUP_MENU_PULLDOWN','MENU_ID','MENU_GROUP_NAME_PULLDOWN',NULL,'1',NULL,NULL,NULL,NULL,'MENU_ID',NULL,'0','1','1','0','1','1','0',NULL,NULL,NULL,NULL,NULL,'プルダウン選択 必須項目','Pull-down selection  required item',NULL,'0',_____DATE_____,1);
INSERT INTO T_COMN_MENU_COLUMN_LINK_JNL (JOURNAL_SEQ_NO,JOURNAL_REG_DATETIME,JOURNAL_ACTION_CLASS,COLUMN_DEFINITION_ID,MENU_ID,COLUMN_NAME_JA,COLUMN_NAME_EN,COLUMN_NAME_REST,COL_GROUP_ID,COLUMN_CLASS,COLUMN_DISP_SEQ,REF_TABLE_NAME,REF_PKEY_NAME,REF_COL_NAME,REF_SORT_CONDITIONS,REF_MULTI_LANG,REFERENCE_ITEM,SENSITIVE_COL_NAME,FILE_UPLOAD_PLACE,BUTTON_ACTION,COL_NAME,SAVE_TYPE,AUTO_INPUT,INPUT_ITEM,VIEW_ITEM,UNIQUE_ITEM,REQUIRED_ITEM,AUTOREG_HIDE_ITEM,AUTOREG_ONLY_ITEM,INITIAL_VALUE,VALIDATE_OPTION,VALIDATE_REG_EXP,BEFORE_VALIDATE_REGISTER,AFTER_VALIDATE_REGISTER,DESCRIPTION_JA,DESCRIPTION_EN,NOTE,DISUSE_FLAG,LAST_UPDATE_TIMESTAMP,LAST_UPDATE_USER) VALUES(1020302,_____DATE_____,'INSERT','1020302','10203','メニュー','Menu name','menu_name',NULL,'7',20,'V_COMN_MENU_GROUP_MENU_PULLDOWN','MENU_ID','MENU_GROUP_NAME_PULLDOWN',NULL,'1',NULL,NULL,NULL,NULL,'MENU_ID',NULL,'0','1','1','0','1','1','0',NULL,NULL,NULL,NULL,NULL,'プルダウン選択 必須項目','Pull-down selection  required item',NULL,'0',_____DATE_____,1);
INSERT INTO T_COMN_MENU_COLUMN_LINK (COLUMN_DEFINITION_ID,MENU_ID,COLUMN_NAME_JA,COLUMN_NAME_EN,COLUMN_NAME_REST,COL_GROUP_ID,COLUMN_CLASS,COLUMN_DISP_SEQ,REF_TABLE_NAME,REF_PKEY_NAME,REF_COL_NAME,REF_SORT_CONDITIONS,REF_MULTI_LANG,REFERENCE_ITEM,SENSITIVE_COL_NAME,FILE_UPLOAD_PLACE,BUTTON_ACTION,COL_NAME,SAVE_TYPE,AUTO_INPUT,INPUT_ITEM,VIEW_ITEM,UNIQUE_ITEM,REQUIRED_ITEM,AUTOREG_HIDE_ITEM,AUTOREG_ONLY_ITEM,INITIAL_VALUE,VALIDATE_OPTION,VALIDATE_REG_EXP,BEFORE_VALIDATE_REGISTER,AFTER_VALIDATE_REGISTER,DESCRIPTION_JA,DESCRIPTION_EN,NOTE,DISUSE_FLAG,LAST_UPDATE_TIMESTAMP,LAST_UPDATE_USER) VALUES('1020303','10203','テーブル名','Table name','table_name',NULL,'1',30,NULL,NULL,NULL,NULL,'0',NULL,NULL,NULL,NULL,'TABLE_NAME',NULL,'0','1','1','0','0','1','0',NULL,'{
"min_length": 0,
"max_length": 255
}',NULL,NULL,NULL,'[最大長]255バイト','[Maximum length] 255 byte',NULL,'0',_____DATE_____,1);
INSERT INTO T_COMN_MENU_COLUMN_LINK_JNL (JOURNAL_SEQ_NO,JOURNAL_REG_DATETIME,JOURNAL_ACTION_CLASS,COLUMN_DEFINITION_ID,MENU_ID,COLUMN_NAME_JA,COLUMN_NAME_EN,COLUMN_NAME_REST,COL_GROUP_ID,COLUMN_CLASS,COLUMN_DISP_SEQ,REF_TABLE_NAME,REF_PKEY_NAME,REF_COL_NAME,REF_SORT_CONDITIONS,REF_MULTI_LANG,REFERENCE_ITEM,SENSITIVE_COL_NAME,FILE_UPLOAD_PLACE,BUTTON_ACTION,COL_NAME,SAVE_TYPE,AUTO_INPUT,INPUT_ITEM,VIEW_ITEM,UNIQUE_ITEM,REQUIRED_ITEM,AUTOREG_HIDE_ITEM,AUTOREG_ONLY_ITEM,INITIAL_VALUE,VALIDATE_OPTION,VALIDATE_REG_EXP,BEFORE_VALIDATE_REGISTER,AFTER_VALIDATE_REGISTER,DESCRIPTION_JA,DESCRIPTION_EN,NOTE,DISUSE_FLAG,LAST_UPDATE_TIMESTAMP,LAST_UPDATE_USER) VALUES(1020303,_____DATE_____,'INSERT','1020303','10203','テーブル名','Table name','table_name',NULL,'1',30,NULL,NULL,NULL,NULL,'0',NULL,NULL,NULL,NULL,'TABLE_NAME',NULL,'0','1','1','0','0','1','0',NULL,'{
"min_length": 0,
"max_length": 255
}',NULL,NULL,NULL,'[最大長]255バイト','[Maximum length] 255 byte',NULL,'0',_____DATE_____,1);
INSERT INTO T_COMN_MENU_COLUMN_LINK (COLUMN_DEFINITION_ID,MENU_ID,COLUMN_NAME_JA,COLUMN_NAME_EN,COLUMN_NAME_REST,COL_GROUP_ID,COLUMN_CLASS,COLUMN_DISP_SEQ,REF_TABLE_NAME,REF_PKEY_NAME,REF_COL_NAME,REF_SORT_CONDITIONS,REF_MULTI_LANG,REFERENCE_ITEM,SENSITIVE_COL_NAME,FILE_UPLOAD_PLACE,BUTTON_ACTION,COL_NAME,SAVE_TYPE,AUTO_INPUT,INPUT_ITEM,VIEW_ITEM,UNIQUE_ITEM,REQUIRED_ITEM,AUTOREG_HIDE_ITEM,AUTOREG_ONLY_ITEM,INITIAL_VALUE,VALIDATE_OPTION,VALIDATE_REG_EXP,BEFORE_VALIDATE_REGISTER,AFTER_VALIDATE_REGISTER,DESCRIPTION_JA,DESCRIPTION_EN,NOTE,DISUSE_FLAG,LAST_UPDATE_TIMESTAMP,LAST_UPDATE_USER) VALUES('1020304','10203','ビュー名','View name','view_name',NULL,'1',40,NULL,NULL,NULL,NULL,'0',NULL,NULL,NULL,NULL,'VIEW_NAME',NULL,'0','1','1','0','0','1','0',NULL,'{
"min_length": 0,
"max_length": 255
}',NULL,NULL,NULL,'[最大長]255バイト','[Maximum length] 255 byte',NULL,'0',_____DATE_____,1);
INSERT INTO T_COMN_MENU_COLUMN_LINK_JNL (JOURNAL_SEQ_NO,JOURNAL_REG_DATETIME,JOURNAL_ACTION_CLASS,COLUMN_DEFINITION_ID,MENU_ID,COLUMN_NAME_JA,COLUMN_NAME_EN,COLUMN_NAME_REST,COL_GROUP_ID,COLUMN_CLASS,COLUMN_DISP_SEQ,REF_TABLE_NAME,REF_PKEY_NAME,REF_COL_NAME,REF_SORT_CONDITIONS,REF_MULTI_LANG,REFERENCE_ITEM,SENSITIVE_COL_NAME,FILE_UPLOAD_PLACE,BUTTON_ACTION,COL_NAME,SAVE_TYPE,AUTO_INPUT,INPUT_ITEM,VIEW_ITEM,UNIQUE_ITEM,REQUIRED_ITEM,AUTOREG_HIDE_ITEM,AUTOREG_ONLY_ITEM,INITIAL_VALUE,VALIDATE_OPTION,VALIDATE_REG_EXP,BEFORE_VALIDATE_REGISTER,AFTER_VALIDATE_REGISTER,DESCRIPTION_JA,DESCRIPTION_EN,NOTE,DISUSE_FLAG,LAST_UPDATE_TIMESTAMP,LAST_UPDATE_USER) VALUES(1020304,_____DATE_____,'INSERT','1020304','10203','ビュー名','View name','view_name',NULL,'1',40,NULL,NULL,NULL,NULL,'0',NULL,NULL,NULL,NULL,'VIEW_NAME',NULL,'0','1','1','0','0','1','0',NULL,'{
"min_length": 0,
"max_length": 255
}',NULL,NULL,NULL,'[最大長]255バイト','[Maximum length] 255 byte',NULL,'0',_____DATE_____,1);
INSERT INTO T_COMN_MENU_COLUMN_LINK (COLUMN_DEFINITION_ID,MENU_ID,COLUMN_NAME_JA,COLUMN_NAME_EN,COLUMN_NAME_REST,COL_GROUP_ID,COLUMN_CLASS,COLUMN_DISP_SEQ,REF_TABLE_NAME,REF_PKEY_NAME,REF_COL_NAME,REF_SORT_CONDITIONS,REF_MULTI_LANG,REFERENCE_ITEM,SENSITIVE_COL_NAME,FILE_UPLOAD_PLACE,BUTTON_ACTION,COL_NAME,SAVE_TYPE,AUTO_INPUT,INPUT_ITEM,VIEW_ITEM,UNIQUE_ITEM,REQUIRED_ITEM,AUTOREG_HIDE_ITEM,AUTOREG_ONLY_ITEM,INITIAL_VALUE,VALIDATE_OPTION,VALIDATE_REG_EXP,BEFORE_VALIDATE_REGISTER,AFTER_VALIDATE_REGISTER,DESCRIPTION_JA,DESCRIPTION_EN,NOTE,DISUSE_FLAG,LAST_UPDATE_TIMESTAMP,LAST_UPDATE_USER) VALUES('1020305','10203','PK項目名(REST）','PK Column name(rest)','pk_column_name_rest',NULL,'1',50,NULL,NULL,NULL,NULL,'0',NULL,NULL,NULL,NULL,'PK_COLUMN_NAME_REST',NULL,'0','1','1','0','0','1','0',NULL,'{
"min_length": 0,
"max_length": 255
}',NULL,NULL,NULL,'[最大長]255バイト','[Maximum length] 255 byte',NULL,'0',_____DATE_____,1);
INSERT INTO T_COMN_MENU_COLUMN_LINK_JNL (JOURNAL_SEQ_NO,JOURNAL_REG_DATETIME,JOURNAL_ACTION_CLASS,COLUMN_DEFINITION_ID,MENU_ID,COLUMN_NAME_JA,COLUMN_NAME_EN,COLUMN_NAME_REST,COL_GROUP_ID,COLUMN_CLASS,COLUMN_DISP_SEQ,REF_TABLE_NAME,REF_PKEY_NAME,REF_COL_NAME,REF_SORT_CONDITIONS,REF_MULTI_LANG,REFERENCE_ITEM,SENSITIVE_COL_NAME,FILE_UPLOAD_PLACE,BUTTON_ACTION,COL_NAME,SAVE_TYPE,AUTO_INPUT,INPUT_ITEM,VIEW_ITEM,UNIQUE_ITEM,REQUIRED_ITEM,AUTOREG_HIDE_ITEM,AUTOREG_ONLY_ITEM,INITIAL_VALUE,VALIDATE_OPTION,VALIDATE_REG_EXP,BEFORE_VALIDATE_REGISTER,AFTER_VALIDATE_REGISTER,DESCRIPTION_JA,DESCRIPTION_EN,NOTE,DISUSE_FLAG,LAST_UPDATE_TIMESTAMP,LAST_UPDATE_USER) VALUES(1020305,_____DATE_____,'INSERT','1020305','10203','PK項目名(REST）','PK Column name(rest)','pk_column_name_rest',NULL,'1',50,NULL,NULL,NULL,NULL,'0',NULL,NULL,NULL,NULL,'PK_COLUMN_NAME_REST',NULL,'0','1','1','0','0','1','0',NULL,'{
"min_length": 0,
"max_length": 255
}',NULL,NULL,NULL,'[最大長]255バイト','[Maximum length] 255 byte',NULL,'0',_____DATE_____,1);
INSERT INTO T_COMN_MENU_COLUMN_LINK (COLUMN_DEFINITION_ID,MENU_ID,COLUMN_NAME_JA,COLUMN_NAME_EN,COLUMN_NAME_REST,COL_GROUP_ID,COLUMN_CLASS,COLUMN_DISP_SEQ,REF_TABLE_NAME,REF_PKEY_NAME,REF_COL_NAME,REF_SORT_CONDITIONS,REF_MULTI_LANG,REFERENCE_ITEM,SENSITIVE_COL_NAME,FILE_UPLOAD_PLACE,BUTTON_ACTION,COL_NAME,SAVE_TYPE,AUTO_INPUT,INPUT_ITEM,VIEW_ITEM,UNIQUE_ITEM,REQUIRED_ITEM,AUTOREG_HIDE_ITEM,AUTOREG_ONLY_ITEM,INITIAL_VALUE,VALIDATE_OPTION,VALIDATE_REG_EXP,BEFORE_VALIDATE_REGISTER,AFTER_VALIDATE_REGISTER,DESCRIPTION_JA,DESCRIPTION_EN,NOTE,DISUSE_FLAG,LAST_UPDATE_TIMESTAMP,LAST_UPDATE_USER) VALUES('1020306','10203','説明(ja)','Description(ja)','description_ja',NULL,'2',60,NULL,NULL,NULL,NULL,'0',NULL,NULL,NULL,NULL,'MENU_INFO_JA',NULL,'0','1','1','0','0','1','0',NULL,'{
"min_length": 0,
"max_length": 4000
}',NULL,NULL,NULL,'[最大長]4000バイト','[Maximum length] 4000 byte',NULL,'0',_____DATE_____,1);
INSERT INTO T_COMN_MENU_COLUMN_LINK_JNL (JOURNAL_SEQ_NO,JOURNAL_REG_DATETIME,JOURNAL_ACTION_CLASS,COLUMN_DEFINITION_ID,MENU_ID,COLUMN_NAME_JA,COLUMN_NAME_EN,COLUMN_NAME_REST,COL_GROUP_ID,COLUMN_CLASS,COLUMN_DISP_SEQ,REF_TABLE_NAME,REF_PKEY_NAME,REF_COL_NAME,REF_SORT_CONDITIONS,REF_MULTI_LANG,REFERENCE_ITEM,SENSITIVE_COL_NAME,FILE_UPLOAD_PLACE,BUTTON_ACTION,COL_NAME,SAVE_TYPE,AUTO_INPUT,INPUT_ITEM,VIEW_ITEM,UNIQUE_ITEM,REQUIRED_ITEM,AUTOREG_HIDE_ITEM,AUTOREG_ONLY_ITEM,INITIAL_VALUE,VALIDATE_OPTION,VALIDATE_REG_EXP,BEFORE_VALIDATE_REGISTER,AFTER_VALIDATE_REGISTER,DESCRIPTION_JA,DESCRIPTION_EN,NOTE,DISUSE_FLAG,LAST_UPDATE_TIMESTAMP,LAST_UPDATE_USER) VALUES(1020306,_____DATE_____,'INSERT','1020306','10203','説明(ja)','Description(ja)','description_ja',NULL,'2',60,NULL,NULL,NULL,NULL,'0',NULL,NULL,NULL,NULL,'MENU_INFO_JA',NULL,'0','1','1','0','0','1','0',NULL,'{
"min_length": 0,
"max_length": 4000
}',NULL,NULL,NULL,'[最大長]4000バイト','[Maximum length] 4000 byte',NULL,'0',_____DATE_____,1);
INSERT INTO T_COMN_MENU_COLUMN_LINK (COLUMN_DEFINITION_ID,MENU_ID,COLUMN_NAME_JA,COLUMN_NAME_EN,COLUMN_NAME_REST,COL_GROUP_ID,COLUMN_CLASS,COLUMN_DISP_SEQ,REF_TABLE_NAME,REF_PKEY_NAME,REF_COL_NAME,REF_SORT_CONDITIONS,REF_MULTI_LANG,REFERENCE_ITEM,SENSITIVE_COL_NAME,FILE_UPLOAD_PLACE,BUTTON_ACTION,COL_NAME,SAVE_TYPE,AUTO_INPUT,INPUT_ITEM,VIEW_ITEM,UNIQUE_ITEM,REQUIRED_ITEM,AUTOREG_HIDE_ITEM,AUTOREG_ONLY_ITEM,INITIAL_VALUE,VALIDATE_OPTION,VALIDATE_REG_EXP,BEFORE_VALIDATE_REGISTER,AFTER_VALIDATE_REGISTER,DESCRIPTION_JA,DESCRIPTION_EN,NOTE,DISUSE_FLAG,LAST_UPDATE_TIMESTAMP,LAST_UPDATE_USER) VALUES('1020307','10203','説明(en)','Description(en)','description_en',NULL,'2',70,NULL,NULL,NULL,NULL,'0',NULL,NULL,NULL,NULL,'MENU_INFO_EN',NULL,'0','1','1','0','0','1','0',NULL,'{
"min_length": 0,
"max_length": 4000
}',NULL,NULL,NULL,'[最大長]4000バイト','[Maximum length] 4000 byte',NULL,'0',_____DATE_____,1);
INSERT INTO T_COMN_MENU_COLUMN_LINK_JNL (JOURNAL_SEQ_NO,JOURNAL_REG_DATETIME,JOURNAL_ACTION_CLASS,COLUMN_DEFINITION_ID,MENU_ID,COLUMN_NAME_JA,COLUMN_NAME_EN,COLUMN_NAME_REST,COL_GROUP_ID,COLUMN_CLASS,COLUMN_DISP_SEQ,REF_TABLE_NAME,REF_PKEY_NAME,REF_COL_NAME,REF_SORT_CONDITIONS,REF_MULTI_LANG,REFERENCE_ITEM,SENSITIVE_COL_NAME,FILE_UPLOAD_PLACE,BUTTON_ACTION,COL_NAME,SAVE_TYPE,AUTO_INPUT,INPUT_ITEM,VIEW_ITEM,UNIQUE_ITEM,REQUIRED_ITEM,AUTOREG_HIDE_ITEM,AUTOREG_ONLY_ITEM,INITIAL_VALUE,VALIDATE_OPTION,VALIDATE_REG_EXP,BEFORE_VALIDATE_REGISTER,AFTER_VALIDATE_REGISTER,DESCRIPTION_JA,DESCRIPTION_EN,NOTE,DISUSE_FLAG,LAST_UPDATE_TIMESTAMP,LAST_UPDATE_USER) VALUES(1020307,_____DATE_____,'INSERT','1020307','10203','説明(en)','Description(en)','description_en',NULL,'2',70,NULL,NULL,NULL,NULL,'0',NULL,NULL,NULL,NULL,'MENU_INFO_EN',NULL,'0','1','1','0','0','1','0',NULL,'{
"min_length": 0,
"max_length": 4000
}',NULL,NULL,NULL,'[最大長]4000バイト','[Maximum length] 4000 byte',NULL,'0',_____DATE_____,1);
INSERT INTO T_COMN_MENU_COLUMN_LINK (COLUMN_DEFINITION_ID,MENU_ID,COLUMN_NAME_JA,COLUMN_NAME_EN,COLUMN_NAME_REST,COL_GROUP_ID,COLUMN_CLASS,COLUMN_DISP_SEQ,REF_TABLE_NAME,REF_PKEY_NAME,REF_COL_NAME,REF_SORT_CONDITIONS,REF_MULTI_LANG,REFERENCE_ITEM,SENSITIVE_COL_NAME,FILE_UPLOAD_PLACE,BUTTON_ACTION,COL_NAME,SAVE_TYPE,AUTO_INPUT,INPUT_ITEM,VIEW_ITEM,UNIQUE_ITEM,REQUIRED_ITEM,AUTOREG_HIDE_ITEM,AUTOREG_ONLY_ITEM,INITIAL_VALUE,VALIDATE_OPTION,VALIDATE_REG_EXP,BEFORE_VALIDATE_REGISTER,AFTER_VALIDATE_REGISTER,DESCRIPTION_JA,DESCRIPTION_EN,NOTE,DISUSE_FLAG,LAST_UPDATE_TIMESTAMP,LAST_UPDATE_USER) VALUES('1020308','10203','シートタイプ','Sheet type','sheet_type',NULL,'7',80,'T_COMN_SHEET_TYPE','SHEET_TYPE_NAME_ID','SHEET_TYPE_NAME',NULL,'1',NULL,NULL,NULL,NULL,'SHEET_TYPE',NULL,'0','1','1','0','1','1','0',NULL,NULL,NULL,NULL,NULL,'プルダウン選択 必須項目','Pull-down selection  required item',NULL,'0',_____DATE_____,1);
INSERT INTO T_COMN_MENU_COLUMN_LINK_JNL (JOURNAL_SEQ_NO,JOURNAL_REG_DATETIME,JOURNAL_ACTION_CLASS,COLUMN_DEFINITION_ID,MENU_ID,COLUMN_NAME_JA,COLUMN_NAME_EN,COLUMN_NAME_REST,COL_GROUP_ID,COLUMN_CLASS,COLUMN_DISP_SEQ,REF_TABLE_NAME,REF_PKEY_NAME,REF_COL_NAME,REF_SORT_CONDITIONS,REF_MULTI_LANG,REFERENCE_ITEM,SENSITIVE_COL_NAME,FILE_UPLOAD_PLACE,BUTTON_ACTION,COL_NAME,SAVE_TYPE,AUTO_INPUT,INPUT_ITEM,VIEW_ITEM,UNIQUE_ITEM,REQUIRED_ITEM,AUTOREG_HIDE_ITEM,AUTOREG_ONLY_ITEM,INITIAL_VALUE,VALIDATE_OPTION,VALIDATE_REG_EXP,BEFORE_VALIDATE_REGISTER,AFTER_VALIDATE_REGISTER,DESCRIPTION_JA,DESCRIPTION_EN,NOTE,DISUSE_FLAG,LAST_UPDATE_TIMESTAMP,LAST_UPDATE_USER) VALUES(1020308,_____DATE_____,'INSERT','1020308','10203','シートタイプ','Sheet type','sheet_type',NULL,'7',80,'T_COMN_SHEET_TYPE','SHEET_TYPE_NAME_ID','SHEET_TYPE_NAME',NULL,'1',NULL,NULL,NULL,NULL,'SHEET_TYPE',NULL,'0','1','1','0','1','1','0',NULL,NULL,NULL,NULL,NULL,'プルダウン選択 必須項目','Pull-down selection  required item',NULL,'0',_____DATE_____,1);
INSERT INTO T_COMN_MENU_COLUMN_LINK (COLUMN_DEFINITION_ID,MENU_ID,COLUMN_NAME_JA,COLUMN_NAME_EN,COLUMN_NAME_REST,COL_GROUP_ID,COLUMN_CLASS,COLUMN_DISP_SEQ,REF_TABLE_NAME,REF_PKEY_NAME,REF_COL_NAME,REF_SORT_CONDITIONS,REF_MULTI_LANG,REFERENCE_ITEM,SENSITIVE_COL_NAME,FILE_UPLOAD_PLACE,BUTTON_ACTION,COL_NAME,SAVE_TYPE,AUTO_INPUT,INPUT_ITEM,VIEW_ITEM,UNIQUE_ITEM,REQUIRED_ITEM,AUTOREG_HIDE_ITEM,AUTOREG_ONLY_ITEM,INITIAL_VALUE,VALIDATE_OPTION,VALIDATE_REG_EXP,BEFORE_VALIDATE_REGISTER,AFTER_VALIDATE_REGISTER,DESCRIPTION_JA,DESCRIPTION_EN,NOTE,DISUSE_FLAG,LAST_UPDATE_TIMESTAMP,LAST_UPDATE_USER) VALUES('1020309','10203','履歴テーブル有無フラグ','History table flag','history_table_flag',NULL,'7',90,'T_COMN_BOOLEAN_FLAG','FLAG_ID','FLAG_NAME',NULL,'0',NULL,NULL,NULL,NULL,'HISTORY_TABLE_FLAG',NULL,'0','1','1','0','0','1','0',NULL,NULL,NULL,NULL,NULL,'プルダウン選択 必須項目
True: はい
False: いいえ','Pull-down selection  required item
True: yes
False: no',NULL,'0',_____DATE_____,1);
INSERT INTO T_COMN_MENU_COLUMN_LINK_JNL (JOURNAL_SEQ_NO,JOURNAL_REG_DATETIME,JOURNAL_ACTION_CLASS,COLUMN_DEFINITION_ID,MENU_ID,COLUMN_NAME_JA,COLUMN_NAME_EN,COLUMN_NAME_REST,COL_GROUP_ID,COLUMN_CLASS,COLUMN_DISP_SEQ,REF_TABLE_NAME,REF_PKEY_NAME,REF_COL_NAME,REF_SORT_CONDITIONS,REF_MULTI_LANG,REFERENCE_ITEM,SENSITIVE_COL_NAME,FILE_UPLOAD_PLACE,BUTTON_ACTION,COL_NAME,SAVE_TYPE,AUTO_INPUT,INPUT_ITEM,VIEW_ITEM,UNIQUE_ITEM,REQUIRED_ITEM,AUTOREG_HIDE_ITEM,AUTOREG_ONLY_ITEM,INITIAL_VALUE,VALIDATE_OPTION,VALIDATE_REG_EXP,BEFORE_VALIDATE_REGISTER,AFTER_VALIDATE_REGISTER,DESCRIPTION_JA,DESCRIPTION_EN,NOTE,DISUSE_FLAG,LAST_UPDATE_TIMESTAMP,LAST_UPDATE_USER) VALUES(1020309,_____DATE_____,'INSERT','1020309','10203','履歴テーブル有無フラグ','History table flag','history_table_flag',NULL,'7',90,'T_COMN_BOOLEAN_FLAG','FLAG_ID','FLAG_NAME',NULL,'0',NULL,NULL,NULL,NULL,'HISTORY_TABLE_FLAG',NULL,'0','1','1','0','0','1','0',NULL,NULL,NULL,NULL,NULL,'プルダウン選択 必須項目
True: はい
False: いいえ','Pull-down selection  required item
True: yes
False: no',NULL,'0',_____DATE_____,1);
INSERT INTO T_COMN_MENU_COLUMN_LINK (COLUMN_DEFINITION_ID,MENU_ID,COLUMN_NAME_JA,COLUMN_NAME_EN,COLUMN_NAME_REST,COL_GROUP_ID,COLUMN_CLASS,COLUMN_DISP_SEQ,REF_TABLE_NAME,REF_PKEY_NAME,REF_COL_NAME,REF_SORT_CONDITIONS,REF_MULTI_LANG,REFERENCE_ITEM,SENSITIVE_COL_NAME,FILE_UPLOAD_PLACE,BUTTON_ACTION,COL_NAME,SAVE_TYPE,AUTO_INPUT,INPUT_ITEM,VIEW_ITEM,UNIQUE_ITEM,REQUIRED_ITEM,AUTOREG_HIDE_ITEM,AUTOREG_ONLY_ITEM,INITIAL_VALUE,VALIDATE_OPTION,VALIDATE_REG_EXP,BEFORE_VALIDATE_REGISTER,AFTER_VALIDATE_REGISTER,DESCRIPTION_JA,DESCRIPTION_EN,NOTE,DISUSE_FLAG,LAST_UPDATE_TIMESTAMP,LAST_UPDATE_USER) VALUES('1020310','10203','継承フラグ','Inheritance flag','inheritance_flag',NULL,'7',100,'T_COMN_BOOLEAN_FLAG','FLAG_ID','FLAG_NAME',NULL,'0',NULL,NULL,NULL,NULL,'INHERIT',NULL,'0','1','1','0','0','1','0',NULL,NULL,NULL,NULL,NULL,'プルダウン選択 必須項目
True: はい
False: いいえ','Pull-down selection  required item
True: yes
False: no',NULL,'0',_____DATE_____,1);
INSERT INTO T_COMN_MENU_COLUMN_LINK_JNL (JOURNAL_SEQ_NO,JOURNAL_REG_DATETIME,JOURNAL_ACTION_CLASS,COLUMN_DEFINITION_ID,MENU_ID,COLUMN_NAME_JA,COLUMN_NAME_EN,COLUMN_NAME_REST,COL_GROUP_ID,COLUMN_CLASS,COLUMN_DISP_SEQ,REF_TABLE_NAME,REF_PKEY_NAME,REF_COL_NAME,REF_SORT_CONDITIONS,REF_MULTI_LANG,REFERENCE_ITEM,SENSITIVE_COL_NAME,FILE_UPLOAD_PLACE,BUTTON_ACTION,COL_NAME,SAVE_TYPE,AUTO_INPUT,INPUT_ITEM,VIEW_ITEM,UNIQUE_ITEM,REQUIRED_ITEM,AUTOREG_HIDE_ITEM,AUTOREG_ONLY_ITEM,INITIAL_VALUE,VALIDATE_OPTION,VALIDATE_REG_EXP,BEFORE_VALIDATE_REGISTER,AFTER_VALIDATE_REGISTER,DESCRIPTION_JA,DESCRIPTION_EN,NOTE,DISUSE_FLAG,LAST_UPDATE_TIMESTAMP,LAST_UPDATE_USER) VALUES(1020310,_____DATE_____,'INSERT','1020310','10203','継承フラグ','Inheritance flag','inheritance_flag',NULL,'7',100,'T_COMN_BOOLEAN_FLAG','FLAG_ID','FLAG_NAME',NULL,'0',NULL,NULL,NULL,NULL,'INHERIT',NULL,'0','1','1','0','0','1','0',NULL,NULL,NULL,NULL,NULL,'プルダウン選択 必須項目
True: はい
False: いいえ','Pull-down selection  required item
True: yes
False: no',NULL,'0',_____DATE_____,1);
INSERT INTO T_COMN_MENU_COLUMN_LINK (COLUMN_DEFINITION_ID,MENU_ID,COLUMN_NAME_JA,COLUMN_NAME_EN,COLUMN_NAME_REST,COL_GROUP_ID,COLUMN_CLASS,COLUMN_DISP_SEQ,REF_TABLE_NAME,REF_PKEY_NAME,REF_COL_NAME,REF_SORT_CONDITIONS,REF_MULTI_LANG,REFERENCE_ITEM,SENSITIVE_COL_NAME,FILE_UPLOAD_PLACE,BUTTON_ACTION,COL_NAME,SAVE_TYPE,AUTO_INPUT,INPUT_ITEM,VIEW_ITEM,UNIQUE_ITEM,REQUIRED_ITEM,AUTOREG_HIDE_ITEM,AUTOREG_ONLY_ITEM,INITIAL_VALUE,VALIDATE_OPTION,VALIDATE_REG_EXP,BEFORE_VALIDATE_REGISTER,AFTER_VALIDATE_REGISTER,DESCRIPTION_JA,DESCRIPTION_EN,NOTE,DISUSE_FLAG,LAST_UPDATE_TIMESTAMP,LAST_UPDATE_USER) VALUES('1020311','10203','縦型フラグ','Vertical flag','vertical_flag',NULL,'7',110,'T_COMN_BOOLEAN_FLAG','FLAG_ID','FLAG_NAME',NULL,'0',NULL,NULL,NULL,NULL,'VERTICAL',NULL,'0','1','1','0','0','1','0',NULL,NULL,NULL,NULL,NULL,'プルダウン選択 必須項目
True: はい
False: いいえ','Pull-down selection  required item
True: yes
False: no',NULL,'0',_____DATE_____,1);
INSERT INTO T_COMN_MENU_COLUMN_LINK_JNL (JOURNAL_SEQ_NO,JOURNAL_REG_DATETIME,JOURNAL_ACTION_CLASS,COLUMN_DEFINITION_ID,MENU_ID,COLUMN_NAME_JA,COLUMN_NAME_EN,COLUMN_NAME_REST,COL_GROUP_ID,COLUMN_CLASS,COLUMN_DISP_SEQ,REF_TABLE_NAME,REF_PKEY_NAME,REF_COL_NAME,REF_SORT_CONDITIONS,REF_MULTI_LANG,REFERENCE_ITEM,SENSITIVE_COL_NAME,FILE_UPLOAD_PLACE,BUTTON_ACTION,COL_NAME,SAVE_TYPE,AUTO_INPUT,INPUT_ITEM,VIEW_ITEM,UNIQUE_ITEM,REQUIRED_ITEM,AUTOREG_HIDE_ITEM,AUTOREG_ONLY_ITEM,INITIAL_VALUE,VALIDATE_OPTION,VALIDATE_REG_EXP,BEFORE_VALIDATE_REGISTER,AFTER_VALIDATE_REGISTER,DESCRIPTION_JA,DESCRIPTION_EN,NOTE,DISUSE_FLAG,LAST_UPDATE_TIMESTAMP,LAST_UPDATE_USER) VALUES(1020311,_____DATE_____,'INSERT','1020311','10203','縦型フラグ','Vertical flag','vertical_flag',NULL,'7',110,'T_COMN_BOOLEAN_FLAG','FLAG_ID','FLAG_NAME',NULL,'0',NULL,NULL,NULL,NULL,'VERTICAL',NULL,'0','1','1','0','0','1','0',NULL,NULL,NULL,NULL,NULL,'プルダウン選択 必須項目
True: はい
False: いいえ','Pull-down selection  required item
True: yes
False: no',NULL,'0',_____DATE_____,1);
INSERT INTO T_COMN_MENU_COLUMN_LINK (COLUMN_DEFINITION_ID,MENU_ID,COLUMN_NAME_JA,COLUMN_NAME_EN,COLUMN_NAME_REST,COL_GROUP_ID,COLUMN_CLASS,COLUMN_DISP_SEQ,REF_TABLE_NAME,REF_PKEY_NAME,REF_COL_NAME,REF_SORT_CONDITIONS,REF_MULTI_LANG,REFERENCE_ITEM,SENSITIVE_COL_NAME,FILE_UPLOAD_PLACE,BUTTON_ACTION,COL_NAME,SAVE_TYPE,AUTO_INPUT,INPUT_ITEM,VIEW_ITEM,UNIQUE_ITEM,REQUIRED_ITEM,AUTOREG_HIDE_ITEM,AUTOREG_ONLY_ITEM,INITIAL_VALUE,VALIDATE_OPTION,VALIDATE_REG_EXP,BEFORE_VALIDATE_REGISTER,AFTER_VALIDATE_REGISTER,DESCRIPTION_JA,DESCRIPTION_EN,NOTE,DISUSE_FLAG,LAST_UPDATE_TIMESTAMP,LAST_UPDATE_USER) VALUES('1020312','10203','登録許可フラグ','row insert flag','row_insert_flag',NULL,'7',120,'T_COMN_BOOLEAN_FLAG','FLAG_ID','FLAG_NAME',NULL,'0',NULL,NULL,NULL,NULL,'ROW_INSERT_FLAG',NULL,'0','1','1','0','0','1','0',NULL,NULL,NULL,NULL,NULL,'プルダウン選択 必須項目
True: はい
False: いいえ','Pull-down selection  required item
True: yes
False: no',NULL,'0',_____DATE_____,1);
INSERT INTO T_COMN_MENU_COLUMN_LINK_JNL (JOURNAL_SEQ_NO,JOURNAL_REG_DATETIME,JOURNAL_ACTION_CLASS,COLUMN_DEFINITION_ID,MENU_ID,COLUMN_NAME_JA,COLUMN_NAME_EN,COLUMN_NAME_REST,COL_GROUP_ID,COLUMN_CLASS,COLUMN_DISP_SEQ,REF_TABLE_NAME,REF_PKEY_NAME,REF_COL_NAME,REF_SORT_CONDITIONS,REF_MULTI_LANG,REFERENCE_ITEM,SENSITIVE_COL_NAME,FILE_UPLOAD_PLACE,BUTTON_ACTION,COL_NAME,SAVE_TYPE,AUTO_INPUT,INPUT_ITEM,VIEW_ITEM,UNIQUE_ITEM,REQUIRED_ITEM,AUTOREG_HIDE_ITEM,AUTOREG_ONLY_ITEM,INITIAL_VALUE,VALIDATE_OPTION,VALIDATE_REG_EXP,BEFORE_VALIDATE_REGISTER,AFTER_VALIDATE_REGISTER,DESCRIPTION_JA,DESCRIPTION_EN,NOTE,DISUSE_FLAG,LAST_UPDATE_TIMESTAMP,LAST_UPDATE_USER) VALUES(1020312,_____DATE_____,'INSERT','1020312','10203','登録許可フラグ','row insert flag','row_insert_flag',NULL,'7',120,'T_COMN_BOOLEAN_FLAG','FLAG_ID','FLAG_NAME',NULL,'0',NULL,NULL,NULL,NULL,'ROW_INSERT_FLAG',NULL,'0','1','1','0','0','1','0',NULL,NULL,NULL,NULL,NULL,'プルダウン選択 必須項目
True: はい
False: いいえ','Pull-down selection  required item
True: yes
False: no',NULL,'0',_____DATE_____,1);
INSERT INTO T_COMN_MENU_COLUMN_LINK (COLUMN_DEFINITION_ID,MENU_ID,COLUMN_NAME_JA,COLUMN_NAME_EN,COLUMN_NAME_REST,COL_GROUP_ID,COLUMN_CLASS,COLUMN_DISP_SEQ,REF_TABLE_NAME,REF_PKEY_NAME,REF_COL_NAME,REF_SORT_CONDITIONS,REF_MULTI_LANG,REFERENCE_ITEM,SENSITIVE_COL_NAME,FILE_UPLOAD_PLACE,BUTTON_ACTION,COL_NAME,SAVE_TYPE,AUTO_INPUT,INPUT_ITEM,VIEW_ITEM,UNIQUE_ITEM,REQUIRED_ITEM,AUTOREG_HIDE_ITEM,AUTOREG_ONLY_ITEM,INITIAL_VALUE,VALIDATE_OPTION,VALIDATE_REG_EXP,BEFORE_VALIDATE_REGISTER,AFTER_VALIDATE_REGISTER,DESCRIPTION_JA,DESCRIPTION_EN,NOTE,DISUSE_FLAG,LAST_UPDATE_TIMESTAMP,LAST_UPDATE_USER) VALUES('1020313','10203','更新許可フラグ','row update flag','row_update_flag',NULL,'7',130,'T_COMN_BOOLEAN_FLAG','FLAG_ID','FLAG_NAME',NULL,'0',NULL,NULL,NULL,NULL,'ROW_UPDATE_FLAG',NULL,'0','1','1','0','0','1','0',NULL,NULL,NULL,NULL,NULL,'プルダウン選択 必須項目
True: はい
False: いいえ','Pull-down selection  required item
True: yes
False: no',NULL,'0',_____DATE_____,1);
INSERT INTO T_COMN_MENU_COLUMN_LINK_JNL (JOURNAL_SEQ_NO,JOURNAL_REG_DATETIME,JOURNAL_ACTION_CLASS,COLUMN_DEFINITION_ID,MENU_ID,COLUMN_NAME_JA,COLUMN_NAME_EN,COLUMN_NAME_REST,COL_GROUP_ID,COLUMN_CLASS,COLUMN_DISP_SEQ,REF_TABLE_NAME,REF_PKEY_NAME,REF_COL_NAME,REF_SORT_CONDITIONS,REF_MULTI_LANG,REFERENCE_ITEM,SENSITIVE_COL_NAME,FILE_UPLOAD_PLACE,BUTTON_ACTION,COL_NAME,SAVE_TYPE,AUTO_INPUT,INPUT_ITEM,VIEW_ITEM,UNIQUE_ITEM,REQUIRED_ITEM,AUTOREG_HIDE_ITEM,AUTOREG_ONLY_ITEM,INITIAL_VALUE,VALIDATE_OPTION,VALIDATE_REG_EXP,BEFORE_VALIDATE_REGISTER,AFTER_VALIDATE_REGISTER,DESCRIPTION_JA,DESCRIPTION_EN,NOTE,DISUSE_FLAG,LAST_UPDATE_TIMESTAMP,LAST_UPDATE_USER) VALUES(1020313,_____DATE_____,'INSERT','1020313','10203','更新許可フラグ','row update flag','row_update_flag',NULL,'7',130,'T_COMN_BOOLEAN_FLAG','FLAG_ID','FLAG_NAME',NULL,'0',NULL,NULL,NULL,NULL,'ROW_UPDATE_FLAG',NULL,'0','1','1','0','0','1','0',NULL,NULL,NULL,NULL,NULL,'プルダウン選択 必須項目
True: はい
False: いいえ','Pull-down selection  required item
True: yes
False: no',NULL,'0',_____DATE_____,1);
INSERT INTO T_COMN_MENU_COLUMN_LINK (COLUMN_DEFINITION_ID,MENU_ID,COLUMN_NAME_JA,COLUMN_NAME_EN,COLUMN_NAME_REST,COL_GROUP_ID,COLUMN_CLASS,COLUMN_DISP_SEQ,REF_TABLE_NAME,REF_PKEY_NAME,REF_COL_NAME,REF_SORT_CONDITIONS,REF_MULTI_LANG,REFERENCE_ITEM,SENSITIVE_COL_NAME,FILE_UPLOAD_PLACE,BUTTON_ACTION,COL_NAME,SAVE_TYPE,AUTO_INPUT,INPUT_ITEM,VIEW_ITEM,UNIQUE_ITEM,REQUIRED_ITEM,AUTOREG_HIDE_ITEM,AUTOREG_ONLY_ITEM,INITIAL_VALUE,VALIDATE_OPTION,VALIDATE_REG_EXP,BEFORE_VALIDATE_REGISTER,AFTER_VALIDATE_REGISTER,DESCRIPTION_JA,DESCRIPTION_EN,NOTE,DISUSE_FLAG,LAST_UPDATE_TIMESTAMP,LAST_UPDATE_USER) VALUES('1020314','10203','廃止許可フラグ','row disuse flag','row_disuse_flag',NULL,'7',140,'T_COMN_BOOLEAN_FLAG','FLAG_ID','FLAG_NAME',NULL,'0',NULL,NULL,NULL,NULL,'ROW_DISUSE_FLAG',NULL,'0','1','1','0','0','1','0',NULL,NULL,NULL,NULL,NULL,'プルダウン選択 必須項目
True: はい
False: いいえ','Pull-down selection  required item
True: yes
False: no',NULL,'0',_____DATE_____,1);
INSERT INTO T_COMN_MENU_COLUMN_LINK_JNL (JOURNAL_SEQ_NO,JOURNAL_REG_DATETIME,JOURNAL_ACTION_CLASS,COLUMN_DEFINITION_ID,MENU_ID,COLUMN_NAME_JA,COLUMN_NAME_EN,COLUMN_NAME_REST,COL_GROUP_ID,COLUMN_CLASS,COLUMN_DISP_SEQ,REF_TABLE_NAME,REF_PKEY_NAME,REF_COL_NAME,REF_SORT_CONDITIONS,REF_MULTI_LANG,REFERENCE_ITEM,SENSITIVE_COL_NAME,FILE_UPLOAD_PLACE,BUTTON_ACTION,COL_NAME,SAVE_TYPE,AUTO_INPUT,INPUT_ITEM,VIEW_ITEM,UNIQUE_ITEM,REQUIRED_ITEM,AUTOREG_HIDE_ITEM,AUTOREG_ONLY_ITEM,INITIAL_VALUE,VALIDATE_OPTION,VALIDATE_REG_EXP,BEFORE_VALIDATE_REGISTER,AFTER_VALIDATE_REGISTER,DESCRIPTION_JA,DESCRIPTION_EN,NOTE,DISUSE_FLAG,LAST_UPDATE_TIMESTAMP,LAST_UPDATE_USER) VALUES(1020314,_____DATE_____,'INSERT','1020314','10203','廃止許可フラグ','row disuse flag','row_disuse_flag',NULL,'7',140,'T_COMN_BOOLEAN_FLAG','FLAG_ID','FLAG_NAME',NULL,'0',NULL,NULL,NULL,NULL,'ROW_DISUSE_FLAG',NULL,'0','1','1','0','0','1','0',NULL,NULL,NULL,NULL,NULL,'プルダウン選択 必須項目
True: はい
False: いいえ','Pull-down selection  required item
True: yes
False: no',NULL,'0',_____DATE_____,1);
INSERT INTO T_COMN_MENU_COLUMN_LINK (COLUMN_DEFINITION_ID,MENU_ID,COLUMN_NAME_JA,COLUMN_NAME_EN,COLUMN_NAME_REST,COL_GROUP_ID,COLUMN_CLASS,COLUMN_DISP_SEQ,REF_TABLE_NAME,REF_PKEY_NAME,REF_COL_NAME,REF_SORT_CONDITIONS,REF_MULTI_LANG,REFERENCE_ITEM,SENSITIVE_COL_NAME,FILE_UPLOAD_PLACE,BUTTON_ACTION,COL_NAME,SAVE_TYPE,AUTO_INPUT,INPUT_ITEM,VIEW_ITEM,UNIQUE_ITEM,REQUIRED_ITEM,AUTOREG_HIDE_ITEM,AUTOREG_ONLY_ITEM,INITIAL_VALUE,VALIDATE_OPTION,VALIDATE_REG_EXP,BEFORE_VALIDATE_REGISTER,AFTER_VALIDATE_REGISTER,DESCRIPTION_JA,DESCRIPTION_EN,NOTE,DISUSE_FLAG,LAST_UPDATE_TIMESTAMP,LAST_UPDATE_USER) VALUES('1020315','10203','復活許可フラグ','row reuse flag','row_reuse_flag',NULL,'7',150,'T_COMN_BOOLEAN_FLAG','FLAG_ID','FLAG_NAME',NULL,'0',NULL,NULL,NULL,NULL,'ROW_REUSE_FLAG',NULL,'0','1','1','0','0','1','0',NULL,NULL,NULL,NULL,NULL,'プルダウン選択 必須項目
True: はい
False: いいえ','Pull-down selection  required item
True: yes
False: no',NULL,'0',_____DATE_____,1);
INSERT INTO T_COMN_MENU_COLUMN_LINK_JNL (JOURNAL_SEQ_NO,JOURNAL_REG_DATETIME,JOURNAL_ACTION_CLASS,COLUMN_DEFINITION_ID,MENU_ID,COLUMN_NAME_JA,COLUMN_NAME_EN,COLUMN_NAME_REST,COL_GROUP_ID,COLUMN_CLASS,COLUMN_DISP_SEQ,REF_TABLE_NAME,REF_PKEY_NAME,REF_COL_NAME,REF_SORT_CONDITIONS,REF_MULTI_LANG,REFERENCE_ITEM,SENSITIVE_COL_NAME,FILE_UPLOAD_PLACE,BUTTON_ACTION,COL_NAME,SAVE_TYPE,AUTO_INPUT,INPUT_ITEM,VIEW_ITEM,UNIQUE_ITEM,REQUIRED_ITEM,AUTOREG_HIDE_ITEM,AUTOREG_ONLY_ITEM,INITIAL_VALUE,VALIDATE_OPTION,VALIDATE_REG_EXP,BEFORE_VALIDATE_REGISTER,AFTER_VALIDATE_REGISTER,DESCRIPTION_JA,DESCRIPTION_EN,NOTE,DISUSE_FLAG,LAST_UPDATE_TIMESTAMP,LAST_UPDATE_USER) VALUES(1020315,_____DATE_____,'INSERT','1020315','10203','復活許可フラグ','row reuse flag','row_reuse_flag',NULL,'7',150,'T_COMN_BOOLEAN_FLAG','FLAG_ID','FLAG_NAME',NULL,'0',NULL,NULL,NULL,NULL,'ROW_REUSE_FLAG',NULL,'0','1','1','0','0','1','0',NULL,NULL,NULL,NULL,NULL,'プルダウン選択 必須項目
True: はい
False: いいえ','Pull-down selection  required item
True: yes
False: no',NULL,'0',_____DATE_____,1);
INSERT INTO T_COMN_MENU_COLUMN_LINK (COLUMN_DEFINITION_ID,MENU_ID,COLUMN_NAME_JA,COLUMN_NAME_EN,COLUMN_NAME_REST,COL_GROUP_ID,COLUMN_CLASS,COLUMN_DISP_SEQ,REF_TABLE_NAME,REF_PKEY_NAME,REF_COL_NAME,REF_SORT_CONDITIONS,REF_MULTI_LANG,REFERENCE_ITEM,SENSITIVE_COL_NAME,FILE_UPLOAD_PLACE,BUTTON_ACTION,COL_NAME,SAVE_TYPE,AUTO_INPUT,INPUT_ITEM,VIEW_ITEM,UNIQUE_ITEM,REQUIRED_ITEM,AUTOREG_HIDE_ITEM,AUTOREG_ONLY_ITEM,INITIAL_VALUE,VALIDATE_OPTION,VALIDATE_REG_EXP,BEFORE_VALIDATE_REGISTER,AFTER_VALIDATE_REGISTER,DESCRIPTION_JA,DESCRIPTION_EN,NOTE,DISUSE_FLAG,LAST_UPDATE_TIMESTAMP,LAST_UPDATE_USER) VALUES('1020316','10203','代入値自動登録対象フラグ','substitution value link flag','substitution_value_link_flag',NULL,'7',160,'T_COMN_BOOLEAN_FLAG','FLAG_ID','FLAG_NAME',NULL,'0',NULL,NULL,NULL,NULL,'SUBSTITUTION_VALUE_LINK_FLAG',NULL,'0','1','1','0','0','1','0',NULL,NULL,NULL,NULL,NULL,'プルダウン選択 必須項目
True: はい
False: いいえ','Pull-down selection  required item
True: yes
False: no',NULL,'0',_____DATE_____,1);
INSERT INTO T_COMN_MENU_COLUMN_LINK_JNL (JOURNAL_SEQ_NO,JOURNAL_REG_DATETIME,JOURNAL_ACTION_CLASS,COLUMN_DEFINITION_ID,MENU_ID,COLUMN_NAME_JA,COLUMN_NAME_EN,COLUMN_NAME_REST,COL_GROUP_ID,COLUMN_CLASS,COLUMN_DISP_SEQ,REF_TABLE_NAME,REF_PKEY_NAME,REF_COL_NAME,REF_SORT_CONDITIONS,REF_MULTI_LANG,REFERENCE_ITEM,SENSITIVE_COL_NAME,FILE_UPLOAD_PLACE,BUTTON_ACTION,COL_NAME,SAVE_TYPE,AUTO_INPUT,INPUT_ITEM,VIEW_ITEM,UNIQUE_ITEM,REQUIRED_ITEM,AUTOREG_HIDE_ITEM,AUTOREG_ONLY_ITEM,INITIAL_VALUE,VALIDATE_OPTION,VALIDATE_REG_EXP,BEFORE_VALIDATE_REGISTER,AFTER_VALIDATE_REGISTER,DESCRIPTION_JA,DESCRIPTION_EN,NOTE,DISUSE_FLAG,LAST_UPDATE_TIMESTAMP,LAST_UPDATE_USER) VALUES(1020316,_____DATE_____,'INSERT','1020316','10203','代入値自動登録対象フラグ','substitution value link flag','substitution_value_link_flag',NULL,'7',160,'T_COMN_BOOLEAN_FLAG','FLAG_ID','FLAG_NAME',NULL,'0',NULL,NULL,NULL,NULL,'SUBSTITUTION_VALUE_LINK_FLAG',NULL,'0','1','1','0','0','1','0',NULL,NULL,NULL,NULL,NULL,'プルダウン選択 必須項目
True: はい
False: いいえ','Pull-down selection  required item
True: yes
False: no',NULL,'0',_____DATE_____,1);
INSERT INTO T_COMN_MENU_COLUMN_LINK (COLUMN_DEFINITION_ID,MENU_ID,COLUMN_NAME_JA,COLUMN_NAME_EN,COLUMN_NAME_REST,COL_GROUP_ID,COLUMN_CLASS,COLUMN_DISP_SEQ,REF_TABLE_NAME,REF_PKEY_NAME,REF_COL_NAME,REF_SORT_CONDITIONS,REF_MULTI_LANG,REFERENCE_ITEM,SENSITIVE_COL_NAME,FILE_UPLOAD_PLACE,BUTTON_ACTION,COL_NAME,SAVE_TYPE,AUTO_INPUT,INPUT_ITEM,VIEW_ITEM,UNIQUE_ITEM,REQUIRED_ITEM,AUTOREG_HIDE_ITEM,AUTOREG_ONLY_ITEM,INITIAL_VALUE,VALIDATE_OPTION,VALIDATE_REG_EXP,BEFORE_VALIDATE_REGISTER,AFTER_VALIDATE_REGISTER,DESCRIPTION_JA,DESCRIPTION_EN,NOTE,DISUSE_FLAG,LAST_UPDATE_TIMESTAMP,LAST_UPDATE_USER) VALUES('1020317','10203','ロック対象テーブル','Lock target table','lock_target_table',NULL,'2',170,NULL,NULL,NULL,NULL,'0',NULL,NULL,NULL,NULL,'LOCK_TABLE',NULL,'0','1','1','0','0','1','0',NULL,'{
"min_length": 0,
"max_length": 4000
}',NULL,NULL,NULL,'[最大長]4000バイト','[Maximum length] 4000 byte',NULL,'0',_____DATE_____,1);
INSERT INTO T_COMN_MENU_COLUMN_LINK_JNL (JOURNAL_SEQ_NO,JOURNAL_REG_DATETIME,JOURNAL_ACTION_CLASS,COLUMN_DEFINITION_ID,MENU_ID,COLUMN_NAME_JA,COLUMN_NAME_EN,COLUMN_NAME_REST,COL_GROUP_ID,COLUMN_CLASS,COLUMN_DISP_SEQ,REF_TABLE_NAME,REF_PKEY_NAME,REF_COL_NAME,REF_SORT_CONDITIONS,REF_MULTI_LANG,REFERENCE_ITEM,SENSITIVE_COL_NAME,FILE_UPLOAD_PLACE,BUTTON_ACTION,COL_NAME,SAVE_TYPE,AUTO_INPUT,INPUT_ITEM,VIEW_ITEM,UNIQUE_ITEM,REQUIRED_ITEM,AUTOREG_HIDE_ITEM,AUTOREG_ONLY_ITEM,INITIAL_VALUE,VALIDATE_OPTION,VALIDATE_REG_EXP,BEFORE_VALIDATE_REGISTER,AFTER_VALIDATE_REGISTER,DESCRIPTION_JA,DESCRIPTION_EN,NOTE,DISUSE_FLAG,LAST_UPDATE_TIMESTAMP,LAST_UPDATE_USER) VALUES(1020317,_____DATE_____,'INSERT','1020317','10203','ロック対象テーブル','Lock target table','lock_target_table',NULL,'2',170,NULL,NULL,NULL,NULL,'0',NULL,NULL,NULL,NULL,'LOCK_TABLE',NULL,'0','1','1','0','0','1','0',NULL,'{
"min_length": 0,
"max_length": 4000
}',NULL,NULL,NULL,'[最大長]4000バイト','[Maximum length] 4000 byte',NULL,'0',_____DATE_____,1);
INSERT INTO T_COMN_MENU_COLUMN_LINK (COLUMN_DEFINITION_ID,MENU_ID,COLUMN_NAME_JA,COLUMN_NAME_EN,COLUMN_NAME_REST,COL_GROUP_ID,COLUMN_CLASS,COLUMN_DISP_SEQ,REF_TABLE_NAME,REF_PKEY_NAME,REF_COL_NAME,REF_SORT_CONDITIONS,REF_MULTI_LANG,REFERENCE_ITEM,SENSITIVE_COL_NAME,FILE_UPLOAD_PLACE,BUTTON_ACTION,COL_NAME,SAVE_TYPE,AUTO_INPUT,INPUT_ITEM,VIEW_ITEM,UNIQUE_ITEM,REQUIRED_ITEM,AUTOREG_HIDE_ITEM,AUTOREG_ONLY_ITEM,INITIAL_VALUE,VALIDATE_OPTION,VALIDATE_REG_EXP,BEFORE_VALIDATE_REGISTER,AFTER_VALIDATE_REGISTER,DESCRIPTION_JA,DESCRIPTION_EN,NOTE,DISUSE_FLAG,LAST_UPDATE_TIMESTAMP,LAST_UPDATE_USER) VALUES('1020318','10203','組み合わせ一意制約','Unique constraint','unique_constraint',NULL,'2',180,NULL,NULL,NULL,NULL,'0',NULL,NULL,NULL,NULL,'UNIQUE_CONSTRAINT',NULL,'0','1','1','0','0','1','0',NULL,'{
"min_length": 0,
"max_length": 4000
}',NULL,NULL,NULL,'[最大長]4000バイト','[Maximum length] 4000 byte',NULL,'0',_____DATE_____,1);
INSERT INTO T_COMN_MENU_COLUMN_LINK_JNL (JOURNAL_SEQ_NO,JOURNAL_REG_DATETIME,JOURNAL_ACTION_CLASS,COLUMN_DEFINITION_ID,MENU_ID,COLUMN_NAME_JA,COLUMN_NAME_EN,COLUMN_NAME_REST,COL_GROUP_ID,COLUMN_CLASS,COLUMN_DISP_SEQ,REF_TABLE_NAME,REF_PKEY_NAME,REF_COL_NAME,REF_SORT_CONDITIONS,REF_MULTI_LANG,REFERENCE_ITEM,SENSITIVE_COL_NAME,FILE_UPLOAD_PLACE,BUTTON_ACTION,COL_NAME,SAVE_TYPE,AUTO_INPUT,INPUT_ITEM,VIEW_ITEM,UNIQUE_ITEM,REQUIRED_ITEM,AUTOREG_HIDE_ITEM,AUTOREG_ONLY_ITEM,INITIAL_VALUE,VALIDATE_OPTION,VALIDATE_REG_EXP,BEFORE_VALIDATE_REGISTER,AFTER_VALIDATE_REGISTER,DESCRIPTION_JA,DESCRIPTION_EN,NOTE,DISUSE_FLAG,LAST_UPDATE_TIMESTAMP,LAST_UPDATE_USER) VALUES(1020318,_____DATE_____,'INSERT','1020318','10203','組み合わせ一意制約','Unique constraint','unique_constraint',NULL,'2',180,NULL,NULL,NULL,NULL,'0',NULL,NULL,NULL,NULL,'UNIQUE_CONSTRAINT',NULL,'0','1','1','0','0','1','0',NULL,'{
"min_length": 0,
"max_length": 4000
}',NULL,NULL,NULL,'[最大長]4000バイト','[Maximum length] 4000 byte',NULL,'0',_____DATE_____,1);
INSERT INTO T_COMN_MENU_COLUMN_LINK (COLUMN_DEFINITION_ID,MENU_ID,COLUMN_NAME_JA,COLUMN_NAME_EN,COLUMN_NAME_REST,COL_GROUP_ID,COLUMN_CLASS,COLUMN_DISP_SEQ,REF_TABLE_NAME,REF_PKEY_NAME,REF_COL_NAME,REF_SORT_CONDITIONS,REF_MULTI_LANG,REFERENCE_ITEM,SENSITIVE_COL_NAME,FILE_UPLOAD_PLACE,BUTTON_ACTION,COL_NAME,SAVE_TYPE,AUTO_INPUT,INPUT_ITEM,VIEW_ITEM,UNIQUE_ITEM,REQUIRED_ITEM,AUTOREG_HIDE_ITEM,AUTOREG_ONLY_ITEM,INITIAL_VALUE,VALIDATE_OPTION,VALIDATE_REG_EXP,BEFORE_VALIDATE_REGISTER,AFTER_VALIDATE_REGISTER,DESCRIPTION_JA,DESCRIPTION_EN,NOTE,DISUSE_FLAG,LAST_UPDATE_TIMESTAMP,LAST_UPDATE_USER) VALUES('1020319','10203','個別バリデーション前','Before individual validation','before_individual_validation',NULL,'2',190,NULL,NULL,NULL,NULL,'0',NULL,NULL,NULL,NULL,'BEFORE_VALIDATE_REGISTER',NULL,'0','1','1','0','0','1','0',NULL,'{
"min_length": 0,
"max_length": 4000
}',NULL,NULL,NULL,'[最大長]4000バイト','[Maximum length] 4000 byte',NULL,'0',_____DATE_____,1);
INSERT INTO T_COMN_MENU_COLUMN_LINK_JNL (JOURNAL_SEQ_NO,JOURNAL_REG_DATETIME,JOURNAL_ACTION_CLASS,COLUMN_DEFINITION_ID,MENU_ID,COLUMN_NAME_JA,COLUMN_NAME_EN,COLUMN_NAME_REST,COL_GROUP_ID,COLUMN_CLASS,COLUMN_DISP_SEQ,REF_TABLE_NAME,REF_PKEY_NAME,REF_COL_NAME,REF_SORT_CONDITIONS,REF_MULTI_LANG,REFERENCE_ITEM,SENSITIVE_COL_NAME,FILE_UPLOAD_PLACE,BUTTON_ACTION,COL_NAME,SAVE_TYPE,AUTO_INPUT,INPUT_ITEM,VIEW_ITEM,UNIQUE_ITEM,REQUIRED_ITEM,AUTOREG_HIDE_ITEM,AUTOREG_ONLY_ITEM,INITIAL_VALUE,VALIDATE_OPTION,VALIDATE_REG_EXP,BEFORE_VALIDATE_REGISTER,AFTER_VALIDATE_REGISTER,DESCRIPTION_JA,DESCRIPTION_EN,NOTE,DISUSE_FLAG,LAST_UPDATE_TIMESTAMP,LAST_UPDATE_USER) VALUES(1020319,_____DATE_____,'INSERT','1020319','10203','個別バリデーション前','Before individual validation','before_individual_validation',NULL,'2',190,NULL,NULL,NULL,NULL,'0',NULL,NULL,NULL,NULL,'BEFORE_VALIDATE_REGISTER',NULL,'0','1','1','0','0','1','0',NULL,'{
"min_length": 0,
"max_length": 4000
}',NULL,NULL,NULL,'[最大長]4000バイト','[Maximum length] 4000 byte',NULL,'0',_____DATE_____,1);
INSERT INTO T_COMN_MENU_COLUMN_LINK (COLUMN_DEFINITION_ID,MENU_ID,COLUMN_NAME_JA,COLUMN_NAME_EN,COLUMN_NAME_REST,COL_GROUP_ID,COLUMN_CLASS,COLUMN_DISP_SEQ,REF_TABLE_NAME,REF_PKEY_NAME,REF_COL_NAME,REF_SORT_CONDITIONS,REF_MULTI_LANG,REFERENCE_ITEM,SENSITIVE_COL_NAME,FILE_UPLOAD_PLACE,BUTTON_ACTION,COL_NAME,SAVE_TYPE,AUTO_INPUT,INPUT_ITEM,VIEW_ITEM,UNIQUE_ITEM,REQUIRED_ITEM,AUTOREG_HIDE_ITEM,AUTOREG_ONLY_ITEM,INITIAL_VALUE,VALIDATE_OPTION,VALIDATE_REG_EXP,BEFORE_VALIDATE_REGISTER,AFTER_VALIDATE_REGISTER,DESCRIPTION_JA,DESCRIPTION_EN,NOTE,DISUSE_FLAG,LAST_UPDATE_TIMESTAMP,LAST_UPDATE_USER) VALUES('1020320','10203','個別バリデーション後','After the individual validation','after_individual_validation',NULL,'2',200,NULL,NULL,NULL,NULL,'0',NULL,NULL,NULL,NULL,'AFTER_VALIDATE_REGISTER',NULL,'0','1','1','0','0','1','0',NULL,'{
"min_length": 0,
"max_length": 4000
}',NULL,NULL,NULL,'[最大長]4000バイト','[Maximum length] 4000 byte',NULL,'0',_____DATE_____,1);
INSERT INTO T_COMN_MENU_COLUMN_LINK_JNL (JOURNAL_SEQ_NO,JOURNAL_REG_DATETIME,JOURNAL_ACTION_CLASS,COLUMN_DEFINITION_ID,MENU_ID,COLUMN_NAME_JA,COLUMN_NAME_EN,COLUMN_NAME_REST,COL_GROUP_ID,COLUMN_CLASS,COLUMN_DISP_SEQ,REF_TABLE_NAME,REF_PKEY_NAME,REF_COL_NAME,REF_SORT_CONDITIONS,REF_MULTI_LANG,REFERENCE_ITEM,SENSITIVE_COL_NAME,FILE_UPLOAD_PLACE,BUTTON_ACTION,COL_NAME,SAVE_TYPE,AUTO_INPUT,INPUT_ITEM,VIEW_ITEM,UNIQUE_ITEM,REQUIRED_ITEM,AUTOREG_HIDE_ITEM,AUTOREG_ONLY_ITEM,INITIAL_VALUE,VALIDATE_OPTION,VALIDATE_REG_EXP,BEFORE_VALIDATE_REGISTER,AFTER_VALIDATE_REGISTER,DESCRIPTION_JA,DESCRIPTION_EN,NOTE,DISUSE_FLAG,LAST_UPDATE_TIMESTAMP,LAST_UPDATE_USER) VALUES(1020320,_____DATE_____,'INSERT','1020320','10203','個別バリデーション後','After the individual validation','after_individual_validation',NULL,'2',200,NULL,NULL,NULL,NULL,'0',NULL,NULL,NULL,NULL,'AFTER_VALIDATE_REGISTER',NULL,'0','1','1','0','0','1','0',NULL,'{
"min_length": 0,
"max_length": 4000
}',NULL,NULL,NULL,'[最大長]4000バイト','[Maximum length] 4000 byte',NULL,'0',_____DATE_____,1);
INSERT INTO T_COMN_MENU_COLUMN_LINK (COLUMN_DEFINITION_ID,MENU_ID,COLUMN_NAME_JA,COLUMN_NAME_EN,COLUMN_NAME_REST,COL_GROUP_ID,COLUMN_CLASS,COLUMN_DISP_SEQ,REF_TABLE_NAME,REF_PKEY_NAME,REF_COL_NAME,REF_SORT_CONDITIONS,REF_MULTI_LANG,REFERENCE_ITEM,SENSITIVE_COL_NAME,FILE_UPLOAD_PLACE,BUTTON_ACTION,COL_NAME,SAVE_TYPE,AUTO_INPUT,INPUT_ITEM,VIEW_ITEM,UNIQUE_ITEM,REQUIRED_ITEM,AUTOREG_HIDE_ITEM,AUTOREG_ONLY_ITEM,INITIAL_VALUE,VALIDATE_OPTION,VALIDATE_REG_EXP,BEFORE_VALIDATE_REGISTER,AFTER_VALIDATE_REGISTER,DESCRIPTION_JA,DESCRIPTION_EN,NOTE,DISUSE_FLAG,LAST_UPDATE_TIMESTAMP,LAST_UPDATE_USER) VALUES('10203211','10203','備考','Remarks','remarks',NULL,'12',210,NULL,NULL,NULL,NULL,'0',NULL,NULL,NULL,NULL,'NOTE',NULL,'0','1','1','0','0','1','0',NULL,'{
"min_length": 0,
"max_length": 4000
}',NULL,NULL,NULL,'自由記述欄。レコードの廃止・復活時にも記載可能。','Comments section. Can comment when removing or restoring records.',NULL,'0',_____DATE_____,1);
INSERT INTO T_COMN_MENU_COLUMN_LINK_JNL (JOURNAL_SEQ_NO,JOURNAL_REG_DATETIME,JOURNAL_ACTION_CLASS,COLUMN_DEFINITION_ID,MENU_ID,COLUMN_NAME_JA,COLUMN_NAME_EN,COLUMN_NAME_REST,COL_GROUP_ID,COLUMN_CLASS,COLUMN_DISP_SEQ,REF_TABLE_NAME,REF_PKEY_NAME,REF_COL_NAME,REF_SORT_CONDITIONS,REF_MULTI_LANG,REFERENCE_ITEM,SENSITIVE_COL_NAME,FILE_UPLOAD_PLACE,BUTTON_ACTION,COL_NAME,SAVE_TYPE,AUTO_INPUT,INPUT_ITEM,VIEW_ITEM,UNIQUE_ITEM,REQUIRED_ITEM,AUTOREG_HIDE_ITEM,AUTOREG_ONLY_ITEM,INITIAL_VALUE,VALIDATE_OPTION,VALIDATE_REG_EXP,BEFORE_VALIDATE_REGISTER,AFTER_VALIDATE_REGISTER,DESCRIPTION_JA,DESCRIPTION_EN,NOTE,DISUSE_FLAG,LAST_UPDATE_TIMESTAMP,LAST_UPDATE_USER) VALUES(10203211,_____DATE_____,'INSERT','10203211','10203','備考','Remarks','remarks',NULL,'12',210,NULL,NULL,NULL,NULL,'0',NULL,NULL,NULL,NULL,'NOTE',NULL,'0','1','1','0','0','1','0',NULL,'{
"min_length": 0,
"max_length": 4000
}',NULL,NULL,NULL,'自由記述欄。レコードの廃止・復活時にも記載可能。','Comments section. Can comment when removing or restoring records.',NULL,'0',_____DATE_____,1);
INSERT INTO T_COMN_MENU_COLUMN_LINK (COLUMN_DEFINITION_ID,MENU_ID,COLUMN_NAME_JA,COLUMN_NAME_EN,COLUMN_NAME_REST,COL_GROUP_ID,COLUMN_CLASS,COLUMN_DISP_SEQ,REF_TABLE_NAME,REF_PKEY_NAME,REF_COL_NAME,REF_SORT_CONDITIONS,REF_MULTI_LANG,REFERENCE_ITEM,SENSITIVE_COL_NAME,FILE_UPLOAD_PLACE,BUTTON_ACTION,COL_NAME,SAVE_TYPE,AUTO_INPUT,INPUT_ITEM,VIEW_ITEM,UNIQUE_ITEM,REQUIRED_ITEM,AUTOREG_HIDE_ITEM,AUTOREG_ONLY_ITEM,INITIAL_VALUE,VALIDATE_OPTION,VALIDATE_REG_EXP,BEFORE_VALIDATE_REGISTER,AFTER_VALIDATE_REGISTER,DESCRIPTION_JA,DESCRIPTION_EN,NOTE,DISUSE_FLAG,LAST_UPDATE_TIMESTAMP,LAST_UPDATE_USER) VALUES('1020322','10203','廃止フラグ','Discard','discard',NULL,'1',220,NULL,NULL,NULL,NULL,'0',NULL,NULL,NULL,NULL,'DISUSE_FLAG',NULL,'1','1','1','0','1','1','0',NULL,NULL,NULL,NULL,NULL,'廃止フラグ。復活以外のオペレーションは不可','Discard flag. Cannot do operation other than restore.',NULL,'0',_____DATE_____,1);
INSERT INTO T_COMN_MENU_COLUMN_LINK_JNL (JOURNAL_SEQ_NO,JOURNAL_REG_DATETIME,JOURNAL_ACTION_CLASS,COLUMN_DEFINITION_ID,MENU_ID,COLUMN_NAME_JA,COLUMN_NAME_EN,COLUMN_NAME_REST,COL_GROUP_ID,COLUMN_CLASS,COLUMN_DISP_SEQ,REF_TABLE_NAME,REF_PKEY_NAME,REF_COL_NAME,REF_SORT_CONDITIONS,REF_MULTI_LANG,REFERENCE_ITEM,SENSITIVE_COL_NAME,FILE_UPLOAD_PLACE,BUTTON_ACTION,COL_NAME,SAVE_TYPE,AUTO_INPUT,INPUT_ITEM,VIEW_ITEM,UNIQUE_ITEM,REQUIRED_ITEM,AUTOREG_HIDE_ITEM,AUTOREG_ONLY_ITEM,INITIAL_VALUE,VALIDATE_OPTION,VALIDATE_REG_EXP,BEFORE_VALIDATE_REGISTER,AFTER_VALIDATE_REGISTER,DESCRIPTION_JA,DESCRIPTION_EN,NOTE,DISUSE_FLAG,LAST_UPDATE_TIMESTAMP,LAST_UPDATE_USER) VALUES(1020322,_____DATE_____,'INSERT','1020322','10203','廃止フラグ','Discard','discard',NULL,'1',220,NULL,NULL,NULL,NULL,'0',NULL,NULL,NULL,NULL,'DISUSE_FLAG',NULL,'1','1','1','0','1','1','0',NULL,NULL,NULL,NULL,NULL,'廃止フラグ。復活以外のオペレーションは不可','Discard flag. Cannot do operation other than restore.',NULL,'0',_____DATE_____,1);
INSERT INTO T_COMN_MENU_COLUMN_LINK (COLUMN_DEFINITION_ID,MENU_ID,COLUMN_NAME_JA,COLUMN_NAME_EN,COLUMN_NAME_REST,COL_GROUP_ID,COLUMN_CLASS,COLUMN_DISP_SEQ,REF_TABLE_NAME,REF_PKEY_NAME,REF_COL_NAME,REF_SORT_CONDITIONS,REF_MULTI_LANG,REFERENCE_ITEM,SENSITIVE_COL_NAME,FILE_UPLOAD_PLACE,BUTTON_ACTION,COL_NAME,SAVE_TYPE,AUTO_INPUT,INPUT_ITEM,VIEW_ITEM,UNIQUE_ITEM,REQUIRED_ITEM,AUTOREG_HIDE_ITEM,AUTOREG_ONLY_ITEM,INITIAL_VALUE,VALIDATE_OPTION,VALIDATE_REG_EXP,BEFORE_VALIDATE_REGISTER,AFTER_VALIDATE_REGISTER,DESCRIPTION_JA,DESCRIPTION_EN,NOTE,DISUSE_FLAG,LAST_UPDATE_TIMESTAMP,LAST_UPDATE_USER) VALUES('1020323','10203','最終更新日時','Last update date/time','last_update_date_time',NULL,'13',230,NULL,NULL,NULL,NULL,'0',NULL,NULL,NULL,NULL,'LAST_UPDATE_TIMESTAMP',NULL,'1','0','1','0','1','1','0',NULL,NULL,NULL,NULL,NULL,'レコードの最終更新日。自動登録のため編集不可。','Last update date of record. Cannot edit because of auto-registration.',NULL,'0',_____DATE_____,1);
INSERT INTO T_COMN_MENU_COLUMN_LINK_JNL (JOURNAL_SEQ_NO,JOURNAL_REG_DATETIME,JOURNAL_ACTION_CLASS,COLUMN_DEFINITION_ID,MENU_ID,COLUMN_NAME_JA,COLUMN_NAME_EN,COLUMN_NAME_REST,COL_GROUP_ID,COLUMN_CLASS,COLUMN_DISP_SEQ,REF_TABLE_NAME,REF_PKEY_NAME,REF_COL_NAME,REF_SORT_CONDITIONS,REF_MULTI_LANG,REFERENCE_ITEM,SENSITIVE_COL_NAME,FILE_UPLOAD_PLACE,BUTTON_ACTION,COL_NAME,SAVE_TYPE,AUTO_INPUT,INPUT_ITEM,VIEW_ITEM,UNIQUE_ITEM,REQUIRED_ITEM,AUTOREG_HIDE_ITEM,AUTOREG_ONLY_ITEM,INITIAL_VALUE,VALIDATE_OPTION,VALIDATE_REG_EXP,BEFORE_VALIDATE_REGISTER,AFTER_VALIDATE_REGISTER,DESCRIPTION_JA,DESCRIPTION_EN,NOTE,DISUSE_FLAG,LAST_UPDATE_TIMESTAMP,LAST_UPDATE_USER) VALUES(1020323,_____DATE_____,'INSERT','1020323','10203','最終更新日時','Last update date/time','last_update_date_time',NULL,'13',230,NULL,NULL,NULL,NULL,'0',NULL,NULL,NULL,NULL,'LAST_UPDATE_TIMESTAMP',NULL,'1','0','1','0','1','1','0',NULL,NULL,NULL,NULL,NULL,'レコードの最終更新日。自動登録のため編集不可。','Last update date of record. Cannot edit because of auto-registration.',NULL,'0',_____DATE_____,1);
INSERT INTO T_COMN_MENU_COLUMN_LINK (COLUMN_DEFINITION_ID,MENU_ID,COLUMN_NAME_JA,COLUMN_NAME_EN,COLUMN_NAME_REST,COL_GROUP_ID,COLUMN_CLASS,COLUMN_DISP_SEQ,REF_TABLE_NAME,REF_PKEY_NAME,REF_COL_NAME,REF_SORT_CONDITIONS,REF_MULTI_LANG,REFERENCE_ITEM,SENSITIVE_COL_NAME,FILE_UPLOAD_PLACE,BUTTON_ACTION,COL_NAME,SAVE_TYPE,AUTO_INPUT,INPUT_ITEM,VIEW_ITEM,UNIQUE_ITEM,REQUIRED_ITEM,AUTOREG_HIDE_ITEM,AUTOREG_ONLY_ITEM,INITIAL_VALUE,VALIDATE_OPTION,VALIDATE_REG_EXP,BEFORE_VALIDATE_REGISTER,AFTER_VALIDATE_REGISTER,DESCRIPTION_JA,DESCRIPTION_EN,NOTE,DISUSE_FLAG,LAST_UPDATE_TIMESTAMP,LAST_UPDATE_USER) VALUES('1020324','10203','最終更新者','Last updated by','last_updated_user',NULL,'14',240,NULL,NULL,NULL,NULL,'0',NULL,NULL,NULL,NULL,'LAST_UPDATE_USER',NULL,'1','0','1','0','1','1','0',NULL,NULL,NULL,NULL,NULL,'更新者。ログインユーザのIDが自動的に登録される。編集不可。','Updated by. Login user ID is automatically registered. Cannot edit.',NULL,'0',_____DATE_____,1);
INSERT INTO T_COMN_MENU_COLUMN_LINK_JNL (JOURNAL_SEQ_NO,JOURNAL_REG_DATETIME,JOURNAL_ACTION_CLASS,COLUMN_DEFINITION_ID,MENU_ID,COLUMN_NAME_JA,COLUMN_NAME_EN,COLUMN_NAME_REST,COL_GROUP_ID,COLUMN_CLASS,COLUMN_DISP_SEQ,REF_TABLE_NAME,REF_PKEY_NAME,REF_COL_NAME,REF_SORT_CONDITIONS,REF_MULTI_LANG,REFERENCE_ITEM,SENSITIVE_COL_NAME,FILE_UPLOAD_PLACE,BUTTON_ACTION,COL_NAME,SAVE_TYPE,AUTO_INPUT,INPUT_ITEM,VIEW_ITEM,UNIQUE_ITEM,REQUIRED_ITEM,AUTOREG_HIDE_ITEM,AUTOREG_ONLY_ITEM,INITIAL_VALUE,VALIDATE_OPTION,VALIDATE_REG_EXP,BEFORE_VALIDATE_REGISTER,AFTER_VALIDATE_REGISTER,DESCRIPTION_JA,DESCRIPTION_EN,NOTE,DISUSE_FLAG,LAST_UPDATE_TIMESTAMP,LAST_UPDATE_USER) VALUES(1020324,_____DATE_____,'INSERT','1020324','10203','最終更新者','Last updated by','last_updated_user',NULL,'14',240,NULL,NULL,NULL,NULL,'0',NULL,NULL,NULL,NULL,'LAST_UPDATE_USER',NULL,'1','0','1','0','1','1','0',NULL,NULL,NULL,NULL,NULL,'更新者。ログインユーザのIDが自動的に登録される。編集不可。','Updated by. Login user ID is automatically registered. Cannot edit.',NULL,'0',_____DATE_____,1);
INSERT INTO T_COMN_MENU_COLUMN_LINK (COLUMN_DEFINITION_ID,MENU_ID,COLUMN_NAME_JA,COLUMN_NAME_EN,COLUMN_NAME_REST,COL_GROUP_ID,COLUMN_CLASS,COLUMN_DISP_SEQ,REF_TABLE_NAME,REF_PKEY_NAME,REF_COL_NAME,REF_SORT_CONDITIONS,REF_MULTI_LANG,REFERENCE_ITEM,SENSITIVE_COL_NAME,FILE_UPLOAD_PLACE,BUTTON_ACTION,COL_NAME,SAVE_TYPE,AUTO_INPUT,INPUT_ITEM,VIEW_ITEM,UNIQUE_ITEM,REQUIRED_ITEM,AUTOREG_HIDE_ITEM,AUTOREG_ONLY_ITEM,INITIAL_VALUE,VALIDATE_OPTION,VALIDATE_REG_EXP,BEFORE_VALIDATE_REGISTER,AFTER_VALIDATE_REGISTER,DESCRIPTION_JA,DESCRIPTION_EN,NOTE,DISUSE_FLAG,LAST_UPDATE_TIMESTAMP,LAST_UPDATE_USER) VALUES('1020401','10204','UUID','uuid','uuid',NULL,'1',10,NULL,NULL,NULL,NULL,'0',NULL,NULL,NULL,NULL,'COLUMN_DEFINITION_ID',NULL,'1','1','1','1','1','1','0',NULL,NULL,NULL,NULL,NULL,'自動採番のため編集不可。実行処理種別が【登録】の場合、空白のみ可。','Cannot edit because of auto-numbering. Must be blank when execution process type is [Register].',NULL,'0',_____DATE_____,1);
INSERT INTO T_COMN_MENU_COLUMN_LINK_JNL (JOURNAL_SEQ_NO,JOURNAL_REG_DATETIME,JOURNAL_ACTION_CLASS,COLUMN_DEFINITION_ID,MENU_ID,COLUMN_NAME_JA,COLUMN_NAME_EN,COLUMN_NAME_REST,COL_GROUP_ID,COLUMN_CLASS,COLUMN_DISP_SEQ,REF_TABLE_NAME,REF_PKEY_NAME,REF_COL_NAME,REF_SORT_CONDITIONS,REF_MULTI_LANG,REFERENCE_ITEM,SENSITIVE_COL_NAME,FILE_UPLOAD_PLACE,BUTTON_ACTION,COL_NAME,SAVE_TYPE,AUTO_INPUT,INPUT_ITEM,VIEW_ITEM,UNIQUE_ITEM,REQUIRED_ITEM,AUTOREG_HIDE_ITEM,AUTOREG_ONLY_ITEM,INITIAL_VALUE,VALIDATE_OPTION,VALIDATE_REG_EXP,BEFORE_VALIDATE_REGISTER,AFTER_VALIDATE_REGISTER,DESCRIPTION_JA,DESCRIPTION_EN,NOTE,DISUSE_FLAG,LAST_UPDATE_TIMESTAMP,LAST_UPDATE_USER) VALUES(1020401,_____DATE_____,'INSERT','1020401','10204','UUID','uuid','uuid',NULL,'1',10,NULL,NULL,NULL,NULL,'0',NULL,NULL,NULL,NULL,'COLUMN_DEFINITION_ID',NULL,'1','1','1','1','1','1','0',NULL,NULL,NULL,NULL,NULL,'自動採番のため編集不可。実行処理種別が【登録】の場合、空白のみ可。','Cannot edit because of auto-numbering. Must be blank when execution process type is [Register].',NULL,'0',_____DATE_____,1);
INSERT INTO T_COMN_MENU_COLUMN_LINK (COLUMN_DEFINITION_ID,MENU_ID,COLUMN_NAME_JA,COLUMN_NAME_EN,COLUMN_NAME_REST,COL_GROUP_ID,COLUMN_CLASS,COLUMN_DISP_SEQ,REF_TABLE_NAME,REF_PKEY_NAME,REF_COL_NAME,REF_SORT_CONDITIONS,REF_MULTI_LANG,REFERENCE_ITEM,SENSITIVE_COL_NAME,FILE_UPLOAD_PLACE,BUTTON_ACTION,COL_NAME,SAVE_TYPE,AUTO_INPUT,INPUT_ITEM,VIEW_ITEM,UNIQUE_ITEM,REQUIRED_ITEM,AUTOREG_HIDE_ITEM,AUTOREG_ONLY_ITEM,INITIAL_VALUE,VALIDATE_OPTION,VALIDATE_REG_EXP,BEFORE_VALIDATE_REGISTER,AFTER_VALIDATE_REGISTER,DESCRIPTION_JA,DESCRIPTION_EN,NOTE,DISUSE_FLAG,LAST_UPDATE_TIMESTAMP,LAST_UPDATE_USER) VALUES('1020402','10204','メニュー','Menu name','menu_name',NULL,'7',20,'V_COMN_MENU_GROUP_MENU_PULLDOWN','MENU_ID','MENU_GROUP_NAME_PULLDOWN',NULL,'1',NULL,NULL,NULL,NULL,'MENU_ID',NULL,'0','1','1','0','1','1','0',NULL,NULL,NULL,NULL,NULL,'プルダウン選択 必須項目','Pull-down selection  required item',NULL,'0',_____DATE_____,1);
INSERT INTO T_COMN_MENU_COLUMN_LINK_JNL (JOURNAL_SEQ_NO,JOURNAL_REG_DATETIME,JOURNAL_ACTION_CLASS,COLUMN_DEFINITION_ID,MENU_ID,COLUMN_NAME_JA,COLUMN_NAME_EN,COLUMN_NAME_REST,COL_GROUP_ID,COLUMN_CLASS,COLUMN_DISP_SEQ,REF_TABLE_NAME,REF_PKEY_NAME,REF_COL_NAME,REF_SORT_CONDITIONS,REF_MULTI_LANG,REFERENCE_ITEM,SENSITIVE_COL_NAME,FILE_UPLOAD_PLACE,BUTTON_ACTION,COL_NAME,SAVE_TYPE,AUTO_INPUT,INPUT_ITEM,VIEW_ITEM,UNIQUE_ITEM,REQUIRED_ITEM,AUTOREG_HIDE_ITEM,AUTOREG_ONLY_ITEM,INITIAL_VALUE,VALIDATE_OPTION,VALIDATE_REG_EXP,BEFORE_VALIDATE_REGISTER,AFTER_VALIDATE_REGISTER,DESCRIPTION_JA,DESCRIPTION_EN,NOTE,DISUSE_FLAG,LAST_UPDATE_TIMESTAMP,LAST_UPDATE_USER) VALUES(1020402,_____DATE_____,'INSERT','1020402','10204','メニュー','Menu name','menu_name',NULL,'7',20,'V_COMN_MENU_GROUP_MENU_PULLDOWN','MENU_ID','MENU_GROUP_NAME_PULLDOWN',NULL,'1',NULL,NULL,NULL,NULL,'MENU_ID',NULL,'0','1','1','0','1','1','0',NULL,NULL,NULL,NULL,NULL,'プルダウン選択 必須項目','Pull-down selection  required item',NULL,'0',_____DATE_____,1);
INSERT INTO T_COMN_MENU_COLUMN_LINK (COLUMN_DEFINITION_ID,MENU_ID,COLUMN_NAME_JA,COLUMN_NAME_EN,COLUMN_NAME_REST,COL_GROUP_ID,COLUMN_CLASS,COLUMN_DISP_SEQ,REF_TABLE_NAME,REF_PKEY_NAME,REF_COL_NAME,REF_SORT_CONDITIONS,REF_MULTI_LANG,REFERENCE_ITEM,SENSITIVE_COL_NAME,FILE_UPLOAD_PLACE,BUTTON_ACTION,COL_NAME,SAVE_TYPE,AUTO_INPUT,INPUT_ITEM,VIEW_ITEM,UNIQUE_ITEM,REQUIRED_ITEM,AUTOREG_HIDE_ITEM,AUTOREG_ONLY_ITEM,INITIAL_VALUE,VALIDATE_OPTION,VALIDATE_REG_EXP,BEFORE_VALIDATE_REGISTER,AFTER_VALIDATE_REGISTER,DESCRIPTION_JA,DESCRIPTION_EN,NOTE,DISUSE_FLAG,LAST_UPDATE_TIMESTAMP,LAST_UPDATE_USER) VALUES('1020403','10204','項目名(ja)','Column name(ja)','column_name_ja',NULL,'1',30,NULL,NULL,NULL,NULL,'0',NULL,NULL,NULL,NULL,'COLUMN_NAME_JA',NULL,'0','1','1','0','1','1','0',NULL,'{
"min_length": 0,
"max_length": 255
}',NULL,NULL,NULL,'[最大長]255バイト','[Maximum length] 255 byte',NULL,'0',_____DATE_____,1);
INSERT INTO T_COMN_MENU_COLUMN_LINK_JNL (JOURNAL_SEQ_NO,JOURNAL_REG_DATETIME,JOURNAL_ACTION_CLASS,COLUMN_DEFINITION_ID,MENU_ID,COLUMN_NAME_JA,COLUMN_NAME_EN,COLUMN_NAME_REST,COL_GROUP_ID,COLUMN_CLASS,COLUMN_DISP_SEQ,REF_TABLE_NAME,REF_PKEY_NAME,REF_COL_NAME,REF_SORT_CONDITIONS,REF_MULTI_LANG,REFERENCE_ITEM,SENSITIVE_COL_NAME,FILE_UPLOAD_PLACE,BUTTON_ACTION,COL_NAME,SAVE_TYPE,AUTO_INPUT,INPUT_ITEM,VIEW_ITEM,UNIQUE_ITEM,REQUIRED_ITEM,AUTOREG_HIDE_ITEM,AUTOREG_ONLY_ITEM,INITIAL_VALUE,VALIDATE_OPTION,VALIDATE_REG_EXP,BEFORE_VALIDATE_REGISTER,AFTER_VALIDATE_REGISTER,DESCRIPTION_JA,DESCRIPTION_EN,NOTE,DISUSE_FLAG,LAST_UPDATE_TIMESTAMP,LAST_UPDATE_USER) VALUES(1020403,_____DATE_____,'INSERT','1020403','10204','項目名(ja)','Column name(ja)','column_name_ja',NULL,'1',30,NULL,NULL,NULL,NULL,'0',NULL,NULL,NULL,NULL,'COLUMN_NAME_JA',NULL,'0','1','1','0','1','1','0',NULL,'{
"min_length": 0,
"max_length": 255
}',NULL,NULL,NULL,'[最大長]255バイト','[Maximum length] 255 byte',NULL,'0',_____DATE_____,1);
INSERT INTO T_COMN_MENU_COLUMN_LINK (COLUMN_DEFINITION_ID,MENU_ID,COLUMN_NAME_JA,COLUMN_NAME_EN,COLUMN_NAME_REST,COL_GROUP_ID,COLUMN_CLASS,COLUMN_DISP_SEQ,REF_TABLE_NAME,REF_PKEY_NAME,REF_COL_NAME,REF_SORT_CONDITIONS,REF_MULTI_LANG,REFERENCE_ITEM,SENSITIVE_COL_NAME,FILE_UPLOAD_PLACE,BUTTON_ACTION,COL_NAME,SAVE_TYPE,AUTO_INPUT,INPUT_ITEM,VIEW_ITEM,UNIQUE_ITEM,REQUIRED_ITEM,AUTOREG_HIDE_ITEM,AUTOREG_ONLY_ITEM,INITIAL_VALUE,VALIDATE_OPTION,VALIDATE_REG_EXP,BEFORE_VALIDATE_REGISTER,AFTER_VALIDATE_REGISTER,DESCRIPTION_JA,DESCRIPTION_EN,NOTE,DISUSE_FLAG,LAST_UPDATE_TIMESTAMP,LAST_UPDATE_USER) VALUES('1020404','10204','項目名(en)','Column name(en)','column_name_en',NULL,'1',40,NULL,NULL,NULL,NULL,'0',NULL,NULL,NULL,NULL,'COLUMN_NAME_EN',NULL,'0','1','1','0','1','1','0',NULL,'{
"min_length": 0,
"max_length": 255
}',NULL,NULL,NULL,'[最大長]255バイト','[Maximum length] 255 byte',NULL,'0',_____DATE_____,1);
INSERT INTO T_COMN_MENU_COLUMN_LINK_JNL (JOURNAL_SEQ_NO,JOURNAL_REG_DATETIME,JOURNAL_ACTION_CLASS,COLUMN_DEFINITION_ID,MENU_ID,COLUMN_NAME_JA,COLUMN_NAME_EN,COLUMN_NAME_REST,COL_GROUP_ID,COLUMN_CLASS,COLUMN_DISP_SEQ,REF_TABLE_NAME,REF_PKEY_NAME,REF_COL_NAME,REF_SORT_CONDITIONS,REF_MULTI_LANG,REFERENCE_ITEM,SENSITIVE_COL_NAME,FILE_UPLOAD_PLACE,BUTTON_ACTION,COL_NAME,SAVE_TYPE,AUTO_INPUT,INPUT_ITEM,VIEW_ITEM,UNIQUE_ITEM,REQUIRED_ITEM,AUTOREG_HIDE_ITEM,AUTOREG_ONLY_ITEM,INITIAL_VALUE,VALIDATE_OPTION,VALIDATE_REG_EXP,BEFORE_VALIDATE_REGISTER,AFTER_VALIDATE_REGISTER,DESCRIPTION_JA,DESCRIPTION_EN,NOTE,DISUSE_FLAG,LAST_UPDATE_TIMESTAMP,LAST_UPDATE_USER) VALUES(1020404,_____DATE_____,'INSERT','1020404','10204','項目名(en)','Column name(en)','column_name_en',NULL,'1',40,NULL,NULL,NULL,NULL,'0',NULL,NULL,NULL,NULL,'COLUMN_NAME_EN',NULL,'0','1','1','0','1','1','0',NULL,'{
"min_length": 0,
"max_length": 255
}',NULL,NULL,NULL,'[最大長]255バイト','[Maximum length] 255 byte',NULL,'0',_____DATE_____,1);
INSERT INTO T_COMN_MENU_COLUMN_LINK (COLUMN_DEFINITION_ID,MENU_ID,COLUMN_NAME_JA,COLUMN_NAME_EN,COLUMN_NAME_REST,COL_GROUP_ID,COLUMN_CLASS,COLUMN_DISP_SEQ,REF_TABLE_NAME,REF_PKEY_NAME,REF_COL_NAME,REF_SORT_CONDITIONS,REF_MULTI_LANG,REFERENCE_ITEM,SENSITIVE_COL_NAME,FILE_UPLOAD_PLACE,BUTTON_ACTION,COL_NAME,SAVE_TYPE,AUTO_INPUT,INPUT_ITEM,VIEW_ITEM,UNIQUE_ITEM,REQUIRED_ITEM,AUTOREG_HIDE_ITEM,AUTOREG_ONLY_ITEM,INITIAL_VALUE,VALIDATE_OPTION,VALIDATE_REG_EXP,BEFORE_VALIDATE_REGISTER,AFTER_VALIDATE_REGISTER,DESCRIPTION_JA,DESCRIPTION_EN,NOTE,DISUSE_FLAG,LAST_UPDATE_TIMESTAMP,LAST_UPDATE_USER) VALUES('1020405','10204','項目名(REST）','Column name(rest)','column_name_rest',NULL,'1',50,NULL,NULL,NULL,NULL,'0',NULL,NULL,NULL,NULL,'COLUMN_NAME_REST',NULL,'0','1','1','0','1','1','0',NULL,'{
"min_length": 0,
"max_length": 255
}',NULL,NULL,NULL,'[最大長]255バイト','[Maximum length] 255 byte',NULL,'0',_____DATE_____,1);
INSERT INTO T_COMN_MENU_COLUMN_LINK_JNL (JOURNAL_SEQ_NO,JOURNAL_REG_DATETIME,JOURNAL_ACTION_CLASS,COLUMN_DEFINITION_ID,MENU_ID,COLUMN_NAME_JA,COLUMN_NAME_EN,COLUMN_NAME_REST,COL_GROUP_ID,COLUMN_CLASS,COLUMN_DISP_SEQ,REF_TABLE_NAME,REF_PKEY_NAME,REF_COL_NAME,REF_SORT_CONDITIONS,REF_MULTI_LANG,REFERENCE_ITEM,SENSITIVE_COL_NAME,FILE_UPLOAD_PLACE,BUTTON_ACTION,COL_NAME,SAVE_TYPE,AUTO_INPUT,INPUT_ITEM,VIEW_ITEM,UNIQUE_ITEM,REQUIRED_ITEM,AUTOREG_HIDE_ITEM,AUTOREG_ONLY_ITEM,INITIAL_VALUE,VALIDATE_OPTION,VALIDATE_REG_EXP,BEFORE_VALIDATE_REGISTER,AFTER_VALIDATE_REGISTER,DESCRIPTION_JA,DESCRIPTION_EN,NOTE,DISUSE_FLAG,LAST_UPDATE_TIMESTAMP,LAST_UPDATE_USER) VALUES(1020405,_____DATE_____,'INSERT','1020405','10204','項目名(REST）','Column name(rest)','column_name_rest',NULL,'1',50,NULL,NULL,NULL,NULL,'0',NULL,NULL,NULL,NULL,'COLUMN_NAME_REST',NULL,'0','1','1','0','1','1','0',NULL,'{
"min_length": 0,
"max_length": 255
}',NULL,NULL,NULL,'[最大長]255バイト','[Maximum length] 255 byte',NULL,'0',_____DATE_____,1);
INSERT INTO T_COMN_MENU_COLUMN_LINK (COLUMN_DEFINITION_ID,MENU_ID,COLUMN_NAME_JA,COLUMN_NAME_EN,COLUMN_NAME_REST,COL_GROUP_ID,COLUMN_CLASS,COLUMN_DISP_SEQ,REF_TABLE_NAME,REF_PKEY_NAME,REF_COL_NAME,REF_SORT_CONDITIONS,REF_MULTI_LANG,REFERENCE_ITEM,SENSITIVE_COL_NAME,FILE_UPLOAD_PLACE,BUTTON_ACTION,COL_NAME,SAVE_TYPE,AUTO_INPUT,INPUT_ITEM,VIEW_ITEM,UNIQUE_ITEM,REQUIRED_ITEM,AUTOREG_HIDE_ITEM,AUTOREG_ONLY_ITEM,INITIAL_VALUE,VALIDATE_OPTION,VALIDATE_REG_EXP,BEFORE_VALIDATE_REGISTER,AFTER_VALIDATE_REGISTER,DESCRIPTION_JA,DESCRIPTION_EN,NOTE,DISUSE_FLAG,LAST_UPDATE_TIMESTAMP,LAST_UPDATE_USER) VALUES('1020406','10204','カラムグループ','Column class group name','column_class_group_name',NULL,'7',60,'T_COMN_COLUMN_GROUP','COL_GROUP_ID','COL_GROUP_NAME',NULL,'1',NULL,NULL,NULL,NULL,'COL_GROUP_ID',NULL,'0','1','1','0','0','1','0',NULL,NULL,NULL,NULL,NULL,'プルダウン選択','Pull-down selection',NULL,'0',_____DATE_____,1);
INSERT INTO T_COMN_MENU_COLUMN_LINK_JNL (JOURNAL_SEQ_NO,JOURNAL_REG_DATETIME,JOURNAL_ACTION_CLASS,COLUMN_DEFINITION_ID,MENU_ID,COLUMN_NAME_JA,COLUMN_NAME_EN,COLUMN_NAME_REST,COL_GROUP_ID,COLUMN_CLASS,COLUMN_DISP_SEQ,REF_TABLE_NAME,REF_PKEY_NAME,REF_COL_NAME,REF_SORT_CONDITIONS,REF_MULTI_LANG,REFERENCE_ITEM,SENSITIVE_COL_NAME,FILE_UPLOAD_PLACE,BUTTON_ACTION,COL_NAME,SAVE_TYPE,AUTO_INPUT,INPUT_ITEM,VIEW_ITEM,UNIQUE_ITEM,REQUIRED_ITEM,AUTOREG_HIDE_ITEM,AUTOREG_ONLY_ITEM,INITIAL_VALUE,VALIDATE_OPTION,VALIDATE_REG_EXP,BEFORE_VALIDATE_REGISTER,AFTER_VALIDATE_REGISTER,DESCRIPTION_JA,DESCRIPTION_EN,NOTE,DISUSE_FLAG,LAST_UPDATE_TIMESTAMP,LAST_UPDATE_USER) VALUES(1020406,_____DATE_____,'INSERT','1020406','10204','カラムグループ','Column class group name','column_class_group_name',NULL,'7',60,'T_COMN_COLUMN_GROUP','COL_GROUP_ID','COL_GROUP_NAME',NULL,'1',NULL,NULL,NULL,NULL,'COL_GROUP_ID',NULL,'0','1','1','0','0','1','0',NULL,NULL,NULL,NULL,NULL,'プルダウン選択','Pull-down selection',NULL,'0',_____DATE_____,1);
INSERT INTO T_COMN_MENU_COLUMN_LINK (COLUMN_DEFINITION_ID,MENU_ID,COLUMN_NAME_JA,COLUMN_NAME_EN,COLUMN_NAME_REST,COL_GROUP_ID,COLUMN_CLASS,COLUMN_DISP_SEQ,REF_TABLE_NAME,REF_PKEY_NAME,REF_COL_NAME,REF_SORT_CONDITIONS,REF_MULTI_LANG,REFERENCE_ITEM,SENSITIVE_COL_NAME,FILE_UPLOAD_PLACE,BUTTON_ACTION,COL_NAME,SAVE_TYPE,AUTO_INPUT,INPUT_ITEM,VIEW_ITEM,UNIQUE_ITEM,REQUIRED_ITEM,AUTOREG_HIDE_ITEM,AUTOREG_ONLY_ITEM,INITIAL_VALUE,VALIDATE_OPTION,VALIDATE_REG_EXP,BEFORE_VALIDATE_REGISTER,AFTER_VALIDATE_REGISTER,DESCRIPTION_JA,DESCRIPTION_EN,NOTE,DISUSE_FLAG,LAST_UPDATE_TIMESTAMP,LAST_UPDATE_USER) VALUES('1020407','10204','カラムクラス','Column class','column_class',NULL,'7',70,'T_COMN_COLUMN_CLASS','COLUMN_CLASS_ID','COLUMN_CLASS_NAME',NULL,'0',NULL,NULL,NULL,NULL,'COLUMN_CLASS',NULL,'0','1','1','0','1','1','0',NULL,NULL,NULL,NULL,NULL,'プルダウン選択 必須項目
','Pull-down selection  required item',NULL,'0',_____DATE_____,1);
INSERT INTO T_COMN_MENU_COLUMN_LINK_JNL (JOURNAL_SEQ_NO,JOURNAL_REG_DATETIME,JOURNAL_ACTION_CLASS,COLUMN_DEFINITION_ID,MENU_ID,COLUMN_NAME_JA,COLUMN_NAME_EN,COLUMN_NAME_REST,COL_GROUP_ID,COLUMN_CLASS,COLUMN_DISP_SEQ,REF_TABLE_NAME,REF_PKEY_NAME,REF_COL_NAME,REF_SORT_CONDITIONS,REF_MULTI_LANG,REFERENCE_ITEM,SENSITIVE_COL_NAME,FILE_UPLOAD_PLACE,BUTTON_ACTION,COL_NAME,SAVE_TYPE,AUTO_INPUT,INPUT_ITEM,VIEW_ITEM,UNIQUE_ITEM,REQUIRED_ITEM,AUTOREG_HIDE_ITEM,AUTOREG_ONLY_ITEM,INITIAL_VALUE,VALIDATE_OPTION,VALIDATE_REG_EXP,BEFORE_VALIDATE_REGISTER,AFTER_VALIDATE_REGISTER,DESCRIPTION_JA,DESCRIPTION_EN,NOTE,DISUSE_FLAG,LAST_UPDATE_TIMESTAMP,LAST_UPDATE_USER) VALUES(1020407,_____DATE_____,'INSERT','1020407','10204','カラムクラス','Column class','column_class',NULL,'7',70,'T_COMN_COLUMN_CLASS','COLUMN_CLASS_ID','COLUMN_CLASS_NAME',NULL,'0',NULL,NULL,NULL,NULL,'COLUMN_CLASS',NULL,'0','1','1','0','1','1','0',NULL,NULL,NULL,NULL,NULL,'プルダウン選択 必須項目
','Pull-down selection  required item',NULL,'0',_____DATE_____,1);
INSERT INTO T_COMN_MENU_COLUMN_LINK (COLUMN_DEFINITION_ID,MENU_ID,COLUMN_NAME_JA,COLUMN_NAME_EN,COLUMN_NAME_REST,COL_GROUP_ID,COLUMN_CLASS,COLUMN_DISP_SEQ,REF_TABLE_NAME,REF_PKEY_NAME,REF_COL_NAME,REF_SORT_CONDITIONS,REF_MULTI_LANG,REFERENCE_ITEM,SENSITIVE_COL_NAME,FILE_UPLOAD_PLACE,BUTTON_ACTION,COL_NAME,SAVE_TYPE,AUTO_INPUT,INPUT_ITEM,VIEW_ITEM,UNIQUE_ITEM,REQUIRED_ITEM,AUTOREG_HIDE_ITEM,AUTOREG_ONLY_ITEM,INITIAL_VALUE,VALIDATE_OPTION,VALIDATE_REG_EXP,BEFORE_VALIDATE_REGISTER,AFTER_VALIDATE_REGISTER,DESCRIPTION_JA,DESCRIPTION_EN,NOTE,DISUSE_FLAG,LAST_UPDATE_TIMESTAMP,LAST_UPDATE_USER) VALUES('1020408','10204','表示順','Display_order','display_order',NULL,'3',80,NULL,NULL,NULL,NULL,'0',NULL,NULL,NULL,NULL,'COLUMN_DISP_SEQ',NULL,'0','1','1','0','1','1','0',NULL,'{
"int_min": 0,
"int_max": 2147483647
}',NULL,NULL,NULL,'数値のみ入力可　
0～2147483647','Only numerical values can be entered
0～2147483647',NULL,'0',_____DATE_____,1);
INSERT INTO T_COMN_MENU_COLUMN_LINK_JNL (JOURNAL_SEQ_NO,JOURNAL_REG_DATETIME,JOURNAL_ACTION_CLASS,COLUMN_DEFINITION_ID,MENU_ID,COLUMN_NAME_JA,COLUMN_NAME_EN,COLUMN_NAME_REST,COL_GROUP_ID,COLUMN_CLASS,COLUMN_DISP_SEQ,REF_TABLE_NAME,REF_PKEY_NAME,REF_COL_NAME,REF_SORT_CONDITIONS,REF_MULTI_LANG,REFERENCE_ITEM,SENSITIVE_COL_NAME,FILE_UPLOAD_PLACE,BUTTON_ACTION,COL_NAME,SAVE_TYPE,AUTO_INPUT,INPUT_ITEM,VIEW_ITEM,UNIQUE_ITEM,REQUIRED_ITEM,AUTOREG_HIDE_ITEM,AUTOREG_ONLY_ITEM,INITIAL_VALUE,VALIDATE_OPTION,VALIDATE_REG_EXP,BEFORE_VALIDATE_REGISTER,AFTER_VALIDATE_REGISTER,DESCRIPTION_JA,DESCRIPTION_EN,NOTE,DISUSE_FLAG,LAST_UPDATE_TIMESTAMP,LAST_UPDATE_USER) VALUES(1020408,_____DATE_____,'INSERT','1020408','10204','表示順','Display_order','display_order',NULL,'3',80,NULL,NULL,NULL,NULL,'0',NULL,NULL,NULL,NULL,'COLUMN_DISP_SEQ',NULL,'0','1','1','0','1','1','0',NULL,'{
"int_min": 0,
"int_max": 2147483647
}',NULL,NULL,NULL,'数値のみ入力可　
0～2147483647','Only numerical values can be entered
0～2147483647',NULL,'0',_____DATE_____,1);
INSERT INTO T_COMN_MENU_COLUMN_LINK (COLUMN_DEFINITION_ID,MENU_ID,COLUMN_NAME_JA,COLUMN_NAME_EN,COLUMN_NAME_REST,COL_GROUP_ID,COLUMN_CLASS,COLUMN_DISP_SEQ,REF_TABLE_NAME,REF_PKEY_NAME,REF_COL_NAME,REF_SORT_CONDITIONS,REF_MULTI_LANG,REFERENCE_ITEM,SENSITIVE_COL_NAME,FILE_UPLOAD_PLACE,BUTTON_ACTION,COL_NAME,SAVE_TYPE,AUTO_INPUT,INPUT_ITEM,VIEW_ITEM,UNIQUE_ITEM,REQUIRED_ITEM,AUTOREG_HIDE_ITEM,AUTOREG_ONLY_ITEM,INITIAL_VALUE,VALIDATE_OPTION,VALIDATE_REG_EXP,BEFORE_VALIDATE_REGISTER,AFTER_VALIDATE_REGISTER,DESCRIPTION_JA,DESCRIPTION_EN,NOTE,DISUSE_FLAG,LAST_UPDATE_TIMESTAMP,LAST_UPDATE_USER) VALUES('1020409','10204','ID連携テーブル','ID link table','id_link_table',NULL,'1',90,NULL,NULL,NULL,NULL,'0',NULL,NULL,NULL,NULL,'REF_TABLE_NAME',NULL,'0','1','1','0','0','1','0',NULL,'{
"min_length": 0,
"max_length": 64
}',NULL,NULL,NULL,'[最大長]64バイト','[Maximum length] 64 byte',NULL,'0',_____DATE_____,1);
INSERT INTO T_COMN_MENU_COLUMN_LINK_JNL (JOURNAL_SEQ_NO,JOURNAL_REG_DATETIME,JOURNAL_ACTION_CLASS,COLUMN_DEFINITION_ID,MENU_ID,COLUMN_NAME_JA,COLUMN_NAME_EN,COLUMN_NAME_REST,COL_GROUP_ID,COLUMN_CLASS,COLUMN_DISP_SEQ,REF_TABLE_NAME,REF_PKEY_NAME,REF_COL_NAME,REF_SORT_CONDITIONS,REF_MULTI_LANG,REFERENCE_ITEM,SENSITIVE_COL_NAME,FILE_UPLOAD_PLACE,BUTTON_ACTION,COL_NAME,SAVE_TYPE,AUTO_INPUT,INPUT_ITEM,VIEW_ITEM,UNIQUE_ITEM,REQUIRED_ITEM,AUTOREG_HIDE_ITEM,AUTOREG_ONLY_ITEM,INITIAL_VALUE,VALIDATE_OPTION,VALIDATE_REG_EXP,BEFORE_VALIDATE_REGISTER,AFTER_VALIDATE_REGISTER,DESCRIPTION_JA,DESCRIPTION_EN,NOTE,DISUSE_FLAG,LAST_UPDATE_TIMESTAMP,LAST_UPDATE_USER) VALUES(1020409,_____DATE_____,'INSERT','1020409','10204','ID連携テーブル','ID link table','id_link_table',NULL,'1',90,NULL,NULL,NULL,NULL,'0',NULL,NULL,NULL,NULL,'REF_TABLE_NAME',NULL,'0','1','1','0','0','1','0',NULL,'{
"min_length": 0,
"max_length": 64
}',NULL,NULL,NULL,'[最大長]64バイト','[Maximum length] 64 byte',NULL,'0',_____DATE_____,1);
INSERT INTO T_COMN_MENU_COLUMN_LINK (COLUMN_DEFINITION_ID,MENU_ID,COLUMN_NAME_JA,COLUMN_NAME_EN,COLUMN_NAME_REST,COL_GROUP_ID,COLUMN_CLASS,COLUMN_DISP_SEQ,REF_TABLE_NAME,REF_PKEY_NAME,REF_COL_NAME,REF_SORT_CONDITIONS,REF_MULTI_LANG,REFERENCE_ITEM,SENSITIVE_COL_NAME,FILE_UPLOAD_PLACE,BUTTON_ACTION,COL_NAME,SAVE_TYPE,AUTO_INPUT,INPUT_ITEM,VIEW_ITEM,UNIQUE_ITEM,REQUIRED_ITEM,AUTOREG_HIDE_ITEM,AUTOREG_ONLY_ITEM,INITIAL_VALUE,VALIDATE_OPTION,VALIDATE_REG_EXP,BEFORE_VALIDATE_REGISTER,AFTER_VALIDATE_REGISTER,DESCRIPTION_JA,DESCRIPTION_EN,NOTE,DISUSE_FLAG,LAST_UPDATE_TIMESTAMP,LAST_UPDATE_USER) VALUES('1020410','10204','ID連携テーブルPK','ID link key column name','id_link_key_column_name',NULL,'1',100,NULL,NULL,NULL,NULL,'0',NULL,NULL,NULL,NULL,'REF_PKEY_NAME',NULL,'0','1','1','0','0','1','0',NULL,'{
"min_length": 0,
"max_length": 64
}',NULL,NULL,NULL,'[最大長]64バイト','[Maximum length] 64 byte',NULL,'0',_____DATE_____,1);
INSERT INTO T_COMN_MENU_COLUMN_LINK_JNL (JOURNAL_SEQ_NO,JOURNAL_REG_DATETIME,JOURNAL_ACTION_CLASS,COLUMN_DEFINITION_ID,MENU_ID,COLUMN_NAME_JA,COLUMN_NAME_EN,COLUMN_NAME_REST,COL_GROUP_ID,COLUMN_CLASS,COLUMN_DISP_SEQ,REF_TABLE_NAME,REF_PKEY_NAME,REF_COL_NAME,REF_SORT_CONDITIONS,REF_MULTI_LANG,REFERENCE_ITEM,SENSITIVE_COL_NAME,FILE_UPLOAD_PLACE,BUTTON_ACTION,COL_NAME,SAVE_TYPE,AUTO_INPUT,INPUT_ITEM,VIEW_ITEM,UNIQUE_ITEM,REQUIRED_ITEM,AUTOREG_HIDE_ITEM,AUTOREG_ONLY_ITEM,INITIAL_VALUE,VALIDATE_OPTION,VALIDATE_REG_EXP,BEFORE_VALIDATE_REGISTER,AFTER_VALIDATE_REGISTER,DESCRIPTION_JA,DESCRIPTION_EN,NOTE,DISUSE_FLAG,LAST_UPDATE_TIMESTAMP,LAST_UPDATE_USER) VALUES(1020410,_____DATE_____,'INSERT','1020410','10204','ID連携テーブルPK','ID link key column name','id_link_key_column_name',NULL,'1',100,NULL,NULL,NULL,NULL,'0',NULL,NULL,NULL,NULL,'REF_PKEY_NAME',NULL,'0','1','1','0','0','1','0',NULL,'{
"min_length": 0,
"max_length": 64
}',NULL,NULL,NULL,'[最大長]64バイト','[Maximum length] 64 byte',NULL,'0',_____DATE_____,1);
INSERT INTO T_COMN_MENU_COLUMN_LINK (COLUMN_DEFINITION_ID,MENU_ID,COLUMN_NAME_JA,COLUMN_NAME_EN,COLUMN_NAME_REST,COL_GROUP_ID,COLUMN_CLASS,COLUMN_DISP_SEQ,REF_TABLE_NAME,REF_PKEY_NAME,REF_COL_NAME,REF_SORT_CONDITIONS,REF_MULTI_LANG,REFERENCE_ITEM,SENSITIVE_COL_NAME,FILE_UPLOAD_PLACE,BUTTON_ACTION,COL_NAME,SAVE_TYPE,AUTO_INPUT,INPUT_ITEM,VIEW_ITEM,UNIQUE_ITEM,REQUIRED_ITEM,AUTOREG_HIDE_ITEM,AUTOREG_ONLY_ITEM,INITIAL_VALUE,VALIDATE_OPTION,VALIDATE_REG_EXP,BEFORE_VALIDATE_REGISTER,AFTER_VALIDATE_REGISTER,DESCRIPTION_JA,DESCRIPTION_EN,NOTE,DISUSE_FLAG,LAST_UPDATE_TIMESTAMP,LAST_UPDATE_USER) VALUES('1020411','10204','ID連携項目名','ID link column name','id_link_column_name',NULL,'1',110,NULL,NULL,NULL,NULL,'0',NULL,NULL,NULL,NULL,'REF_COL_NAME',NULL,'0','1','1','0','0','1','0',NULL,'{
"min_length": 0,
"max_length": 64
}',NULL,NULL,NULL,'[最大長]64バイト','[Maximum length] 64 byte',NULL,'0',_____DATE_____,1);
INSERT INTO T_COMN_MENU_COLUMN_LINK_JNL (JOURNAL_SEQ_NO,JOURNAL_REG_DATETIME,JOURNAL_ACTION_CLASS,COLUMN_DEFINITION_ID,MENU_ID,COLUMN_NAME_JA,COLUMN_NAME_EN,COLUMN_NAME_REST,COL_GROUP_ID,COLUMN_CLASS,COLUMN_DISP_SEQ,REF_TABLE_NAME,REF_PKEY_NAME,REF_COL_NAME,REF_SORT_CONDITIONS,REF_MULTI_LANG,REFERENCE_ITEM,SENSITIVE_COL_NAME,FILE_UPLOAD_PLACE,BUTTON_ACTION,COL_NAME,SAVE_TYPE,AUTO_INPUT,INPUT_ITEM,VIEW_ITEM,UNIQUE_ITEM,REQUIRED_ITEM,AUTOREG_HIDE_ITEM,AUTOREG_ONLY_ITEM,INITIAL_VALUE,VALIDATE_OPTION,VALIDATE_REG_EXP,BEFORE_VALIDATE_REGISTER,AFTER_VALIDATE_REGISTER,DESCRIPTION_JA,DESCRIPTION_EN,NOTE,DISUSE_FLAG,LAST_UPDATE_TIMESTAMP,LAST_UPDATE_USER) VALUES(1020411,_____DATE_____,'INSERT','1020411','10204','ID連携項目名','ID link column name','id_link_column_name',NULL,'1',110,NULL,NULL,NULL,NULL,'0',NULL,NULL,NULL,NULL,'REF_COL_NAME',NULL,'0','1','1','0','0','1','0',NULL,'{
"min_length": 0,
"max_length": 64
}',NULL,NULL,NULL,'[最大長]64バイト','[Maximum length] 64 byte',NULL,'0',_____DATE_____,1);
INSERT INTO T_COMN_MENU_COLUMN_LINK (COLUMN_DEFINITION_ID,MENU_ID,COLUMN_NAME_JA,COLUMN_NAME_EN,COLUMN_NAME_REST,COL_GROUP_ID,COLUMN_CLASS,COLUMN_DISP_SEQ,REF_TABLE_NAME,REF_PKEY_NAME,REF_COL_NAME,REF_SORT_CONDITIONS,REF_MULTI_LANG,REFERENCE_ITEM,SENSITIVE_COL_NAME,FILE_UPLOAD_PLACE,BUTTON_ACTION,COL_NAME,SAVE_TYPE,AUTO_INPUT,INPUT_ITEM,VIEW_ITEM,UNIQUE_ITEM,REQUIRED_ITEM,AUTOREG_HIDE_ITEM,AUTOREG_ONLY_ITEM,INITIAL_VALUE,VALIDATE_OPTION,VALIDATE_REG_EXP,BEFORE_VALIDATE_REGISTER,AFTER_VALIDATE_REGISTER,DESCRIPTION_JA,DESCRIPTION_EN,NOTE,DISUSE_FLAG,LAST_UPDATE_TIMESTAMP,LAST_UPDATE_USER) VALUES('1020412','10204','ID連携ソート条件','ID link sort condition','id_link_sort_condition',NULL,'2',120,NULL,NULL,NULL,NULL,'0',NULL,NULL,NULL,NULL,'REF_SORT_CONDITIONS',NULL,'0','1','1','0','0','1','0',NULL,'{
"min_length": 0,
"max_length": 4000
}',NULL,NULL,NULL,'[最大長]4000バイト','[Maximum length] 4000 byte',NULL,'0',_____DATE_____,1);
INSERT INTO T_COMN_MENU_COLUMN_LINK_JNL (JOURNAL_SEQ_NO,JOURNAL_REG_DATETIME,JOURNAL_ACTION_CLASS,COLUMN_DEFINITION_ID,MENU_ID,COLUMN_NAME_JA,COLUMN_NAME_EN,COLUMN_NAME_REST,COL_GROUP_ID,COLUMN_CLASS,COLUMN_DISP_SEQ,REF_TABLE_NAME,REF_PKEY_NAME,REF_COL_NAME,REF_SORT_CONDITIONS,REF_MULTI_LANG,REFERENCE_ITEM,SENSITIVE_COL_NAME,FILE_UPLOAD_PLACE,BUTTON_ACTION,COL_NAME,SAVE_TYPE,AUTO_INPUT,INPUT_ITEM,VIEW_ITEM,UNIQUE_ITEM,REQUIRED_ITEM,AUTOREG_HIDE_ITEM,AUTOREG_ONLY_ITEM,INITIAL_VALUE,VALIDATE_OPTION,VALIDATE_REG_EXP,BEFORE_VALIDATE_REGISTER,AFTER_VALIDATE_REGISTER,DESCRIPTION_JA,DESCRIPTION_EN,NOTE,DISUSE_FLAG,LAST_UPDATE_TIMESTAMP,LAST_UPDATE_USER) VALUES(1020412,_____DATE_____,'INSERT','1020412','10204','ID連携ソート条件','ID link sort condition','id_link_sort_condition',NULL,'2',120,NULL,NULL,NULL,NULL,'0',NULL,NULL,NULL,NULL,'REF_SORT_CONDITIONS',NULL,'0','1','1','0','0','1','0',NULL,'{
"min_length": 0,
"max_length": 4000
}',NULL,NULL,NULL,'[最大長]4000バイト','[Maximum length] 4000 byte',NULL,'0',_____DATE_____,1);
INSERT INTO T_COMN_MENU_COLUMN_LINK (COLUMN_DEFINITION_ID,MENU_ID,COLUMN_NAME_JA,COLUMN_NAME_EN,COLUMN_NAME_REST,COL_GROUP_ID,COLUMN_CLASS,COLUMN_DISP_SEQ,REF_TABLE_NAME,REF_PKEY_NAME,REF_COL_NAME,REF_SORT_CONDITIONS,REF_MULTI_LANG,REFERENCE_ITEM,SENSITIVE_COL_NAME,FILE_UPLOAD_PLACE,BUTTON_ACTION,COL_NAME,SAVE_TYPE,AUTO_INPUT,INPUT_ITEM,VIEW_ITEM,UNIQUE_ITEM,REQUIRED_ITEM,AUTOREG_HIDE_ITEM,AUTOREG_ONLY_ITEM,INITIAL_VALUE,VALIDATE_OPTION,VALIDATE_REG_EXP,BEFORE_VALIDATE_REGISTER,AFTER_VALIDATE_REGISTER,DESCRIPTION_JA,DESCRIPTION_EN,NOTE,DISUSE_FLAG,LAST_UPDATE_TIMESTAMP,LAST_UPDATE_USER) VALUES('1020413','10204','ID連携多言語対応有無','ID link Multilingual support','id_link_multilingual_support',NULL,'7',130,'T_COMN_BOOLEAN_FLAG','FLAG_ID','FLAG_NAME',NULL,'0',NULL,NULL,NULL,NULL,'REF_MULTI_LANG',NULL,'0','1','1','0','0','1','0',NULL,NULL,NULL,NULL,NULL,'プルダウン選択 必須項目
True: はい
False: いいえ
','Pull-down selection  required item
True: yes
False: no',NULL,'0',_____DATE_____,1);
INSERT INTO T_COMN_MENU_COLUMN_LINK_JNL (JOURNAL_SEQ_NO,JOURNAL_REG_DATETIME,JOURNAL_ACTION_CLASS,COLUMN_DEFINITION_ID,MENU_ID,COLUMN_NAME_JA,COLUMN_NAME_EN,COLUMN_NAME_REST,COL_GROUP_ID,COLUMN_CLASS,COLUMN_DISP_SEQ,REF_TABLE_NAME,REF_PKEY_NAME,REF_COL_NAME,REF_SORT_CONDITIONS,REF_MULTI_LANG,REFERENCE_ITEM,SENSITIVE_COL_NAME,FILE_UPLOAD_PLACE,BUTTON_ACTION,COL_NAME,SAVE_TYPE,AUTO_INPUT,INPUT_ITEM,VIEW_ITEM,UNIQUE_ITEM,REQUIRED_ITEM,AUTOREG_HIDE_ITEM,AUTOREG_ONLY_ITEM,INITIAL_VALUE,VALIDATE_OPTION,VALIDATE_REG_EXP,BEFORE_VALIDATE_REGISTER,AFTER_VALIDATE_REGISTER,DESCRIPTION_JA,DESCRIPTION_EN,NOTE,DISUSE_FLAG,LAST_UPDATE_TIMESTAMP,LAST_UPDATE_USER) VALUES(1020413,_____DATE_____,'INSERT','1020413','10204','ID連携多言語対応有無','ID link Multilingual support','id_link_multilingual_support',NULL,'7',130,'T_COMN_BOOLEAN_FLAG','FLAG_ID','FLAG_NAME',NULL,'0',NULL,NULL,NULL,NULL,'REF_MULTI_LANG',NULL,'0','1','1','0','0','1','0',NULL,NULL,NULL,NULL,NULL,'プルダウン選択 必須項目
True: はい
False: いいえ
','Pull-down selection  required item
True: yes
False: no',NULL,'0',_____DATE_____,1);
INSERT INTO T_COMN_MENU_COLUMN_LINK (COLUMN_DEFINITION_ID,MENU_ID,COLUMN_NAME_JA,COLUMN_NAME_EN,COLUMN_NAME_REST,COL_GROUP_ID,COLUMN_CLASS,COLUMN_DISP_SEQ,REF_TABLE_NAME,REF_PKEY_NAME,REF_COL_NAME,REF_SORT_CONDITIONS,REF_MULTI_LANG,REFERENCE_ITEM,SENSITIVE_COL_NAME,FILE_UPLOAD_PLACE,BUTTON_ACTION,COL_NAME,SAVE_TYPE,AUTO_INPUT,INPUT_ITEM,VIEW_ITEM,UNIQUE_ITEM,REQUIRED_ITEM,AUTOREG_HIDE_ITEM,AUTOREG_ONLY_ITEM,INITIAL_VALUE,VALIDATE_OPTION,VALIDATE_REG_EXP,BEFORE_VALIDATE_REGISTER,AFTER_VALIDATE_REGISTER,DESCRIPTION_JA,DESCRIPTION_EN,NOTE,DISUSE_FLAG,LAST_UPDATE_TIMESTAMP,LAST_UPDATE_USER) VALUES('1020414','10204','参照項目','Reference item','reference_item',NULL,'1',140,NULL,NULL,NULL,NULL,'0',NULL,NULL,NULL,NULL,'REFERENCE_ITEM',NULL,'0','1','1','0','0','1','0',NULL,'{
"min_length": 0,
"max_length": 4000
}',NULL,NULL,NULL,'[最大長]4000バイト','[Maximum length] 4000 byte',NULL,'0',_____DATE_____,1);
INSERT INTO T_COMN_MENU_COLUMN_LINK_JNL (JOURNAL_SEQ_NO,JOURNAL_REG_DATETIME,JOURNAL_ACTION_CLASS,COLUMN_DEFINITION_ID,MENU_ID,COLUMN_NAME_JA,COLUMN_NAME_EN,COLUMN_NAME_REST,COL_GROUP_ID,COLUMN_CLASS,COLUMN_DISP_SEQ,REF_TABLE_NAME,REF_PKEY_NAME,REF_COL_NAME,REF_SORT_CONDITIONS,REF_MULTI_LANG,REFERENCE_ITEM,SENSITIVE_COL_NAME,FILE_UPLOAD_PLACE,BUTTON_ACTION,COL_NAME,SAVE_TYPE,AUTO_INPUT,INPUT_ITEM,VIEW_ITEM,UNIQUE_ITEM,REQUIRED_ITEM,AUTOREG_HIDE_ITEM,AUTOREG_ONLY_ITEM,INITIAL_VALUE,VALIDATE_OPTION,VALIDATE_REG_EXP,BEFORE_VALIDATE_REGISTER,AFTER_VALIDATE_REGISTER,DESCRIPTION_JA,DESCRIPTION_EN,NOTE,DISUSE_FLAG,LAST_UPDATE_TIMESTAMP,LAST_UPDATE_USER) VALUES(1020414,_____DATE_____,'INSERT','1020414','10204','参照項目','Reference item','reference_item',NULL,'1',140,NULL,NULL,NULL,NULL,'0',NULL,NULL,NULL,NULL,'REFERENCE_ITEM',NULL,'0','1','1','0','0','1','0',NULL,'{
"min_length": 0,
"max_length": 4000
}',NULL,NULL,NULL,'[最大長]4000バイト','[Maximum length] 4000 byte',NULL,'0',_____DATE_____,1);
INSERT INTO T_COMN_MENU_COLUMN_LINK (COLUMN_DEFINITION_ID,MENU_ID,COLUMN_NAME_JA,COLUMN_NAME_EN,COLUMN_NAME_REST,COL_GROUP_ID,COLUMN_CLASS,COLUMN_DISP_SEQ,REF_TABLE_NAME,REF_PKEY_NAME,REF_COL_NAME,REF_SORT_CONDITIONS,REF_MULTI_LANG,REFERENCE_ITEM,SENSITIVE_COL_NAME,FILE_UPLOAD_PLACE,BUTTON_ACTION,COL_NAME,SAVE_TYPE,AUTO_INPUT,INPUT_ITEM,VIEW_ITEM,UNIQUE_ITEM,REQUIRED_ITEM,AUTOREG_HIDE_ITEM,AUTOREG_ONLY_ITEM,INITIAL_VALUE,VALIDATE_OPTION,VALIDATE_REG_EXP,BEFORE_VALIDATE_REGISTER,AFTER_VALIDATE_REGISTER,DESCRIPTION_JA,DESCRIPTION_EN,NOTE,DISUSE_FLAG,LAST_UPDATE_TIMESTAMP,LAST_UPDATE_USER) VALUES('1020415','10204','Sensitive設定用カラム名','Sensitive coloumn name','sensitive_coloumn_name',NULL,'1',150,NULL,NULL,NULL,NULL,'0',NULL,NULL,NULL,NULL,'SENSITIVE_COL_NAME',NULL,'0','1','1','0','1','1','0',NULL,'{
"min_length": 0,
"max_length": 64
}',NULL,NULL,NULL,'[最大長]64バイト','[Maximum length] 64 byte',NULL,'0',_____DATE_____,1);
INSERT INTO T_COMN_MENU_COLUMN_LINK_JNL (JOURNAL_SEQ_NO,JOURNAL_REG_DATETIME,JOURNAL_ACTION_CLASS,COLUMN_DEFINITION_ID,MENU_ID,COLUMN_NAME_JA,COLUMN_NAME_EN,COLUMN_NAME_REST,COL_GROUP_ID,COLUMN_CLASS,COLUMN_DISP_SEQ,REF_TABLE_NAME,REF_PKEY_NAME,REF_COL_NAME,REF_SORT_CONDITIONS,REF_MULTI_LANG,REFERENCE_ITEM,SENSITIVE_COL_NAME,FILE_UPLOAD_PLACE,BUTTON_ACTION,COL_NAME,SAVE_TYPE,AUTO_INPUT,INPUT_ITEM,VIEW_ITEM,UNIQUE_ITEM,REQUIRED_ITEM,AUTOREG_HIDE_ITEM,AUTOREG_ONLY_ITEM,INITIAL_VALUE,VALIDATE_OPTION,VALIDATE_REG_EXP,BEFORE_VALIDATE_REGISTER,AFTER_VALIDATE_REGISTER,DESCRIPTION_JA,DESCRIPTION_EN,NOTE,DISUSE_FLAG,LAST_UPDATE_TIMESTAMP,LAST_UPDATE_USER) VALUES(1020415,_____DATE_____,'INSERT','1020415','10204','Sensitive設定用カラム名','Sensitive coloumn name','sensitive_coloumn_name',NULL,'1',150,NULL,NULL,NULL,NULL,'0',NULL,NULL,NULL,NULL,'SENSITIVE_COL_NAME',NULL,'0','1','1','0','1','1','0',NULL,'{
"min_length": 0,
"max_length": 64
}',NULL,NULL,NULL,'[最大長]64バイト','[Maximum length] 64 byte',NULL,'0',_____DATE_____,1);
INSERT INTO T_COMN_MENU_COLUMN_LINK (COLUMN_DEFINITION_ID,MENU_ID,COLUMN_NAME_JA,COLUMN_NAME_EN,COLUMN_NAME_REST,COL_GROUP_ID,COLUMN_CLASS,COLUMN_DISP_SEQ,REF_TABLE_NAME,REF_PKEY_NAME,REF_COL_NAME,REF_SORT_CONDITIONS,REF_MULTI_LANG,REFERENCE_ITEM,SENSITIVE_COL_NAME,FILE_UPLOAD_PLACE,BUTTON_ACTION,COL_NAME,SAVE_TYPE,AUTO_INPUT,INPUT_ITEM,VIEW_ITEM,UNIQUE_ITEM,REQUIRED_ITEM,AUTOREG_HIDE_ITEM,AUTOREG_ONLY_ITEM,INITIAL_VALUE,VALIDATE_OPTION,VALIDATE_REG_EXP,BEFORE_VALIDATE_REGISTER,AFTER_VALIDATE_REGISTER,DESCRIPTION_JA,DESCRIPTION_EN,NOTE,DISUSE_FLAG,LAST_UPDATE_TIMESTAMP,LAST_UPDATE_USER) VALUES('1020416','10204','ファイルアップロード配置場所','File upload place','file_upload_place',NULL,'1',160,NULL,NULL,NULL,NULL,'0',NULL,NULL,NULL,NULL,'FILE_UPLOAD_PLACE',NULL,'0','1','1','0','0','1','0',NULL,'{
"min_length": 0,
"max_length": 4000
}',NULL,NULL,NULL,'[最大長]4000バイト','[Maximum length] 4000 byte',NULL,'0',_____DATE_____,1);
INSERT INTO T_COMN_MENU_COLUMN_LINK_JNL (JOURNAL_SEQ_NO,JOURNAL_REG_DATETIME,JOURNAL_ACTION_CLASS,COLUMN_DEFINITION_ID,MENU_ID,COLUMN_NAME_JA,COLUMN_NAME_EN,COLUMN_NAME_REST,COL_GROUP_ID,COLUMN_CLASS,COLUMN_DISP_SEQ,REF_TABLE_NAME,REF_PKEY_NAME,REF_COL_NAME,REF_SORT_CONDITIONS,REF_MULTI_LANG,REFERENCE_ITEM,SENSITIVE_COL_NAME,FILE_UPLOAD_PLACE,BUTTON_ACTION,COL_NAME,SAVE_TYPE,AUTO_INPUT,INPUT_ITEM,VIEW_ITEM,UNIQUE_ITEM,REQUIRED_ITEM,AUTOREG_HIDE_ITEM,AUTOREG_ONLY_ITEM,INITIAL_VALUE,VALIDATE_OPTION,VALIDATE_REG_EXP,BEFORE_VALIDATE_REGISTER,AFTER_VALIDATE_REGISTER,DESCRIPTION_JA,DESCRIPTION_EN,NOTE,DISUSE_FLAG,LAST_UPDATE_TIMESTAMP,LAST_UPDATE_USER) VALUES(1020416,_____DATE_____,'INSERT','1020416','10204','ファイルアップロード配置場所','File upload place','file_upload_place',NULL,'1',160,NULL,NULL,NULL,NULL,'0',NULL,NULL,NULL,NULL,'FILE_UPLOAD_PLACE',NULL,'0','1','1','0','0','1','0',NULL,'{
"min_length": 0,
"max_length": 4000
}',NULL,NULL,NULL,'[最大長]4000バイト','[Maximum length] 4000 byte',NULL,'0',_____DATE_____,1);
INSERT INTO T_COMN_MENU_COLUMN_LINK (COLUMN_DEFINITION_ID,MENU_ID,COLUMN_NAME_JA,COLUMN_NAME_EN,COLUMN_NAME_REST,COL_GROUP_ID,COLUMN_CLASS,COLUMN_DISP_SEQ,REF_TABLE_NAME,REF_PKEY_NAME,REF_COL_NAME,REF_SORT_CONDITIONS,REF_MULTI_LANG,REFERENCE_ITEM,SENSITIVE_COL_NAME,FILE_UPLOAD_PLACE,BUTTON_ACTION,COL_NAME,SAVE_TYPE,AUTO_INPUT,INPUT_ITEM,VIEW_ITEM,UNIQUE_ITEM,REQUIRED_ITEM,AUTOREG_HIDE_ITEM,AUTOREG_ONLY_ITEM,INITIAL_VALUE,VALIDATE_OPTION,VALIDATE_REG_EXP,BEFORE_VALIDATE_REGISTER,AFTER_VALIDATE_REGISTER,DESCRIPTION_JA,DESCRIPTION_EN,NOTE,DISUSE_FLAG,LAST_UPDATE_TIMESTAMP,LAST_UPDATE_USER) VALUES('1020417','10204','ボタンアクション','Button action','button_action',NULL,'1',170,NULL,NULL,NULL,NULL,'0',NULL,NULL,NULL,NULL,'BUTTON_ACTION',NULL,'0','1','1','0','0','1','0',NULL,'{
"min_length": 0,
"max_length": 4000
}',NULL,NULL,NULL,'[最大長]4000バイト','[Maximum length] 4000 byte',NULL,'0',_____DATE_____,1);
INSERT INTO T_COMN_MENU_COLUMN_LINK_JNL (JOURNAL_SEQ_NO,JOURNAL_REG_DATETIME,JOURNAL_ACTION_CLASS,COLUMN_DEFINITION_ID,MENU_ID,COLUMN_NAME_JA,COLUMN_NAME_EN,COLUMN_NAME_REST,COL_GROUP_ID,COLUMN_CLASS,COLUMN_DISP_SEQ,REF_TABLE_NAME,REF_PKEY_NAME,REF_COL_NAME,REF_SORT_CONDITIONS,REF_MULTI_LANG,REFERENCE_ITEM,SENSITIVE_COL_NAME,FILE_UPLOAD_PLACE,BUTTON_ACTION,COL_NAME,SAVE_TYPE,AUTO_INPUT,INPUT_ITEM,VIEW_ITEM,UNIQUE_ITEM,REQUIRED_ITEM,AUTOREG_HIDE_ITEM,AUTOREG_ONLY_ITEM,INITIAL_VALUE,VALIDATE_OPTION,VALIDATE_REG_EXP,BEFORE_VALIDATE_REGISTER,AFTER_VALIDATE_REGISTER,DESCRIPTION_JA,DESCRIPTION_EN,NOTE,DISUSE_FLAG,LAST_UPDATE_TIMESTAMP,LAST_UPDATE_USER) VALUES(1020417,_____DATE_____,'INSERT','1020417','10204','ボタンアクション','Button action','button_action',NULL,'1',170,NULL,NULL,NULL,NULL,'0',NULL,NULL,NULL,NULL,'BUTTON_ACTION',NULL,'0','1','1','0','0','1','0',NULL,'{
"min_length": 0,
"max_length": 4000
}',NULL,NULL,NULL,'[最大長]4000バイト','[Maximum length] 4000 byte',NULL,'0',_____DATE_____,1);
INSERT INTO T_COMN_MENU_COLUMN_LINK (COLUMN_DEFINITION_ID,MENU_ID,COLUMN_NAME_JA,COLUMN_NAME_EN,COLUMN_NAME_REST,COL_GROUP_ID,COLUMN_CLASS,COLUMN_DISP_SEQ,REF_TABLE_NAME,REF_PKEY_NAME,REF_COL_NAME,REF_SORT_CONDITIONS,REF_MULTI_LANG,REFERENCE_ITEM,SENSITIVE_COL_NAME,FILE_UPLOAD_PLACE,BUTTON_ACTION,COL_NAME,SAVE_TYPE,AUTO_INPUT,INPUT_ITEM,VIEW_ITEM,UNIQUE_ITEM,REQUIRED_ITEM,AUTOREG_HIDE_ITEM,AUTOREG_ONLY_ITEM,INITIAL_VALUE,VALIDATE_OPTION,VALIDATE_REG_EXP,BEFORE_VALIDATE_REGISTER,AFTER_VALIDATE_REGISTER,DESCRIPTION_JA,DESCRIPTION_EN,NOTE,DISUSE_FLAG,LAST_UPDATE_TIMESTAMP,LAST_UPDATE_USER) VALUES('1020418','10204','カラム名','Column name','column_name',NULL,'1',180,NULL,NULL,NULL,NULL,'0',NULL,NULL,NULL,NULL,'COL_NAME',NULL,'0','1','1','0','0','1','0',NULL,'{
"min_length": 0,
"max_length": 64
}',NULL,NULL,NULL,'[最大長]64バイト','[Maximum length] 64 byte',NULL,'0',_____DATE_____,1);
INSERT INTO T_COMN_MENU_COLUMN_LINK_JNL (JOURNAL_SEQ_NO,JOURNAL_REG_DATETIME,JOURNAL_ACTION_CLASS,COLUMN_DEFINITION_ID,MENU_ID,COLUMN_NAME_JA,COLUMN_NAME_EN,COLUMN_NAME_REST,COL_GROUP_ID,COLUMN_CLASS,COLUMN_DISP_SEQ,REF_TABLE_NAME,REF_PKEY_NAME,REF_COL_NAME,REF_SORT_CONDITIONS,REF_MULTI_LANG,REFERENCE_ITEM,SENSITIVE_COL_NAME,FILE_UPLOAD_PLACE,BUTTON_ACTION,COL_NAME,SAVE_TYPE,AUTO_INPUT,INPUT_ITEM,VIEW_ITEM,UNIQUE_ITEM,REQUIRED_ITEM,AUTOREG_HIDE_ITEM,AUTOREG_ONLY_ITEM,INITIAL_VALUE,VALIDATE_OPTION,VALIDATE_REG_EXP,BEFORE_VALIDATE_REGISTER,AFTER_VALIDATE_REGISTER,DESCRIPTION_JA,DESCRIPTION_EN,NOTE,DISUSE_FLAG,LAST_UPDATE_TIMESTAMP,LAST_UPDATE_USER) VALUES(1020418,_____DATE_____,'INSERT','1020418','10204','カラム名','Column name','column_name',NULL,'1',180,NULL,NULL,NULL,NULL,'0',NULL,NULL,NULL,NULL,'COL_NAME',NULL,'0','1','1','0','0','1','0',NULL,'{
"min_length": 0,
"max_length": 64
}',NULL,NULL,NULL,'[最大長]64バイト','[Maximum length] 64 byte',NULL,'0',_____DATE_____,1);
INSERT INTO T_COMN_MENU_COLUMN_LINK (COLUMN_DEFINITION_ID,MENU_ID,COLUMN_NAME_JA,COLUMN_NAME_EN,COLUMN_NAME_REST,COL_GROUP_ID,COLUMN_CLASS,COLUMN_DISP_SEQ,REF_TABLE_NAME,REF_PKEY_NAME,REF_COL_NAME,REF_SORT_CONDITIONS,REF_MULTI_LANG,REFERENCE_ITEM,SENSITIVE_COL_NAME,FILE_UPLOAD_PLACE,BUTTON_ACTION,COL_NAME,SAVE_TYPE,AUTO_INPUT,INPUT_ITEM,VIEW_ITEM,UNIQUE_ITEM,REQUIRED_ITEM,AUTOREG_HIDE_ITEM,AUTOREG_ONLY_ITEM,INITIAL_VALUE,VALIDATE_OPTION,VALIDATE_REG_EXP,BEFORE_VALIDATE_REGISTER,AFTER_VALIDATE_REGISTER,DESCRIPTION_JA,DESCRIPTION_EN,NOTE,DISUSE_FLAG,LAST_UPDATE_TIMESTAMP,LAST_UPDATE_USER) VALUES('1020419','10204','DB上の保存形式','DB storage format','db_storage_format',NULL,'1',190,NULL,NULL,NULL,NULL,'0',NULL,NULL,NULL,NULL,'SAVE_TYPE',NULL,'0','1','1','0','0','1','0',NULL,'{
"min_length": 0,
"max_length": 64
}',NULL,NULL,NULL,'[最大長]64バイト','[Maximum length] 64 byte',NULL,'0',_____DATE_____,1);
INSERT INTO T_COMN_MENU_COLUMN_LINK_JNL (JOURNAL_SEQ_NO,JOURNAL_REG_DATETIME,JOURNAL_ACTION_CLASS,COLUMN_DEFINITION_ID,MENU_ID,COLUMN_NAME_JA,COLUMN_NAME_EN,COLUMN_NAME_REST,COL_GROUP_ID,COLUMN_CLASS,COLUMN_DISP_SEQ,REF_TABLE_NAME,REF_PKEY_NAME,REF_COL_NAME,REF_SORT_CONDITIONS,REF_MULTI_LANG,REFERENCE_ITEM,SENSITIVE_COL_NAME,FILE_UPLOAD_PLACE,BUTTON_ACTION,COL_NAME,SAVE_TYPE,AUTO_INPUT,INPUT_ITEM,VIEW_ITEM,UNIQUE_ITEM,REQUIRED_ITEM,AUTOREG_HIDE_ITEM,AUTOREG_ONLY_ITEM,INITIAL_VALUE,VALIDATE_OPTION,VALIDATE_REG_EXP,BEFORE_VALIDATE_REGISTER,AFTER_VALIDATE_REGISTER,DESCRIPTION_JA,DESCRIPTION_EN,NOTE,DISUSE_FLAG,LAST_UPDATE_TIMESTAMP,LAST_UPDATE_USER) VALUES(1020419,_____DATE_____,'INSERT','1020419','10204','DB上の保存形式','DB storage format','db_storage_format',NULL,'1',190,NULL,NULL,NULL,NULL,'0',NULL,NULL,NULL,NULL,'SAVE_TYPE',NULL,'0','1','1','0','0','1','0',NULL,'{
"min_length": 0,
"max_length": 64
}',NULL,NULL,NULL,'[最大長]64バイト','[Maximum length] 64 byte',NULL,'0',_____DATE_____,1);
INSERT INTO T_COMN_MENU_COLUMN_LINK (COLUMN_DEFINITION_ID,MENU_ID,COLUMN_NAME_JA,COLUMN_NAME_EN,COLUMN_NAME_REST,COL_GROUP_ID,COLUMN_CLASS,COLUMN_DISP_SEQ,REF_TABLE_NAME,REF_PKEY_NAME,REF_COL_NAME,REF_SORT_CONDITIONS,REF_MULTI_LANG,REFERENCE_ITEM,SENSITIVE_COL_NAME,FILE_UPLOAD_PLACE,BUTTON_ACTION,COL_NAME,SAVE_TYPE,AUTO_INPUT,INPUT_ITEM,VIEW_ITEM,UNIQUE_ITEM,REQUIRED_ITEM,AUTOREG_HIDE_ITEM,AUTOREG_ONLY_ITEM,INITIAL_VALUE,VALIDATE_OPTION,VALIDATE_REG_EXP,BEFORE_VALIDATE_REGISTER,AFTER_VALIDATE_REGISTER,DESCRIPTION_JA,DESCRIPTION_EN,NOTE,DISUSE_FLAG,LAST_UPDATE_TIMESTAMP,LAST_UPDATE_USER) VALUES('1020420','10204','自動入力フラグ','
Automatic input flag','automatic_input_flag',NULL,'7',200,'T_COMN_BOOLEAN_FLAG','FLAG_ID','FLAG_NAME',NULL,'0',NULL,NULL,NULL,NULL,'AUTO_INPUT',NULL,'0','1','1','0','1','1','0',NULL,NULL,NULL,NULL,NULL,'プルダウン選択 必須項目
True: はい
False: いいえ
','Pull-down selection  required item
True: yes
False: no',NULL,'0',_____DATE_____,1);
INSERT INTO T_COMN_MENU_COLUMN_LINK_JNL (JOURNAL_SEQ_NO,JOURNAL_REG_DATETIME,JOURNAL_ACTION_CLASS,COLUMN_DEFINITION_ID,MENU_ID,COLUMN_NAME_JA,COLUMN_NAME_EN,COLUMN_NAME_REST,COL_GROUP_ID,COLUMN_CLASS,COLUMN_DISP_SEQ,REF_TABLE_NAME,REF_PKEY_NAME,REF_COL_NAME,REF_SORT_CONDITIONS,REF_MULTI_LANG,REFERENCE_ITEM,SENSITIVE_COL_NAME,FILE_UPLOAD_PLACE,BUTTON_ACTION,COL_NAME,SAVE_TYPE,AUTO_INPUT,INPUT_ITEM,VIEW_ITEM,UNIQUE_ITEM,REQUIRED_ITEM,AUTOREG_HIDE_ITEM,AUTOREG_ONLY_ITEM,INITIAL_VALUE,VALIDATE_OPTION,VALIDATE_REG_EXP,BEFORE_VALIDATE_REGISTER,AFTER_VALIDATE_REGISTER,DESCRIPTION_JA,DESCRIPTION_EN,NOTE,DISUSE_FLAG,LAST_UPDATE_TIMESTAMP,LAST_UPDATE_USER) VALUES(1020420,_____DATE_____,'INSERT','1020420','10204','自動入力フラグ','
Automatic input flag','automatic_input_flag',NULL,'7',200,'T_COMN_BOOLEAN_FLAG','FLAG_ID','FLAG_NAME',NULL,'0',NULL,NULL,NULL,NULL,'AUTO_INPUT',NULL,'0','1','1','0','1','1','0',NULL,NULL,NULL,NULL,NULL,'プルダウン選択 必須項目
True: はい
False: いいえ
','Pull-down selection  required item
True: yes
False: no',NULL,'0',_____DATE_____,1);
INSERT INTO T_COMN_MENU_COLUMN_LINK (COLUMN_DEFINITION_ID,MENU_ID,COLUMN_NAME_JA,COLUMN_NAME_EN,COLUMN_NAME_REST,COL_GROUP_ID,COLUMN_CLASS,COLUMN_DISP_SEQ,REF_TABLE_NAME,REF_PKEY_NAME,REF_COL_NAME,REF_SORT_CONDITIONS,REF_MULTI_LANG,REFERENCE_ITEM,SENSITIVE_COL_NAME,FILE_UPLOAD_PLACE,BUTTON_ACTION,COL_NAME,SAVE_TYPE,AUTO_INPUT,INPUT_ITEM,VIEW_ITEM,UNIQUE_ITEM,REQUIRED_ITEM,AUTOREG_HIDE_ITEM,AUTOREG_ONLY_ITEM,INITIAL_VALUE,VALIDATE_OPTION,VALIDATE_REG_EXP,BEFORE_VALIDATE_REGISTER,AFTER_VALIDATE_REGISTER,DESCRIPTION_JA,DESCRIPTION_EN,NOTE,DISUSE_FLAG,LAST_UPDATE_TIMESTAMP,LAST_UPDATE_USER) VALUES('1020421','10204','入力対象フラグ','input target flag','input_target_flag',NULL,'7',210,'T_COMN_BOOLEAN_FLAG','FLAG_ID','FLAG_NAME',NULL,'0',NULL,NULL,NULL,NULL,'INPUT_ITEM',NULL,'0','1','1','0','1','1','0',NULL,NULL,NULL,NULL,NULL,'プルダウン選択 必須項目
True: はい
False: いいえ
','Pull-down selection  required item
True: yes
False: no',NULL,'0',_____DATE_____,1);
INSERT INTO T_COMN_MENU_COLUMN_LINK_JNL (JOURNAL_SEQ_NO,JOURNAL_REG_DATETIME,JOURNAL_ACTION_CLASS,COLUMN_DEFINITION_ID,MENU_ID,COLUMN_NAME_JA,COLUMN_NAME_EN,COLUMN_NAME_REST,COL_GROUP_ID,COLUMN_CLASS,COLUMN_DISP_SEQ,REF_TABLE_NAME,REF_PKEY_NAME,REF_COL_NAME,REF_SORT_CONDITIONS,REF_MULTI_LANG,REFERENCE_ITEM,SENSITIVE_COL_NAME,FILE_UPLOAD_PLACE,BUTTON_ACTION,COL_NAME,SAVE_TYPE,AUTO_INPUT,INPUT_ITEM,VIEW_ITEM,UNIQUE_ITEM,REQUIRED_ITEM,AUTOREG_HIDE_ITEM,AUTOREG_ONLY_ITEM,INITIAL_VALUE,VALIDATE_OPTION,VALIDATE_REG_EXP,BEFORE_VALIDATE_REGISTER,AFTER_VALIDATE_REGISTER,DESCRIPTION_JA,DESCRIPTION_EN,NOTE,DISUSE_FLAG,LAST_UPDATE_TIMESTAMP,LAST_UPDATE_USER) VALUES(1020421,_____DATE_____,'INSERT','1020421','10204','入力対象フラグ','input target flag','input_target_flag',NULL,'7',210,'T_COMN_BOOLEAN_FLAG','FLAG_ID','FLAG_NAME',NULL,'0',NULL,NULL,NULL,NULL,'INPUT_ITEM',NULL,'0','1','1','0','1','1','0',NULL,NULL,NULL,NULL,NULL,'プルダウン選択 必須項目
True: はい
False: いいえ
','Pull-down selection  required item
True: yes
False: no',NULL,'0',_____DATE_____,1);
INSERT INTO T_COMN_MENU_COLUMN_LINK (COLUMN_DEFINITION_ID,MENU_ID,COLUMN_NAME_JA,COLUMN_NAME_EN,COLUMN_NAME_REST,COL_GROUP_ID,COLUMN_CLASS,COLUMN_DISP_SEQ,REF_TABLE_NAME,REF_PKEY_NAME,REF_COL_NAME,REF_SORT_CONDITIONS,REF_MULTI_LANG,REFERENCE_ITEM,SENSITIVE_COL_NAME,FILE_UPLOAD_PLACE,BUTTON_ACTION,COL_NAME,SAVE_TYPE,AUTO_INPUT,INPUT_ITEM,VIEW_ITEM,UNIQUE_ITEM,REQUIRED_ITEM,AUTOREG_HIDE_ITEM,AUTOREG_ONLY_ITEM,INITIAL_VALUE,VALIDATE_OPTION,VALIDATE_REG_EXP,BEFORE_VALIDATE_REGISTER,AFTER_VALIDATE_REGISTER,DESCRIPTION_JA,DESCRIPTION_EN,NOTE,DISUSE_FLAG,LAST_UPDATE_TIMESTAMP,LAST_UPDATE_USER) VALUES('1020422','10204','出力対象フラグ','Output target flag','output_target_flag',NULL,'7',220,'T_COMN_BOOLEAN_FLAG','FLAG_ID','FLAG_NAME',NULL,'0',NULL,NULL,NULL,NULL,'VIEW_ITEM',NULL,'0','1','1','0','1','1','0',NULL,NULL,NULL,NULL,NULL,'プルダウン選択 必須項目
True: はい
False: いいえ
','Pull-down selection  required item
True: yes
False: no',NULL,'0',_____DATE_____,1);
INSERT INTO T_COMN_MENU_COLUMN_LINK_JNL (JOURNAL_SEQ_NO,JOURNAL_REG_DATETIME,JOURNAL_ACTION_CLASS,COLUMN_DEFINITION_ID,MENU_ID,COLUMN_NAME_JA,COLUMN_NAME_EN,COLUMN_NAME_REST,COL_GROUP_ID,COLUMN_CLASS,COLUMN_DISP_SEQ,REF_TABLE_NAME,REF_PKEY_NAME,REF_COL_NAME,REF_SORT_CONDITIONS,REF_MULTI_LANG,REFERENCE_ITEM,SENSITIVE_COL_NAME,FILE_UPLOAD_PLACE,BUTTON_ACTION,COL_NAME,SAVE_TYPE,AUTO_INPUT,INPUT_ITEM,VIEW_ITEM,UNIQUE_ITEM,REQUIRED_ITEM,AUTOREG_HIDE_ITEM,AUTOREG_ONLY_ITEM,INITIAL_VALUE,VALIDATE_OPTION,VALIDATE_REG_EXP,BEFORE_VALIDATE_REGISTER,AFTER_VALIDATE_REGISTER,DESCRIPTION_JA,DESCRIPTION_EN,NOTE,DISUSE_FLAG,LAST_UPDATE_TIMESTAMP,LAST_UPDATE_USER) VALUES(1020422,_____DATE_____,'INSERT','1020422','10204','出力対象フラグ','Output target flag','output_target_flag',NULL,'7',220,'T_COMN_BOOLEAN_FLAG','FLAG_ID','FLAG_NAME',NULL,'0',NULL,NULL,NULL,NULL,'VIEW_ITEM',NULL,'0','1','1','0','1','1','0',NULL,NULL,NULL,NULL,NULL,'プルダウン選択 必須項目
True: はい
False: いいえ
','Pull-down selection  required item
True: yes
False: no',NULL,'0',_____DATE_____,1);
INSERT INTO T_COMN_MENU_COLUMN_LINK (COLUMN_DEFINITION_ID,MENU_ID,COLUMN_NAME_JA,COLUMN_NAME_EN,COLUMN_NAME_REST,COL_GROUP_ID,COLUMN_CLASS,COLUMN_DISP_SEQ,REF_TABLE_NAME,REF_PKEY_NAME,REF_COL_NAME,REF_SORT_CONDITIONS,REF_MULTI_LANG,REFERENCE_ITEM,SENSITIVE_COL_NAME,FILE_UPLOAD_PLACE,BUTTON_ACTION,COL_NAME,SAVE_TYPE,AUTO_INPUT,INPUT_ITEM,VIEW_ITEM,UNIQUE_ITEM,REQUIRED_ITEM,AUTOREG_HIDE_ITEM,AUTOREG_ONLY_ITEM,INITIAL_VALUE,VALIDATE_OPTION,VALIDATE_REG_EXP,BEFORE_VALIDATE_REGISTER,AFTER_VALIDATE_REGISTER,DESCRIPTION_JA,DESCRIPTION_EN,NOTE,DISUSE_FLAG,LAST_UPDATE_TIMESTAMP,LAST_UPDATE_USER) VALUES('1020423','10204','必須入力フラグ','Required input flag','required_input_flag',NULL,'7',230,'T_COMN_BOOLEAN_FLAG','FLAG_ID','FLAG_NAME',NULL,'0',NULL,NULL,NULL,NULL,'REQUIRED_ITEM',NULL,'0','1','1','0','1','1','0',NULL,NULL,NULL,NULL,NULL,'プルダウン選択 必須項目
True: はい
False: いいえ
','Pull-down selection  required item
True: yes
False: no',NULL,'0',_____DATE_____,1);
INSERT INTO T_COMN_MENU_COLUMN_LINK_JNL (JOURNAL_SEQ_NO,JOURNAL_REG_DATETIME,JOURNAL_ACTION_CLASS,COLUMN_DEFINITION_ID,MENU_ID,COLUMN_NAME_JA,COLUMN_NAME_EN,COLUMN_NAME_REST,COL_GROUP_ID,COLUMN_CLASS,COLUMN_DISP_SEQ,REF_TABLE_NAME,REF_PKEY_NAME,REF_COL_NAME,REF_SORT_CONDITIONS,REF_MULTI_LANG,REFERENCE_ITEM,SENSITIVE_COL_NAME,FILE_UPLOAD_PLACE,BUTTON_ACTION,COL_NAME,SAVE_TYPE,AUTO_INPUT,INPUT_ITEM,VIEW_ITEM,UNIQUE_ITEM,REQUIRED_ITEM,AUTOREG_HIDE_ITEM,AUTOREG_ONLY_ITEM,INITIAL_VALUE,VALIDATE_OPTION,VALIDATE_REG_EXP,BEFORE_VALIDATE_REGISTER,AFTER_VALIDATE_REGISTER,DESCRIPTION_JA,DESCRIPTION_EN,NOTE,DISUSE_FLAG,LAST_UPDATE_TIMESTAMP,LAST_UPDATE_USER) VALUES(1020423,_____DATE_____,'INSERT','1020423','10204','必須入力フラグ','Required input flag','required_input_flag',NULL,'7',230,'T_COMN_BOOLEAN_FLAG','FLAG_ID','FLAG_NAME',NULL,'0',NULL,NULL,NULL,NULL,'REQUIRED_ITEM',NULL,'0','1','1','0','1','1','0',NULL,NULL,NULL,NULL,NULL,'プルダウン選択 必須項目
True: はい
False: いいえ
','Pull-down selection  required item
True: yes
False: no',NULL,'0',_____DATE_____,1);
INSERT INTO T_COMN_MENU_COLUMN_LINK (COLUMN_DEFINITION_ID,MENU_ID,COLUMN_NAME_JA,COLUMN_NAME_EN,COLUMN_NAME_REST,COL_GROUP_ID,COLUMN_CLASS,COLUMN_DISP_SEQ,REF_TABLE_NAME,REF_PKEY_NAME,REF_COL_NAME,REF_SORT_CONDITIONS,REF_MULTI_LANG,REFERENCE_ITEM,SENSITIVE_COL_NAME,FILE_UPLOAD_PLACE,BUTTON_ACTION,COL_NAME,SAVE_TYPE,AUTO_INPUT,INPUT_ITEM,VIEW_ITEM,UNIQUE_ITEM,REQUIRED_ITEM,AUTOREG_HIDE_ITEM,AUTOREG_ONLY_ITEM,INITIAL_VALUE,VALIDATE_OPTION,VALIDATE_REG_EXP,BEFORE_VALIDATE_REGISTER,AFTER_VALIDATE_REGISTER,DESCRIPTION_JA,DESCRIPTION_EN,NOTE,DISUSE_FLAG,LAST_UPDATE_TIMESTAMP,LAST_UPDATE_USER) VALUES('1020424','10204','一意制約フラグ','Unique constraints flag','unique_constraints_flag',NULL,'7',240,'T_COMN_BOOLEAN_FLAG','FLAG_ID','FLAG_NAME',NULL,'0',NULL,NULL,NULL,NULL,'UNIQUE_ITEM',NULL,'0','1','1','0','1','1','0',NULL,NULL,NULL,NULL,NULL,'プルダウン選択 必須項目
True: はい
False: いいえ
','Pull-down selection  required item
True: yes
False: no',NULL,'0',_____DATE_____,1);
INSERT INTO T_COMN_MENU_COLUMN_LINK_JNL (JOURNAL_SEQ_NO,JOURNAL_REG_DATETIME,JOURNAL_ACTION_CLASS,COLUMN_DEFINITION_ID,MENU_ID,COLUMN_NAME_JA,COLUMN_NAME_EN,COLUMN_NAME_REST,COL_GROUP_ID,COLUMN_CLASS,COLUMN_DISP_SEQ,REF_TABLE_NAME,REF_PKEY_NAME,REF_COL_NAME,REF_SORT_CONDITIONS,REF_MULTI_LANG,REFERENCE_ITEM,SENSITIVE_COL_NAME,FILE_UPLOAD_PLACE,BUTTON_ACTION,COL_NAME,SAVE_TYPE,AUTO_INPUT,INPUT_ITEM,VIEW_ITEM,UNIQUE_ITEM,REQUIRED_ITEM,AUTOREG_HIDE_ITEM,AUTOREG_ONLY_ITEM,INITIAL_VALUE,VALIDATE_OPTION,VALIDATE_REG_EXP,BEFORE_VALIDATE_REGISTER,AFTER_VALIDATE_REGISTER,DESCRIPTION_JA,DESCRIPTION_EN,NOTE,DISUSE_FLAG,LAST_UPDATE_TIMESTAMP,LAST_UPDATE_USER) VALUES(1020424,_____DATE_____,'INSERT','1020424','10204','一意制約フラグ','Unique constraints flag','unique_constraints_flag',NULL,'7',240,'T_COMN_BOOLEAN_FLAG','FLAG_ID','FLAG_NAME',NULL,'0',NULL,NULL,NULL,NULL,'UNIQUE_ITEM',NULL,'0','1','1','0','1','1','0',NULL,NULL,NULL,NULL,NULL,'プルダウン選択 必須項目
True: はい
False: いいえ
','Pull-down selection  required item
True: yes
False: no',NULL,'0',_____DATE_____,1);
INSERT INTO T_COMN_MENU_COLUMN_LINK (COLUMN_DEFINITION_ID,MENU_ID,COLUMN_NAME_JA,COLUMN_NAME_EN,COLUMN_NAME_REST,COL_GROUP_ID,COLUMN_CLASS,COLUMN_DISP_SEQ,REF_TABLE_NAME,REF_PKEY_NAME,REF_COL_NAME,REF_SORT_CONDITIONS,REF_MULTI_LANG,REFERENCE_ITEM,SENSITIVE_COL_NAME,FILE_UPLOAD_PLACE,BUTTON_ACTION,COL_NAME,SAVE_TYPE,AUTO_INPUT,INPUT_ITEM,VIEW_ITEM,UNIQUE_ITEM,REQUIRED_ITEM,AUTOREG_HIDE_ITEM,AUTOREG_ONLY_ITEM,INITIAL_VALUE,VALIDATE_OPTION,VALIDATE_REG_EXP,BEFORE_VALIDATE_REGISTER,AFTER_VALIDATE_REGISTER,DESCRIPTION_JA,DESCRIPTION_EN,NOTE,DISUSE_FLAG,LAST_UPDATE_TIMESTAMP,LAST_UPDATE_USER) VALUES('1020425','10204','選択対象外フラグ','Auto register hide item','auto_reg_hide_item',NULL,'7',250,'T_COMN_BOOLEAN_FLAG','FLAG_ID','FLAG_NAME',NULL,'0',NULL,NULL,NULL,NULL,'AUTOREG_HIDE_ITEM',NULL,'0','1','1','0','1','1','0',NULL,NULL,NULL,NULL,NULL,'プルダウン選択 必須項目
True: はい
False: いいえ
','Pull-down selection  required item
True: yes
False: no',NULL,'0',_____DATE_____,1);
INSERT INTO T_COMN_MENU_COLUMN_LINK_JNL (JOURNAL_SEQ_NO,JOURNAL_REG_DATETIME,JOURNAL_ACTION_CLASS,COLUMN_DEFINITION_ID,MENU_ID,COLUMN_NAME_JA,COLUMN_NAME_EN,COLUMN_NAME_REST,COL_GROUP_ID,COLUMN_CLASS,COLUMN_DISP_SEQ,REF_TABLE_NAME,REF_PKEY_NAME,REF_COL_NAME,REF_SORT_CONDITIONS,REF_MULTI_LANG,REFERENCE_ITEM,SENSITIVE_COL_NAME,FILE_UPLOAD_PLACE,BUTTON_ACTION,COL_NAME,SAVE_TYPE,AUTO_INPUT,INPUT_ITEM,VIEW_ITEM,UNIQUE_ITEM,REQUIRED_ITEM,AUTOREG_HIDE_ITEM,AUTOREG_ONLY_ITEM,INITIAL_VALUE,VALIDATE_OPTION,VALIDATE_REG_EXP,BEFORE_VALIDATE_REGISTER,AFTER_VALIDATE_REGISTER,DESCRIPTION_JA,DESCRIPTION_EN,NOTE,DISUSE_FLAG,LAST_UPDATE_TIMESTAMP,LAST_UPDATE_USER) VALUES(1020425,_____DATE_____,'INSERT','1020425','10204','選択対象外フラグ','Auto register hide item','auto_reg_hide_item',NULL,'7',250,'T_COMN_BOOLEAN_FLAG','FLAG_ID','FLAG_NAME',NULL,'0',NULL,NULL,NULL,NULL,'AUTOREG_HIDE_ITEM',NULL,'0','1','1','0','1','1','0',NULL,NULL,NULL,NULL,NULL,'プルダウン選択 必須項目
True: はい
False: いいえ
','Pull-down selection  required item
True: yes
False: no',NULL,'0',_____DATE_____,1);
INSERT INTO T_COMN_MENU_COLUMN_LINK (COLUMN_DEFINITION_ID,MENU_ID,COLUMN_NAME_JA,COLUMN_NAME_EN,COLUMN_NAME_REST,COL_GROUP_ID,COLUMN_CLASS,COLUMN_DISP_SEQ,REF_TABLE_NAME,REF_PKEY_NAME,REF_COL_NAME,REF_SORT_CONDITIONS,REF_MULTI_LANG,REFERENCE_ITEM,SENSITIVE_COL_NAME,FILE_UPLOAD_PLACE,BUTTON_ACTION,COL_NAME,SAVE_TYPE,AUTO_INPUT,INPUT_ITEM,VIEW_ITEM,UNIQUE_ITEM,REQUIRED_ITEM,AUTOREG_HIDE_ITEM,AUTOREG_ONLY_ITEM,INITIAL_VALUE,VALIDATE_OPTION,VALIDATE_REG_EXP,BEFORE_VALIDATE_REGISTER,AFTER_VALIDATE_REGISTER,DESCRIPTION_JA,DESCRIPTION_EN,NOTE,DISUSE_FLAG,LAST_UPDATE_TIMESTAMP,LAST_UPDATE_USER) VALUES('1020426','10204','代入値自動登録選択項目フラグ','Auto register only item','auto_reg_only_item',NULL,'7',260,'T_COMN_BOOLEAN_FLAG','FLAG_ID','FLAG_NAME',NULL,'0',NULL,NULL,NULL,NULL,'AUTOREG_ONLY_ITEM',NULL,'0','1','1','0','1','1','0',NULL,NULL,NULL,NULL,NULL,'プルダウン選択 必須項目
True: はい
False: いいえ
','Pull-down selection  required item
True: yes
False: no',NULL,'0',_____DATE_____,1);
INSERT INTO T_COMN_MENU_COLUMN_LINK_JNL (JOURNAL_SEQ_NO,JOURNAL_REG_DATETIME,JOURNAL_ACTION_CLASS,COLUMN_DEFINITION_ID,MENU_ID,COLUMN_NAME_JA,COLUMN_NAME_EN,COLUMN_NAME_REST,COL_GROUP_ID,COLUMN_CLASS,COLUMN_DISP_SEQ,REF_TABLE_NAME,REF_PKEY_NAME,REF_COL_NAME,REF_SORT_CONDITIONS,REF_MULTI_LANG,REFERENCE_ITEM,SENSITIVE_COL_NAME,FILE_UPLOAD_PLACE,BUTTON_ACTION,COL_NAME,SAVE_TYPE,AUTO_INPUT,INPUT_ITEM,VIEW_ITEM,UNIQUE_ITEM,REQUIRED_ITEM,AUTOREG_HIDE_ITEM,AUTOREG_ONLY_ITEM,INITIAL_VALUE,VALIDATE_OPTION,VALIDATE_REG_EXP,BEFORE_VALIDATE_REGISTER,AFTER_VALIDATE_REGISTER,DESCRIPTION_JA,DESCRIPTION_EN,NOTE,DISUSE_FLAG,LAST_UPDATE_TIMESTAMP,LAST_UPDATE_USER) VALUES(1020426,_____DATE_____,'INSERT','1020426','10204','代入値自動登録選択項目フラグ','Auto register only item','auto_reg_only_item',NULL,'7',260,'T_COMN_BOOLEAN_FLAG','FLAG_ID','FLAG_NAME',NULL,'0',NULL,NULL,NULL,NULL,'AUTOREG_ONLY_ITEM',NULL,'0','1','1','0','1','1','0',NULL,NULL,NULL,NULL,NULL,'プルダウン選択 必須項目
True: はい
False: いいえ
','Pull-down selection  required item
True: yes
False: no',NULL,'0',_____DATE_____,1);
INSERT INTO T_COMN_MENU_COLUMN_LINK (COLUMN_DEFINITION_ID,MENU_ID,COLUMN_NAME_JA,COLUMN_NAME_EN,COLUMN_NAME_REST,COL_GROUP_ID,COLUMN_CLASS,COLUMN_DISP_SEQ,REF_TABLE_NAME,REF_PKEY_NAME,REF_COL_NAME,REF_SORT_CONDITIONS,REF_MULTI_LANG,REFERENCE_ITEM,SENSITIVE_COL_NAME,FILE_UPLOAD_PLACE,BUTTON_ACTION,COL_NAME,SAVE_TYPE,AUTO_INPUT,INPUT_ITEM,VIEW_ITEM,UNIQUE_ITEM,REQUIRED_ITEM,AUTOREG_HIDE_ITEM,AUTOREG_ONLY_ITEM,INITIAL_VALUE,VALIDATE_OPTION,VALIDATE_REG_EXP,BEFORE_VALIDATE_REGISTER,AFTER_VALIDATE_REGISTER,DESCRIPTION_JA,DESCRIPTION_EN,NOTE,DISUSE_FLAG,LAST_UPDATE_TIMESTAMP,LAST_UPDATE_USER) VALUES('1020427','10204','初期値','Initial value','initial_value',NULL,'2',270,NULL,NULL,NULL,NULL,'0',NULL,NULL,NULL,NULL,'INITIAL_VALUE',NULL,'0','1','1','0','0','1','0',NULL,'{
"min_length": 0,
"max_length": 4000
}',NULL,NULL,NULL,'[最大長]4000バイト','[Maximum length] 4000 byte',NULL,'0',_____DATE_____,1);
INSERT INTO T_COMN_MENU_COLUMN_LINK_JNL (JOURNAL_SEQ_NO,JOURNAL_REG_DATETIME,JOURNAL_ACTION_CLASS,COLUMN_DEFINITION_ID,MENU_ID,COLUMN_NAME_JA,COLUMN_NAME_EN,COLUMN_NAME_REST,COL_GROUP_ID,COLUMN_CLASS,COLUMN_DISP_SEQ,REF_TABLE_NAME,REF_PKEY_NAME,REF_COL_NAME,REF_SORT_CONDITIONS,REF_MULTI_LANG,REFERENCE_ITEM,SENSITIVE_COL_NAME,FILE_UPLOAD_PLACE,BUTTON_ACTION,COL_NAME,SAVE_TYPE,AUTO_INPUT,INPUT_ITEM,VIEW_ITEM,UNIQUE_ITEM,REQUIRED_ITEM,AUTOREG_HIDE_ITEM,AUTOREG_ONLY_ITEM,INITIAL_VALUE,VALIDATE_OPTION,VALIDATE_REG_EXP,BEFORE_VALIDATE_REGISTER,AFTER_VALIDATE_REGISTER,DESCRIPTION_JA,DESCRIPTION_EN,NOTE,DISUSE_FLAG,LAST_UPDATE_TIMESTAMP,LAST_UPDATE_USER) VALUES(1020427,_____DATE_____,'INSERT','1020427','10204','初期値','Initial value','initial_value',NULL,'2',270,NULL,NULL,NULL,NULL,'0',NULL,NULL,NULL,NULL,'INITIAL_VALUE',NULL,'0','1','1','0','0','1','0',NULL,'{
"min_length": 0,
"max_length": 4000
}',NULL,NULL,NULL,'[最大長]4000バイト','[Maximum length] 4000 byte',NULL,'0',_____DATE_____,1);
INSERT INTO T_COMN_MENU_COLUMN_LINK (COLUMN_DEFINITION_ID,MENU_ID,COLUMN_NAME_JA,COLUMN_NAME_EN,COLUMN_NAME_REST,COL_GROUP_ID,COLUMN_CLASS,COLUMN_DISP_SEQ,REF_TABLE_NAME,REF_PKEY_NAME,REF_COL_NAME,REF_SORT_CONDITIONS,REF_MULTI_LANG,REFERENCE_ITEM,SENSITIVE_COL_NAME,FILE_UPLOAD_PLACE,BUTTON_ACTION,COL_NAME,SAVE_TYPE,AUTO_INPUT,INPUT_ITEM,VIEW_ITEM,UNIQUE_ITEM,REQUIRED_ITEM,AUTOREG_HIDE_ITEM,AUTOREG_ONLY_ITEM,INITIAL_VALUE,VALIDATE_OPTION,VALIDATE_REG_EXP,BEFORE_VALIDATE_REGISTER,AFTER_VALIDATE_REGISTER,DESCRIPTION_JA,DESCRIPTION_EN,NOTE,DISUSE_FLAG,LAST_UPDATE_TIMESTAMP,LAST_UPDATE_USER) VALUES('1020428','10204','バリデーション値','Validation value','validation_value',NULL,'2',280,NULL,NULL,NULL,NULL,'0',NULL,NULL,NULL,NULL,'VALIDATE_OPTION',NULL,'0','1','1','0','0','1','0',NULL,'{
"min_length": 0,
"max_length": 4000
}',NULL,NULL,NULL,'[最大長]4000バイト','[Maximum length] 4000 byte',NULL,'0',_____DATE_____,1);
INSERT INTO T_COMN_MENU_COLUMN_LINK_JNL (JOURNAL_SEQ_NO,JOURNAL_REG_DATETIME,JOURNAL_ACTION_CLASS,COLUMN_DEFINITION_ID,MENU_ID,COLUMN_NAME_JA,COLUMN_NAME_EN,COLUMN_NAME_REST,COL_GROUP_ID,COLUMN_CLASS,COLUMN_DISP_SEQ,REF_TABLE_NAME,REF_PKEY_NAME,REF_COL_NAME,REF_SORT_CONDITIONS,REF_MULTI_LANG,REFERENCE_ITEM,SENSITIVE_COL_NAME,FILE_UPLOAD_PLACE,BUTTON_ACTION,COL_NAME,SAVE_TYPE,AUTO_INPUT,INPUT_ITEM,VIEW_ITEM,UNIQUE_ITEM,REQUIRED_ITEM,AUTOREG_HIDE_ITEM,AUTOREG_ONLY_ITEM,INITIAL_VALUE,VALIDATE_OPTION,VALIDATE_REG_EXP,BEFORE_VALIDATE_REGISTER,AFTER_VALIDATE_REGISTER,DESCRIPTION_JA,DESCRIPTION_EN,NOTE,DISUSE_FLAG,LAST_UPDATE_TIMESTAMP,LAST_UPDATE_USER) VALUES(1020428,_____DATE_____,'INSERT','1020428','10204','バリデーション値','Validation value','validation_value',NULL,'2',280,NULL,NULL,NULL,NULL,'0',NULL,NULL,NULL,NULL,'VALIDATE_OPTION',NULL,'0','1','1','0','0','1','0',NULL,'{
"min_length": 0,
"max_length": 4000
}',NULL,NULL,NULL,'[最大長]4000バイト','[Maximum length] 4000 byte',NULL,'0',_____DATE_____,1);
INSERT INTO T_COMN_MENU_COLUMN_LINK (COLUMN_DEFINITION_ID,MENU_ID,COLUMN_NAME_JA,COLUMN_NAME_EN,COLUMN_NAME_REST,COL_GROUP_ID,COLUMN_CLASS,COLUMN_DISP_SEQ,REF_TABLE_NAME,REF_PKEY_NAME,REF_COL_NAME,REF_SORT_CONDITIONS,REF_MULTI_LANG,REFERENCE_ITEM,SENSITIVE_COL_NAME,FILE_UPLOAD_PLACE,BUTTON_ACTION,COL_NAME,SAVE_TYPE,AUTO_INPUT,INPUT_ITEM,VIEW_ITEM,UNIQUE_ITEM,REQUIRED_ITEM,AUTOREG_HIDE_ITEM,AUTOREG_ONLY_ITEM,INITIAL_VALUE,VALIDATE_OPTION,VALIDATE_REG_EXP,BEFORE_VALIDATE_REGISTER,AFTER_VALIDATE_REGISTER,DESCRIPTION_JA,DESCRIPTION_EN,NOTE,DISUSE_FLAG,LAST_UPDATE_TIMESTAMP,LAST_UPDATE_USER) VALUES('1020429','10204','正規表現バリデーション','Regular expression validation','validation_reg_exp',NULL,'24',290,NULL,NULL,NULL,NULL,'0',NULL,NULL,NULL,NULL,'VALIDATE_REG_EXP',NULL,'0','1','1','0','0','1','0',NULL,'{
"min_length": 0,
"max_length": 4000
}',NULL,NULL,NULL,'[最大長]4000バイト','[Maximum length] 4000 byte',NULL,'0',_____DATE_____,1);
INSERT INTO T_COMN_MENU_COLUMN_LINK_JNL (JOURNAL_SEQ_NO,JOURNAL_REG_DATETIME,JOURNAL_ACTION_CLASS,COLUMN_DEFINITION_ID,MENU_ID,COLUMN_NAME_JA,COLUMN_NAME_EN,COLUMN_NAME_REST,COL_GROUP_ID,COLUMN_CLASS,COLUMN_DISP_SEQ,REF_TABLE_NAME,REF_PKEY_NAME,REF_COL_NAME,REF_SORT_CONDITIONS,REF_MULTI_LANG,REFERENCE_ITEM,SENSITIVE_COL_NAME,FILE_UPLOAD_PLACE,BUTTON_ACTION,COL_NAME,SAVE_TYPE,AUTO_INPUT,INPUT_ITEM,VIEW_ITEM,UNIQUE_ITEM,REQUIRED_ITEM,AUTOREG_HIDE_ITEM,AUTOREG_ONLY_ITEM,INITIAL_VALUE,VALIDATE_OPTION,VALIDATE_REG_EXP,BEFORE_VALIDATE_REGISTER,AFTER_VALIDATE_REGISTER,DESCRIPTION_JA,DESCRIPTION_EN,NOTE,DISUSE_FLAG,LAST_UPDATE_TIMESTAMP,LAST_UPDATE_USER) VALUES(1020429,_____DATE_____,'INSERT','1020429','10204','正規表現バリデーション','Regular expression validation','validation_reg_exp',NULL,'24',290,NULL,NULL,NULL,NULL,'0',NULL,NULL,NULL,NULL,'VALIDATE_REG_EXP',NULL,'0','1','1','0','0','1','0',NULL,'{
"min_length": 0,
"max_length": 4000
}',NULL,NULL,NULL,'[最大長]4000バイト','[Maximum length] 4000 byte',NULL,'0',_____DATE_____,1);
INSERT INTO T_COMN_MENU_COLUMN_LINK (COLUMN_DEFINITION_ID,MENU_ID,COLUMN_NAME_JA,COLUMN_NAME_EN,COLUMN_NAME_REST,COL_GROUP_ID,COLUMN_CLASS,COLUMN_DISP_SEQ,REF_TABLE_NAME,REF_PKEY_NAME,REF_COL_NAME,REF_SORT_CONDITIONS,REF_MULTI_LANG,REFERENCE_ITEM,SENSITIVE_COL_NAME,FILE_UPLOAD_PLACE,BUTTON_ACTION,COL_NAME,SAVE_TYPE,AUTO_INPUT,INPUT_ITEM,VIEW_ITEM,UNIQUE_ITEM,REQUIRED_ITEM,AUTOREG_HIDE_ITEM,AUTOREG_ONLY_ITEM,INITIAL_VALUE,VALIDATE_OPTION,VALIDATE_REG_EXP,BEFORE_VALIDATE_REGISTER,AFTER_VALIDATE_REGISTER,DESCRIPTION_JA,DESCRIPTION_EN,NOTE,DISUSE_FLAG,LAST_UPDATE_TIMESTAMP,LAST_UPDATE_USER) VALUES('1020430','10204','個別バリデーション前','Before individual validation','before_individual_validation',NULL,'2',300,NULL,NULL,NULL,NULL,'0',NULL,NULL,NULL,NULL,'BEFORE_VALIDATE_REGISTER',NULL,'0','1','1','0','0','1','0',NULL,'{
"min_length": 0,
"max_length": 4000
}',NULL,NULL,NULL,'[最大長]4000バイト','[Maximum length] 4000 byte',NULL,'0',_____DATE_____,1);
INSERT INTO T_COMN_MENU_COLUMN_LINK_JNL (JOURNAL_SEQ_NO,JOURNAL_REG_DATETIME,JOURNAL_ACTION_CLASS,COLUMN_DEFINITION_ID,MENU_ID,COLUMN_NAME_JA,COLUMN_NAME_EN,COLUMN_NAME_REST,COL_GROUP_ID,COLUMN_CLASS,COLUMN_DISP_SEQ,REF_TABLE_NAME,REF_PKEY_NAME,REF_COL_NAME,REF_SORT_CONDITIONS,REF_MULTI_LANG,REFERENCE_ITEM,SENSITIVE_COL_NAME,FILE_UPLOAD_PLACE,BUTTON_ACTION,COL_NAME,SAVE_TYPE,AUTO_INPUT,INPUT_ITEM,VIEW_ITEM,UNIQUE_ITEM,REQUIRED_ITEM,AUTOREG_HIDE_ITEM,AUTOREG_ONLY_ITEM,INITIAL_VALUE,VALIDATE_OPTION,VALIDATE_REG_EXP,BEFORE_VALIDATE_REGISTER,AFTER_VALIDATE_REGISTER,DESCRIPTION_JA,DESCRIPTION_EN,NOTE,DISUSE_FLAG,LAST_UPDATE_TIMESTAMP,LAST_UPDATE_USER) VALUES(1020430,_____DATE_____,'INSERT','1020430','10204','個別バリデーション前','Before individual validation','before_individual_validation',NULL,'2',300,NULL,NULL,NULL,NULL,'0',NULL,NULL,NULL,NULL,'BEFORE_VALIDATE_REGISTER',NULL,'0','1','1','0','0','1','0',NULL,'{
"min_length": 0,
"max_length": 4000
}',NULL,NULL,NULL,'[最大長]4000バイト','[Maximum length] 4000 byte',NULL,'0',_____DATE_____,1);
INSERT INTO T_COMN_MENU_COLUMN_LINK (COLUMN_DEFINITION_ID,MENU_ID,COLUMN_NAME_JA,COLUMN_NAME_EN,COLUMN_NAME_REST,COL_GROUP_ID,COLUMN_CLASS,COLUMN_DISP_SEQ,REF_TABLE_NAME,REF_PKEY_NAME,REF_COL_NAME,REF_SORT_CONDITIONS,REF_MULTI_LANG,REFERENCE_ITEM,SENSITIVE_COL_NAME,FILE_UPLOAD_PLACE,BUTTON_ACTION,COL_NAME,SAVE_TYPE,AUTO_INPUT,INPUT_ITEM,VIEW_ITEM,UNIQUE_ITEM,REQUIRED_ITEM,AUTOREG_HIDE_ITEM,AUTOREG_ONLY_ITEM,INITIAL_VALUE,VALIDATE_OPTION,VALIDATE_REG_EXP,BEFORE_VALIDATE_REGISTER,AFTER_VALIDATE_REGISTER,DESCRIPTION_JA,DESCRIPTION_EN,NOTE,DISUSE_FLAG,LAST_UPDATE_TIMESTAMP,LAST_UPDATE_USER) VALUES('1020431','10204','個別バリデーション後','After the individual validation','after_individual_validation',NULL,'2',310,NULL,NULL,NULL,NULL,'0',NULL,NULL,NULL,NULL,'AFTER_VALIDATE_REGISTER',NULL,'0','1','1','0','0','1','0',NULL,'{
"min_length": 0,
"max_length": 4000
}',NULL,NULL,NULL,'[最大長]4000バイト','[Maximum length] 4000 byte',NULL,'0',_____DATE_____,1);
INSERT INTO T_COMN_MENU_COLUMN_LINK_JNL (JOURNAL_SEQ_NO,JOURNAL_REG_DATETIME,JOURNAL_ACTION_CLASS,COLUMN_DEFINITION_ID,MENU_ID,COLUMN_NAME_JA,COLUMN_NAME_EN,COLUMN_NAME_REST,COL_GROUP_ID,COLUMN_CLASS,COLUMN_DISP_SEQ,REF_TABLE_NAME,REF_PKEY_NAME,REF_COL_NAME,REF_SORT_CONDITIONS,REF_MULTI_LANG,REFERENCE_ITEM,SENSITIVE_COL_NAME,FILE_UPLOAD_PLACE,BUTTON_ACTION,COL_NAME,SAVE_TYPE,AUTO_INPUT,INPUT_ITEM,VIEW_ITEM,UNIQUE_ITEM,REQUIRED_ITEM,AUTOREG_HIDE_ITEM,AUTOREG_ONLY_ITEM,INITIAL_VALUE,VALIDATE_OPTION,VALIDATE_REG_EXP,BEFORE_VALIDATE_REGISTER,AFTER_VALIDATE_REGISTER,DESCRIPTION_JA,DESCRIPTION_EN,NOTE,DISUSE_FLAG,LAST_UPDATE_TIMESTAMP,LAST_UPDATE_USER) VALUES(1020431,_____DATE_____,'INSERT','1020431','10204','個別バリデーション後','After the individual validation','after_individual_validation',NULL,'2',310,NULL,NULL,NULL,NULL,'0',NULL,NULL,NULL,NULL,'AFTER_VALIDATE_REGISTER',NULL,'0','1','1','0','0','1','0',NULL,'{
"min_length": 0,
"max_length": 4000
}',NULL,NULL,NULL,'[最大長]4000バイト','[Maximum length] 4000 byte',NULL,'0',_____DATE_____,1);
INSERT INTO T_COMN_MENU_COLUMN_LINK (COLUMN_DEFINITION_ID,MENU_ID,COLUMN_NAME_JA,COLUMN_NAME_EN,COLUMN_NAME_REST,COL_GROUP_ID,COLUMN_CLASS,COLUMN_DISP_SEQ,REF_TABLE_NAME,REF_PKEY_NAME,REF_COL_NAME,REF_SORT_CONDITIONS,REF_MULTI_LANG,REFERENCE_ITEM,SENSITIVE_COL_NAME,FILE_UPLOAD_PLACE,BUTTON_ACTION,COL_NAME,SAVE_TYPE,AUTO_INPUT,INPUT_ITEM,VIEW_ITEM,UNIQUE_ITEM,REQUIRED_ITEM,AUTOREG_HIDE_ITEM,AUTOREG_ONLY_ITEM,INITIAL_VALUE,VALIDATE_OPTION,VALIDATE_REG_EXP,BEFORE_VALIDATE_REGISTER,AFTER_VALIDATE_REGISTER,DESCRIPTION_JA,DESCRIPTION_EN,NOTE,DISUSE_FLAG,LAST_UPDATE_TIMESTAMP,LAST_UPDATE_USER) VALUES('1020432','10204','説明(ja)','description(ja)','description_ja',NULL,'2',320,NULL,NULL,NULL,NULL,'0',NULL,NULL,NULL,NULL,'DESCRIPTION_JA',NULL,'0','1','1','0','0','1','0',NULL,'{
"min_length": 0,
"max_length": 4000
}',NULL,NULL,NULL,'[最大長]4000バイト','[Maximum length] 4000 byte',NULL,'0',_____DATE_____,1);
INSERT INTO T_COMN_MENU_COLUMN_LINK_JNL (JOURNAL_SEQ_NO,JOURNAL_REG_DATETIME,JOURNAL_ACTION_CLASS,COLUMN_DEFINITION_ID,MENU_ID,COLUMN_NAME_JA,COLUMN_NAME_EN,COLUMN_NAME_REST,COL_GROUP_ID,COLUMN_CLASS,COLUMN_DISP_SEQ,REF_TABLE_NAME,REF_PKEY_NAME,REF_COL_NAME,REF_SORT_CONDITIONS,REF_MULTI_LANG,REFERENCE_ITEM,SENSITIVE_COL_NAME,FILE_UPLOAD_PLACE,BUTTON_ACTION,COL_NAME,SAVE_TYPE,AUTO_INPUT,INPUT_ITEM,VIEW_ITEM,UNIQUE_ITEM,REQUIRED_ITEM,AUTOREG_HIDE_ITEM,AUTOREG_ONLY_ITEM,INITIAL_VALUE,VALIDATE_OPTION,VALIDATE_REG_EXP,BEFORE_VALIDATE_REGISTER,AFTER_VALIDATE_REGISTER,DESCRIPTION_JA,DESCRIPTION_EN,NOTE,DISUSE_FLAG,LAST_UPDATE_TIMESTAMP,LAST_UPDATE_USER) VALUES(1020432,_____DATE_____,'INSERT','1020432','10204','説明(ja)','description(ja)','description_ja',NULL,'2',320,NULL,NULL,NULL,NULL,'0',NULL,NULL,NULL,NULL,'DESCRIPTION_JA',NULL,'0','1','1','0','0','1','0',NULL,'{
"min_length": 0,
"max_length": 4000
}',NULL,NULL,NULL,'[最大長]4000バイト','[Maximum length] 4000 byte',NULL,'0',_____DATE_____,1);
INSERT INTO T_COMN_MENU_COLUMN_LINK (COLUMN_DEFINITION_ID,MENU_ID,COLUMN_NAME_JA,COLUMN_NAME_EN,COLUMN_NAME_REST,COL_GROUP_ID,COLUMN_CLASS,COLUMN_DISP_SEQ,REF_TABLE_NAME,REF_PKEY_NAME,REF_COL_NAME,REF_SORT_CONDITIONS,REF_MULTI_LANG,REFERENCE_ITEM,SENSITIVE_COL_NAME,FILE_UPLOAD_PLACE,BUTTON_ACTION,COL_NAME,SAVE_TYPE,AUTO_INPUT,INPUT_ITEM,VIEW_ITEM,UNIQUE_ITEM,REQUIRED_ITEM,AUTOREG_HIDE_ITEM,AUTOREG_ONLY_ITEM,INITIAL_VALUE,VALIDATE_OPTION,VALIDATE_REG_EXP,BEFORE_VALIDATE_REGISTER,AFTER_VALIDATE_REGISTER,DESCRIPTION_JA,DESCRIPTION_EN,NOTE,DISUSE_FLAG,LAST_UPDATE_TIMESTAMP,LAST_UPDATE_USER) VALUES('1020433','10204','説明(en)','description(en)','description_en',NULL,'2',330,NULL,NULL,NULL,NULL,'0',NULL,NULL,NULL,NULL,'DESCRIPTION_EN',NULL,'0','1','1','0','0','1','0',NULL,'{
"min_length": 0,
"max_length": 4000
}',NULL,NULL,NULL,'[最大長]4000バイト','[Maximum length] 4000 byte',NULL,'0',_____DATE_____,1);
INSERT INTO T_COMN_MENU_COLUMN_LINK_JNL (JOURNAL_SEQ_NO,JOURNAL_REG_DATETIME,JOURNAL_ACTION_CLASS,COLUMN_DEFINITION_ID,MENU_ID,COLUMN_NAME_JA,COLUMN_NAME_EN,COLUMN_NAME_REST,COL_GROUP_ID,COLUMN_CLASS,COLUMN_DISP_SEQ,REF_TABLE_NAME,REF_PKEY_NAME,REF_COL_NAME,REF_SORT_CONDITIONS,REF_MULTI_LANG,REFERENCE_ITEM,SENSITIVE_COL_NAME,FILE_UPLOAD_PLACE,BUTTON_ACTION,COL_NAME,SAVE_TYPE,AUTO_INPUT,INPUT_ITEM,VIEW_ITEM,UNIQUE_ITEM,REQUIRED_ITEM,AUTOREG_HIDE_ITEM,AUTOREG_ONLY_ITEM,INITIAL_VALUE,VALIDATE_OPTION,VALIDATE_REG_EXP,BEFORE_VALIDATE_REGISTER,AFTER_VALIDATE_REGISTER,DESCRIPTION_JA,DESCRIPTION_EN,NOTE,DISUSE_FLAG,LAST_UPDATE_TIMESTAMP,LAST_UPDATE_USER) VALUES(1020433,_____DATE_____,'INSERT','1020433','10204','説明(en)','description(en)','description_en',NULL,'2',330,NULL,NULL,NULL,NULL,'0',NULL,NULL,NULL,NULL,'DESCRIPTION_EN',NULL,'0','1','1','0','0','1','0',NULL,'{
"min_length": 0,
"max_length": 4000
}',NULL,NULL,NULL,'[最大長]4000バイト','[Maximum length] 4000 byte',NULL,'0',_____DATE_____,1);
INSERT INTO T_COMN_MENU_COLUMN_LINK (COLUMN_DEFINITION_ID,MENU_ID,COLUMN_NAME_JA,COLUMN_NAME_EN,COLUMN_NAME_REST,COL_GROUP_ID,COLUMN_CLASS,COLUMN_DISP_SEQ,REF_TABLE_NAME,REF_PKEY_NAME,REF_COL_NAME,REF_SORT_CONDITIONS,REF_MULTI_LANG,REFERENCE_ITEM,SENSITIVE_COL_NAME,FILE_UPLOAD_PLACE,BUTTON_ACTION,COL_NAME,SAVE_TYPE,AUTO_INPUT,INPUT_ITEM,VIEW_ITEM,UNIQUE_ITEM,REQUIRED_ITEM,AUTOREG_HIDE_ITEM,AUTOREG_ONLY_ITEM,INITIAL_VALUE,VALIDATE_OPTION,VALIDATE_REG_EXP,BEFORE_VALIDATE_REGISTER,AFTER_VALIDATE_REGISTER,DESCRIPTION_JA,DESCRIPTION_EN,NOTE,DISUSE_FLAG,LAST_UPDATE_TIMESTAMP,LAST_UPDATE_USER) VALUES('1020434','10204','備考','Remarks','remarks',NULL,'12',340,NULL,NULL,NULL,NULL,'0',NULL,NULL,NULL,NULL,'NOTE',NULL,'0','1','1','0','0','1','0',NULL,'{
"min_length": 0,
"max_length": 4000
}',NULL,NULL,NULL,'自由記述欄。レコードの廃止・復活時にも記載可能。','Comments section. Can comment when removing or restoring records.',NULL,'0',_____DATE_____,1);
INSERT INTO T_COMN_MENU_COLUMN_LINK_JNL (JOURNAL_SEQ_NO,JOURNAL_REG_DATETIME,JOURNAL_ACTION_CLASS,COLUMN_DEFINITION_ID,MENU_ID,COLUMN_NAME_JA,COLUMN_NAME_EN,COLUMN_NAME_REST,COL_GROUP_ID,COLUMN_CLASS,COLUMN_DISP_SEQ,REF_TABLE_NAME,REF_PKEY_NAME,REF_COL_NAME,REF_SORT_CONDITIONS,REF_MULTI_LANG,REFERENCE_ITEM,SENSITIVE_COL_NAME,FILE_UPLOAD_PLACE,BUTTON_ACTION,COL_NAME,SAVE_TYPE,AUTO_INPUT,INPUT_ITEM,VIEW_ITEM,UNIQUE_ITEM,REQUIRED_ITEM,AUTOREG_HIDE_ITEM,AUTOREG_ONLY_ITEM,INITIAL_VALUE,VALIDATE_OPTION,VALIDATE_REG_EXP,BEFORE_VALIDATE_REGISTER,AFTER_VALIDATE_REGISTER,DESCRIPTION_JA,DESCRIPTION_EN,NOTE,DISUSE_FLAG,LAST_UPDATE_TIMESTAMP,LAST_UPDATE_USER) VALUES(1020434,_____DATE_____,'INSERT','1020434','10204','備考','Remarks','remarks',NULL,'12',340,NULL,NULL,NULL,NULL,'0',NULL,NULL,NULL,NULL,'NOTE',NULL,'0','1','1','0','0','1','0',NULL,'{
"min_length": 0,
"max_length": 4000
}',NULL,NULL,NULL,'自由記述欄。レコードの廃止・復活時にも記載可能。','Comments section. Can comment when removing or restoring records.',NULL,'0',_____DATE_____,1);
INSERT INTO T_COMN_MENU_COLUMN_LINK (COLUMN_DEFINITION_ID,MENU_ID,COLUMN_NAME_JA,COLUMN_NAME_EN,COLUMN_NAME_REST,COL_GROUP_ID,COLUMN_CLASS,COLUMN_DISP_SEQ,REF_TABLE_NAME,REF_PKEY_NAME,REF_COL_NAME,REF_SORT_CONDITIONS,REF_MULTI_LANG,REFERENCE_ITEM,SENSITIVE_COL_NAME,FILE_UPLOAD_PLACE,BUTTON_ACTION,COL_NAME,SAVE_TYPE,AUTO_INPUT,INPUT_ITEM,VIEW_ITEM,UNIQUE_ITEM,REQUIRED_ITEM,AUTOREG_HIDE_ITEM,AUTOREG_ONLY_ITEM,INITIAL_VALUE,VALIDATE_OPTION,VALIDATE_REG_EXP,BEFORE_VALIDATE_REGISTER,AFTER_VALIDATE_REGISTER,DESCRIPTION_JA,DESCRIPTION_EN,NOTE,DISUSE_FLAG,LAST_UPDATE_TIMESTAMP,LAST_UPDATE_USER) VALUES('1020435','10204','廃止フラグ','Discard','discard',NULL,'1',350,NULL,NULL,NULL,NULL,'0',NULL,NULL,NULL,NULL,'DISUSE_FLAG',NULL,'1','1','1','0','1','1','0',NULL,NULL,NULL,NULL,NULL,'廃止フラグ。復活以外のオペレーションは不可','Discard flag. Cannot do operation other than restore.',NULL,'0',_____DATE_____,1);
INSERT INTO T_COMN_MENU_COLUMN_LINK_JNL (JOURNAL_SEQ_NO,JOURNAL_REG_DATETIME,JOURNAL_ACTION_CLASS,COLUMN_DEFINITION_ID,MENU_ID,COLUMN_NAME_JA,COLUMN_NAME_EN,COLUMN_NAME_REST,COL_GROUP_ID,COLUMN_CLASS,COLUMN_DISP_SEQ,REF_TABLE_NAME,REF_PKEY_NAME,REF_COL_NAME,REF_SORT_CONDITIONS,REF_MULTI_LANG,REFERENCE_ITEM,SENSITIVE_COL_NAME,FILE_UPLOAD_PLACE,BUTTON_ACTION,COL_NAME,SAVE_TYPE,AUTO_INPUT,INPUT_ITEM,VIEW_ITEM,UNIQUE_ITEM,REQUIRED_ITEM,AUTOREG_HIDE_ITEM,AUTOREG_ONLY_ITEM,INITIAL_VALUE,VALIDATE_OPTION,VALIDATE_REG_EXP,BEFORE_VALIDATE_REGISTER,AFTER_VALIDATE_REGISTER,DESCRIPTION_JA,DESCRIPTION_EN,NOTE,DISUSE_FLAG,LAST_UPDATE_TIMESTAMP,LAST_UPDATE_USER) VALUES(1020435,_____DATE_____,'INSERT','1020435','10204','廃止フラグ','Discard','discard',NULL,'1',350,NULL,NULL,NULL,NULL,'0',NULL,NULL,NULL,NULL,'DISUSE_FLAG',NULL,'1','1','1','0','1','1','0',NULL,NULL,NULL,NULL,NULL,'廃止フラグ。復活以外のオペレーションは不可','Discard flag. Cannot do operation other than restore.',NULL,'0',_____DATE_____,1);
INSERT INTO T_COMN_MENU_COLUMN_LINK (COLUMN_DEFINITION_ID,MENU_ID,COLUMN_NAME_JA,COLUMN_NAME_EN,COLUMN_NAME_REST,COL_GROUP_ID,COLUMN_CLASS,COLUMN_DISP_SEQ,REF_TABLE_NAME,REF_PKEY_NAME,REF_COL_NAME,REF_SORT_CONDITIONS,REF_MULTI_LANG,REFERENCE_ITEM,SENSITIVE_COL_NAME,FILE_UPLOAD_PLACE,BUTTON_ACTION,COL_NAME,SAVE_TYPE,AUTO_INPUT,INPUT_ITEM,VIEW_ITEM,UNIQUE_ITEM,REQUIRED_ITEM,AUTOREG_HIDE_ITEM,AUTOREG_ONLY_ITEM,INITIAL_VALUE,VALIDATE_OPTION,VALIDATE_REG_EXP,BEFORE_VALIDATE_REGISTER,AFTER_VALIDATE_REGISTER,DESCRIPTION_JA,DESCRIPTION_EN,NOTE,DISUSE_FLAG,LAST_UPDATE_TIMESTAMP,LAST_UPDATE_USER) VALUES('1020436','10204','最終更新日時','Last update date/time','last_update_date_time',NULL,'13',360,NULL,NULL,NULL,NULL,'0',NULL,NULL,NULL,NULL,'LAST_UPDATE_TIMESTAMP',NULL,'1','0','1','0','1','1','0',NULL,NULL,NULL,NULL,NULL,'レコードの最終更新日。自動登録のため編集不可。','Last update date of record. Cannot edit because of auto-registration.',NULL,'0',_____DATE_____,1);
INSERT INTO T_COMN_MENU_COLUMN_LINK_JNL (JOURNAL_SEQ_NO,JOURNAL_REG_DATETIME,JOURNAL_ACTION_CLASS,COLUMN_DEFINITION_ID,MENU_ID,COLUMN_NAME_JA,COLUMN_NAME_EN,COLUMN_NAME_REST,COL_GROUP_ID,COLUMN_CLASS,COLUMN_DISP_SEQ,REF_TABLE_NAME,REF_PKEY_NAME,REF_COL_NAME,REF_SORT_CONDITIONS,REF_MULTI_LANG,REFERENCE_ITEM,SENSITIVE_COL_NAME,FILE_UPLOAD_PLACE,BUTTON_ACTION,COL_NAME,SAVE_TYPE,AUTO_INPUT,INPUT_ITEM,VIEW_ITEM,UNIQUE_ITEM,REQUIRED_ITEM,AUTOREG_HIDE_ITEM,AUTOREG_ONLY_ITEM,INITIAL_VALUE,VALIDATE_OPTION,VALIDATE_REG_EXP,BEFORE_VALIDATE_REGISTER,AFTER_VALIDATE_REGISTER,DESCRIPTION_JA,DESCRIPTION_EN,NOTE,DISUSE_FLAG,LAST_UPDATE_TIMESTAMP,LAST_UPDATE_USER) VALUES(1020436,_____DATE_____,'INSERT','1020436','10204','最終更新日時','Last update date/time','last_update_date_time',NULL,'13',360,NULL,NULL,NULL,NULL,'0',NULL,NULL,NULL,NULL,'LAST_UPDATE_TIMESTAMP',NULL,'1','0','1','0','1','1','0',NULL,NULL,NULL,NULL,NULL,'レコードの最終更新日。自動登録のため編集不可。','Last update date of record. Cannot edit because of auto-registration.',NULL,'0',_____DATE_____,1);
INSERT INTO T_COMN_MENU_COLUMN_LINK (COLUMN_DEFINITION_ID,MENU_ID,COLUMN_NAME_JA,COLUMN_NAME_EN,COLUMN_NAME_REST,COL_GROUP_ID,COLUMN_CLASS,COLUMN_DISP_SEQ,REF_TABLE_NAME,REF_PKEY_NAME,REF_COL_NAME,REF_SORT_CONDITIONS,REF_MULTI_LANG,REFERENCE_ITEM,SENSITIVE_COL_NAME,FILE_UPLOAD_PLACE,BUTTON_ACTION,COL_NAME,SAVE_TYPE,AUTO_INPUT,INPUT_ITEM,VIEW_ITEM,UNIQUE_ITEM,REQUIRED_ITEM,AUTOREG_HIDE_ITEM,AUTOREG_ONLY_ITEM,INITIAL_VALUE,VALIDATE_OPTION,VALIDATE_REG_EXP,BEFORE_VALIDATE_REGISTER,AFTER_VALIDATE_REGISTER,DESCRIPTION_JA,DESCRIPTION_EN,NOTE,DISUSE_FLAG,LAST_UPDATE_TIMESTAMP,LAST_UPDATE_USER) VALUES('1020437','10204','最終更新者','Last updated by','last_updated_user',NULL,'14',370,NULL,NULL,NULL,NULL,'0',NULL,NULL,NULL,NULL,'LAST_UPDATE_USER',NULL,'1','0','1','0','1','1','0',NULL,NULL,NULL,NULL,NULL,'更新者。ログインユーザのIDが自動的に登録される。編集不可。','Updated by. Login user ID is automatically registered. Cannot edit.',NULL,'0',_____DATE_____,1);
INSERT INTO T_COMN_MENU_COLUMN_LINK_JNL (JOURNAL_SEQ_NO,JOURNAL_REG_DATETIME,JOURNAL_ACTION_CLASS,COLUMN_DEFINITION_ID,MENU_ID,COLUMN_NAME_JA,COLUMN_NAME_EN,COLUMN_NAME_REST,COL_GROUP_ID,COLUMN_CLASS,COLUMN_DISP_SEQ,REF_TABLE_NAME,REF_PKEY_NAME,REF_COL_NAME,REF_SORT_CONDITIONS,REF_MULTI_LANG,REFERENCE_ITEM,SENSITIVE_COL_NAME,FILE_UPLOAD_PLACE,BUTTON_ACTION,COL_NAME,SAVE_TYPE,AUTO_INPUT,INPUT_ITEM,VIEW_ITEM,UNIQUE_ITEM,REQUIRED_ITEM,AUTOREG_HIDE_ITEM,AUTOREG_ONLY_ITEM,INITIAL_VALUE,VALIDATE_OPTION,VALIDATE_REG_EXP,BEFORE_VALIDATE_REGISTER,AFTER_VALIDATE_REGISTER,DESCRIPTION_JA,DESCRIPTION_EN,NOTE,DISUSE_FLAG,LAST_UPDATE_TIMESTAMP,LAST_UPDATE_USER) VALUES(1020437,_____DATE_____,'INSERT','1020437','10204','最終更新者','Last updated by','last_updated_user',NULL,'14',370,NULL,NULL,NULL,NULL,'0',NULL,NULL,NULL,NULL,'LAST_UPDATE_USER',NULL,'1','0','1','0','1','1','0',NULL,NULL,NULL,NULL,NULL,'更新者。ログインユーザのIDが自動的に登録される。編集不可。','Updated by. Login user ID is automatically registered. Cannot edit.',NULL,'0',_____DATE_____,1);
INSERT INTO T_COMN_MENU_COLUMN_LINK (COLUMN_DEFINITION_ID,MENU_ID,COLUMN_NAME_JA,COLUMN_NAME_EN,COLUMN_NAME_REST,COL_GROUP_ID,COLUMN_CLASS,COLUMN_DISP_SEQ,REF_TABLE_NAME,REF_PKEY_NAME,REF_COL_NAME,REF_SORT_CONDITIONS,REF_MULTI_LANG,REFERENCE_ITEM,SENSITIVE_COL_NAME,FILE_UPLOAD_PLACE,BUTTON_ACTION,COL_NAME,SAVE_TYPE,AUTO_INPUT,INPUT_ITEM,VIEW_ITEM,UNIQUE_ITEM,REQUIRED_ITEM,AUTOREG_HIDE_ITEM,AUTOREG_ONLY_ITEM,INITIAL_VALUE,VALIDATE_OPTION,VALIDATE_REG_EXP,BEFORE_VALIDATE_REGISTER,AFTER_VALIDATE_REGISTER,DESCRIPTION_JA,DESCRIPTION_EN,NOTE,DISUSE_FLAG,LAST_UPDATE_TIMESTAMP,LAST_UPDATE_USER) VALUES('1020501','10205','カラムグループID','Column group ID','column_group_id',NULL,'1',10,NULL,NULL,NULL,NULL,'0',NULL,NULL,NULL,NULL,'COL_GROUP_ID',NULL,'1','1','1','1','1','1','0',NULL,NULL,NULL,NULL,NULL,'自動採番のため編集不可。実行処理種別が【登録】の場合、空白のみ可。','Cannot edit because of auto-numbering. Must be blank when execution process type is [Register].',NULL,'0',_____DATE_____,1);
INSERT INTO T_COMN_MENU_COLUMN_LINK_JNL (JOURNAL_SEQ_NO,JOURNAL_REG_DATETIME,JOURNAL_ACTION_CLASS,COLUMN_DEFINITION_ID,MENU_ID,COLUMN_NAME_JA,COLUMN_NAME_EN,COLUMN_NAME_REST,COL_GROUP_ID,COLUMN_CLASS,COLUMN_DISP_SEQ,REF_TABLE_NAME,REF_PKEY_NAME,REF_COL_NAME,REF_SORT_CONDITIONS,REF_MULTI_LANG,REFERENCE_ITEM,SENSITIVE_COL_NAME,FILE_UPLOAD_PLACE,BUTTON_ACTION,COL_NAME,SAVE_TYPE,AUTO_INPUT,INPUT_ITEM,VIEW_ITEM,UNIQUE_ITEM,REQUIRED_ITEM,AUTOREG_HIDE_ITEM,AUTOREG_ONLY_ITEM,INITIAL_VALUE,VALIDATE_OPTION,VALIDATE_REG_EXP,BEFORE_VALIDATE_REGISTER,AFTER_VALIDATE_REGISTER,DESCRIPTION_JA,DESCRIPTION_EN,NOTE,DISUSE_FLAG,LAST_UPDATE_TIMESTAMP,LAST_UPDATE_USER) VALUES(1020501,_____DATE_____,'INSERT','1020501','10205','カラムグループID','Column group ID','column_group_id',NULL,'1',10,NULL,NULL,NULL,NULL,'0',NULL,NULL,NULL,NULL,'COL_GROUP_ID',NULL,'1','1','1','1','1','1','0',NULL,NULL,NULL,NULL,NULL,'自動採番のため編集不可。実行処理種別が【登録】の場合、空白のみ可。','Cannot edit because of auto-numbering. Must be blank when execution process type is [Register].',NULL,'0',_____DATE_____,1);
INSERT INTO T_COMN_MENU_COLUMN_LINK (COLUMN_DEFINITION_ID,MENU_ID,COLUMN_NAME_JA,COLUMN_NAME_EN,COLUMN_NAME_REST,COL_GROUP_ID,COLUMN_CLASS,COLUMN_DISP_SEQ,REF_TABLE_NAME,REF_PKEY_NAME,REF_COL_NAME,REF_SORT_CONDITIONS,REF_MULTI_LANG,REFERENCE_ITEM,SENSITIVE_COL_NAME,FILE_UPLOAD_PLACE,BUTTON_ACTION,COL_NAME,SAVE_TYPE,AUTO_INPUT,INPUT_ITEM,VIEW_ITEM,UNIQUE_ITEM,REQUIRED_ITEM,AUTOREG_HIDE_ITEM,AUTOREG_ONLY_ITEM,INITIAL_VALUE,VALIDATE_OPTION,VALIDATE_REG_EXP,BEFORE_VALIDATE_REGISTER,AFTER_VALIDATE_REGISTER,DESCRIPTION_JA,DESCRIPTION_EN,NOTE,DISUSE_FLAG,LAST_UPDATE_TIMESTAMP,LAST_UPDATE_USER) VALUES('1020502','10205','親カラムグループ','Parent column group ID','parent_column_group_id',NULL,'1',20,'T_COMN_COLUMN_GROUP','COL_GROUP_ID','FULL_COL_GROUP_NAME',NULL,'1',NULL,NULL,NULL,NULL,'PA_COL_GROUP_ID',NULL,'0','1','1','0','0','1','0',NULL,NULL,NULL,NULL,NULL,'プルダウン選択','Pull-down selection',NULL,'0',_____DATE_____,1);
INSERT INTO T_COMN_MENU_COLUMN_LINK_JNL (JOURNAL_SEQ_NO,JOURNAL_REG_DATETIME,JOURNAL_ACTION_CLASS,COLUMN_DEFINITION_ID,MENU_ID,COLUMN_NAME_JA,COLUMN_NAME_EN,COLUMN_NAME_REST,COL_GROUP_ID,COLUMN_CLASS,COLUMN_DISP_SEQ,REF_TABLE_NAME,REF_PKEY_NAME,REF_COL_NAME,REF_SORT_CONDITIONS,REF_MULTI_LANG,REFERENCE_ITEM,SENSITIVE_COL_NAME,FILE_UPLOAD_PLACE,BUTTON_ACTION,COL_NAME,SAVE_TYPE,AUTO_INPUT,INPUT_ITEM,VIEW_ITEM,UNIQUE_ITEM,REQUIRED_ITEM,AUTOREG_HIDE_ITEM,AUTOREG_ONLY_ITEM,INITIAL_VALUE,VALIDATE_OPTION,VALIDATE_REG_EXP,BEFORE_VALIDATE_REGISTER,AFTER_VALIDATE_REGISTER,DESCRIPTION_JA,DESCRIPTION_EN,NOTE,DISUSE_FLAG,LAST_UPDATE_TIMESTAMP,LAST_UPDATE_USER) VALUES(1020502,_____DATE_____,'INSERT','1020502','10205','親カラムグループ','Parent column group ID','parent_column_group_id',NULL,'1',20,'T_COMN_COLUMN_GROUP','COL_GROUP_ID','FULL_COL_GROUP_NAME',NULL,'1',NULL,NULL,NULL,NULL,'PA_COL_GROUP_ID',NULL,'0','1','1','0','0','1','0',NULL,NULL,NULL,NULL,NULL,'プルダウン選択','Pull-down selection',NULL,'0',_____DATE_____,1);
INSERT INTO T_COMN_MENU_COLUMN_LINK (COLUMN_DEFINITION_ID,MENU_ID,COLUMN_NAME_JA,COLUMN_NAME_EN,COLUMN_NAME_REST,COL_GROUP_ID,COLUMN_CLASS,COLUMN_DISP_SEQ,REF_TABLE_NAME,REF_PKEY_NAME,REF_COL_NAME,REF_SORT_CONDITIONS,REF_MULTI_LANG,REFERENCE_ITEM,SENSITIVE_COL_NAME,FILE_UPLOAD_PLACE,BUTTON_ACTION,COL_NAME,SAVE_TYPE,AUTO_INPUT,INPUT_ITEM,VIEW_ITEM,UNIQUE_ITEM,REQUIRED_ITEM,AUTOREG_HIDE_ITEM,AUTOREG_ONLY_ITEM,INITIAL_VALUE,VALIDATE_OPTION,VALIDATE_REG_EXP,BEFORE_VALIDATE_REGISTER,AFTER_VALIDATE_REGISTER,DESCRIPTION_JA,DESCRIPTION_EN,NOTE,DISUSE_FLAG,LAST_UPDATE_TIMESTAMP,LAST_UPDATE_USER) VALUES('1020503','10205','カラムグループ名(ja)','Column group name(ja)','column_group_name_ja',NULL,'1',30,NULL,NULL,NULL,NULL,'0',NULL,NULL,NULL,NULL,'COL_GROUP_NAME_JA',NULL,'0','1','1','0','1','1','0',NULL,'{
"min_length": 0,
"max_length": 255
}',NULL,NULL,NULL,'[最大長]255バイト','[Maximum length] 255 byte',NULL,'0',_____DATE_____,1);
INSERT INTO T_COMN_MENU_COLUMN_LINK_JNL (JOURNAL_SEQ_NO,JOURNAL_REG_DATETIME,JOURNAL_ACTION_CLASS,COLUMN_DEFINITION_ID,MENU_ID,COLUMN_NAME_JA,COLUMN_NAME_EN,COLUMN_NAME_REST,COL_GROUP_ID,COLUMN_CLASS,COLUMN_DISP_SEQ,REF_TABLE_NAME,REF_PKEY_NAME,REF_COL_NAME,REF_SORT_CONDITIONS,REF_MULTI_LANG,REFERENCE_ITEM,SENSITIVE_COL_NAME,FILE_UPLOAD_PLACE,BUTTON_ACTION,COL_NAME,SAVE_TYPE,AUTO_INPUT,INPUT_ITEM,VIEW_ITEM,UNIQUE_ITEM,REQUIRED_ITEM,AUTOREG_HIDE_ITEM,AUTOREG_ONLY_ITEM,INITIAL_VALUE,VALIDATE_OPTION,VALIDATE_REG_EXP,BEFORE_VALIDATE_REGISTER,AFTER_VALIDATE_REGISTER,DESCRIPTION_JA,DESCRIPTION_EN,NOTE,DISUSE_FLAG,LAST_UPDATE_TIMESTAMP,LAST_UPDATE_USER) VALUES(1020503,_____DATE_____,'INSERT','1020503','10205','カラムグループ名(ja)','Column group name(ja)','column_group_name_ja',NULL,'1',30,NULL,NULL,NULL,NULL,'0',NULL,NULL,NULL,NULL,'COL_GROUP_NAME_JA',NULL,'0','1','1','0','1','1','0',NULL,'{
"min_length": 0,
"max_length": 255
}',NULL,NULL,NULL,'[最大長]255バイト','[Maximum length] 255 byte',NULL,'0',_____DATE_____,1);
INSERT INTO T_COMN_MENU_COLUMN_LINK (COLUMN_DEFINITION_ID,MENU_ID,COLUMN_NAME_JA,COLUMN_NAME_EN,COLUMN_NAME_REST,COL_GROUP_ID,COLUMN_CLASS,COLUMN_DISP_SEQ,REF_TABLE_NAME,REF_PKEY_NAME,REF_COL_NAME,REF_SORT_CONDITIONS,REF_MULTI_LANG,REFERENCE_ITEM,SENSITIVE_COL_NAME,FILE_UPLOAD_PLACE,BUTTON_ACTION,COL_NAME,SAVE_TYPE,AUTO_INPUT,INPUT_ITEM,VIEW_ITEM,UNIQUE_ITEM,REQUIRED_ITEM,AUTOREG_HIDE_ITEM,AUTOREG_ONLY_ITEM,INITIAL_VALUE,VALIDATE_OPTION,VALIDATE_REG_EXP,BEFORE_VALIDATE_REGISTER,AFTER_VALIDATE_REGISTER,DESCRIPTION_JA,DESCRIPTION_EN,NOTE,DISUSE_FLAG,LAST_UPDATE_TIMESTAMP,LAST_UPDATE_USER) VALUES('1020504','10205','カラムグループ名(en)','Column group name(en)','column_group_name_en',NULL,'1',40,NULL,NULL,NULL,NULL,'0',NULL,NULL,NULL,NULL,'COL_GROUP_NAME_EN',NULL,'0','1','1','0','1','1','0',NULL,'{
"min_length": 0,
"max_length": 255
}',NULL,NULL,NULL,'[最大長]255バイト','[Maximum length] 255 byte',NULL,'0',_____DATE_____,1);
INSERT INTO T_COMN_MENU_COLUMN_LINK_JNL (JOURNAL_SEQ_NO,JOURNAL_REG_DATETIME,JOURNAL_ACTION_CLASS,COLUMN_DEFINITION_ID,MENU_ID,COLUMN_NAME_JA,COLUMN_NAME_EN,COLUMN_NAME_REST,COL_GROUP_ID,COLUMN_CLASS,COLUMN_DISP_SEQ,REF_TABLE_NAME,REF_PKEY_NAME,REF_COL_NAME,REF_SORT_CONDITIONS,REF_MULTI_LANG,REFERENCE_ITEM,SENSITIVE_COL_NAME,FILE_UPLOAD_PLACE,BUTTON_ACTION,COL_NAME,SAVE_TYPE,AUTO_INPUT,INPUT_ITEM,VIEW_ITEM,UNIQUE_ITEM,REQUIRED_ITEM,AUTOREG_HIDE_ITEM,AUTOREG_ONLY_ITEM,INITIAL_VALUE,VALIDATE_OPTION,VALIDATE_REG_EXP,BEFORE_VALIDATE_REGISTER,AFTER_VALIDATE_REGISTER,DESCRIPTION_JA,DESCRIPTION_EN,NOTE,DISUSE_FLAG,LAST_UPDATE_TIMESTAMP,LAST_UPDATE_USER) VALUES(1020504,_____DATE_____,'INSERT','1020504','10205','カラムグループ名(en)','Column group name(en)','column_group_name_en',NULL,'1',40,NULL,NULL,NULL,NULL,'0',NULL,NULL,NULL,NULL,'COL_GROUP_NAME_EN',NULL,'0','1','1','0','1','1','0',NULL,'{
"min_length": 0,
"max_length": 255
}',NULL,NULL,NULL,'[最大長]255バイト','[Maximum length] 255 byte',NULL,'0',_____DATE_____,1);
INSERT INTO T_COMN_MENU_COLUMN_LINK (COLUMN_DEFINITION_ID,MENU_ID,COLUMN_NAME_JA,COLUMN_NAME_EN,COLUMN_NAME_REST,COL_GROUP_ID,COLUMN_CLASS,COLUMN_DISP_SEQ,REF_TABLE_NAME,REF_PKEY_NAME,REF_COL_NAME,REF_SORT_CONDITIONS,REF_MULTI_LANG,REFERENCE_ITEM,SENSITIVE_COL_NAME,FILE_UPLOAD_PLACE,BUTTON_ACTION,COL_NAME,SAVE_TYPE,AUTO_INPUT,INPUT_ITEM,VIEW_ITEM,UNIQUE_ITEM,REQUIRED_ITEM,AUTOREG_HIDE_ITEM,AUTOREG_ONLY_ITEM,INITIAL_VALUE,VALIDATE_OPTION,VALIDATE_REG_EXP,BEFORE_VALIDATE_REGISTER,AFTER_VALIDATE_REGISTER,DESCRIPTION_JA,DESCRIPTION_EN,NOTE,DISUSE_FLAG,LAST_UPDATE_TIMESTAMP,LAST_UPDATE_USER) VALUES('1020505','10205','フルカラムグループ名(ja)','Full column group name(ja)','full_column_group_name_ja',NULL,'1',50,NULL,NULL,NULL,NULL,'0',NULL,NULL,NULL,NULL,'FULL_COL_GROUP_NAME_JA',NULL,'1','0','1','1','1','1','0',NULL,NULL,NULL,NULL,NULL,'[最大長]4000バイト','[Maximum length] 4000 byte',NULL,'0',_____DATE_____,1);
INSERT INTO T_COMN_MENU_COLUMN_LINK_JNL (JOURNAL_SEQ_NO,JOURNAL_REG_DATETIME,JOURNAL_ACTION_CLASS,COLUMN_DEFINITION_ID,MENU_ID,COLUMN_NAME_JA,COLUMN_NAME_EN,COLUMN_NAME_REST,COL_GROUP_ID,COLUMN_CLASS,COLUMN_DISP_SEQ,REF_TABLE_NAME,REF_PKEY_NAME,REF_COL_NAME,REF_SORT_CONDITIONS,REF_MULTI_LANG,REFERENCE_ITEM,SENSITIVE_COL_NAME,FILE_UPLOAD_PLACE,BUTTON_ACTION,COL_NAME,SAVE_TYPE,AUTO_INPUT,INPUT_ITEM,VIEW_ITEM,UNIQUE_ITEM,REQUIRED_ITEM,AUTOREG_HIDE_ITEM,AUTOREG_ONLY_ITEM,INITIAL_VALUE,VALIDATE_OPTION,VALIDATE_REG_EXP,BEFORE_VALIDATE_REGISTER,AFTER_VALIDATE_REGISTER,DESCRIPTION_JA,DESCRIPTION_EN,NOTE,DISUSE_FLAG,LAST_UPDATE_TIMESTAMP,LAST_UPDATE_USER) VALUES(1020505,_____DATE_____,'INSERT','1020505','10205','フルカラムグループ名(ja)','Full column group name(ja)','full_column_group_name_ja',NULL,'1',50,NULL,NULL,NULL,NULL,'0',NULL,NULL,NULL,NULL,'FULL_COL_GROUP_NAME_JA',NULL,'1','0','1','1','1','1','0',NULL,NULL,NULL,NULL,NULL,'[最大長]4000バイト','[Maximum length] 4000 byte',NULL,'0',_____DATE_____,1);
INSERT INTO T_COMN_MENU_COLUMN_LINK (COLUMN_DEFINITION_ID,MENU_ID,COLUMN_NAME_JA,COLUMN_NAME_EN,COLUMN_NAME_REST,COL_GROUP_ID,COLUMN_CLASS,COLUMN_DISP_SEQ,REF_TABLE_NAME,REF_PKEY_NAME,REF_COL_NAME,REF_SORT_CONDITIONS,REF_MULTI_LANG,REFERENCE_ITEM,SENSITIVE_COL_NAME,FILE_UPLOAD_PLACE,BUTTON_ACTION,COL_NAME,SAVE_TYPE,AUTO_INPUT,INPUT_ITEM,VIEW_ITEM,UNIQUE_ITEM,REQUIRED_ITEM,AUTOREG_HIDE_ITEM,AUTOREG_ONLY_ITEM,INITIAL_VALUE,VALIDATE_OPTION,VALIDATE_REG_EXP,BEFORE_VALIDATE_REGISTER,AFTER_VALIDATE_REGISTER,DESCRIPTION_JA,DESCRIPTION_EN,NOTE,DISUSE_FLAG,LAST_UPDATE_TIMESTAMP,LAST_UPDATE_USER) VALUES('1020506','10205','フルカラムグループ名(en)','Full column group name(en)','full_column_group_name_en',NULL,'1',60,NULL,NULL,NULL,NULL,'0',NULL,NULL,NULL,NULL,'FULL_COL_GROUP_NAME_EN',NULL,'1','0','1','1','1','1','0',NULL,NULL,NULL,NULL,NULL,'[最大長]4000バイト','[Maximum length] 4000 byte',NULL,'0',_____DATE_____,1);
INSERT INTO T_COMN_MENU_COLUMN_LINK_JNL (JOURNAL_SEQ_NO,JOURNAL_REG_DATETIME,JOURNAL_ACTION_CLASS,COLUMN_DEFINITION_ID,MENU_ID,COLUMN_NAME_JA,COLUMN_NAME_EN,COLUMN_NAME_REST,COL_GROUP_ID,COLUMN_CLASS,COLUMN_DISP_SEQ,REF_TABLE_NAME,REF_PKEY_NAME,REF_COL_NAME,REF_SORT_CONDITIONS,REF_MULTI_LANG,REFERENCE_ITEM,SENSITIVE_COL_NAME,FILE_UPLOAD_PLACE,BUTTON_ACTION,COL_NAME,SAVE_TYPE,AUTO_INPUT,INPUT_ITEM,VIEW_ITEM,UNIQUE_ITEM,REQUIRED_ITEM,AUTOREG_HIDE_ITEM,AUTOREG_ONLY_ITEM,INITIAL_VALUE,VALIDATE_OPTION,VALIDATE_REG_EXP,BEFORE_VALIDATE_REGISTER,AFTER_VALIDATE_REGISTER,DESCRIPTION_JA,DESCRIPTION_EN,NOTE,DISUSE_FLAG,LAST_UPDATE_TIMESTAMP,LAST_UPDATE_USER) VALUES(1020506,_____DATE_____,'INSERT','1020506','10205','フルカラムグループ名(en)','Full column group name(en)','full_column_group_name_en',NULL,'1',60,NULL,NULL,NULL,NULL,'0',NULL,NULL,NULL,NULL,'FULL_COL_GROUP_NAME_EN',NULL,'1','0','1','1','1','1','0',NULL,NULL,NULL,NULL,NULL,'[最大長]4000バイト','[Maximum length] 4000 byte',NULL,'0',_____DATE_____,1);
INSERT INTO T_COMN_MENU_COLUMN_LINK (COLUMN_DEFINITION_ID,MENU_ID,COLUMN_NAME_JA,COLUMN_NAME_EN,COLUMN_NAME_REST,COL_GROUP_ID,COLUMN_CLASS,COLUMN_DISP_SEQ,REF_TABLE_NAME,REF_PKEY_NAME,REF_COL_NAME,REF_SORT_CONDITIONS,REF_MULTI_LANG,REFERENCE_ITEM,SENSITIVE_COL_NAME,FILE_UPLOAD_PLACE,BUTTON_ACTION,COL_NAME,SAVE_TYPE,AUTO_INPUT,INPUT_ITEM,VIEW_ITEM,UNIQUE_ITEM,REQUIRED_ITEM,AUTOREG_HIDE_ITEM,AUTOREG_ONLY_ITEM,INITIAL_VALUE,VALIDATE_OPTION,VALIDATE_REG_EXP,BEFORE_VALIDATE_REGISTER,AFTER_VALIDATE_REGISTER,DESCRIPTION_JA,DESCRIPTION_EN,NOTE,DISUSE_FLAG,LAST_UPDATE_TIMESTAMP,LAST_UPDATE_USER) VALUES('1020507','10205','備考','Remarks','remarks',NULL,'12',70,NULL,NULL,NULL,NULL,'0',NULL,NULL,NULL,NULL,'NOTE',NULL,'0','1','1','0','0','1','0',NULL,'{
"min_length": 0,
"max_length": 4000
}',NULL,NULL,NULL,'自由記述欄。レコードの廃止・復活時にも記載可能。','Comments section. Can comment when removing or restoring records.',NULL,'0',_____DATE_____,1);
INSERT INTO T_COMN_MENU_COLUMN_LINK_JNL (JOURNAL_SEQ_NO,JOURNAL_REG_DATETIME,JOURNAL_ACTION_CLASS,COLUMN_DEFINITION_ID,MENU_ID,COLUMN_NAME_JA,COLUMN_NAME_EN,COLUMN_NAME_REST,COL_GROUP_ID,COLUMN_CLASS,COLUMN_DISP_SEQ,REF_TABLE_NAME,REF_PKEY_NAME,REF_COL_NAME,REF_SORT_CONDITIONS,REF_MULTI_LANG,REFERENCE_ITEM,SENSITIVE_COL_NAME,FILE_UPLOAD_PLACE,BUTTON_ACTION,COL_NAME,SAVE_TYPE,AUTO_INPUT,INPUT_ITEM,VIEW_ITEM,UNIQUE_ITEM,REQUIRED_ITEM,AUTOREG_HIDE_ITEM,AUTOREG_ONLY_ITEM,INITIAL_VALUE,VALIDATE_OPTION,VALIDATE_REG_EXP,BEFORE_VALIDATE_REGISTER,AFTER_VALIDATE_REGISTER,DESCRIPTION_JA,DESCRIPTION_EN,NOTE,DISUSE_FLAG,LAST_UPDATE_TIMESTAMP,LAST_UPDATE_USER) VALUES(1020507,_____DATE_____,'INSERT','1020507','10205','備考','Remarks','remarks',NULL,'12',70,NULL,NULL,NULL,NULL,'0',NULL,NULL,NULL,NULL,'NOTE',NULL,'0','1','1','0','0','1','0',NULL,'{
"min_length": 0,
"max_length": 4000
}',NULL,NULL,NULL,'自由記述欄。レコードの廃止・復活時にも記載可能。','Comments section. Can comment when removing or restoring records.',NULL,'0',_____DATE_____,1);
INSERT INTO T_COMN_MENU_COLUMN_LINK (COLUMN_DEFINITION_ID,MENU_ID,COLUMN_NAME_JA,COLUMN_NAME_EN,COLUMN_NAME_REST,COL_GROUP_ID,COLUMN_CLASS,COLUMN_DISP_SEQ,REF_TABLE_NAME,REF_PKEY_NAME,REF_COL_NAME,REF_SORT_CONDITIONS,REF_MULTI_LANG,REFERENCE_ITEM,SENSITIVE_COL_NAME,FILE_UPLOAD_PLACE,BUTTON_ACTION,COL_NAME,SAVE_TYPE,AUTO_INPUT,INPUT_ITEM,VIEW_ITEM,UNIQUE_ITEM,REQUIRED_ITEM,AUTOREG_HIDE_ITEM,AUTOREG_ONLY_ITEM,INITIAL_VALUE,VALIDATE_OPTION,VALIDATE_REG_EXP,BEFORE_VALIDATE_REGISTER,AFTER_VALIDATE_REGISTER,DESCRIPTION_JA,DESCRIPTION_EN,NOTE,DISUSE_FLAG,LAST_UPDATE_TIMESTAMP,LAST_UPDATE_USER) VALUES('1020508','10205','廃止フラグ','Discard','discard',NULL,'1',80,NULL,NULL,NULL,NULL,'0',NULL,NULL,NULL,NULL,'DISUSE_FLAG',NULL,'1','1','1','0','1','1','0',NULL,NULL,NULL,NULL,NULL,'廃止フラグ。復活以外のオペレーションは不可','Discard flag. Cannot do operation other than restore.',NULL,'0',_____DATE_____,1);
INSERT INTO T_COMN_MENU_COLUMN_LINK_JNL (JOURNAL_SEQ_NO,JOURNAL_REG_DATETIME,JOURNAL_ACTION_CLASS,COLUMN_DEFINITION_ID,MENU_ID,COLUMN_NAME_JA,COLUMN_NAME_EN,COLUMN_NAME_REST,COL_GROUP_ID,COLUMN_CLASS,COLUMN_DISP_SEQ,REF_TABLE_NAME,REF_PKEY_NAME,REF_COL_NAME,REF_SORT_CONDITIONS,REF_MULTI_LANG,REFERENCE_ITEM,SENSITIVE_COL_NAME,FILE_UPLOAD_PLACE,BUTTON_ACTION,COL_NAME,SAVE_TYPE,AUTO_INPUT,INPUT_ITEM,VIEW_ITEM,UNIQUE_ITEM,REQUIRED_ITEM,AUTOREG_HIDE_ITEM,AUTOREG_ONLY_ITEM,INITIAL_VALUE,VALIDATE_OPTION,VALIDATE_REG_EXP,BEFORE_VALIDATE_REGISTER,AFTER_VALIDATE_REGISTER,DESCRIPTION_JA,DESCRIPTION_EN,NOTE,DISUSE_FLAG,LAST_UPDATE_TIMESTAMP,LAST_UPDATE_USER) VALUES(1020508,_____DATE_____,'INSERT','1020508','10205','廃止フラグ','Discard','discard',NULL,'1',80,NULL,NULL,NULL,NULL,'0',NULL,NULL,NULL,NULL,'DISUSE_FLAG',NULL,'1','1','1','0','1','1','0',NULL,NULL,NULL,NULL,NULL,'廃止フラグ。復活以外のオペレーションは不可','Discard flag. Cannot do operation other than restore.',NULL,'0',_____DATE_____,1);
INSERT INTO T_COMN_MENU_COLUMN_LINK (COLUMN_DEFINITION_ID,MENU_ID,COLUMN_NAME_JA,COLUMN_NAME_EN,COLUMN_NAME_REST,COL_GROUP_ID,COLUMN_CLASS,COLUMN_DISP_SEQ,REF_TABLE_NAME,REF_PKEY_NAME,REF_COL_NAME,REF_SORT_CONDITIONS,REF_MULTI_LANG,REFERENCE_ITEM,SENSITIVE_COL_NAME,FILE_UPLOAD_PLACE,BUTTON_ACTION,COL_NAME,SAVE_TYPE,AUTO_INPUT,INPUT_ITEM,VIEW_ITEM,UNIQUE_ITEM,REQUIRED_ITEM,AUTOREG_HIDE_ITEM,AUTOREG_ONLY_ITEM,INITIAL_VALUE,VALIDATE_OPTION,VALIDATE_REG_EXP,BEFORE_VALIDATE_REGISTER,AFTER_VALIDATE_REGISTER,DESCRIPTION_JA,DESCRIPTION_EN,NOTE,DISUSE_FLAG,LAST_UPDATE_TIMESTAMP,LAST_UPDATE_USER) VALUES('1020509','10205','最終更新日時','Last update date/time','last_update_date_time',NULL,'13',90,NULL,NULL,NULL,NULL,'0',NULL,NULL,NULL,NULL,'LAST_UPDATE_TIMESTAMP',NULL,'1','0','1','0','1','1','0',NULL,NULL,NULL,NULL,NULL,'レコードの最終更新日。自動登録のため編集不可。','Last update date of record. Cannot edit because of auto-registration.',NULL,'0',_____DATE_____,1);
INSERT INTO T_COMN_MENU_COLUMN_LINK_JNL (JOURNAL_SEQ_NO,JOURNAL_REG_DATETIME,JOURNAL_ACTION_CLASS,COLUMN_DEFINITION_ID,MENU_ID,COLUMN_NAME_JA,COLUMN_NAME_EN,COLUMN_NAME_REST,COL_GROUP_ID,COLUMN_CLASS,COLUMN_DISP_SEQ,REF_TABLE_NAME,REF_PKEY_NAME,REF_COL_NAME,REF_SORT_CONDITIONS,REF_MULTI_LANG,REFERENCE_ITEM,SENSITIVE_COL_NAME,FILE_UPLOAD_PLACE,BUTTON_ACTION,COL_NAME,SAVE_TYPE,AUTO_INPUT,INPUT_ITEM,VIEW_ITEM,UNIQUE_ITEM,REQUIRED_ITEM,AUTOREG_HIDE_ITEM,AUTOREG_ONLY_ITEM,INITIAL_VALUE,VALIDATE_OPTION,VALIDATE_REG_EXP,BEFORE_VALIDATE_REGISTER,AFTER_VALIDATE_REGISTER,DESCRIPTION_JA,DESCRIPTION_EN,NOTE,DISUSE_FLAG,LAST_UPDATE_TIMESTAMP,LAST_UPDATE_USER) VALUES(1020509,_____DATE_____,'INSERT','1020509','10205','最終更新日時','Last update date/time','last_update_date_time',NULL,'13',90,NULL,NULL,NULL,NULL,'0',NULL,NULL,NULL,NULL,'LAST_UPDATE_TIMESTAMP',NULL,'1','0','1','0','1','1','0',NULL,NULL,NULL,NULL,NULL,'レコードの最終更新日。自動登録のため編集不可。','Last update date of record. Cannot edit because of auto-registration.',NULL,'0',_____DATE_____,1);
INSERT INTO T_COMN_MENU_COLUMN_LINK (COLUMN_DEFINITION_ID,MENU_ID,COLUMN_NAME_JA,COLUMN_NAME_EN,COLUMN_NAME_REST,COL_GROUP_ID,COLUMN_CLASS,COLUMN_DISP_SEQ,REF_TABLE_NAME,REF_PKEY_NAME,REF_COL_NAME,REF_SORT_CONDITIONS,REF_MULTI_LANG,REFERENCE_ITEM,SENSITIVE_COL_NAME,FILE_UPLOAD_PLACE,BUTTON_ACTION,COL_NAME,SAVE_TYPE,AUTO_INPUT,INPUT_ITEM,VIEW_ITEM,UNIQUE_ITEM,REQUIRED_ITEM,AUTOREG_HIDE_ITEM,AUTOREG_ONLY_ITEM,INITIAL_VALUE,VALIDATE_OPTION,VALIDATE_REG_EXP,BEFORE_VALIDATE_REGISTER,AFTER_VALIDATE_REGISTER,DESCRIPTION_JA,DESCRIPTION_EN,NOTE,DISUSE_FLAG,LAST_UPDATE_TIMESTAMP,LAST_UPDATE_USER) VALUES('1020510','10205','最終更新者','Last updated by','last_updated_user',NULL,'14',100,NULL,NULL,NULL,NULL,'0',NULL,NULL,NULL,NULL,'LAST_UPDATE_USER',NULL,'1','0','1','0','1','1','0',NULL,NULL,NULL,NULL,NULL,'更新者。ログインユーザのIDが自動的に登録される。編集不可。','Updated by. Login user ID is automatically registered. Cannot edit.',NULL,'0',_____DATE_____,1);
INSERT INTO T_COMN_MENU_COLUMN_LINK_JNL (JOURNAL_SEQ_NO,JOURNAL_REG_DATETIME,JOURNAL_ACTION_CLASS,COLUMN_DEFINITION_ID,MENU_ID,COLUMN_NAME_JA,COLUMN_NAME_EN,COLUMN_NAME_REST,COL_GROUP_ID,COLUMN_CLASS,COLUMN_DISP_SEQ,REF_TABLE_NAME,REF_PKEY_NAME,REF_COL_NAME,REF_SORT_CONDITIONS,REF_MULTI_LANG,REFERENCE_ITEM,SENSITIVE_COL_NAME,FILE_UPLOAD_PLACE,BUTTON_ACTION,COL_NAME,SAVE_TYPE,AUTO_INPUT,INPUT_ITEM,VIEW_ITEM,UNIQUE_ITEM,REQUIRED_ITEM,AUTOREG_HIDE_ITEM,AUTOREG_ONLY_ITEM,INITIAL_VALUE,VALIDATE_OPTION,VALIDATE_REG_EXP,BEFORE_VALIDATE_REGISTER,AFTER_VALIDATE_REGISTER,DESCRIPTION_JA,DESCRIPTION_EN,NOTE,DISUSE_FLAG,LAST_UPDATE_TIMESTAMP,LAST_UPDATE_USER) VALUES(1020510,_____DATE_____,'INSERT','1020510','10205','最終更新者','Last updated by','last_updated_user',NULL,'14',100,NULL,NULL,NULL,NULL,'0',NULL,NULL,NULL,NULL,'LAST_UPDATE_USER',NULL,'1','0','1','0','1','1','0',NULL,NULL,NULL,NULL,NULL,'更新者。ログインユーザのIDが自動的に登録される。編集不可。','Updated by. Login user ID is automatically registered. Cannot edit.',NULL,'0',_____DATE_____,1);

INSERT INTO T_COMN_COLUMN_GROUP (COL_GROUP_ID,PA_COL_GROUP_ID,COL_GROUP_NAME_JA,COL_GROUP_NAME_EN,FULL_COL_GROUP_NAME_JA,FULL_COL_GROUP_NAME_EN,NOTE,DISUSE_FLAG,LAST_UPDATE_TIMESTAMP,LAST_UPDATE_USER) VALUES('0000001',NULL,'オペレーション','Operation','オペレーション','Operation',NULL,'0',_____DATE_____,1);
INSERT INTO T_COMN_COLUMN_GROUP_JNL (JOURNAL_SEQ_NO,JOURNAL_REG_DATETIME,JOURNAL_ACTION_CLASS,COL_GROUP_ID,PA_COL_GROUP_ID,COL_GROUP_NAME_JA,COL_GROUP_NAME_EN,FULL_COL_GROUP_NAME_JA,FULL_COL_GROUP_NAME_EN,NOTE,DISUSE_FLAG,LAST_UPDATE_TIMESTAMP,LAST_UPDATE_USER) VALUES(0000001,_____DATE_____,'INSERT','0000001',NULL,'オペレーション','Operation','オペレーション','Operation',NULL,'0',_____DATE_____,1);
INSERT INTO T_COMN_COLUMN_GROUP (COL_GROUP_ID,PA_COL_GROUP_ID,COL_GROUP_NAME_JA,COL_GROUP_NAME_EN,FULL_COL_GROUP_NAME_JA,FULL_COL_GROUP_NAME_EN,NOTE,DISUSE_FLAG,LAST_UPDATE_TIMESTAMP,LAST_UPDATE_USER) VALUES('0000002',NULL,'パラメータ','Parameter','パラメータ','Parameter',NULL,'0',_____DATE_____,1);
INSERT INTO T_COMN_COLUMN_GROUP_JNL (JOURNAL_SEQ_NO,JOURNAL_REG_DATETIME,JOURNAL_ACTION_CLASS,COL_GROUP_ID,PA_COL_GROUP_ID,COL_GROUP_NAME_JA,COL_GROUP_NAME_EN,FULL_COL_GROUP_NAME_JA,FULL_COL_GROUP_NAME_EN,NOTE,DISUSE_FLAG,LAST_UPDATE_TIMESTAMP,LAST_UPDATE_USER) VALUES(0000002,_____DATE_____,'INSERT','0000002',NULL,'パラメータ','Parameter','パラメータ','Parameter',NULL,'0',_____DATE_____,1);
INSERT INTO T_COMN_COLUMN_GROUP (COL_GROUP_ID,PA_COL_GROUP_ID,COL_GROUP_NAME_JA,COL_GROUP_NAME_EN,FULL_COL_GROUP_NAME_JA,FULL_COL_GROUP_NAME_EN,NOTE,DISUSE_FLAG,LAST_UPDATE_TIMESTAMP,LAST_UPDATE_USER) VALUES('1020201',NULL,'Ansible利用情報','Dedicated information for ansible','Ansible利用情報','Dedicated information for ansible',NULL,'0',_____DATE_____,1);
INSERT INTO T_COMN_COLUMN_GROUP_JNL (JOURNAL_SEQ_NO,JOURNAL_REG_DATETIME,JOURNAL_ACTION_CLASS,COL_GROUP_ID,PA_COL_GROUP_ID,COL_GROUP_NAME_JA,COL_GROUP_NAME_EN,FULL_COL_GROUP_NAME_JA,FULL_COL_GROUP_NAME_EN,NOTE,DISUSE_FLAG,LAST_UPDATE_TIMESTAMP,LAST_UPDATE_USER) VALUES(1020201,_____DATE_____,'INSERT','1020201',NULL,'Ansible利用情報','Dedicated information for ansible','Ansible利用情報','Dedicated information for ansible',NULL,'0',_____DATE_____,1);
INSERT INTO T_COMN_COLUMN_GROUP (COL_GROUP_ID,PA_COL_GROUP_ID,COL_GROUP_NAME_JA,COL_GROUP_NAME_EN,FULL_COL_GROUP_NAME_JA,FULL_COL_GROUP_NAME_EN,NOTE,DISUSE_FLAG,LAST_UPDATE_TIMESTAMP,LAST_UPDATE_USER) VALUES('1020202','1020201','Ansible-Core利用情報','Dedicated information for Ansible-Core','Ansible-Core利用情報','Dedicated information for Ansible-Core',NULL,'0',_____DATE_____,1);
INSERT INTO T_COMN_COLUMN_GROUP_JNL (JOURNAL_SEQ_NO,JOURNAL_REG_DATETIME,JOURNAL_ACTION_CLASS,COL_GROUP_ID,PA_COL_GROUP_ID,COL_GROUP_NAME_JA,COL_GROUP_NAME_EN,FULL_COL_GROUP_NAME_JA,FULL_COL_GROUP_NAME_EN,NOTE,DISUSE_FLAG,LAST_UPDATE_TIMESTAMP,LAST_UPDATE_USER) VALUES(1020202,_____DATE_____,'INSERT','1020202','1020201','Ansible-Core利用情報','Dedicated information for Ansible-Core','Ansible-Core利用情報','Dedicated information for Ansible-Core',NULL,'0',_____DATE_____,1);
INSERT INTO T_COMN_COLUMN_GROUP (COL_GROUP_ID,PA_COL_GROUP_ID,COL_GROUP_NAME_JA,COL_GROUP_NAME_EN,FULL_COL_GROUP_NAME_JA,FULL_COL_GROUP_NAME_EN,NOTE,DISUSE_FLAG,LAST_UPDATE_TIMESTAMP,LAST_UPDATE_USER) VALUES('1020203','1020201','Tower利用情報','Dedicated information for Tower','Tower利用情報','Dedicated information for Tower',NULL,'0',_____DATE_____,1);
INSERT INTO T_COMN_COLUMN_GROUP_JNL (JOURNAL_SEQ_NO,JOURNAL_REG_DATETIME,JOURNAL_ACTION_CLASS,COL_GROUP_ID,PA_COL_GROUP_ID,COL_GROUP_NAME_JA,COL_GROUP_NAME_EN,FULL_COL_GROUP_NAME_JA,FULL_COL_GROUP_NAME_EN,NOTE,DISUSE_FLAG,LAST_UPDATE_TIMESTAMP,LAST_UPDATE_USER) VALUES(1020203,_____DATE_____,'INSERT','1020203','1020201','Tower利用情報','Dedicated information for Tower','Tower利用情報','Dedicated information for Tower',NULL,'0',_____DATE_____,1);
INSERT INTO T_COMN_COLUMN_GROUP (COL_GROUP_ID,PA_COL_GROUP_ID,COL_GROUP_NAME_JA,COL_GROUP_NAME_EN,FULL_COL_GROUP_NAME_JA,FULL_COL_GROUP_NAME_EN,NOTE,DISUSE_FLAG,LAST_UPDATE_TIMESTAMP,LAST_UPDATE_USER) VALUES('1020204','1020201','Ansible Automation Controller利用情報','Dedicated information for Ansible Automation Controller','Ansible Automation Controller利用情報','Dedicated information for Ansible Automation Controller',NULL,'0',_____DATE_____,1);
INSERT INTO T_COMN_COLUMN_GROUP_JNL (JOURNAL_SEQ_NO,JOURNAL_REG_DATETIME,JOURNAL_ACTION_CLASS,COL_GROUP_ID,PA_COL_GROUP_ID,COL_GROUP_NAME_JA,COL_GROUP_NAME_EN,FULL_COL_GROUP_NAME_JA,FULL_COL_GROUP_NAME_EN,NOTE,DISUSE_FLAG,LAST_UPDATE_TIMESTAMP,LAST_UPDATE_USER) VALUES(1020204,_____DATE_____,'INSERT','1020204','1020201','Ansible Automation Controller利用情報','Dedicated information for Ansible Automation Controller','Ansible Automation Controller利用情報','Dedicated information for Ansible Automation Controller',NULL,'0',_____DATE_____,1);

INSERT INTO T_COMN_COLUMN_CLASS (COLUMN_CLASS_ID,COLUMN_CLASS_NAME,COLUMN_CLASS_DISP_NAME_JA,COLUMN_CLASS_DISP_NAME_EN,MENU_CREATE_TARGET_FLAG,DISP_SEQ,NOTE,DISUSE_FLAG,LAST_UPDATE_TIMESTAMP,LAST_UPDATE_USER) VALUES(1,'SingleTextColumn','文字列(単一行)','String','1',10,NULL,'0',_____DATE_____,1);

INSERT INTO T_COMN_COLUMN_CLASS (COLUMN_CLASS_ID,COLUMN_CLASS_NAME,COLUMN_CLASS_DISP_NAME_JA,COLUMN_CLASS_DISP_NAME_EN,MENU_CREATE_TARGET_FLAG,DISP_SEQ,NOTE,DISUSE_FLAG,LAST_UPDATE_TIMESTAMP,LAST_UPDATE_USER) VALUES(2,'MultiTextColumn','文字列(複数行)','Multi string','1',20,NULL,'0',_____DATE_____,1);

INSERT INTO T_COMN_COLUMN_CLASS (COLUMN_CLASS_ID,COLUMN_CLASS_NAME,COLUMN_CLASS_DISP_NAME_JA,COLUMN_CLASS_DISP_NAME_EN,MENU_CREATE_TARGET_FLAG,DISP_SEQ,NOTE,DISUSE_FLAG,LAST_UPDATE_TIMESTAMP,LAST_UPDATE_USER) VALUES(3,'NumColumn','整数','Integer','1',30,NULL,'0',_____DATE_____,1);

INSERT INTO T_COMN_COLUMN_CLASS (COLUMN_CLASS_ID,COLUMN_CLASS_NAME,COLUMN_CLASS_DISP_NAME_JA,COLUMN_CLASS_DISP_NAME_EN,MENU_CREATE_TARGET_FLAG,DISP_SEQ,NOTE,DISUSE_FLAG,LAST_UPDATE_TIMESTAMP,LAST_UPDATE_USER) VALUES(4,'FloatColumn','小数','Decimal number','1',40,NULL,'0',_____DATE_____,1);

INSERT INTO T_COMN_COLUMN_CLASS (COLUMN_CLASS_ID,COLUMN_CLASS_NAME,COLUMN_CLASS_DISP_NAME_JA,COLUMN_CLASS_DISP_NAME_EN,MENU_CREATE_TARGET_FLAG,DISP_SEQ,NOTE,DISUSE_FLAG,LAST_UPDATE_TIMESTAMP,LAST_UPDATE_USER) VALUES(5,'DateTimeColumn','日時','Date/time','1',50,NULL,'0',_____DATE_____,1);

INSERT INTO T_COMN_COLUMN_CLASS (COLUMN_CLASS_ID,COLUMN_CLASS_NAME,COLUMN_CLASS_DISP_NAME_JA,COLUMN_CLASS_DISP_NAME_EN,MENU_CREATE_TARGET_FLAG,DISP_SEQ,NOTE,DISUSE_FLAG,LAST_UPDATE_TIMESTAMP,LAST_UPDATE_USER) VALUES(6,'DateColumn','日付','Date','1',60,NULL,'0',_____DATE_____,1);

INSERT INTO T_COMN_COLUMN_CLASS (COLUMN_CLASS_ID,COLUMN_CLASS_NAME,COLUMN_CLASS_DISP_NAME_JA,COLUMN_CLASS_DISP_NAME_EN,MENU_CREATE_TARGET_FLAG,DISP_SEQ,NOTE,DISUSE_FLAG,LAST_UPDATE_TIMESTAMP,LAST_UPDATE_USER) VALUES(7,'IDColumn','プルダウン選択','Pulldown selection','1',70,NULL,'0',_____DATE_____,1);

INSERT INTO T_COMN_COLUMN_CLASS (COLUMN_CLASS_ID,COLUMN_CLASS_NAME,COLUMN_CLASS_DISP_NAME_JA,COLUMN_CLASS_DISP_NAME_EN,MENU_CREATE_TARGET_FLAG,DISP_SEQ,NOTE,DISUSE_FLAG,LAST_UPDATE_TIMESTAMP,LAST_UPDATE_USER) VALUES(8,'PasswordColumn','パスワード','Password','1',80,NULL,'0',_____DATE_____,1);

INSERT INTO T_COMN_COLUMN_CLASS (COLUMN_CLASS_ID,COLUMN_CLASS_NAME,COLUMN_CLASS_DISP_NAME_JA,COLUMN_CLASS_DISP_NAME_EN,MENU_CREATE_TARGET_FLAG,DISP_SEQ,NOTE,DISUSE_FLAG,LAST_UPDATE_TIMESTAMP,LAST_UPDATE_USER) VALUES(9,'FileUploadColumn','ファイルアップロード','File upload','1',90,NULL,'0',_____DATE_____,1);

INSERT INTO T_COMN_COLUMN_CLASS (COLUMN_CLASS_ID,COLUMN_CLASS_NAME,COLUMN_CLASS_DISP_NAME_JA,COLUMN_CLASS_DISP_NAME_EN,MENU_CREATE_TARGET_FLAG,DISP_SEQ,NOTE,DISUSE_FLAG,LAST_UPDATE_TIMESTAMP,LAST_UPDATE_USER) VALUES(10,'HostInsideLinkTextColumn','リンク','Link','1',100,NULL,'0',_____DATE_____,1);

INSERT INTO T_COMN_COLUMN_CLASS (COLUMN_CLASS_ID,COLUMN_CLASS_NAME,COLUMN_CLASS_DISP_NAME_JA,COLUMN_CLASS_DISP_NAME_EN,MENU_CREATE_TARGET_FLAG,DISP_SEQ,NOTE,DISUSE_FLAG,LAST_UPDATE_TIMESTAMP,LAST_UPDATE_USER) VALUES(11,'LinkIDColumn','パラメータシート参照','Parameter Sheet Reference','1',110,NULL,'0',_____DATE_____,1);

INSERT INTO T_COMN_COLUMN_CLASS (COLUMN_CLASS_ID,COLUMN_CLASS_NAME,COLUMN_CLASS_DISP_NAME_JA,COLUMN_CLASS_DISP_NAME_EN,MENU_CREATE_TARGET_FLAG,DISP_SEQ,NOTE,DISUSE_FLAG,LAST_UPDATE_TIMESTAMP,LAST_UPDATE_USER) VALUES(12,'NoteColumn','備考','Remarks','0',120,NULL,'0',_____DATE_____,1);

INSERT INTO T_COMN_COLUMN_CLASS (COLUMN_CLASS_ID,COLUMN_CLASS_NAME,COLUMN_CLASS_DISP_NAME_JA,COLUMN_CLASS_DISP_NAME_EN,MENU_CREATE_TARGET_FLAG,DISP_SEQ,NOTE,DISUSE_FLAG,LAST_UPDATE_TIMESTAMP,LAST_UPDATE_USER) VALUES(13,'LastUpdateDateColumn','最終更新日時','Last update date/time','0',130,NULL,'0',_____DATE_____,1);

INSERT INTO T_COMN_COLUMN_CLASS (COLUMN_CLASS_ID,COLUMN_CLASS_NAME,COLUMN_CLASS_DISP_NAME_JA,COLUMN_CLASS_DISP_NAME_EN,MENU_CREATE_TARGET_FLAG,DISP_SEQ,NOTE,DISUSE_FLAG,LAST_UPDATE_TIMESTAMP,LAST_UPDATE_USER) VALUES(14,'LastUpdateUserColumn','最終更新者','Last update user','0',140,NULL,'0',_____DATE_____,1);

INSERT INTO T_COMN_COLUMN_CLASS (COLUMN_CLASS_ID,COLUMN_CLASS_NAME,COLUMN_CLASS_DISP_NAME_JA,COLUMN_CLASS_DISP_NAME_EN,MENU_CREATE_TARGET_FLAG,DISP_SEQ,NOTE,DISUSE_FLAG,LAST_UPDATE_TIMESTAMP,LAST_UPDATE_USER) VALUES(15,'MaskColumn','マスクカラム','mask','0',150,NULL,'0',_____DATE_____,1);

INSERT INTO T_COMN_COLUMN_CLASS (COLUMN_CLASS_ID,COLUMN_CLASS_NAME,COLUMN_CLASS_DISP_NAME_JA,COLUMN_CLASS_DISP_NAME_EN,MENU_CREATE_TARGET_FLAG,DISP_SEQ,NOTE,DISUSE_FLAG,LAST_UPDATE_TIMESTAMP,LAST_UPDATE_USER) VALUES(16,'SensitiveSingleTextColumn','singleText sensitive','sensitive  singletext','0',160,NULL,'0',_____DATE_____,1);

INSERT INTO T_COMN_COLUMN_CLASS (COLUMN_CLASS_ID,COLUMN_CLASS_NAME,COLUMN_CLASS_DISP_NAME_JA,COLUMN_CLASS_DISP_NAME_EN,MENU_CREATE_TARGET_FLAG,DISP_SEQ,NOTE,DISUSE_FLAG,LAST_UPDATE_TIMESTAMP,LAST_UPDATE_USER) VALUES(17,'SensitiveMultiTextColumn','multiText sensitive','sensitive  multitext','0',170,NULL,'0',_____DATE_____,1);

INSERT INTO T_COMN_COLUMN_CLASS (COLUMN_CLASS_ID,COLUMN_CLASS_NAME,COLUMN_CLASS_DISP_NAME_JA,COLUMN_CLASS_DISP_NAME_EN,MENU_CREATE_TARGET_FLAG,DISP_SEQ,NOTE,DISUSE_FLAG,LAST_UPDATE_TIMESTAMP,LAST_UPDATE_USER) VALUES(18,'RoleIDColumn','プルダウン選択(ロールID)','Pulldown selection(Role ID)','0',180,NULL,'0',_____DATE_____,1);

INSERT INTO T_COMN_COLUMN_CLASS (COLUMN_CLASS_ID,COLUMN_CLASS_NAME,COLUMN_CLASS_DISP_NAME_JA,COLUMN_CLASS_DISP_NAME_EN,MENU_CREATE_TARGET_FLAG,DISP_SEQ,NOTE,DISUSE_FLAG,LAST_UPDATE_TIMESTAMP,LAST_UPDATE_USER) VALUES(19,'JsonColumn','Json形式','Json format','0',190,NULL,'0',_____DATE_____,1);

INSERT INTO T_COMN_COLUMN_CLASS (COLUMN_CLASS_ID,COLUMN_CLASS_NAME,COLUMN_CLASS_DISP_NAME_JA,COLUMN_CLASS_DISP_NAME_EN,MENU_CREATE_TARGET_FLAG,DISP_SEQ,NOTE,DISUSE_FLAG,LAST_UPDATE_TIMESTAMP,LAST_UPDATE_USER) VALUES(20,'FileUploadEncryptColumn','ファイルアップロード(暗号化)','File upload (encrypt)','0',200,NULL,'0',_____DATE_____,1);

INSERT INTO T_COMN_COLUMN_CLASS (COLUMN_CLASS_ID,COLUMN_CLASS_NAME,COLUMN_CLASS_DISP_NAME_JA,COLUMN_CLASS_DISP_NAME_EN,MENU_CREATE_TARGET_FLAG,DISP_SEQ,NOTE,DISUSE_FLAG,LAST_UPDATE_TIMESTAMP,LAST_UPDATE_USER) VALUES(21,'JsonIDColumn','json形式プルダウン選択','Json pulldown selection','0',210,NULL,'0',_____DATE_____,1);

INSERT INTO T_COMN_COLUMN_CLASS (COLUMN_CLASS_ID,COLUMN_CLASS_NAME,COLUMN_CLASS_DISP_NAME_JA,COLUMN_CLASS_DISP_NAME_EN,MENU_CREATE_TARGET_FLAG,DISP_SEQ,NOTE,DISUSE_FLAG,LAST_UPDATE_TIMESTAMP,LAST_UPDATE_USER) VALUES(22,'EnvironmentIDColumn','プルダウン選択(環境)','Pulldown selection(Environment)','0',220,NULL,'0',_____DATE_____,1);

INSERT INTO T_COMN_COLUMN_CLASS (COLUMN_CLASS_ID,COLUMN_CLASS_NAME,COLUMN_CLASS_DISP_NAME_JA,COLUMN_CLASS_DISP_NAME_EN,MENU_CREATE_TARGET_FLAG,DISP_SEQ,NOTE,DISUSE_FLAG,LAST_UPDATE_TIMESTAMP,LAST_UPDATE_USER) VALUES(23,'ButtonColumn','ボタン','Button','0',230,NULL,'0',_____DATE_____,1);

INSERT INTO T_COMN_COLUMN_CLASS (COLUMN_CLASS_ID,COLUMN_CLASS_NAME,COLUMN_CLASS_DISP_NAME_JA,COLUMN_CLASS_DISP_NAME_EN,MENU_CREATE_TARGET_FLAG,DISP_SEQ,NOTE,DISUSE_FLAG,LAST_UPDATE_TIMESTAMP,LAST_UPDATE_USER) VALUES(24,'TextColumn','テキスト','Text','0',240,NULL,'0',_____DATE_____,1);

INSERT INTO T_COMN_COLUMN_CLASS (COLUMN_CLASS_ID,COLUMN_CLASS_NAME,COLUMN_CLASS_DISP_NAME_JA,COLUMN_CLASS_DISP_NAME_EN,MENU_CREATE_TARGET_FLAG,DISP_SEQ,NOTE,DISUSE_FLAG,LAST_UPDATE_TIMESTAMP,LAST_UPDATE_USER) VALUES(25,'PasswordIDColumn','プルダウン選択(パスワード)','Pulldown selection(Password)','0',250,NULL,'0',_____DATE_____,1);

INSERT INTO T_COMN_COLUMN_CLASS (COLUMN_CLASS_ID,COLUMN_CLASS_NAME,COLUMN_CLASS_DISP_NAME_JA,COLUMN_CLASS_DISP_NAME_EN,MENU_CREATE_TARGET_FLAG,DISP_SEQ,NOTE,DISUSE_FLAG,LAST_UPDATE_TIMESTAMP,LAST_UPDATE_USER) VALUES(26,'JsonPasswordIDColumn','Json形式プルダウン選択(パスワード)','Json Pulldown selection(Password)','0',260,NULL,'0',_____DATE_____,1);


INSERT INTO T_COMN_SHEET_TYPE (SHEET_TYPE_NAME_ID,SHEET_TYPE_NAME_JA,SHEET_TYPE_NAME_EN,MENU_CREATE_TARGET_FLAG,DISP_SEQ,NOTE,DISUSE_FLAG,LAST_UPDATE_TIMESTAMP,LAST_UPDATE_USER) VALUES(0,'標準メニュー','Standard menu','0',0,NULL,'0',_____DATE_____,1);

INSERT INTO T_COMN_SHEET_TYPE (SHEET_TYPE_NAME_ID,SHEET_TYPE_NAME_JA,SHEET_TYPE_NAME_EN,MENU_CREATE_TARGET_FLAG,DISP_SEQ,NOTE,DISUSE_FLAG,LAST_UPDATE_TIMESTAMP,LAST_UPDATE_USER) VALUES(1,'パラメータシート（ホスト/オペレーションあり）','Parameter Sheet(Host/Operation)','1',1,NULL,'0',_____DATE_____,1);

INSERT INTO T_COMN_SHEET_TYPE (SHEET_TYPE_NAME_ID,SHEET_TYPE_NAME_JA,SHEET_TYPE_NAME_EN,MENU_CREATE_TARGET_FLAG,DISP_SEQ,NOTE,DISUSE_FLAG,LAST_UPDATE_TIMESTAMP,LAST_UPDATE_USER) VALUES(2,'データシート','Data Sheet','1',2,NULL,'0',_____DATE_____,1);

INSERT INTO T_COMN_SHEET_TYPE (SHEET_TYPE_NAME_ID,SHEET_TYPE_NAME_JA,SHEET_TYPE_NAME_EN,MENU_CREATE_TARGET_FLAG,DISP_SEQ,NOTE,DISUSE_FLAG,LAST_UPDATE_TIMESTAMP,LAST_UPDATE_USER) VALUES(3,'パラメータシート（オペレーションあり）','Parameter Sheet(Operation)','1',3,NULL,'1',_____DATE_____,1);

INSERT INTO T_COMN_SHEET_TYPE (SHEET_TYPE_NAME_ID,SHEET_TYPE_NAME_JA,SHEET_TYPE_NAME_EN,MENU_CREATE_TARGET_FLAG,DISP_SEQ,NOTE,DISUSE_FLAG,LAST_UPDATE_TIMESTAMP,LAST_UPDATE_USER) VALUES(4,'パラメータシート（ファイルアップロードあり）','Parameter Sheet(File Upload)','0',4,NULL,'0',_____DATE_____,1);

INSERT INTO T_COMN_SHEET_TYPE (SHEET_TYPE_NAME_ID,SHEET_TYPE_NAME_JA,SHEET_TYPE_NAME_EN,MENU_CREATE_TARGET_FLAG,DISP_SEQ,NOTE,DISUSE_FLAG,LAST_UPDATE_TIMESTAMP,LAST_UPDATE_USER) VALUES(5,'参照用（ホスト/オペレーションあり）','Reference(Host/Operation)','0',5,NULL,'0',_____DATE_____,1);

INSERT INTO T_COMN_SHEET_TYPE (SHEET_TYPE_NAME_ID,SHEET_TYPE_NAME_JA,SHEET_TYPE_NAME_EN,MENU_CREATE_TARGET_FLAG,DISP_SEQ,NOTE,DISUSE_FLAG,LAST_UPDATE_TIMESTAMP,LAST_UPDATE_USER) VALUES(6,'参照用（オペレーションあり）','Reference(Operation)','0',6,NULL,'1',_____DATE_____,1);

INSERT INTO T_COMN_SHEET_TYPE (SHEET_TYPE_NAME_ID,SHEET_TYPE_NAME_JA,SHEET_TYPE_NAME_EN,MENU_CREATE_TARGET_FLAG,DISP_SEQ,NOTE,DISUSE_FLAG,LAST_UPDATE_TIMESTAMP,LAST_UPDATE_USER) VALUES(11,'作業実行','Execution','0',11,NULL,'0',_____DATE_____,1);

INSERT INTO T_COMN_SHEET_TYPE (SHEET_TYPE_NAME_ID,SHEET_TYPE_NAME_JA,SHEET_TYPE_NAME_EN,MENU_CREATE_TARGET_FLAG,DISP_SEQ,NOTE,DISUSE_FLAG,LAST_UPDATE_TIMESTAMP,LAST_UPDATE_USER) VALUES(12,'作業状態確認','Check operation status','0',12,NULL,'0',_____DATE_____,1);

INSERT INTO T_COMN_SHEET_TYPE (SHEET_TYPE_NAME_ID,SHEET_TYPE_NAME_JA,SHEET_TYPE_NAME_EN,MENU_CREATE_TARGET_FLAG,DISP_SEQ,NOTE,DISUSE_FLAG,LAST_UPDATE_TIMESTAMP,LAST_UPDATE_USER) VALUES(13,'メニュー定義・作成','Menu definition and creation','0',13,NULL,'0',_____DATE_____,1);

INSERT INTO T_COMN_SHEET_TYPE (SHEET_TYPE_NAME_ID,SHEET_TYPE_NAME_JA,SHEET_TYPE_NAME_EN,MENU_CREATE_TARGET_FLAG,DISP_SEQ,NOTE,DISUSE_FLAG,LAST_UPDATE_TIMESTAMP,LAST_UPDATE_USER) VALUES(14,'Conductorクラス編集','Conductor class edit','0',14,NULL,'0',_____DATE_____,1);

INSERT INTO T_COMN_SHEET_TYPE (SHEET_TYPE_NAME_ID,SHEET_TYPE_NAME_JA,SHEET_TYPE_NAME_EN,MENU_CREATE_TARGET_FLAG,DISP_SEQ,NOTE,DISUSE_FLAG,LAST_UPDATE_TIMESTAMP,LAST_UPDATE_USER) VALUES(15,'Conductor作業実行','Conductor execution','0',15,NULL,'0',_____DATE_____,1);

INSERT INTO T_COMN_SHEET_TYPE (SHEET_TYPE_NAME_ID,SHEET_TYPE_NAME_JA,SHEET_TYPE_NAME_EN,MENU_CREATE_TARGET_FLAG,DISP_SEQ,NOTE,DISUSE_FLAG,LAST_UPDATE_TIMESTAMP,LAST_UPDATE_USER) VALUES(16,'Conductor作業確認','Conductor confirmation','0',16,NULL,'0',_____DATE_____,1);

INSERT INTO T_COMN_SHEET_TYPE (SHEET_TYPE_NAME_ID,SHEET_TYPE_NAME_JA,SHEET_TYPE_NAME_EN,MENU_CREATE_TARGET_FLAG,DISP_SEQ,NOTE,DISUSE_FLAG,LAST_UPDATE_TIMESTAMP,LAST_UPDATE_USER) VALUES(17,'比較実行','Compare execution','0',17,NULL,'0',_____DATE_____,1);

INSERT INTO T_COMN_SHEET_TYPE (SHEET_TYPE_NAME_ID,SHEET_TYPE_NAME_JA,SHEET_TYPE_NAME_EN,MENU_CREATE_TARGET_FLAG,DISP_SEQ,NOTE,DISUSE_FLAG,LAST_UPDATE_TIMESTAMP,LAST_UPDATE_USER) VALUES(19,'メニュー作成実行','Menu creation execution','0',19,NULL,'0',_____DATE_____,1);


INSERT INTO T_COMN_ORCHESTRA (ORCHESTRA_ID,ORCHESTRA_NAME,ORCHESTRA_PATH,DISP_SEQ,NOTE,DISUSE_FLAG,LAST_UPDATE_TIMESTAMP,LAST_UPDATE_USER) VALUES(1,'Ansible Legacy','ansible_driver/legacy/ns',10,NULL,'0',_____DATE_____,1);

INSERT INTO T_COMN_ORCHESTRA (ORCHESTRA_ID,ORCHESTRA_NAME,ORCHESTRA_PATH,DISP_SEQ,NOTE,DISUSE_FLAG,LAST_UPDATE_TIMESTAMP,LAST_UPDATE_USER) VALUES(2,'Ansible Pioneer','ansible_driver/pioneer/ns',20,NULL,'0',_____DATE_____,1);

INSERT INTO T_COMN_ORCHESTRA (ORCHESTRA_ID,ORCHESTRA_NAME,ORCHESTRA_PATH,DISP_SEQ,NOTE,DISUSE_FLAG,LAST_UPDATE_TIMESTAMP,LAST_UPDATE_USER) VALUES(3,'Ansible Legacy Role','ansible_driver/legacy/rl',30,NULL,'0',_____DATE_____,1);

INSERT INTO T_COMN_ORCHESTRA (ORCHESTRA_ID,ORCHESTRA_NAME,ORCHESTRA_PATH,DISP_SEQ,NOTE,DISUSE_FLAG,LAST_UPDATE_TIMESTAMP,LAST_UPDATE_USER) VALUES(4,'Terraform','terraform_driver',40,NULL,'0',_____DATE_____,1);


INSERT INTO T_COMN_HOST_DESIGNATE_TYPE (HOST_DESIGNATE_TYPE_ID,HOST_DESIGNATE_TYPE_NAME_JA,HOST_DESIGNATE_TYPE_NAME_EN,DISP_SEQ,NOTE,DISUSE_FLAG,LAST_UPDATE_TIMESTAMP,LAST_UPDATE_USER) VALUES(1,'IP','IP',10,NULL,'0',_____DATE_____,1);

INSERT INTO T_COMN_HOST_DESIGNATE_TYPE (HOST_DESIGNATE_TYPE_ID,HOST_DESIGNATE_TYPE_NAME_JA,HOST_DESIGNATE_TYPE_NAME_EN,DISP_SEQ,NOTE,DISUSE_FLAG,LAST_UPDATE_TIMESTAMP,LAST_UPDATE_USER) VALUES(2,'ホスト名','Host name',20,NULL,'0',_____DATE_____,1);


INSERT INTO T_COMN_BOOLEAN_FLAG (FLAG_ID,FLAG_NAME,DISP_SEQ,NOTE,DISUSE_FLAG,LAST_UPDATE_TIMESTAMP,LAST_UPDATE_USER) VALUES(1,'True',10,NULL,'0',_____DATE_____,1);

INSERT INTO T_COMN_BOOLEAN_FLAG (FLAG_ID,FLAG_NAME,DISP_SEQ,NOTE,DISUSE_FLAG,LAST_UPDATE_TIMESTAMP,LAST_UPDATE_USER) VALUES(0,'False',20,NULL,'0',_____DATE_____,1);


INSERT INTO T_COMN_OPERATION_PRIVILEGES (PRIVILEGES_ID,PRIVILEGES_NAME_JA,PRIVILEGES_NAME_EN,NOTE,DISP_SEQ,DISUSE_FLAG,LAST_UPDATE_TIMESTAMP,LAST_UPDATE_USER) VALUES(1,'メンテナンス可','Can perform maintenance',NULL,10,'0',_____DATE_____,1);

INSERT INTO T_COMN_OPERATION_PRIVILEGES (PRIVILEGES_ID,PRIVILEGES_NAME_JA,PRIVILEGES_NAME_EN,NOTE,DISP_SEQ,DISUSE_FLAG,LAST_UPDATE_TIMESTAMP,LAST_UPDATE_USER) VALUES(2,'閲覧のみ','View only',NULL,20,'0',_____DATE_____,1);


INSERT INTO T_COMN_BACKYARD_USER (USER_ID,USER_NAME_JA,USER_NAME_EN,NOTE,DISUSE_FLAG,LAST_UPDATE_TIMESTAMP,LAST_UPDATE_USER) VALUES(1,'初期データ','Initial data',NULL,'0',_____DATE_____,1);

INSERT INTO T_COMN_BACKYARD_USER (USER_ID,USER_NAME_JA,USER_NAME_EN,NOTE,DISUSE_FLAG,LAST_UPDATE_TIMESTAMP,LAST_UPDATE_USER) VALUES(20101,'Ansible作業実行機能','Ansible execution function',NULL,'0',_____DATE_____,1);

INSERT INTO T_COMN_BACKYARD_USER (USER_ID,USER_NAME_JA,USER_NAME_EN,NOTE,DISUSE_FLAG,LAST_UPDATE_TIMESTAMP,LAST_UPDATE_USER) VALUES(20102,'AnsibleAutomationControllerデータ同期機能','AnsibleAutomationController data sync function',NULL,'0',_____DATE_____,1);

INSERT INTO T_COMN_BACKYARD_USER (USER_ID,USER_NAME_JA,USER_NAME_EN,NOTE,DISUSE_FLAG,LAST_UPDATE_TIMESTAMP,LAST_UPDATE_USER) VALUES(20401,'LegacyRole変数更新機能','LegacyRole variable update function',NULL,'0',_____DATE_____,1);

INSERT INTO T_COMN_BACKYARD_USER (USER_ID,USER_NAME_JA,USER_NAME_EN,NOTE,DISUSE_FLAG,LAST_UPDATE_TIMESTAMP,LAST_UPDATE_USER) VALUES(30101,'Conductor管理機能','Conductor management function',NULL,'0',_____DATE_____,1);

INSERT INTO T_COMN_BACKYARD_USER (USER_ID,USER_NAME_JA,USER_NAME_EN,NOTE,DISUSE_FLAG,LAST_UPDATE_TIMESTAMP,LAST_UPDATE_USER) VALUES(50101,'メニュー作成機能','Menu creation function',NULL,'0',_____DATE_____,1);


INSERT INTO T_COMN_RECODE_LOCK_TABLE (TABLE_NAME) VALUES('T_COMN_MENU_GROUP');

INSERT INTO T_COMN_RECODE_LOCK_TABLE (TABLE_NAME) VALUES('T_COMN_MENU');

INSERT INTO T_COMN_RECODE_LOCK_TABLE (TABLE_NAME) VALUES('T_COMN_ROLE_MENU_LINK');

INSERT INTO T_COMN_RECODE_LOCK_TABLE (TABLE_NAME) VALUES('T_COMN_MENU_TABLE_LINK');

INSERT INTO T_COMN_RECODE_LOCK_TABLE (TABLE_NAME) VALUES('T_COMN_MENU_COLUMN_LINK');

INSERT INTO T_COMN_RECODE_LOCK_TABLE (TABLE_NAME) VALUES('T_COMN_COLUMN_GROUP');

INSERT INTO T_COMN_RECODE_LOCK_TABLE (TABLE_NAME) VALUES('T_COMN_UNIQUE_SET');

INSERT INTO T_COMN_RECODE_LOCK_TABLE (TABLE_NAME) VALUES('T_COMN_VERSION');

INSERT INTO T_COMN_RECODE_LOCK_TABLE (TABLE_NAME) VALUES('T_COMN_SYSTEM_CONFIG');

INSERT INTO T_COMN_RECODE_LOCK_TABLE (TABLE_NAME) VALUES('T_COMN_OPERATION');

INSERT INTO T_COMN_RECODE_LOCK_TABLE (TABLE_NAME) VALUES('T_COMN_MOVEMENT');

INSERT INTO T_COMN_RECODE_LOCK_TABLE (TABLE_NAME) VALUES('T_COMN_LINK_TARGET_MENU');

INSERT INTO T_COMN_RECODE_LOCK_TABLE (TABLE_NAME) VALUES('T_COMN_COLUMN_CLASS');

INSERT INTO T_COMN_RECODE_LOCK_TABLE (TABLE_NAME) VALUES('T_COMN_SHEET_TYPE');

INSERT INTO T_COMN_RECODE_LOCK_TABLE (TABLE_NAME) VALUES('T_COMN_AAC_VIRTUALENV');

INSERT INTO T_COMN_RECODE_LOCK_TABLE (TABLE_NAME) VALUES('T_COMN_AAC_EXECUTION_ENVIRONMENT');

INSERT INTO T_COMN_RECODE_LOCK_TABLE (TABLE_NAME) VALUES('T_COMN_ORCHESTRA');

INSERT INTO T_COMN_RECODE_LOCK_TABLE (TABLE_NAME) VALUES('T_COMN_HOST_DESIGNATE_TYPE');

INSERT INTO T_COMN_RECODE_LOCK_TABLE (TABLE_NAME) VALUES('T_COMN_BOOLEAN_FLAG');

INSERT INTO T_COMN_RECODE_LOCK_TABLE (TABLE_NAME) VALUES('T_COMN_BACKYARD_USER');

INSERT INTO T_COMN_RECODE_LOCK_TABLE (TABLE_NAME) VALUES('T_COMN_OPERATION_PRIVILEGES');

INSERT INTO T_COMN_RECODE_LOCK_TABLE (TABLE_NAME) VALUES('T_COMN_PROC_LOADED_LIST');


INSERT INTO T_COMN_PROC_LOADED_LIST (ROW_ID,PROC_NAME,LOADED_FLG,LAST_UPDATE_TIMESTAMP) VALUES(501,'ky_cmdbmenuanalysis-workflow','0',_____DATE_____);

INSERT INTO T_COMN_PROC_LOADED_LIST (ROW_ID,PROC_NAME,LOADED_FLG,LAST_UPDATE_TIMESTAMP) VALUES(202,'ky_legacy_varsautolistup-workflow','0',_____DATE_____);

INSERT INTO T_COMN_PROC_LOADED_LIST (ROW_ID,PROC_NAME,LOADED_FLG,LAST_UPDATE_TIMESTAMP) VALUES(203,'ky_pioneer_varsautolistup-workflow','0',_____DATE_____);

INSERT INTO T_COMN_PROC_LOADED_LIST (ROW_ID,PROC_NAME,LOADED_FLG,LAST_UPDATE_TIMESTAMP) VALUES(204,'ky_legacy_role_varsautolistup-workflow','0',_____DATE_____);


