-- INSERT/UPDATE: -2.1.0
    -- T_COMN_MENU: INSERT
    -- T_COMN_ROLE_MENU_LINK: INSERT
    -- T_COMN_MENU_TABLE_LINK: UPDATE and INSERT
    -- T_COMN_MENU_COLUMN_LINK: UPDATE and INSERT
    -- T_COMN_CONDUCTOR_REGULARLY_PERIOD: INSERT
    -- T_COMN_CONDUCTOR_DAY_OF_WEEK: INSERT
    -- T_COMN_CONDUCTOR_WEEK_NUMBER: INSERT
    -- T_COMN_CONDUCTOR_REGULARLY_STATUS: INSERT

-- T_COMN_MENU: INSERT
INSERT IGNORE INTO T_COMN_MENU (MENU_ID,MENU_GROUP_ID,MENU_NAME_JA,MENU_NAME_EN,MENU_NAME_REST,DISP_SEQ,AUTOFILTER_FLG,INITIAL_FILTER_FLG,WEB_PRINT_LIMIT,WEB_PRINT_CONFIRM,XLS_PRINT_LIMIT,SORT_KEY,NOTE,DISUSE_FLAG,LAST_UPDATE_TIMESTAMP,LAST_UPDATE_USER) VALUES(30102,301,'Conductor通知先定義','Conductor notice definition','conductor_notice_definition',20,1,1,NULL,NULL,NULL,'[{"ASC":"notification_name"}]',NULL,'0',_____DATE_____,1);
INSERT IGNORE INTO T_COMN_MENU_JNL (JOURNAL_SEQ_NO,JOURNAL_REG_DATETIME,JOURNAL_ACTION_CLASS,MENU_ID,MENU_GROUP_ID,MENU_NAME_JA,MENU_NAME_EN,MENU_NAME_REST,DISP_SEQ,AUTOFILTER_FLG,INITIAL_FILTER_FLG,WEB_PRINT_LIMIT,WEB_PRINT_CONFIRM,XLS_PRINT_LIMIT,SORT_KEY,NOTE,DISUSE_FLAG,LAST_UPDATE_TIMESTAMP,LAST_UPDATE_USER) VALUES(30102,_____DATE_____,'INSERT',30102,301,'Conductor通知先定義','Conductor notice definition','conductor_notice_definition',20,1,1,NULL,NULL,NULL,'[{"ASC":"notification_name"}]',NULL,'0',_____DATE_____,1);
INSERT IGNORE INTO T_COMN_MENU (MENU_ID,MENU_GROUP_ID,MENU_NAME_JA,MENU_NAME_EN,MENU_NAME_REST,DISP_SEQ,AUTOFILTER_FLG,INITIAL_FILTER_FLG,WEB_PRINT_LIMIT,WEB_PRINT_CONFIRM,XLS_PRINT_LIMIT,SORT_KEY,NOTE,DISUSE_FLAG,LAST_UPDATE_TIMESTAMP,LAST_UPDATE_USER) VALUES(30107,301,'Conductor定期作業実行','Conductor regularly execution','conductor_regularly_execution',70,1,0,NULL,NULL,NULL,NULL,NULL,'0',_____DATE_____,1);
INSERT IGNORE INTO T_COMN_MENU_JNL (JOURNAL_SEQ_NO,JOURNAL_REG_DATETIME,JOURNAL_ACTION_CLASS,MENU_ID,MENU_GROUP_ID,MENU_NAME_JA,MENU_NAME_EN,MENU_NAME_REST,DISP_SEQ,AUTOFILTER_FLG,INITIAL_FILTER_FLG,WEB_PRINT_LIMIT,WEB_PRINT_CONFIRM,XLS_PRINT_LIMIT,SORT_KEY,NOTE,DISUSE_FLAG,LAST_UPDATE_TIMESTAMP,LAST_UPDATE_USER) VALUES(30107,_____DATE_____,'INSERT',30107,301,'Conductor定期作業実行','Conductor regularly execution','conductor_regularly_execution',70,1,0,NULL,NULL,NULL,NULL,NULL,'0',_____DATE_____,1);

-- T_COMN_ROLE_MENU_LINK: INSERT
INSERT IGNORE INTO T_COMN_ROLE_MENU_LINK (LINK_ID,MENU_ID,ROLE_ID,PRIVILEGE,NOTE,DISUSE_FLAG,LAST_UPDATE_TIMESTAMP,LAST_UPDATE_USER) VALUES('30102','30102','__ROLE_ID__','1',NULL,'0',_____DATE_____,1);
INSERT IGNORE INTO T_COMN_ROLE_MENU_LINK_JNL (JOURNAL_SEQ_NO,JOURNAL_REG_DATETIME,JOURNAL_ACTION_CLASS,LINK_ID,MENU_ID,ROLE_ID,PRIVILEGE,NOTE,DISUSE_FLAG,LAST_UPDATE_TIMESTAMP,LAST_UPDATE_USER) VALUES(30102,_____DATE_____,'INSERT','30102','30102','__ROLE_ID__','1',NULL,'0',_____DATE_____,1);
INSERT IGNORE INTO T_COMN_ROLE_MENU_LINK (LINK_ID,MENU_ID,ROLE_ID,PRIVILEGE,NOTE,DISUSE_FLAG,LAST_UPDATE_TIMESTAMP,LAST_UPDATE_USER) VALUES('30107','30107','__ROLE_ID__','1',NULL,'0',_____DATE_____,1);
INSERT IGNORE INTO T_COMN_ROLE_MENU_LINK_JNL (JOURNAL_SEQ_NO,JOURNAL_REG_DATETIME,JOURNAL_ACTION_CLASS,LINK_ID,MENU_ID,ROLE_ID,PRIVILEGE,NOTE,DISUSE_FLAG,LAST_UPDATE_TIMESTAMP,LAST_UPDATE_USER) VALUES(30107,_____DATE_____,'INSERT','30107','30107','__ROLE_ID__','1',NULL,'0',_____DATE_____,1);

--  T_COMN_MENU_TABLE_LINK: UPDATE and INSERT
UPDATE T_COMN_MENU_TABLE_LINK SET HOSTGROUP = '0', LAST_UPDATE_TIMESTAMP = _____DATE_____ WHERE TABLE_DEFINITION_ID = '30101';
UPDATE T_COMN_MENU_TABLE_LINK_JNL SET HOSTGROUP = '0', LAST_UPDATE_TIMESTAMP = _____DATE_____ WHERE TABLE_DEFINITION_ID = '30101';
INSERT IGNORE INTO T_COMN_MENU_TABLE_LINK (TABLE_DEFINITION_ID,MENU_ID,TABLE_NAME,VIEW_NAME,PK_COLUMN_NAME_REST,MENU_INFO_JA,MENU_INFO_EN,SHEET_TYPE,HISTORY_TABLE_FLAG,INHERIT,VERTICAL,HOSTGROUP,ROW_INSERT_FLAG,ROW_UPDATE_FLAG,ROW_DISUSE_FLAG,ROW_REUSE_FLAG,SUBSTITUTION_VALUE_LINK_FLAG,LOCK_TABLE,UNIQUE_CONSTRAINT,BEFORE_VALIDATE_REGISTER,AFTER_VALIDATE_REGISTER,NOTE,DISUSE_FLAG,LAST_UPDATE_TIMESTAMP,LAST_UPDATE_USER) VALUES('30102','30102','T_COMN_CONDUCTOR_NOTICE',NULL,'conductor_notice_id','Conductorで作業時に実行される通知に関する定義を設定します。
通知はWebhookを利用して行います。

各種設定項目について：
   - 通知先URL：通知先のURLを入力してください。
   - ヘッダー：httpヘッダーフィールドをJson形式で入力してください。
   - メッセージ：通知先サービスの仕様に従い、通知内容を入力してください。
   - PROXY URL：PROXYの設定が必要な場合、URLを入力してください。
   - PROXY PORT：PROXYの設定が必要な場合、PORTを入力してください。
   - 作業確認URL：作業確認用URLの予約変数で使用する,FQDNを入力してください。

Microsoft Teams/Slackでの設定例：
   - 通知先URL：各サービスのWebhook URLを入力します。
   - ヘッダー：{ "Content-Type": "application/json" }
   - メッセージ：{"text": "通知名：__NOTICE_NAME__, <br>Conductor名称: __CONDUCTOR_NAME__, <br> ConductorインスタンスID:__CONDUCTOR_INSTANCE_ID__,<br> ステータス: __STATUS_ID__, <br> 作業URL: __JUMP_URL__, <br> "}
   ※メッセージの入力形式、改行の表記方法については、各サービスのWebhookによるメッセージの送信についてご参照ください。

以下はメッセージ内で利用できる変数となります。
Conductor作業一覧の情報を指定することができます。
    __CONDUCTOR_INSTANCE_ID__:  ConductorインスタンスID
    __CONDUCTOR_NAME__:  Conductor名称
    __STATUS_ID__:  ステータスID
    __OPERATION_ID__:  オペレーションID
    __OPERATION_NAME__:  実行時のオペレーション名
    __EXECUTION_USER__:  作業実行ユーザー
    __PARENT_CONDUCTOR_INSTANCE_ID__:  親ConductorインスタンスID
    __PARENT_CONDUCTOR_NAME__:  親Conductor名称
    __TOP_CONDUCTOR_INSTANCE_ID__:  最上位ConductorインスタンスID
    __TOP_CONDUCTOR_NAME__:  最上位Conductor名称
    __ABORT_EXECUTE_FLAG__:  緊急停止フラグ
    __REGISTER_TIME__:  登録日時
    __TIME_BOOK__:  予約日時
    __TIME_START__:  開始日時
    __TIME_END__:  終了日時
    __NOTICE_NAME__:  通知ログ
    __NOTE__:  備考
    __JUMP_URL__:  Conductor作業確認画面のURL(作業確認URLを使用)

ステータスIDに対応するステータス名は以下となります。
   - 3：実行中
   - 4：実行中（遅延）
   - 5：一時停止
   - 6：正常終了
   - 7：異常終了
   - 8：警告終了
   - 9：緊急停止
   - 10：予約取消
   - 11：想定外エラー','You can set definition for notification performed in Conductor.
Notification is sent using Webhook.

About setting items:
   - Notice URL: Enter the URL of the notification destination.
   - Header: Enter the http header field in Json format.
   - Message: Enter the content of the notification according to the specifications of the service to be notified.
   - PROXY URL: If PROXY settings are required, enter the URL.
   - PROXY PORT：If PROXY settings are required, enter the PORT.
   - Confirmation URL: Enter the FQDN to be used in the ITA variable for the Confirmation URL.

Example configuration in Microsoft Teams/Slack:
   - Notice URL: Enter the Webhook URL for each service.
   - Header: { "Content-Type": "application/json" }
   - Message: {"text": "Notice Name：__NOTICE_NAME__, <br>Conductor Name: __CONDUCTOR_NAME__, <br> Conductor Instance ID:__CONDUCTOR_INSTANCE_ID__,<br> Status ID: __STATUS_ID__, <br> Confirmation URL: __JUMP_URL__, <br> "}
   * For information on message input format and line break notation, please refer to each service.

ITA variables that can be used in the message:
You can specify information for the Conductor list.
    __CONDUCTOR_INSTANCE_ID__: Conductor instance ID
    __CONDUCTOR_NAME__: Conductor name
    __STATUS_ID__: Status ID
    __OPERATION_ID__: Operation ID
    __OPERATION_NAME__: Operation name
    __EXECUTION_USER__: Execution user
    __PARENT_CONDUCTOR_INSTANCE_ID__: Parent Conductor instance ID
    __PARENT_CONDUCTOR_NAME__: Parent Conductor name
    __TOP_CONDUCTOR_INSTANCE_ID__: Top Conductor instance ID
    __TOP_CONDUCTOR_NAME__: Top Conductor Name
    __ABORT_EXECUTE_FLAG__: Abort execute flag
    __REGISTER_TIME__: Time Register
    __TIME_BOOK__: Time book
    __TIME_START__: Time start
    __TIME_END__: Time end
    __NOTICE_NAME__: Notification log
    __NOTE__: Remarks
    __JUMP_URL__: URL of the Conductor confirmation (use the enterd Confirmation URL)

The status name corresponding to the status ID is as follows:
   - 3: Executing
   - 4: Executing (delayed)
   - 5: Pause
   - 6: Normal end
   - 7: Abend
   - 8: Warning end
   - 9: Emergency stop
   - 10: Schedule Cancellation
   - 11: Unexpected error','0','1','0','0','0','1','1','1','1','0',NULL,NULL,'conductor_notice_valid',NULL,NULL,'0',_____DATE_____,1);
INSERT IGNORE INTO T_COMN_MENU_TABLE_LINK_JNL (JOURNAL_SEQ_NO,JOURNAL_REG_DATETIME,JOURNAL_ACTION_CLASS,TABLE_DEFINITION_ID,MENU_ID,TABLE_NAME,VIEW_NAME,PK_COLUMN_NAME_REST,MENU_INFO_JA,MENU_INFO_EN,SHEET_TYPE,HISTORY_TABLE_FLAG,INHERIT,VERTICAL,HOSTGROUP,ROW_INSERT_FLAG,ROW_UPDATE_FLAG,ROW_DISUSE_FLAG,ROW_REUSE_FLAG,SUBSTITUTION_VALUE_LINK_FLAG,LOCK_TABLE,UNIQUE_CONSTRAINT,BEFORE_VALIDATE_REGISTER,AFTER_VALIDATE_REGISTER,NOTE,DISUSE_FLAG,LAST_UPDATE_TIMESTAMP,LAST_UPDATE_USER) VALUES(30102,_____DATE_____,'INSERT','30102','30102','T_COMN_CONDUCTOR_NOTICE',NULL,'conductor_notice_id','Conductorで作業時に実行される通知に関する定義を設定します。
通知はWebhookを利用して行います。

各種設定項目について：
   - 通知先URL：通知先のURLを入力してください。
   - ヘッダー：httpヘッダーフィールドをJson形式で入力してください。
   - メッセージ：通知先サービスの仕様に従い、通知内容を入力してください。
   - PROXY URL：PROXYの設定が必要な場合、URLを入力してください。
   - PROXY PORT：PROXYの設定が必要な場合、PORTを入力してください。
   - 作業確認URL：作業確認用URLの予約変数で使用する,FQDNを入力してください。

Microsoft Teams/Slackでの設定例：
   - 通知先URL：各サービスのWebhook URLを入力します。
   - ヘッダー：{ "Content-Type": "application/json" }
   - メッセージ：{"text": "通知名：__NOTICE_NAME__, <br>Conductor名称: __CONDUCTOR_NAME__, <br> ConductorインスタンスID:__CONDUCTOR_INSTANCE_ID__,<br> ステータス: __STATUS_ID__, <br> 作業URL: __JUMP_URL__, <br> "}
   ※メッセージの入力形式、改行の表記方法については、各サービスのWebhookによるメッセージの送信についてご参照ください。

以下はメッセージ内で利用できる変数となります。
Conductor作業一覧の情報を指定することができます。
    __CONDUCTOR_INSTANCE_ID__:  ConductorインスタンスID
    __CONDUCTOR_NAME__:  Conductor名称
    __STATUS_ID__:  ステータスID
    __OPERATION_ID__:  オペレーションID
    __OPERATION_NAME__:  実行時のオペレーション名
    __EXECUTION_USER__:  作業実行ユーザー
    __PARENT_CONDUCTOR_INSTANCE_ID__:  親ConductorインスタンスID
    __PARENT_CONDUCTOR_NAME__:  親Conductor名称
    __TOP_CONDUCTOR_INSTANCE_ID__:  最上位ConductorインスタンスID
    __TOP_CONDUCTOR_NAME__:  最上位Conductor名称
    __ABORT_EXECUTE_FLAG__:  緊急停止フラグ
    __REGISTER_TIME__:  登録日時
    __TIME_BOOK__:  予約日時
    __TIME_START__:  開始日時
    __TIME_END__:  終了日時
    __NOTICE_NAME__:  通知ログ
    __NOTE__:  備考
    __JUMP_URL__:  Conductor作業確認画面のURL(作業確認URLを使用)

ステータスIDに対応するステータス名は以下となります。
   - 3：実行中
   - 4：実行中（遅延）
   - 5：一時停止
   - 6：正常終了
   - 7：異常終了
   - 8：警告終了
   - 9：緊急停止
   - 10：予約取消
   - 11：想定外エラー','You can set definition for notification performed in Conductor.
Notification is sent using Webhook.

About setting items:
   - Notice URL: Enter the URL of the notification destination.
   - Header: Enter the http header field in Json format.
   - Message: Enter the content of the notification according to the specifications of the service to be notified.
   - PROXY URL: If PROXY settings are required, enter the URL.
   - PROXY PORT：If PROXY settings are required, enter the PORT.
   - Confirmation URL: Enter the FQDN to be used in the ITA variable for the Confirmation URL.

Example configuration in Microsoft Teams/Slack:
   - Notice URL: Enter the Webhook URL for each service.
   - Header: { "Content-Type": "application/json" }
   - Message: {"text": "Notice Name：__NOTICE_NAME__, <br>Conductor Name: __CONDUCTOR_NAME__, <br> Conductor Instance ID:__CONDUCTOR_INSTANCE_ID__,<br> Status ID: __STATUS_ID__, <br> Confirmation URL: __JUMP_URL__, <br> "}
   * For information on message input format and line break notation, please refer to each service.

ITA variables that can be used in the message:
You can specify information for the Conductor list.
    __CONDUCTOR_INSTANCE_ID__: Conductor instance ID
    __CONDUCTOR_NAME__: Conductor name
    __STATUS_ID__: Status ID
    __OPERATION_ID__: Operation ID
    __OPERATION_NAME__: Operation name
    __EXECUTION_USER__: Execution user
    __PARENT_CONDUCTOR_INSTANCE_ID__: Parent Conductor instance ID
    __PARENT_CONDUCTOR_NAME__: Parent Conductor name
    __TOP_CONDUCTOR_INSTANCE_ID__: Top Conductor instance ID
    __TOP_CONDUCTOR_NAME__: Top Conductor Name
    __ABORT_EXECUTE_FLAG__: Abort execute flag
    __REGISTER_TIME__: Time Register
    __TIME_BOOK__: Time book
    __TIME_START__: Time start
    __TIME_END__: Time end
    __NOTICE_NAME__: Notification log
    __NOTE__: Remarks
    __JUMP_URL__: URL of the Conductor confirmation (use the enterd Confirmation URL)

The status name corresponding to the status ID is as follows:
   - 3: Executing
   - 4: Executing (delayed)
   - 5: Pause
   - 6: Normal end
   - 7: Abend
   - 8: Warning end
   - 9: Emergency stop
   - 10: Schedule Cancellation
   - 11: Unexpected error','0','1','0','0','0','1','1','1','1','0',NULL,NULL,'conductor_notice_valid',NULL,NULL,'0',_____DATE_____,1);
UPDATE T_COMN_MENU_TABLE_LINK SET HOSTGROUP = '0', LAST_UPDATE_TIMESTAMP = _____DATE_____ WHERE TABLE_DEFINITION_ID = '30103';
UPDATE T_COMN_MENU_TABLE_LINK_JNL SET HOSTGROUP = '0', LAST_UPDATE_TIMESTAMP = _____DATE_____ WHERE TABLE_DEFINITION_ID = '30103';
UPDATE T_COMN_MENU_TABLE_LINK SET HOSTGROUP = '0', LAST_UPDATE_TIMESTAMP = _____DATE_____ WHERE TABLE_DEFINITION_ID = '30104';
UPDATE T_COMN_MENU_TABLE_LINK_JNL SET HOSTGROUP = '0', LAST_UPDATE_TIMESTAMP = _____DATE_____ WHERE TABLE_DEFINITION_ID = '30104';
UPDATE T_COMN_MENU_TABLE_LINK SET HOSTGROUP = '0', LAST_UPDATE_TIMESTAMP = _____DATE_____ WHERE TABLE_DEFINITION_ID = '30105';
UPDATE T_COMN_MENU_TABLE_LINK_JNL SET HOSTGROUP = '0', LAST_UPDATE_TIMESTAMP = _____DATE_____ WHERE TABLE_DEFINITION_ID = '30105';
UPDATE T_COMN_MENU_TABLE_LINK SET HOSTGROUP = '0', LAST_UPDATE_TIMESTAMP = _____DATE_____ WHERE TABLE_DEFINITION_ID = '30106';
UPDATE T_COMN_MENU_TABLE_LINK_JNL SET HOSTGROUP = '0', LAST_UPDATE_TIMESTAMP = _____DATE_____ WHERE TABLE_DEFINITION_ID = '30106';

INSERT IGNORE INTO T_COMN_MENU_TABLE_LINK (TABLE_DEFINITION_ID,MENU_ID,TABLE_NAME,VIEW_NAME,PK_COLUMN_NAME_REST,MENU_INFO_JA,MENU_INFO_EN,SHEET_TYPE,HISTORY_TABLE_FLAG,INHERIT,VERTICAL,HOSTGROUP,ROW_INSERT_FLAG,ROW_UPDATE_FLAG,ROW_DISUSE_FLAG,ROW_REUSE_FLAG,SUBSTITUTION_VALUE_LINK_FLAG,LOCK_TABLE,UNIQUE_CONSTRAINT,BEFORE_VALIDATE_REGISTER,AFTER_VALIDATE_REGISTER,NOTE,DISUSE_FLAG,LAST_UPDATE_TIMESTAMP,LAST_UPDATE_USER) VALUES('30107','30107','T_COMN_CONDUCTOR_REGULARLY_LIST',NULL,'regularly_id','Conductorをスケジュールにしたがって定期的に実行させることができます。
対象のConductor, Operationを選択し、「スケジュール設定」から詳細な設定を入力してください。','Conductor can be run periodically according to a schedule.
Select the target conductor, operation, and enter detailed settings from "Schedule Setting".','0','1','0','0','0','1','1','1','1','0',NULL,NULL,'conductor_regularly_valid',NULL,NULL,'0',_____DATE_____,1);
INSERT IGNORE INTO T_COMN_MENU_TABLE_LINK_JNL (JOURNAL_SEQ_NO,JOURNAL_REG_DATETIME,JOURNAL_ACTION_CLASS,TABLE_DEFINITION_ID,MENU_ID,TABLE_NAME,VIEW_NAME,PK_COLUMN_NAME_REST,MENU_INFO_JA,MENU_INFO_EN,SHEET_TYPE,HISTORY_TABLE_FLAG,INHERIT,VERTICAL,HOSTGROUP,ROW_INSERT_FLAG,ROW_UPDATE_FLAG,ROW_DISUSE_FLAG,ROW_REUSE_FLAG,SUBSTITUTION_VALUE_LINK_FLAG,LOCK_TABLE,UNIQUE_CONSTRAINT,BEFORE_VALIDATE_REGISTER,AFTER_VALIDATE_REGISTER,NOTE,DISUSE_FLAG,LAST_UPDATE_TIMESTAMP,LAST_UPDATE_USER) VALUES(30107,_____DATE_____,'INSERT','30107','30107','T_COMN_CONDUCTOR_REGULARLY_LIST',NULL,'regularly_id','Conductorをスケジュールにしたがって定期的に実行させることができます。
対象のConductor, Operationを選択し、「スケジュール設定」から詳細な設定を入力してください。','Conductor can be run periodically according to a schedule.
Select the target conductor, operation, and enter detailed settings from "Schedule Setting".','0','1','0','0','0','1','1','1','1','0',NULL,NULL,'conductor_regularly_valid',NULL,NULL,'0',_____DATE_____,1);

UPDATE T_COMN_MENU_TABLE_LINK SET HOSTGROUP = '0', LAST_UPDATE_TIMESTAMP = _____DATE_____ WHERE TABLE_DEFINITION_ID = '30108';
UPDATE T_COMN_MENU_TABLE_LINK_JNL SET HOSTGROUP = '0', LAST_UPDATE_TIMESTAMP = _____DATE_____ WHERE TABLE_DEFINITION_ID = '30108';
UPDATE T_COMN_MENU_TABLE_LINK SET VIEW_NAME = 'V_COMN_CONDUCTOR_NODE_INSTANCE', HOSTGROUP = '0', LAST_UPDATE_TIMESTAMP = _____DATE_____ WHERE TABLE_DEFINITION_ID = '30109';
UPDATE T_COMN_MENU_TABLE_LINK_JNL SET VIEW_NAME = 'V_COMN_CONDUCTOR_NODE_INSTANCE', HOSTGROUP = '0', LAST_UPDATE_TIMESTAMP = _____DATE_____ WHERE TABLE_DEFINITION_ID = '30109';

-- T_COMN_MENU_COLUMN_LINK: INSERT AND UPDATE
UPDATE T_COMN_MENU_COLUMN_LINK SET DESCRIPTION_JA = '通知ログ', DESCRIPTION_EN = 'Notice log', DISUSE_FLAG = '0' , LAST_UPDATE_TIMESTAMP = _____DATE_____ WHERE COLUMN_DEFINITION_ID = '3010624';
UPDATE T_COMN_MENU_COLUMN_LINK_JNL SET DESCRIPTION_JA = '通知ログ', DESCRIPTION_EN = 'Notice log', DISUSE_FLAG = '0' , LAST_UPDATE_TIMESTAMP = _____DATE_____ WHERE COLUMN_DEFINITION_ID = '3010624';
UPDATE T_COMN_MENU_COLUMN_LINK SET DISUSE_FLAG = '0', LAST_UPDATE_TIMESTAMP = _____DATE_____ WHERE COLUMN_DEFINITION_ID = '3010517';
UPDATE T_COMN_MENU_COLUMN_LINK_JNL SET DISUSE_FLAG = '0', LAST_UPDATE_TIMESTAMP = _____DATE_____ WHERE COLUMN_DEFINITION_ID = '3010517';
UPDATE T_COMN_MENU_COLUMN_LINK SET DISUSE_FLAG = '0', LAST_UPDATE_TIMESTAMP = _____DATE_____ WHERE COLUMN_DEFINITION_ID = '3010518';
UPDATE T_COMN_MENU_COLUMN_LINK_JNL SET DISUSE_FLAG = '0', LAST_UPDATE_TIMESTAMP = _____DATE_____ WHERE COLUMN_DEFINITION_ID = '3010518';
UPDATE T_COMN_MENU_COLUMN_LINK SET DISUSE_FLAG = '0', LAST_UPDATE_TIMESTAMP = _____DATE_____ , FILE_UPLOAD_PLACE = '/uploadfiles/30108/notification_log/', VIEW_ITEM = '1', DESCRIPTION_JA = '通知ログ', DESCRIPTION_EN = 'Notice log' WHERE COLUMN_DEFINITION_ID = '3010527';
UPDATE T_COMN_MENU_COLUMN_LINK_JNL SET DISUSE_FLAG = '0', LAST_UPDATE_TIMESTAMP = _____DATE_____ , FILE_UPLOAD_PLACE = '/uploadfiles/30108/notification_log/', VIEW_ITEM = '1', DESCRIPTION_JA = '通知ログ', DESCRIPTION_EN = 'Notice log' WHERE COLUMN_DEFINITION_ID = '3010527';

INSERT IGNORE INTO T_COMN_MENU_COLUMN_LINK (COLUMN_DEFINITION_ID,MENU_ID,COLUMN_NAME_JA,COLUMN_NAME_EN,COLUMN_NAME_REST,COL_GROUP_ID,COLUMN_CLASS,COLUMN_DISP_SEQ,REF_TABLE_NAME,REF_PKEY_NAME,REF_COL_NAME,REF_SORT_CONDITIONS,REF_MULTI_LANG,REFERENCE_ITEM,SENSITIVE_COL_NAME,FILE_UPLOAD_PLACE,BUTTON_ACTION,COL_NAME,SAVE_TYPE,AUTO_INPUT,INPUT_ITEM,VIEW_ITEM,UNIQUE_ITEM,REQUIRED_ITEM,AUTOREG_HIDE_ITEM,AUTOREG_ONLY_ITEM,INITIAL_VALUE,VALIDATE_OPTION,VALIDATE_REG_EXP,BEFORE_VALIDATE_REGISTER,AFTER_VALIDATE_REGISTER,DESCRIPTION_JA,DESCRIPTION_EN,NOTE,DISUSE_FLAG,LAST_UPDATE_TIMESTAMP,LAST_UPDATE_USER) VALUES('3010201','30102','Conductor通知ID','Conductor notice ID','conductor_notice_id',NULL,'1',10,NULL,NULL,NULL,NULL,NULL,NULL,NULL,NULL,NULL,'CONDUCTOR_NOTICE_ID',NULL,'1','1','1','1','1','0','0',NULL,NULL,NULL,NULL,NULL,'自動採番のため編集不可。実行処理種別が【登録】の場合、空白のみ可。','Cannot edit because of auto-numbering. Must be blank when execution process type is [Register].',NULL,'0',_____DATE_____,1);
INSERT IGNORE INTO T_COMN_MENU_COLUMN_LINK_JNL (JOURNAL_SEQ_NO,JOURNAL_REG_DATETIME,JOURNAL_ACTION_CLASS,COLUMN_DEFINITION_ID,MENU_ID,COLUMN_NAME_JA,COLUMN_NAME_EN,COLUMN_NAME_REST,COL_GROUP_ID,COLUMN_CLASS,COLUMN_DISP_SEQ,REF_TABLE_NAME,REF_PKEY_NAME,REF_COL_NAME,REF_SORT_CONDITIONS,REF_MULTI_LANG,REFERENCE_ITEM,SENSITIVE_COL_NAME,FILE_UPLOAD_PLACE,BUTTON_ACTION,COL_NAME,SAVE_TYPE,AUTO_INPUT,INPUT_ITEM,VIEW_ITEM,UNIQUE_ITEM,REQUIRED_ITEM,AUTOREG_HIDE_ITEM,AUTOREG_ONLY_ITEM,INITIAL_VALUE,VALIDATE_OPTION,VALIDATE_REG_EXP,BEFORE_VALIDATE_REGISTER,AFTER_VALIDATE_REGISTER,DESCRIPTION_JA,DESCRIPTION_EN,NOTE,DISUSE_FLAG,LAST_UPDATE_TIMESTAMP,LAST_UPDATE_USER) VALUES(3010201,_____DATE_____,'INSERT','3010201','30102','Conductor通知ID','Conductor notice ID','conductor_notice_id',NULL,'1',10,NULL,NULL,NULL,NULL,NULL,NULL,NULL,NULL,NULL,'CONDUCTOR_NOTICE_ID',NULL,'1','1','1','1','1','0','0',NULL,NULL,NULL,NULL,NULL,'自動採番のため編集不可。実行処理種別が【登録】の場合、空白のみ可。','Cannot edit because of auto-numbering. Must be blank when execution process type is [Register].',NULL,'0',_____DATE_____,1);
INSERT IGNORE INTO T_COMN_MENU_COLUMN_LINK (COLUMN_DEFINITION_ID,MENU_ID,COLUMN_NAME_JA,COLUMN_NAME_EN,COLUMN_NAME_REST,COL_GROUP_ID,COLUMN_CLASS,COLUMN_DISP_SEQ,REF_TABLE_NAME,REF_PKEY_NAME,REF_COL_NAME,REF_SORT_CONDITIONS,REF_MULTI_LANG,REFERENCE_ITEM,SENSITIVE_COL_NAME,FILE_UPLOAD_PLACE,BUTTON_ACTION,COL_NAME,SAVE_TYPE,AUTO_INPUT,INPUT_ITEM,VIEW_ITEM,UNIQUE_ITEM,REQUIRED_ITEM,AUTOREG_HIDE_ITEM,AUTOREG_ONLY_ITEM,INITIAL_VALUE,VALIDATE_OPTION,VALIDATE_REG_EXP,BEFORE_VALIDATE_REGISTER,AFTER_VALIDATE_REGISTER,DESCRIPTION_JA,DESCRIPTION_EN,NOTE,DISUSE_FLAG,LAST_UPDATE_TIMESTAMP,LAST_UPDATE_USER) VALUES('3010202','30102','通知名称','Notice Name','notice_name',NULL,'1',20,NULL,NULL,NULL,NULL,NULL,NULL,NULL,NULL,NULL,'NOTICE_NAME',NULL,'0','1','1','1','1','0','0',NULL,'{
"min_length": 0,
"max_length": 255
}',NULL,NULL,NULL,'通知名称を入力してください。
[最大長]255バイト','Enter notification name.
[Maximum length] 255 byte.',NULL,'0',_____DATE_____,1);
INSERT IGNORE INTO T_COMN_MENU_COLUMN_LINK_JNL (JOURNAL_SEQ_NO,JOURNAL_REG_DATETIME,JOURNAL_ACTION_CLASS,COLUMN_DEFINITION_ID,MENU_ID,COLUMN_NAME_JA,COLUMN_NAME_EN,COLUMN_NAME_REST,COL_GROUP_ID,COLUMN_CLASS,COLUMN_DISP_SEQ,REF_TABLE_NAME,REF_PKEY_NAME,REF_COL_NAME,REF_SORT_CONDITIONS,REF_MULTI_LANG,REFERENCE_ITEM,SENSITIVE_COL_NAME,FILE_UPLOAD_PLACE,BUTTON_ACTION,COL_NAME,SAVE_TYPE,AUTO_INPUT,INPUT_ITEM,VIEW_ITEM,UNIQUE_ITEM,REQUIRED_ITEM,AUTOREG_HIDE_ITEM,AUTOREG_ONLY_ITEM,INITIAL_VALUE,VALIDATE_OPTION,VALIDATE_REG_EXP,BEFORE_VALIDATE_REGISTER,AFTER_VALIDATE_REGISTER,DESCRIPTION_JA,DESCRIPTION_EN,NOTE,DISUSE_FLAG,LAST_UPDATE_TIMESTAMP,LAST_UPDATE_USER) VALUES(3010202,_____DATE_____,'INSERT','3010202','30102','通知名称','Notice Name','notice_name',NULL,'1',20,NULL,NULL,NULL,NULL,NULL,NULL,NULL,NULL,NULL,'NOTICE_NAME',NULL,'0','1','1','1','1','0','0',NULL,'{
"min_length": 0,
"max_length": 255
}',NULL,NULL,NULL,'通知名称を入力してください。
[最大長]255バイト','Enter notification name.
[Maximum length] 255 byte.',NULL,'0',_____DATE_____,1);
INSERT IGNORE INTO T_COMN_MENU_COLUMN_LINK (COLUMN_DEFINITION_ID,MENU_ID,COLUMN_NAME_JA,COLUMN_NAME_EN,COLUMN_NAME_REST,COL_GROUP_ID,COLUMN_CLASS,COLUMN_DISP_SEQ,REF_TABLE_NAME,REF_PKEY_NAME,REF_COL_NAME,REF_SORT_CONDITIONS,REF_MULTI_LANG,REFERENCE_ITEM,SENSITIVE_COL_NAME,FILE_UPLOAD_PLACE,BUTTON_ACTION,COL_NAME,SAVE_TYPE,AUTO_INPUT,INPUT_ITEM,VIEW_ITEM,UNIQUE_ITEM,REQUIRED_ITEM,AUTOREG_HIDE_ITEM,AUTOREG_ONLY_ITEM,INITIAL_VALUE,VALIDATE_OPTION,VALIDATE_REG_EXP,BEFORE_VALIDATE_REGISTER,AFTER_VALIDATE_REGISTER,DESCRIPTION_JA,DESCRIPTION_EN,NOTE,DISUSE_FLAG,LAST_UPDATE_TIMESTAMP,LAST_UPDATE_USER) VALUES('3010203','30102','通知先URL','Notice URL','notice_url',NULL,'1',30,NULL,NULL,NULL,NULL,NULL,NULL,NULL,NULL,NULL,'NOTICE_URL',NULL,'0','1','1','0','1','0','0',NULL,NULL,NULL,NULL,NULL,'通知先のURLを入力してください。','Enter notification destination URL.',NULL,'0',_____DATE_____,1);
INSERT IGNORE INTO T_COMN_MENU_COLUMN_LINK_JNL (JOURNAL_SEQ_NO,JOURNAL_REG_DATETIME,JOURNAL_ACTION_CLASS,COLUMN_DEFINITION_ID,MENU_ID,COLUMN_NAME_JA,COLUMN_NAME_EN,COLUMN_NAME_REST,COL_GROUP_ID,COLUMN_CLASS,COLUMN_DISP_SEQ,REF_TABLE_NAME,REF_PKEY_NAME,REF_COL_NAME,REF_SORT_CONDITIONS,REF_MULTI_LANG,REFERENCE_ITEM,SENSITIVE_COL_NAME,FILE_UPLOAD_PLACE,BUTTON_ACTION,COL_NAME,SAVE_TYPE,AUTO_INPUT,INPUT_ITEM,VIEW_ITEM,UNIQUE_ITEM,REQUIRED_ITEM,AUTOREG_HIDE_ITEM,AUTOREG_ONLY_ITEM,INITIAL_VALUE,VALIDATE_OPTION,VALIDATE_REG_EXP,BEFORE_VALIDATE_REGISTER,AFTER_VALIDATE_REGISTER,DESCRIPTION_JA,DESCRIPTION_EN,NOTE,DISUSE_FLAG,LAST_UPDATE_TIMESTAMP,LAST_UPDATE_USER) VALUES(3010203,_____DATE_____,'INSERT','3010203','30102','通知先URL','Notice URL','notice_url',NULL,'1',30,NULL,NULL,NULL,NULL,NULL,NULL,NULL,NULL,NULL,'NOTICE_URL',NULL,'0','1','1','0','1','0','0',NULL,NULL,NULL,NULL,NULL,'通知先のURLを入力してください。','Enter notification destination URL.',NULL,'0',_____DATE_____,1);
INSERT IGNORE INTO T_COMN_MENU_COLUMN_LINK (COLUMN_DEFINITION_ID,MENU_ID,COLUMN_NAME_JA,COLUMN_NAME_EN,COLUMN_NAME_REST,COL_GROUP_ID,COLUMN_CLASS,COLUMN_DISP_SEQ,REF_TABLE_NAME,REF_PKEY_NAME,REF_COL_NAME,REF_SORT_CONDITIONS,REF_MULTI_LANG,REFERENCE_ITEM,SENSITIVE_COL_NAME,FILE_UPLOAD_PLACE,BUTTON_ACTION,COL_NAME,SAVE_TYPE,AUTO_INPUT,INPUT_ITEM,VIEW_ITEM,UNIQUE_ITEM,REQUIRED_ITEM,AUTOREG_HIDE_ITEM,AUTOREG_ONLY_ITEM,INITIAL_VALUE,VALIDATE_OPTION,VALIDATE_REG_EXP,BEFORE_VALIDATE_REGISTER,AFTER_VALIDATE_REGISTER,DESCRIPTION_JA,DESCRIPTION_EN,NOTE,DISUSE_FLAG,LAST_UPDATE_TIMESTAMP,LAST_UPDATE_USER) VALUES('3010204','30102','ヘッダー','Header','header',NULL,'1',40,NULL,NULL,NULL,NULL,NULL,NULL,NULL,NULL,NULL,'HEADER',NULL,'0','1','1','0','1','0','0',NULL,NULL,NULL,NULL,NULL,'HTTPヘッダーフィールドをJSON形式で入力してください。','Enter HTTP header in JSON format.',NULL,'0',_____DATE_____,1);
INSERT IGNORE INTO T_COMN_MENU_COLUMN_LINK_JNL (JOURNAL_SEQ_NO,JOURNAL_REG_DATETIME,JOURNAL_ACTION_CLASS,COLUMN_DEFINITION_ID,MENU_ID,COLUMN_NAME_JA,COLUMN_NAME_EN,COLUMN_NAME_REST,COL_GROUP_ID,COLUMN_CLASS,COLUMN_DISP_SEQ,REF_TABLE_NAME,REF_PKEY_NAME,REF_COL_NAME,REF_SORT_CONDITIONS,REF_MULTI_LANG,REFERENCE_ITEM,SENSITIVE_COL_NAME,FILE_UPLOAD_PLACE,BUTTON_ACTION,COL_NAME,SAVE_TYPE,AUTO_INPUT,INPUT_ITEM,VIEW_ITEM,UNIQUE_ITEM,REQUIRED_ITEM,AUTOREG_HIDE_ITEM,AUTOREG_ONLY_ITEM,INITIAL_VALUE,VALIDATE_OPTION,VALIDATE_REG_EXP,BEFORE_VALIDATE_REGISTER,AFTER_VALIDATE_REGISTER,DESCRIPTION_JA,DESCRIPTION_EN,NOTE,DISUSE_FLAG,LAST_UPDATE_TIMESTAMP,LAST_UPDATE_USER) VALUES(3010204,_____DATE_____,'INSERT','3010204','30102','ヘッダー','Header','header',NULL,'1',40,NULL,NULL,NULL,NULL,NULL,NULL,NULL,NULL,NULL,'HEADER',NULL,'0','1','1','0','1','0','0',NULL,NULL,NULL,NULL,NULL,'HTTPヘッダーフィールドをJSON形式で入力してください。','Enter HTTP header in JSON format.',NULL,'0',_____DATE_____,1);
INSERT IGNORE INTO T_COMN_MENU_COLUMN_LINK (COLUMN_DEFINITION_ID,MENU_ID,COLUMN_NAME_JA,COLUMN_NAME_EN,COLUMN_NAME_REST,COL_GROUP_ID,COLUMN_CLASS,COLUMN_DISP_SEQ,REF_TABLE_NAME,REF_PKEY_NAME,REF_COL_NAME,REF_SORT_CONDITIONS,REF_MULTI_LANG,REFERENCE_ITEM,SENSITIVE_COL_NAME,FILE_UPLOAD_PLACE,BUTTON_ACTION,COL_NAME,SAVE_TYPE,AUTO_INPUT,INPUT_ITEM,VIEW_ITEM,UNIQUE_ITEM,REQUIRED_ITEM,AUTOREG_HIDE_ITEM,AUTOREG_ONLY_ITEM,INITIAL_VALUE,VALIDATE_OPTION,VALIDATE_REG_EXP,BEFORE_VALIDATE_REGISTER,AFTER_VALIDATE_REGISTER,DESCRIPTION_JA,DESCRIPTION_EN,NOTE,DISUSE_FLAG,LAST_UPDATE_TIMESTAMP,LAST_UPDATE_USER) VALUES('3010205','30102','メッセージ','Fields','fields',NULL,'2',50,NULL,NULL,NULL,NULL,NULL,NULL,NULL,NULL,NULL,'FIELDS',NULL,'0','1','1','0','1','0','0',NULL,NULL,NULL,NULL,NULL,'通知先サービスの仕様に沿って入力してください。','Enter message according to service specification.',NULL,'0',_____DATE_____,1);
INSERT IGNORE INTO T_COMN_MENU_COLUMN_LINK_JNL (JOURNAL_SEQ_NO,JOURNAL_REG_DATETIME,JOURNAL_ACTION_CLASS,COLUMN_DEFINITION_ID,MENU_ID,COLUMN_NAME_JA,COLUMN_NAME_EN,COLUMN_NAME_REST,COL_GROUP_ID,COLUMN_CLASS,COLUMN_DISP_SEQ,REF_TABLE_NAME,REF_PKEY_NAME,REF_COL_NAME,REF_SORT_CONDITIONS,REF_MULTI_LANG,REFERENCE_ITEM,SENSITIVE_COL_NAME,FILE_UPLOAD_PLACE,BUTTON_ACTION,COL_NAME,SAVE_TYPE,AUTO_INPUT,INPUT_ITEM,VIEW_ITEM,UNIQUE_ITEM,REQUIRED_ITEM,AUTOREG_HIDE_ITEM,AUTOREG_ONLY_ITEM,INITIAL_VALUE,VALIDATE_OPTION,VALIDATE_REG_EXP,BEFORE_VALIDATE_REGISTER,AFTER_VALIDATE_REGISTER,DESCRIPTION_JA,DESCRIPTION_EN,NOTE,DISUSE_FLAG,LAST_UPDATE_TIMESTAMP,LAST_UPDATE_USER) VALUES(3010205,_____DATE_____,'INSERT','3010205','30102','メッセージ','Fields','fields',NULL,'2',50,NULL,NULL,NULL,NULL,NULL,NULL,NULL,NULL,NULL,'FIELDS',NULL,'0','1','1','0','1','0','0',NULL,NULL,NULL,NULL,NULL,'通知先サービスの仕様に沿って入力してください。','Enter message according to service specification.',NULL,'0',_____DATE_____,1);
INSERT IGNORE INTO T_COMN_MENU_COLUMN_LINK (COLUMN_DEFINITION_ID,MENU_ID,COLUMN_NAME_JA,COLUMN_NAME_EN,COLUMN_NAME_REST,COL_GROUP_ID,COLUMN_CLASS,COLUMN_DISP_SEQ,REF_TABLE_NAME,REF_PKEY_NAME,REF_COL_NAME,REF_SORT_CONDITIONS,REF_MULTI_LANG,REFERENCE_ITEM,SENSITIVE_COL_NAME,FILE_UPLOAD_PLACE,BUTTON_ACTION,COL_NAME,SAVE_TYPE,AUTO_INPUT,INPUT_ITEM,VIEW_ITEM,UNIQUE_ITEM,REQUIRED_ITEM,AUTOREG_HIDE_ITEM,AUTOREG_ONLY_ITEM,INITIAL_VALUE,VALIDATE_OPTION,VALIDATE_REG_EXP,BEFORE_VALIDATE_REGISTER,AFTER_VALIDATE_REGISTER,DESCRIPTION_JA,DESCRIPTION_EN,NOTE,DISUSE_FLAG,LAST_UPDATE_TIMESTAMP,LAST_UPDATE_USER) VALUES('3010206','30102','PROXY URL','PROXY URL','proxy_url',NULL,'1',60,NULL,NULL,NULL,NULL,NULL,NULL,NULL,NULL,NULL,'PROXY_URL',NULL,'0','1','1','0','0','0','0',NULL,NULL,NULL,NULL,NULL,'PROXYの設定が必要な場合、URLを入力してください。','Enter URL if PROXY setting is needed.',NULL,'0',_____DATE_____,1);
INSERT IGNORE INTO T_COMN_MENU_COLUMN_LINK_JNL (JOURNAL_SEQ_NO,JOURNAL_REG_DATETIME,JOURNAL_ACTION_CLASS,COLUMN_DEFINITION_ID,MENU_ID,COLUMN_NAME_JA,COLUMN_NAME_EN,COLUMN_NAME_REST,COL_GROUP_ID,COLUMN_CLASS,COLUMN_DISP_SEQ,REF_TABLE_NAME,REF_PKEY_NAME,REF_COL_NAME,REF_SORT_CONDITIONS,REF_MULTI_LANG,REFERENCE_ITEM,SENSITIVE_COL_NAME,FILE_UPLOAD_PLACE,BUTTON_ACTION,COL_NAME,SAVE_TYPE,AUTO_INPUT,INPUT_ITEM,VIEW_ITEM,UNIQUE_ITEM,REQUIRED_ITEM,AUTOREG_HIDE_ITEM,AUTOREG_ONLY_ITEM,INITIAL_VALUE,VALIDATE_OPTION,VALIDATE_REG_EXP,BEFORE_VALIDATE_REGISTER,AFTER_VALIDATE_REGISTER,DESCRIPTION_JA,DESCRIPTION_EN,NOTE,DISUSE_FLAG,LAST_UPDATE_TIMESTAMP,LAST_UPDATE_USER) VALUES(3010206,_____DATE_____,'INSERT','3010206','30102','PROXY URL','PROXY URL','proxy_url',NULL,'1',60,NULL,NULL,NULL,NULL,NULL,NULL,NULL,NULL,NULL,'PROXY_URL',NULL,'0','1','1','0','0','0','0',NULL,NULL,NULL,NULL,NULL,'PROXYの設定が必要な場合、URLを入力してください。','Enter URL if PROXY setting is needed.',NULL,'0',_____DATE_____,1);
INSERT IGNORE INTO T_COMN_MENU_COLUMN_LINK (COLUMN_DEFINITION_ID,MENU_ID,COLUMN_NAME_JA,COLUMN_NAME_EN,COLUMN_NAME_REST,COL_GROUP_ID,COLUMN_CLASS,COLUMN_DISP_SEQ,REF_TABLE_NAME,REF_PKEY_NAME,REF_COL_NAME,REF_SORT_CONDITIONS,REF_MULTI_LANG,REFERENCE_ITEM,SENSITIVE_COL_NAME,FILE_UPLOAD_PLACE,BUTTON_ACTION,COL_NAME,SAVE_TYPE,AUTO_INPUT,INPUT_ITEM,VIEW_ITEM,UNIQUE_ITEM,REQUIRED_ITEM,AUTOREG_HIDE_ITEM,AUTOREG_ONLY_ITEM,INITIAL_VALUE,VALIDATE_OPTION,VALIDATE_REG_EXP,BEFORE_VALIDATE_REGISTER,AFTER_VALIDATE_REGISTER,DESCRIPTION_JA,DESCRIPTION_EN,NOTE,DISUSE_FLAG,LAST_UPDATE_TIMESTAMP,LAST_UPDATE_USER) VALUES('3010207','30102','PROXY PORT','PROXY PORT','port_url',NULL,'3',70,NULL,NULL,NULL,NULL,NULL,NULL,NULL,NULL,NULL,'PROXY_PORT',NULL,'0','1','1','0','0','0','0',NULL,'{
"int_min: 0,
"int_max: 5
}',NULL,NULL,NULL,'PROXYの設定が必要な場合、PORTを入力してください。','Enter PORT if PROXY setting is needed.',NULL,'0',_____DATE_____,1);
INSERT IGNORE INTO T_COMN_MENU_COLUMN_LINK_JNL (JOURNAL_SEQ_NO,JOURNAL_REG_DATETIME,JOURNAL_ACTION_CLASS,COLUMN_DEFINITION_ID,MENU_ID,COLUMN_NAME_JA,COLUMN_NAME_EN,COLUMN_NAME_REST,COL_GROUP_ID,COLUMN_CLASS,COLUMN_DISP_SEQ,REF_TABLE_NAME,REF_PKEY_NAME,REF_COL_NAME,REF_SORT_CONDITIONS,REF_MULTI_LANG,REFERENCE_ITEM,SENSITIVE_COL_NAME,FILE_UPLOAD_PLACE,BUTTON_ACTION,COL_NAME,SAVE_TYPE,AUTO_INPUT,INPUT_ITEM,VIEW_ITEM,UNIQUE_ITEM,REQUIRED_ITEM,AUTOREG_HIDE_ITEM,AUTOREG_ONLY_ITEM,INITIAL_VALUE,VALIDATE_OPTION,VALIDATE_REG_EXP,BEFORE_VALIDATE_REGISTER,AFTER_VALIDATE_REGISTER,DESCRIPTION_JA,DESCRIPTION_EN,NOTE,DISUSE_FLAG,LAST_UPDATE_TIMESTAMP,LAST_UPDATE_USER) VALUES(3010207,_____DATE_____,'INSERT','3010207','30102','PROXY PORT','PROXY PORT','port_url',NULL,'3',70,NULL,NULL,NULL,NULL,NULL,NULL,NULL,NULL,NULL,'PROXY_PORT',NULL,'0','1','1','0','0','0','0',NULL,'{
"int_min: 0,
"int_max: 5
}',NULL,NULL,NULL,'PROXYの設定が必要な場合、PORTを入力してください。','Enter PORT if PROXY setting is needed.',NULL,'0',_____DATE_____,1);
INSERT IGNORE INTO T_COMN_MENU_COLUMN_LINK (COLUMN_DEFINITION_ID,MENU_ID,COLUMN_NAME_JA,COLUMN_NAME_EN,COLUMN_NAME_REST,COL_GROUP_ID,COLUMN_CLASS,COLUMN_DISP_SEQ,REF_TABLE_NAME,REF_PKEY_NAME,REF_COL_NAME,REF_SORT_CONDITIONS,REF_MULTI_LANG,REFERENCE_ITEM,SENSITIVE_COL_NAME,FILE_UPLOAD_PLACE,BUTTON_ACTION,COL_NAME,SAVE_TYPE,AUTO_INPUT,INPUT_ITEM,VIEW_ITEM,UNIQUE_ITEM,REQUIRED_ITEM,AUTOREG_HIDE_ITEM,AUTOREG_ONLY_ITEM,INITIAL_VALUE,VALIDATE_OPTION,VALIDATE_REG_EXP,BEFORE_VALIDATE_REGISTER,AFTER_VALIDATE_REGISTER,DESCRIPTION_JA,DESCRIPTION_EN,NOTE,DISUSE_FLAG,LAST_UPDATE_TIMESTAMP,LAST_UPDATE_USER) VALUES('3010208','30102','作業確認URL','Confirmation URL','fqdn',NULL,'19',80,NULL,NULL,NULL,NULL,NULL,NULL,NULL,NULL,NULL,'FQDN',NULL,'0','1','1','0','0','0','0',NULL,NULL,NULL,NULL,NULL,'作業確認用URLの予約変数で使用する、FQDNを入力してください。
例：
http://<FQDN>
https://<FQDN>','Enter FQDN used in input variable for confirmation URL.
e.g.:
http://<FQDN>
https://<FQDN>',NULL,'0',_____DATE_____,1);
INSERT IGNORE INTO T_COMN_MENU_COLUMN_LINK_JNL (JOURNAL_SEQ_NO,JOURNAL_REG_DATETIME,JOURNAL_ACTION_CLASS,COLUMN_DEFINITION_ID,MENU_ID,COLUMN_NAME_JA,COLUMN_NAME_EN,COLUMN_NAME_REST,COL_GROUP_ID,COLUMN_CLASS,COLUMN_DISP_SEQ,REF_TABLE_NAME,REF_PKEY_NAME,REF_COL_NAME,REF_SORT_CONDITIONS,REF_MULTI_LANG,REFERENCE_ITEM,SENSITIVE_COL_NAME,FILE_UPLOAD_PLACE,BUTTON_ACTION,COL_NAME,SAVE_TYPE,AUTO_INPUT,INPUT_ITEM,VIEW_ITEM,UNIQUE_ITEM,REQUIRED_ITEM,AUTOREG_HIDE_ITEM,AUTOREG_ONLY_ITEM,INITIAL_VALUE,VALIDATE_OPTION,VALIDATE_REG_EXP,BEFORE_VALIDATE_REGISTER,AFTER_VALIDATE_REGISTER,DESCRIPTION_JA,DESCRIPTION_EN,NOTE,DISUSE_FLAG,LAST_UPDATE_TIMESTAMP,LAST_UPDATE_USER) VALUES(3010208,_____DATE_____,'INSERT','3010208','30102','作業確認URL','Confirmation URL','fqdn',NULL,'19',80,NULL,NULL,NULL,NULL,NULL,NULL,NULL,NULL,NULL,'FQDN',NULL,'0','1','1','0','0','0','0',NULL,NULL,NULL,NULL,NULL,'作業確認用URLの予約変数で使用する、FQDNを入力してください。
例：
http://<FQDN>
https://<FQDN>','Enter FQDN used in input variable for confirmation URL.
e.g.:
http://<FQDN>
https://<FQDN>',NULL,'0',_____DATE_____,1);
INSERT IGNORE INTO T_COMN_MENU_COLUMN_LINK (COLUMN_DEFINITION_ID,MENU_ID,COLUMN_NAME_JA,COLUMN_NAME_EN,COLUMN_NAME_REST,COL_GROUP_ID,COLUMN_CLASS,COLUMN_DISP_SEQ,REF_TABLE_NAME,REF_PKEY_NAME,REF_COL_NAME,REF_SORT_CONDITIONS,REF_MULTI_LANG,REFERENCE_ITEM,SENSITIVE_COL_NAME,FILE_UPLOAD_PLACE,BUTTON_ACTION,COL_NAME,SAVE_TYPE,AUTO_INPUT,INPUT_ITEM,VIEW_ITEM,UNIQUE_ITEM,REQUIRED_ITEM,AUTOREG_HIDE_ITEM,AUTOREG_ONLY_ITEM,INITIAL_VALUE,VALIDATE_OPTION,VALIDATE_REG_EXP,BEFORE_VALIDATE_REGISTER,AFTER_VALIDATE_REGISTER,DESCRIPTION_JA,DESCRIPTION_EN,NOTE,DISUSE_FLAG,LAST_UPDATE_TIMESTAMP,LAST_UPDATE_USER) VALUES('3010209','30102','その他','Other','other',NULL,'1',90,NULL,NULL,NULL,NULL,NULL,NULL,NULL,NULL,NULL,'OTHER',NULL,'0','1','1','0','0','0','0',NULL,NULL,NULL,NULL,NULL,'その他','Other',NULL,'1',_____DATE_____,1);
INSERT IGNORE INTO T_COMN_MENU_COLUMN_LINK_JNL (JOURNAL_SEQ_NO,JOURNAL_REG_DATETIME,JOURNAL_ACTION_CLASS,COLUMN_DEFINITION_ID,MENU_ID,COLUMN_NAME_JA,COLUMN_NAME_EN,COLUMN_NAME_REST,COL_GROUP_ID,COLUMN_CLASS,COLUMN_DISP_SEQ,REF_TABLE_NAME,REF_PKEY_NAME,REF_COL_NAME,REF_SORT_CONDITIONS,REF_MULTI_LANG,REFERENCE_ITEM,SENSITIVE_COL_NAME,FILE_UPLOAD_PLACE,BUTTON_ACTION,COL_NAME,SAVE_TYPE,AUTO_INPUT,INPUT_ITEM,VIEW_ITEM,UNIQUE_ITEM,REQUIRED_ITEM,AUTOREG_HIDE_ITEM,AUTOREG_ONLY_ITEM,INITIAL_VALUE,VALIDATE_OPTION,VALIDATE_REG_EXP,BEFORE_VALIDATE_REGISTER,AFTER_VALIDATE_REGISTER,DESCRIPTION_JA,DESCRIPTION_EN,NOTE,DISUSE_FLAG,LAST_UPDATE_TIMESTAMP,LAST_UPDATE_USER) VALUES(3010209,_____DATE_____,'INSERT','3010209','30102','その他','Other','other',NULL,'1',90,NULL,NULL,NULL,NULL,NULL,NULL,NULL,NULL,NULL,'OTHER',NULL,'0','1','1','0','0','0','0',NULL,NULL,NULL,NULL,NULL,'その他','Other',NULL,'1',_____DATE_____,1);
INSERT IGNORE INTO T_COMN_MENU_COLUMN_LINK (COLUMN_DEFINITION_ID,MENU_ID,COLUMN_NAME_JA,COLUMN_NAME_EN,COLUMN_NAME_REST,COL_GROUP_ID,COLUMN_CLASS,COLUMN_DISP_SEQ,REF_TABLE_NAME,REF_PKEY_NAME,REF_COL_NAME,REF_SORT_CONDITIONS,REF_MULTI_LANG,REFERENCE_ITEM,SENSITIVE_COL_NAME,FILE_UPLOAD_PLACE,BUTTON_ACTION,COL_NAME,SAVE_TYPE,AUTO_INPUT,INPUT_ITEM,VIEW_ITEM,UNIQUE_ITEM,REQUIRED_ITEM,AUTOREG_HIDE_ITEM,AUTOREG_ONLY_ITEM,INITIAL_VALUE,VALIDATE_OPTION,VALIDATE_REG_EXP,BEFORE_VALIDATE_REGISTER,AFTER_VALIDATE_REGISTER,DESCRIPTION_JA,DESCRIPTION_EN,NOTE,DISUSE_FLAG,LAST_UPDATE_TIMESTAMP,LAST_UPDATE_USER) VALUES('3010210','30102','抑止開始日時','Suppress Start','suppress_start',NULL,'5',100,NULL,NULL,NULL,NULL,NULL,NULL,NULL,NULL,NULL,'SUPPRESS_START',NULL,'0','1','1','0','0','0','0',NULL,NULL,NULL,NULL,NULL,'Conductor作業実行時に、開始日時以降であれば、通知を抑止します。','Notification would be suppressed if it is after the start date when Conductor is under execution.',NULL,'0',_____DATE_____,1);
INSERT IGNORE INTO T_COMN_MENU_COLUMN_LINK_JNL (JOURNAL_SEQ_NO,JOURNAL_REG_DATETIME,JOURNAL_ACTION_CLASS,COLUMN_DEFINITION_ID,MENU_ID,COLUMN_NAME_JA,COLUMN_NAME_EN,COLUMN_NAME_REST,COL_GROUP_ID,COLUMN_CLASS,COLUMN_DISP_SEQ,REF_TABLE_NAME,REF_PKEY_NAME,REF_COL_NAME,REF_SORT_CONDITIONS,REF_MULTI_LANG,REFERENCE_ITEM,SENSITIVE_COL_NAME,FILE_UPLOAD_PLACE,BUTTON_ACTION,COL_NAME,SAVE_TYPE,AUTO_INPUT,INPUT_ITEM,VIEW_ITEM,UNIQUE_ITEM,REQUIRED_ITEM,AUTOREG_HIDE_ITEM,AUTOREG_ONLY_ITEM,INITIAL_VALUE,VALIDATE_OPTION,VALIDATE_REG_EXP,BEFORE_VALIDATE_REGISTER,AFTER_VALIDATE_REGISTER,DESCRIPTION_JA,DESCRIPTION_EN,NOTE,DISUSE_FLAG,LAST_UPDATE_TIMESTAMP,LAST_UPDATE_USER) VALUES(3010210,_____DATE_____,'INSERT','3010210','30102','抑止開始日時','Suppress Start','suppress_start',NULL,'5',100,NULL,NULL,NULL,NULL,NULL,NULL,NULL,NULL,NULL,'SUPPRESS_START',NULL,'0','1','1','0','0','0','0',NULL,NULL,NULL,NULL,NULL,'Conductor作業実行時に、開始日時以降であれば、通知を抑止します。','Notification would be suppressed if it is after the start date when Conductor is under execution.',NULL,'0',_____DATE_____,1);
INSERT IGNORE INTO T_COMN_MENU_COLUMN_LINK (COLUMN_DEFINITION_ID,MENU_ID,COLUMN_NAME_JA,COLUMN_NAME_EN,COLUMN_NAME_REST,COL_GROUP_ID,COLUMN_CLASS,COLUMN_DISP_SEQ,REF_TABLE_NAME,REF_PKEY_NAME,REF_COL_NAME,REF_SORT_CONDITIONS,REF_MULTI_LANG,REFERENCE_ITEM,SENSITIVE_COL_NAME,FILE_UPLOAD_PLACE,BUTTON_ACTION,COL_NAME,SAVE_TYPE,AUTO_INPUT,INPUT_ITEM,VIEW_ITEM,UNIQUE_ITEM,REQUIRED_ITEM,AUTOREG_HIDE_ITEM,AUTOREG_ONLY_ITEM,INITIAL_VALUE,VALIDATE_OPTION,VALIDATE_REG_EXP,BEFORE_VALIDATE_REGISTER,AFTER_VALIDATE_REGISTER,DESCRIPTION_JA,DESCRIPTION_EN,NOTE,DISUSE_FLAG,LAST_UPDATE_TIMESTAMP,LAST_UPDATE_USER) VALUES('3010211','30102','抑止終了日時','Suppress End','suppress_end',NULL,'5',110,NULL,NULL,NULL,NULL,NULL,NULL,NULL,NULL,NULL,'SUPPRESS_END',NULL,'0','1','1','0','0','0','0',NULL,NULL,NULL,NULL,NULL,'Conductor作業実行時に、終了日時以前であれば、通知を抑止します。','Notification would be suppressed if it is before the end date when Conductor is under execution.',NULL,'0',_____DATE_____,1);
INSERT IGNORE INTO T_COMN_MENU_COLUMN_LINK_JNL (JOURNAL_SEQ_NO,JOURNAL_REG_DATETIME,JOURNAL_ACTION_CLASS,COLUMN_DEFINITION_ID,MENU_ID,COLUMN_NAME_JA,COLUMN_NAME_EN,COLUMN_NAME_REST,COL_GROUP_ID,COLUMN_CLASS,COLUMN_DISP_SEQ,REF_TABLE_NAME,REF_PKEY_NAME,REF_COL_NAME,REF_SORT_CONDITIONS,REF_MULTI_LANG,REFERENCE_ITEM,SENSITIVE_COL_NAME,FILE_UPLOAD_PLACE,BUTTON_ACTION,COL_NAME,SAVE_TYPE,AUTO_INPUT,INPUT_ITEM,VIEW_ITEM,UNIQUE_ITEM,REQUIRED_ITEM,AUTOREG_HIDE_ITEM,AUTOREG_ONLY_ITEM,INITIAL_VALUE,VALIDATE_OPTION,VALIDATE_REG_EXP,BEFORE_VALIDATE_REGISTER,AFTER_VALIDATE_REGISTER,DESCRIPTION_JA,DESCRIPTION_EN,NOTE,DISUSE_FLAG,LAST_UPDATE_TIMESTAMP,LAST_UPDATE_USER) VALUES(3010211,_____DATE_____,'INSERT','3010211','30102','抑止終了日時','Suppress End','suppress_end',NULL,'5',110,NULL,NULL,NULL,NULL,NULL,NULL,NULL,NULL,NULL,'SUPPRESS_END',NULL,'0','1','1','0','0','0','0',NULL,NULL,NULL,NULL,NULL,'Conductor作業実行時に、終了日時以前であれば、通知を抑止します。','Notification would be suppressed if it is before the end date when Conductor is under execution.',NULL,'0',_____DATE_____,1);
INSERT IGNORE INTO T_COMN_MENU_COLUMN_LINK (COLUMN_DEFINITION_ID,MENU_ID,COLUMN_NAME_JA,COLUMN_NAME_EN,COLUMN_NAME_REST,COL_GROUP_ID,COLUMN_CLASS,COLUMN_DISP_SEQ,REF_TABLE_NAME,REF_PKEY_NAME,REF_COL_NAME,REF_SORT_CONDITIONS,REF_MULTI_LANG,REFERENCE_ITEM,SENSITIVE_COL_NAME,FILE_UPLOAD_PLACE,BUTTON_ACTION,COL_NAME,SAVE_TYPE,AUTO_INPUT,INPUT_ITEM,VIEW_ITEM,UNIQUE_ITEM,REQUIRED_ITEM,AUTOREG_HIDE_ITEM,AUTOREG_ONLY_ITEM,INITIAL_VALUE,VALIDATE_OPTION,VALIDATE_REG_EXP,BEFORE_VALIDATE_REGISTER,AFTER_VALIDATE_REGISTER,DESCRIPTION_JA,DESCRIPTION_EN,NOTE,DISUSE_FLAG,LAST_UPDATE_TIMESTAMP,LAST_UPDATE_USER) VALUES('3010212','30102','備考','Remarks','remarks',NULL,'12',120,NULL,NULL,NULL,NULL,NULL,NULL,NULL,NULL,NULL,'NOTE',NULL,'0','1','1','0','0','0','0',NULL,NULL,NULL,NULL,NULL,'自由記述欄。レコードの廃止・復活時にも記載可能。','Comments section. Can comment when removing or restoring records.',NULL,'0',_____DATE_____,1);
INSERT IGNORE INTO T_COMN_MENU_COLUMN_LINK_JNL (JOURNAL_SEQ_NO,JOURNAL_REG_DATETIME,JOURNAL_ACTION_CLASS,COLUMN_DEFINITION_ID,MENU_ID,COLUMN_NAME_JA,COLUMN_NAME_EN,COLUMN_NAME_REST,COL_GROUP_ID,COLUMN_CLASS,COLUMN_DISP_SEQ,REF_TABLE_NAME,REF_PKEY_NAME,REF_COL_NAME,REF_SORT_CONDITIONS,REF_MULTI_LANG,REFERENCE_ITEM,SENSITIVE_COL_NAME,FILE_UPLOAD_PLACE,BUTTON_ACTION,COL_NAME,SAVE_TYPE,AUTO_INPUT,INPUT_ITEM,VIEW_ITEM,UNIQUE_ITEM,REQUIRED_ITEM,AUTOREG_HIDE_ITEM,AUTOREG_ONLY_ITEM,INITIAL_VALUE,VALIDATE_OPTION,VALIDATE_REG_EXP,BEFORE_VALIDATE_REGISTER,AFTER_VALIDATE_REGISTER,DESCRIPTION_JA,DESCRIPTION_EN,NOTE,DISUSE_FLAG,LAST_UPDATE_TIMESTAMP,LAST_UPDATE_USER) VALUES(3010212,_____DATE_____,'INSERT','3010212','30102','備考','Remarks','remarks',NULL,'12',120,NULL,NULL,NULL,NULL,NULL,NULL,NULL,NULL,NULL,'NOTE',NULL,'0','1','1','0','0','0','0',NULL,NULL,NULL,NULL,NULL,'自由記述欄。レコードの廃止・復活時にも記載可能。','Comments section. Can comment when removing or restoring records.',NULL,'0',_____DATE_____,1);
INSERT IGNORE INTO T_COMN_MENU_COLUMN_LINK (COLUMN_DEFINITION_ID,MENU_ID,COLUMN_NAME_JA,COLUMN_NAME_EN,COLUMN_NAME_REST,COL_GROUP_ID,COLUMN_CLASS,COLUMN_DISP_SEQ,REF_TABLE_NAME,REF_PKEY_NAME,REF_COL_NAME,REF_SORT_CONDITIONS,REF_MULTI_LANG,REFERENCE_ITEM,SENSITIVE_COL_NAME,FILE_UPLOAD_PLACE,BUTTON_ACTION,COL_NAME,SAVE_TYPE,AUTO_INPUT,INPUT_ITEM,VIEW_ITEM,UNIQUE_ITEM,REQUIRED_ITEM,AUTOREG_HIDE_ITEM,AUTOREG_ONLY_ITEM,INITIAL_VALUE,VALIDATE_OPTION,VALIDATE_REG_EXP,BEFORE_VALIDATE_REGISTER,AFTER_VALIDATE_REGISTER,DESCRIPTION_JA,DESCRIPTION_EN,NOTE,DISUSE_FLAG,LAST_UPDATE_TIMESTAMP,LAST_UPDATE_USER) VALUES('3010213','30102','廃止フラグ','Discard','discard',NULL,'1',130,NULL,NULL,NULL,NULL,NULL,NULL,NULL,NULL,NULL,'DISUSE_FLAG',NULL,'1','1','1','0','1','0','0',NULL,NULL,NULL,NULL,NULL,'廃止フラグ。復活以外のオペレーションは不可','Discard flag. Cannot do operation other than restore.',NULL,'0',_____DATE_____,1);
INSERT IGNORE INTO T_COMN_MENU_COLUMN_LINK_JNL (JOURNAL_SEQ_NO,JOURNAL_REG_DATETIME,JOURNAL_ACTION_CLASS,COLUMN_DEFINITION_ID,MENU_ID,COLUMN_NAME_JA,COLUMN_NAME_EN,COLUMN_NAME_REST,COL_GROUP_ID,COLUMN_CLASS,COLUMN_DISP_SEQ,REF_TABLE_NAME,REF_PKEY_NAME,REF_COL_NAME,REF_SORT_CONDITIONS,REF_MULTI_LANG,REFERENCE_ITEM,SENSITIVE_COL_NAME,FILE_UPLOAD_PLACE,BUTTON_ACTION,COL_NAME,SAVE_TYPE,AUTO_INPUT,INPUT_ITEM,VIEW_ITEM,UNIQUE_ITEM,REQUIRED_ITEM,AUTOREG_HIDE_ITEM,AUTOREG_ONLY_ITEM,INITIAL_VALUE,VALIDATE_OPTION,VALIDATE_REG_EXP,BEFORE_VALIDATE_REGISTER,AFTER_VALIDATE_REGISTER,DESCRIPTION_JA,DESCRIPTION_EN,NOTE,DISUSE_FLAG,LAST_UPDATE_TIMESTAMP,LAST_UPDATE_USER) VALUES(3010213,_____DATE_____,'INSERT','3010213','30102','廃止フラグ','Discard','discard',NULL,'1',130,NULL,NULL,NULL,NULL,NULL,NULL,NULL,NULL,NULL,'DISUSE_FLAG',NULL,'1','1','1','0','1','0','0',NULL,NULL,NULL,NULL,NULL,'廃止フラグ。復活以外のオペレーションは不可','Discard flag. Cannot do operation other than restore.',NULL,'0',_____DATE_____,1);
INSERT IGNORE INTO T_COMN_MENU_COLUMN_LINK (COLUMN_DEFINITION_ID,MENU_ID,COLUMN_NAME_JA,COLUMN_NAME_EN,COLUMN_NAME_REST,COL_GROUP_ID,COLUMN_CLASS,COLUMN_DISP_SEQ,REF_TABLE_NAME,REF_PKEY_NAME,REF_COL_NAME,REF_SORT_CONDITIONS,REF_MULTI_LANG,REFERENCE_ITEM,SENSITIVE_COL_NAME,FILE_UPLOAD_PLACE,BUTTON_ACTION,COL_NAME,SAVE_TYPE,AUTO_INPUT,INPUT_ITEM,VIEW_ITEM,UNIQUE_ITEM,REQUIRED_ITEM,AUTOREG_HIDE_ITEM,AUTOREG_ONLY_ITEM,INITIAL_VALUE,VALIDATE_OPTION,VALIDATE_REG_EXP,BEFORE_VALIDATE_REGISTER,AFTER_VALIDATE_REGISTER,DESCRIPTION_JA,DESCRIPTION_EN,NOTE,DISUSE_FLAG,LAST_UPDATE_TIMESTAMP,LAST_UPDATE_USER) VALUES('3010214','30102','最終更新日時','Last update date/time','last_update_date_time',NULL,'13',140,NULL,NULL,NULL,NULL,NULL,NULL,NULL,NULL,NULL,'LAST_UPDATE_TIMESTAMP',NULL,'1','0','1','0','1','0','0',NULL,NULL,NULL,NULL,NULL,'レコードの最終更新日。自動登録のため編集不可。','Last update date of record. Cannot edit because of auto-registration.',NULL,'0',_____DATE_____,1);
INSERT IGNORE INTO T_COMN_MENU_COLUMN_LINK_JNL (JOURNAL_SEQ_NO,JOURNAL_REG_DATETIME,JOURNAL_ACTION_CLASS,COLUMN_DEFINITION_ID,MENU_ID,COLUMN_NAME_JA,COLUMN_NAME_EN,COLUMN_NAME_REST,COL_GROUP_ID,COLUMN_CLASS,COLUMN_DISP_SEQ,REF_TABLE_NAME,REF_PKEY_NAME,REF_COL_NAME,REF_SORT_CONDITIONS,REF_MULTI_LANG,REFERENCE_ITEM,SENSITIVE_COL_NAME,FILE_UPLOAD_PLACE,BUTTON_ACTION,COL_NAME,SAVE_TYPE,AUTO_INPUT,INPUT_ITEM,VIEW_ITEM,UNIQUE_ITEM,REQUIRED_ITEM,AUTOREG_HIDE_ITEM,AUTOREG_ONLY_ITEM,INITIAL_VALUE,VALIDATE_OPTION,VALIDATE_REG_EXP,BEFORE_VALIDATE_REGISTER,AFTER_VALIDATE_REGISTER,DESCRIPTION_JA,DESCRIPTION_EN,NOTE,DISUSE_FLAG,LAST_UPDATE_TIMESTAMP,LAST_UPDATE_USER) VALUES(3010214,_____DATE_____,'INSERT','3010214','30102','最終更新日時','Last update date/time','last_update_date_time',NULL,'13',140,NULL,NULL,NULL,NULL,NULL,NULL,NULL,NULL,NULL,'LAST_UPDATE_TIMESTAMP',NULL,'1','0','1','0','1','0','0',NULL,NULL,NULL,NULL,NULL,'レコードの最終更新日。自動登録のため編集不可。','Last update date of record. Cannot edit because of auto-registration.',NULL,'0',_____DATE_____,1);
INSERT IGNORE INTO T_COMN_MENU_COLUMN_LINK (COLUMN_DEFINITION_ID,MENU_ID,COLUMN_NAME_JA,COLUMN_NAME_EN,COLUMN_NAME_REST,COL_GROUP_ID,COLUMN_CLASS,COLUMN_DISP_SEQ,REF_TABLE_NAME,REF_PKEY_NAME,REF_COL_NAME,REF_SORT_CONDITIONS,REF_MULTI_LANG,REFERENCE_ITEM,SENSITIVE_COL_NAME,FILE_UPLOAD_PLACE,BUTTON_ACTION,COL_NAME,SAVE_TYPE,AUTO_INPUT,INPUT_ITEM,VIEW_ITEM,UNIQUE_ITEM,REQUIRED_ITEM,AUTOREG_HIDE_ITEM,AUTOREG_ONLY_ITEM,INITIAL_VALUE,VALIDATE_OPTION,VALIDATE_REG_EXP,BEFORE_VALIDATE_REGISTER,AFTER_VALIDATE_REGISTER,DESCRIPTION_JA,DESCRIPTION_EN,NOTE,DISUSE_FLAG,LAST_UPDATE_TIMESTAMP,LAST_UPDATE_USER) VALUES('3010215','30102','最終更新者','Last updated by','last_updated_user',NULL,'14',150,NULL,NULL,NULL,NULL,NULL,NULL,NULL,NULL,NULL,'LAST_UPDATE_USER',NULL,'1','0','1','0','1','0','0',NULL,NULL,NULL,NULL,NULL,'更新者。ログインユーザのIDが自動的に登録される。編集不可。','Updated by. Login user ID is automatically registered. Cannot edit.',NULL,'0',_____DATE_____,1);
INSERT IGNORE INTO T_COMN_MENU_COLUMN_LINK_JNL (JOURNAL_SEQ_NO,JOURNAL_REG_DATETIME,JOURNAL_ACTION_CLASS,COLUMN_DEFINITION_ID,MENU_ID,COLUMN_NAME_JA,COLUMN_NAME_EN,COLUMN_NAME_REST,COL_GROUP_ID,COLUMN_CLASS,COLUMN_DISP_SEQ,REF_TABLE_NAME,REF_PKEY_NAME,REF_COL_NAME,REF_SORT_CONDITIONS,REF_MULTI_LANG,REFERENCE_ITEM,SENSITIVE_COL_NAME,FILE_UPLOAD_PLACE,BUTTON_ACTION,COL_NAME,SAVE_TYPE,AUTO_INPUT,INPUT_ITEM,VIEW_ITEM,UNIQUE_ITEM,REQUIRED_ITEM,AUTOREG_HIDE_ITEM,AUTOREG_ONLY_ITEM,INITIAL_VALUE,VALIDATE_OPTION,VALIDATE_REG_EXP,BEFORE_VALIDATE_REGISTER,AFTER_VALIDATE_REGISTER,DESCRIPTION_JA,DESCRIPTION_EN,NOTE,DISUSE_FLAG,LAST_UPDATE_TIMESTAMP,LAST_UPDATE_USER) VALUES(3010215,_____DATE_____,'INSERT','3010215','30102','最終更新者','Last updated by','last_updated_user',NULL,'14',150,NULL,NULL,NULL,NULL,NULL,NULL,NULL,NULL,NULL,'LAST_UPDATE_USER',NULL,'1','0','1','0','1','0','0',NULL,NULL,NULL,NULL,NULL,'更新者。ログインユーザのIDが自動的に登録される。編集不可。','Updated by. Login user ID is automatically registered. Cannot edit.',NULL,'0',_____DATE_____,1);
INSERT IGNORE INTO T_COMN_MENU_COLUMN_LINK (COLUMN_DEFINITION_ID,MENU_ID,COLUMN_NAME_JA,COLUMN_NAME_EN,COLUMN_NAME_REST,COL_GROUP_ID,COLUMN_CLASS,COLUMN_DISP_SEQ,REF_TABLE_NAME,REF_PKEY_NAME,REF_COL_NAME,REF_SORT_CONDITIONS,REF_MULTI_LANG,REFERENCE_ITEM,SENSITIVE_COL_NAME,FILE_UPLOAD_PLACE,BUTTON_ACTION,COL_NAME,SAVE_TYPE,AUTO_INPUT,INPUT_ITEM,VIEW_ITEM,UNIQUE_ITEM,REQUIRED_ITEM,AUTOREG_HIDE_ITEM,AUTOREG_ONLY_ITEM,INITIAL_VALUE,VALIDATE_OPTION,VALIDATE_REG_EXP,BEFORE_VALIDATE_REGISTER,AFTER_VALIDATE_REGISTER,DESCRIPTION_JA,DESCRIPTION_EN,NOTE,DISUSE_FLAG,LAST_UPDATE_TIMESTAMP,LAST_UPDATE_USER) VALUES('3010701','30107','定期作業実行ID','Periodic work execution ID','regularly_id',NULL,'1',10,NULL,NULL,NULL,NULL,NULL,NULL,NULL,NULL,NULL,'REGULARLY_ID',NULL,'1','1','1','1','1','0','0',NULL,NULL,NULL,NULL,NULL,'自動採番のため編集不可。実行処理種別が【登録】の場合、空白のみ可。
','Cannot edit because of auto-numbering. Must be blank when execution process type is [Register].',NULL,'0',_____DATE_____,1);
INSERT IGNORE INTO T_COMN_MENU_COLUMN_LINK_JNL (JOURNAL_SEQ_NO,JOURNAL_REG_DATETIME,JOURNAL_ACTION_CLASS,COLUMN_DEFINITION_ID,MENU_ID,COLUMN_NAME_JA,COLUMN_NAME_EN,COLUMN_NAME_REST,COL_GROUP_ID,COLUMN_CLASS,COLUMN_DISP_SEQ,REF_TABLE_NAME,REF_PKEY_NAME,REF_COL_NAME,REF_SORT_CONDITIONS,REF_MULTI_LANG,REFERENCE_ITEM,SENSITIVE_COL_NAME,FILE_UPLOAD_PLACE,BUTTON_ACTION,COL_NAME,SAVE_TYPE,AUTO_INPUT,INPUT_ITEM,VIEW_ITEM,UNIQUE_ITEM,REQUIRED_ITEM,AUTOREG_HIDE_ITEM,AUTOREG_ONLY_ITEM,INITIAL_VALUE,VALIDATE_OPTION,VALIDATE_REG_EXP,BEFORE_VALIDATE_REGISTER,AFTER_VALIDATE_REGISTER,DESCRIPTION_JA,DESCRIPTION_EN,NOTE,DISUSE_FLAG,LAST_UPDATE_TIMESTAMP,LAST_UPDATE_USER) VALUES(3010701,_____DATE_____,'INSERT','3010701','30107','定期作業実行ID','Periodic work execution ID','regularly_id',NULL,'1',10,NULL,NULL,NULL,NULL,NULL,NULL,NULL,NULL,NULL,'REGULARLY_ID',NULL,'1','1','1','1','1','0','0',NULL,NULL,NULL,NULL,NULL,'自動採番のため編集不可。実行処理種別が【登録】の場合、空白のみ可。
','Cannot edit because of auto-numbering. Must be blank when execution process type is [Register].',NULL,'0',_____DATE_____,1);
INSERT IGNORE INTO T_COMN_MENU_COLUMN_LINK (COLUMN_DEFINITION_ID,MENU_ID,COLUMN_NAME_JA,COLUMN_NAME_EN,COLUMN_NAME_REST,COL_GROUP_ID,COLUMN_CLASS,COLUMN_DISP_SEQ,REF_TABLE_NAME,REF_PKEY_NAME,REF_COL_NAME,REF_SORT_CONDITIONS,REF_MULTI_LANG,REFERENCE_ITEM,SENSITIVE_COL_NAME,FILE_UPLOAD_PLACE,BUTTON_ACTION,COL_NAME,SAVE_TYPE,AUTO_INPUT,INPUT_ITEM,VIEW_ITEM,UNIQUE_ITEM,REQUIRED_ITEM,AUTOREG_HIDE_ITEM,AUTOREG_ONLY_ITEM,INITIAL_VALUE,VALIDATE_OPTION,VALIDATE_REG_EXP,BEFORE_VALIDATE_REGISTER,AFTER_VALIDATE_REGISTER,DESCRIPTION_JA,DESCRIPTION_EN,NOTE,DISUSE_FLAG,LAST_UPDATE_TIMESTAMP,LAST_UPDATE_USER) VALUES('3010702','30107','作業一覧確認','Check the work list','check_the_work_list',NULL,'23',20,NULL,NULL,NULL,NULL,NULL,NULL,NULL,NULL,'[["redirect_filter", "menu=conductor_list", [["conductor_name", "conductor_instance_name", "LIST"], ["operation_name", "operation_name", "LIST"], ["execution_user", "execution_user", "LIST"]]]]',NULL,NULL,'0','2','1','0','0','1','0',NULL,NULL,NULL,NULL,NULL,NULL,NULL,NULL,'0',_____DATE_____,1);
INSERT IGNORE INTO T_COMN_MENU_COLUMN_LINK_JNL (JOURNAL_SEQ_NO,JOURNAL_REG_DATETIME,JOURNAL_ACTION_CLASS,COLUMN_DEFINITION_ID,MENU_ID,COLUMN_NAME_JA,COLUMN_NAME_EN,COLUMN_NAME_REST,COL_GROUP_ID,COLUMN_CLASS,COLUMN_DISP_SEQ,REF_TABLE_NAME,REF_PKEY_NAME,REF_COL_NAME,REF_SORT_CONDITIONS,REF_MULTI_LANG,REFERENCE_ITEM,SENSITIVE_COL_NAME,FILE_UPLOAD_PLACE,BUTTON_ACTION,COL_NAME,SAVE_TYPE,AUTO_INPUT,INPUT_ITEM,VIEW_ITEM,UNIQUE_ITEM,REQUIRED_ITEM,AUTOREG_HIDE_ITEM,AUTOREG_ONLY_ITEM,INITIAL_VALUE,VALIDATE_OPTION,VALIDATE_REG_EXP,BEFORE_VALIDATE_REGISTER,AFTER_VALIDATE_REGISTER,DESCRIPTION_JA,DESCRIPTION_EN,NOTE,DISUSE_FLAG,LAST_UPDATE_TIMESTAMP,LAST_UPDATE_USER) VALUES(3010702,_____DATE_____,'INSERT','3010702','30107','作業一覧確認','Check the work list','check_the_work_list',NULL,'23',20,NULL,NULL,NULL,NULL,NULL,NULL,NULL,NULL,'[["redirect_filter", "menu=conductor_list", [["conductor_name", "conductor_instance_name", "LIST"], ["operation_name", "operation_name", "LIST"], ["execution_user", "execution_user", "LIST"]]]]',NULL,NULL,'0','2','1','0','0','1','0',NULL,NULL,NULL,NULL,NULL,NULL,NULL,NULL,'0',_____DATE_____,1);
INSERT IGNORE INTO T_COMN_MENU_COLUMN_LINK (COLUMN_DEFINITION_ID,MENU_ID,COLUMN_NAME_JA,COLUMN_NAME_EN,COLUMN_NAME_REST,COL_GROUP_ID,COLUMN_CLASS,COLUMN_DISP_SEQ,REF_TABLE_NAME,REF_PKEY_NAME,REF_COL_NAME,REF_SORT_CONDITIONS,REF_MULTI_LANG,REFERENCE_ITEM,SENSITIVE_COL_NAME,FILE_UPLOAD_PLACE,BUTTON_ACTION,COL_NAME,SAVE_TYPE,AUTO_INPUT,INPUT_ITEM,VIEW_ITEM,UNIQUE_ITEM,REQUIRED_ITEM,AUTOREG_HIDE_ITEM,AUTOREG_ONLY_ITEM,INITIAL_VALUE,VALIDATE_OPTION,VALIDATE_REG_EXP,BEFORE_VALIDATE_REGISTER,AFTER_VALIDATE_REGISTER,DESCRIPTION_JA,DESCRIPTION_EN,NOTE,DISUSE_FLAG,LAST_UPDATE_TIMESTAMP,LAST_UPDATE_USER) VALUES('3010703','30107','Conductor名称','Conductor name','conductor_name',NULL,'7',30,'T_COMN_CONDUCTOR_CLASS','CONDUCTOR_CLASS_ID','CONDUCTOR_NAME',NULL,NULL,NULL,NULL,NULL,NULL,'CONDUCTOR_CLASS_ID',NULL,'0','1','1','0','1','0','0',NULL,NULL,NULL,NULL,NULL,'[元データ]Conductor一覧','[Original data] Conductor class list',NULL,'0',_____DATE_____,1);
INSERT IGNORE INTO T_COMN_MENU_COLUMN_LINK_JNL (JOURNAL_SEQ_NO,JOURNAL_REG_DATETIME,JOURNAL_ACTION_CLASS,COLUMN_DEFINITION_ID,MENU_ID,COLUMN_NAME_JA,COLUMN_NAME_EN,COLUMN_NAME_REST,COL_GROUP_ID,COLUMN_CLASS,COLUMN_DISP_SEQ,REF_TABLE_NAME,REF_PKEY_NAME,REF_COL_NAME,REF_SORT_CONDITIONS,REF_MULTI_LANG,REFERENCE_ITEM,SENSITIVE_COL_NAME,FILE_UPLOAD_PLACE,BUTTON_ACTION,COL_NAME,SAVE_TYPE,AUTO_INPUT,INPUT_ITEM,VIEW_ITEM,UNIQUE_ITEM,REQUIRED_ITEM,AUTOREG_HIDE_ITEM,AUTOREG_ONLY_ITEM,INITIAL_VALUE,VALIDATE_OPTION,VALIDATE_REG_EXP,BEFORE_VALIDATE_REGISTER,AFTER_VALIDATE_REGISTER,DESCRIPTION_JA,DESCRIPTION_EN,NOTE,DISUSE_FLAG,LAST_UPDATE_TIMESTAMP,LAST_UPDATE_USER) VALUES(3010703,_____DATE_____,'INSERT','3010703','30107','Conductor名称','Conductor name','conductor_name',NULL,'7',30,'T_COMN_CONDUCTOR_CLASS','CONDUCTOR_CLASS_ID','CONDUCTOR_NAME',NULL,NULL,NULL,NULL,NULL,NULL,'CONDUCTOR_CLASS_ID',NULL,'0','1','1','0','1','0','0',NULL,NULL,NULL,NULL,NULL,'[元データ]Conductor一覧','[Original data] Conductor class list',NULL,'0',_____DATE_____,1);
INSERT IGNORE INTO T_COMN_MENU_COLUMN_LINK (COLUMN_DEFINITION_ID,MENU_ID,COLUMN_NAME_JA,COLUMN_NAME_EN,COLUMN_NAME_REST,COL_GROUP_ID,COLUMN_CLASS,COLUMN_DISP_SEQ,REF_TABLE_NAME,REF_PKEY_NAME,REF_COL_NAME,REF_SORT_CONDITIONS,REF_MULTI_LANG,REFERENCE_ITEM,SENSITIVE_COL_NAME,FILE_UPLOAD_PLACE,BUTTON_ACTION,COL_NAME,SAVE_TYPE,AUTO_INPUT,INPUT_ITEM,VIEW_ITEM,UNIQUE_ITEM,REQUIRED_ITEM,AUTOREG_HIDE_ITEM,AUTOREG_ONLY_ITEM,INITIAL_VALUE,VALIDATE_OPTION,VALIDATE_REG_EXP,BEFORE_VALIDATE_REGISTER,AFTER_VALIDATE_REGISTER,DESCRIPTION_JA,DESCRIPTION_EN,NOTE,DISUSE_FLAG,LAST_UPDATE_TIMESTAMP,LAST_UPDATE_USER) VALUES('3010704','30107','オペレーション名','Operation name','operation_name',NULL,'7',40,'T_COMN_OPERATION','OPERATION_ID','OPERATION_NAME',NULL,NULL,NULL,NULL,NULL,NULL,'OPERATION_ID',NULL,'0','1','1','0','1','0','0',NULL,NULL,NULL,NULL,NULL,'[元データ]オペレーション一覧','[Original data] Input operation list',NULL,'0',_____DATE_____,1);
INSERT IGNORE INTO T_COMN_MENU_COLUMN_LINK_JNL (JOURNAL_SEQ_NO,JOURNAL_REG_DATETIME,JOURNAL_ACTION_CLASS,COLUMN_DEFINITION_ID,MENU_ID,COLUMN_NAME_JA,COLUMN_NAME_EN,COLUMN_NAME_REST,COL_GROUP_ID,COLUMN_CLASS,COLUMN_DISP_SEQ,REF_TABLE_NAME,REF_PKEY_NAME,REF_COL_NAME,REF_SORT_CONDITIONS,REF_MULTI_LANG,REFERENCE_ITEM,SENSITIVE_COL_NAME,FILE_UPLOAD_PLACE,BUTTON_ACTION,COL_NAME,SAVE_TYPE,AUTO_INPUT,INPUT_ITEM,VIEW_ITEM,UNIQUE_ITEM,REQUIRED_ITEM,AUTOREG_HIDE_ITEM,AUTOREG_ONLY_ITEM,INITIAL_VALUE,VALIDATE_OPTION,VALIDATE_REG_EXP,BEFORE_VALIDATE_REGISTER,AFTER_VALIDATE_REGISTER,DESCRIPTION_JA,DESCRIPTION_EN,NOTE,DISUSE_FLAG,LAST_UPDATE_TIMESTAMP,LAST_UPDATE_USER) VALUES(3010704,_____DATE_____,'INSERT','3010704','30107','オペレーション名','Operation name','operation_name',NULL,'7',40,'T_COMN_OPERATION','OPERATION_ID','OPERATION_NAME',NULL,NULL,NULL,NULL,NULL,NULL,'OPERATION_ID',NULL,'0','1','1','0','1','0','0',NULL,NULL,NULL,NULL,NULL,'[元データ]オペレーション一覧','[Original data] Input operation list',NULL,'0',_____DATE_____,1);
INSERT IGNORE INTO T_COMN_MENU_COLUMN_LINK (COLUMN_DEFINITION_ID,MENU_ID,COLUMN_NAME_JA,COLUMN_NAME_EN,COLUMN_NAME_REST,COL_GROUP_ID,COLUMN_CLASS,COLUMN_DISP_SEQ,REF_TABLE_NAME,REF_PKEY_NAME,REF_COL_NAME,REF_SORT_CONDITIONS,REF_MULTI_LANG,REFERENCE_ITEM,SENSITIVE_COL_NAME,FILE_UPLOAD_PLACE,BUTTON_ACTION,COL_NAME,SAVE_TYPE,AUTO_INPUT,INPUT_ITEM,VIEW_ITEM,UNIQUE_ITEM,REQUIRED_ITEM,AUTOREG_HIDE_ITEM,AUTOREG_ONLY_ITEM,INITIAL_VALUE,VALIDATE_OPTION,VALIDATE_REG_EXP,BEFORE_VALIDATE_REGISTER,AFTER_VALIDATE_REGISTER,DESCRIPTION_JA,DESCRIPTION_EN,NOTE,DISUSE_FLAG,LAST_UPDATE_TIMESTAMP,LAST_UPDATE_USER) VALUES('3010705','30107','ステータス','Status','status',NULL,'7',50,'T_COMN_CONDUCTOR_REGULARLY_STATUS','REGULARLY_STATUS_ID','REGULARLY_STATUS_NAME','[{"ASC": "DISP_SEQ"}]','1',NULL,NULL,NULL,NULL,'STATUS_ID',NULL,'1','0','1','0','0','0','0',NULL,NULL,NULL,NULL,NULL,'ステータスには以下の状態が存在します。
・準備中
・稼働中
・完了
・不整合エラー
・紐付けエラー
・想定外エラー
・Conductor廃止
・Operation廃止','The following states exists for Status.
・In preparation
・In operation
・Completed
・Mismatch error
・Linking error
・Unexpected error
・Conductor discard
・Operation discard',NULL,'0',_____DATE_____,1);
INSERT IGNORE INTO T_COMN_MENU_COLUMN_LINK_JNL (JOURNAL_SEQ_NO,JOURNAL_REG_DATETIME,JOURNAL_ACTION_CLASS,COLUMN_DEFINITION_ID,MENU_ID,COLUMN_NAME_JA,COLUMN_NAME_EN,COLUMN_NAME_REST,COL_GROUP_ID,COLUMN_CLASS,COLUMN_DISP_SEQ,REF_TABLE_NAME,REF_PKEY_NAME,REF_COL_NAME,REF_SORT_CONDITIONS,REF_MULTI_LANG,REFERENCE_ITEM,SENSITIVE_COL_NAME,FILE_UPLOAD_PLACE,BUTTON_ACTION,COL_NAME,SAVE_TYPE,AUTO_INPUT,INPUT_ITEM,VIEW_ITEM,UNIQUE_ITEM,REQUIRED_ITEM,AUTOREG_HIDE_ITEM,AUTOREG_ONLY_ITEM,INITIAL_VALUE,VALIDATE_OPTION,VALIDATE_REG_EXP,BEFORE_VALIDATE_REGISTER,AFTER_VALIDATE_REGISTER,DESCRIPTION_JA,DESCRIPTION_EN,NOTE,DISUSE_FLAG,LAST_UPDATE_TIMESTAMP,LAST_UPDATE_USER) VALUES(3010705,_____DATE_____,'INSERT','3010705','30107','ステータス','Status','status',NULL,'7',50,'T_COMN_CONDUCTOR_REGULARLY_STATUS','REGULARLY_STATUS_ID','REGULARLY_STATUS_NAME','[{"ASC": "DISP_SEQ"}]','1',NULL,NULL,NULL,NULL,'STATUS_ID',NULL,'1','0','1','0','0','0','0',NULL,NULL,NULL,NULL,NULL,'ステータスには以下の状態が存在します。
・準備中
・稼働中
・完了
・不整合エラー
・紐付けエラー
・想定外エラー
・Conductor廃止
・Operation廃止','The following states exists for Status.
・In preparation
・In operation
・Completed
・Mismatch error
・Linking error
・Unexpected error
・Conductor discard
・Operation discard',NULL,'0',_____DATE_____,1);
INSERT IGNORE INTO T_COMN_MENU_COLUMN_LINK (COLUMN_DEFINITION_ID,MENU_ID,COLUMN_NAME_JA,COLUMN_NAME_EN,COLUMN_NAME_REST,COL_GROUP_ID,COLUMN_CLASS,COLUMN_DISP_SEQ,REF_TABLE_NAME,REF_PKEY_NAME,REF_COL_NAME,REF_SORT_CONDITIONS,REF_MULTI_LANG,REFERENCE_ITEM,SENSITIVE_COL_NAME,FILE_UPLOAD_PLACE,BUTTON_ACTION,COL_NAME,SAVE_TYPE,AUTO_INPUT,INPUT_ITEM,VIEW_ITEM,UNIQUE_ITEM,REQUIRED_ITEM,AUTOREG_HIDE_ITEM,AUTOREG_ONLY_ITEM,INITIAL_VALUE,VALIDATE_OPTION,VALIDATE_REG_EXP,BEFORE_VALIDATE_REGISTER,AFTER_VALIDATE_REGISTER,DESCRIPTION_JA,DESCRIPTION_EN,NOTE,DISUSE_FLAG,LAST_UPDATE_TIMESTAMP,LAST_UPDATE_USER) VALUES('3010706','30107','実行ユーザ','Execution user','execution_user',NULL,'27',60,NULL,NULL,NULL,NULL,NULL,NULL,NULL,NULL,NULL,'EXECUTION_USER_ID',NULL,'1','0','1','0','0','0','0',NULL,NULL,NULL,NULL,NULL,'Conductorを実行するユーザ（登録/更新したユーザが自動的に入力されます。）','User executed “Register” ”renew” will be 
registered as operation user.',NULL,'0',_____DATE_____,1);
INSERT IGNORE INTO T_COMN_MENU_COLUMN_LINK_JNL (JOURNAL_SEQ_NO,JOURNAL_REG_DATETIME,JOURNAL_ACTION_CLASS,COLUMN_DEFINITION_ID,MENU_ID,COLUMN_NAME_JA,COLUMN_NAME_EN,COLUMN_NAME_REST,COL_GROUP_ID,COLUMN_CLASS,COLUMN_DISP_SEQ,REF_TABLE_NAME,REF_PKEY_NAME,REF_COL_NAME,REF_SORT_CONDITIONS,REF_MULTI_LANG,REFERENCE_ITEM,SENSITIVE_COL_NAME,FILE_UPLOAD_PLACE,BUTTON_ACTION,COL_NAME,SAVE_TYPE,AUTO_INPUT,INPUT_ITEM,VIEW_ITEM,UNIQUE_ITEM,REQUIRED_ITEM,AUTOREG_HIDE_ITEM,AUTOREG_ONLY_ITEM,INITIAL_VALUE,VALIDATE_OPTION,VALIDATE_REG_EXP,BEFORE_VALIDATE_REGISTER,AFTER_VALIDATE_REGISTER,DESCRIPTION_JA,DESCRIPTION_EN,NOTE,DISUSE_FLAG,LAST_UPDATE_TIMESTAMP,LAST_UPDATE_USER) VALUES(3010706,_____DATE_____,'INSERT','3010706','30107','実行ユーザ','Execution user','execution_user',NULL,'27',60,NULL,NULL,NULL,NULL,NULL,NULL,NULL,NULL,NULL,'EXECUTION_USER_ID',NULL,'1','0','1','0','0','0','0',NULL,NULL,NULL,NULL,NULL,'Conductorを実行するユーザ（登録/更新したユーザが自動的に入力されます。）','User executed “Register” ”renew” will be 
registered as operation user.',NULL,'0',_____DATE_____,1);
INSERT IGNORE INTO T_COMN_MENU_COLUMN_LINK (COLUMN_DEFINITION_ID,MENU_ID,COLUMN_NAME_JA,COLUMN_NAME_EN,COLUMN_NAME_REST,COL_GROUP_ID,COLUMN_CLASS,COLUMN_DISP_SEQ,REF_TABLE_NAME,REF_PKEY_NAME,REF_COL_NAME,REF_SORT_CONDITIONS,REF_MULTI_LANG,REFERENCE_ITEM,SENSITIVE_COL_NAME,FILE_UPLOAD_PLACE,BUTTON_ACTION,COL_NAME,SAVE_TYPE,AUTO_INPUT,INPUT_ITEM,VIEW_ITEM,UNIQUE_ITEM,REQUIRED_ITEM,AUTOREG_HIDE_ITEM,AUTOREG_ONLY_ITEM,INITIAL_VALUE,VALIDATE_OPTION,VALIDATE_REG_EXP,BEFORE_VALIDATE_REGISTER,AFTER_VALIDATE_REGISTER,DESCRIPTION_JA,DESCRIPTION_EN,NOTE,DISUSE_FLAG,LAST_UPDATE_TIMESTAMP,LAST_UPDATE_USER) VALUES('3010707','30107','スケジュール設定','Schedule setting','schedule_setting',NULL,'23',70,NULL,NULL,NULL,NULL,NULL,NULL,NULL,NULL,'[["modal", "schedule_regulary"]]',NULL,NULL,'0','1','0','0','0','0','0',NULL,NULL,NULL,NULL,NULL,NULL,NULL,NULL,'0',_____DATE_____,1);
INSERT IGNORE INTO T_COMN_MENU_COLUMN_LINK_JNL (JOURNAL_SEQ_NO,JOURNAL_REG_DATETIME,JOURNAL_ACTION_CLASS,COLUMN_DEFINITION_ID,MENU_ID,COLUMN_NAME_JA,COLUMN_NAME_EN,COLUMN_NAME_REST,COL_GROUP_ID,COLUMN_CLASS,COLUMN_DISP_SEQ,REF_TABLE_NAME,REF_PKEY_NAME,REF_COL_NAME,REF_SORT_CONDITIONS,REF_MULTI_LANG,REFERENCE_ITEM,SENSITIVE_COL_NAME,FILE_UPLOAD_PLACE,BUTTON_ACTION,COL_NAME,SAVE_TYPE,AUTO_INPUT,INPUT_ITEM,VIEW_ITEM,UNIQUE_ITEM,REQUIRED_ITEM,AUTOREG_HIDE_ITEM,AUTOREG_ONLY_ITEM,INITIAL_VALUE,VALIDATE_OPTION,VALIDATE_REG_EXP,BEFORE_VALIDATE_REGISTER,AFTER_VALIDATE_REGISTER,DESCRIPTION_JA,DESCRIPTION_EN,NOTE,DISUSE_FLAG,LAST_UPDATE_TIMESTAMP,LAST_UPDATE_USER) VALUES(3010707,_____DATE_____,'INSERT','3010707','30107','スケジュール設定','Schedule setting','schedule_setting',NULL,'23',70,NULL,NULL,NULL,NULL,NULL,NULL,NULL,NULL,'[["modal", "schedule_regulary"]]',NULL,NULL,'0','1','0','0','0','0','0',NULL,NULL,NULL,NULL,NULL,NULL,NULL,NULL,'0',_____DATE_____,1);
INSERT IGNORE INTO T_COMN_MENU_COLUMN_LINK (COLUMN_DEFINITION_ID,MENU_ID,COLUMN_NAME_JA,COLUMN_NAME_EN,COLUMN_NAME_REST,COL_GROUP_ID,COLUMN_CLASS,COLUMN_DISP_SEQ,REF_TABLE_NAME,REF_PKEY_NAME,REF_COL_NAME,REF_SORT_CONDITIONS,REF_MULTI_LANG,REFERENCE_ITEM,SENSITIVE_COL_NAME,FILE_UPLOAD_PLACE,BUTTON_ACTION,COL_NAME,SAVE_TYPE,AUTO_INPUT,INPUT_ITEM,VIEW_ITEM,UNIQUE_ITEM,REQUIRED_ITEM,AUTOREG_HIDE_ITEM,AUTOREG_ONLY_ITEM,INITIAL_VALUE,VALIDATE_OPTION,VALIDATE_REG_EXP,BEFORE_VALIDATE_REGISTER,AFTER_VALIDATE_REGISTER,DESCRIPTION_JA,DESCRIPTION_EN,NOTE,DISUSE_FLAG,LAST_UPDATE_TIMESTAMP,LAST_UPDATE_USER) VALUES('3010708','30107','次回実行日付','Next execution date','next_execution_date','3010701','5',80,NULL,NULL,NULL,NULL,NULL,NULL,NULL,NULL,NULL,'NEXT_EXECUTION_DATE',NULL,'1','0','1','0','0','0','0',NULL,NULL,NULL,NULL,NULL,'次回実行日付','Next execution date',NULL,'0',_____DATE_____,1);
INSERT IGNORE INTO T_COMN_MENU_COLUMN_LINK_JNL (JOURNAL_SEQ_NO,JOURNAL_REG_DATETIME,JOURNAL_ACTION_CLASS,COLUMN_DEFINITION_ID,MENU_ID,COLUMN_NAME_JA,COLUMN_NAME_EN,COLUMN_NAME_REST,COL_GROUP_ID,COLUMN_CLASS,COLUMN_DISP_SEQ,REF_TABLE_NAME,REF_PKEY_NAME,REF_COL_NAME,REF_SORT_CONDITIONS,REF_MULTI_LANG,REFERENCE_ITEM,SENSITIVE_COL_NAME,FILE_UPLOAD_PLACE,BUTTON_ACTION,COL_NAME,SAVE_TYPE,AUTO_INPUT,INPUT_ITEM,VIEW_ITEM,UNIQUE_ITEM,REQUIRED_ITEM,AUTOREG_HIDE_ITEM,AUTOREG_ONLY_ITEM,INITIAL_VALUE,VALIDATE_OPTION,VALIDATE_REG_EXP,BEFORE_VALIDATE_REGISTER,AFTER_VALIDATE_REGISTER,DESCRIPTION_JA,DESCRIPTION_EN,NOTE,DISUSE_FLAG,LAST_UPDATE_TIMESTAMP,LAST_UPDATE_USER) VALUES(3010708,_____DATE_____,'INSERT','3010708','30107','次回実行日付','Next execution date','next_execution_date','3010701','5',80,NULL,NULL,NULL,NULL,NULL,NULL,NULL,NULL,NULL,'NEXT_EXECUTION_DATE',NULL,'1','0','1','0','0','0','0',NULL,NULL,NULL,NULL,NULL,'次回実行日付','Next execution date',NULL,'0',_____DATE_____,1);
INSERT IGNORE INTO T_COMN_MENU_COLUMN_LINK (COLUMN_DEFINITION_ID,MENU_ID,COLUMN_NAME_JA,COLUMN_NAME_EN,COLUMN_NAME_REST,COL_GROUP_ID,COLUMN_CLASS,COLUMN_DISP_SEQ,REF_TABLE_NAME,REF_PKEY_NAME,REF_COL_NAME,REF_SORT_CONDITIONS,REF_MULTI_LANG,REFERENCE_ITEM,SENSITIVE_COL_NAME,FILE_UPLOAD_PLACE,BUTTON_ACTION,COL_NAME,SAVE_TYPE,AUTO_INPUT,INPUT_ITEM,VIEW_ITEM,UNIQUE_ITEM,REQUIRED_ITEM,AUTOREG_HIDE_ITEM,AUTOREG_ONLY_ITEM,INITIAL_VALUE,VALIDATE_OPTION,VALIDATE_REG_EXP,BEFORE_VALIDATE_REGISTER,AFTER_VALIDATE_REGISTER,DESCRIPTION_JA,DESCRIPTION_EN,NOTE,DISUSE_FLAG,LAST_UPDATE_TIMESTAMP,LAST_UPDATE_USER) VALUES('3010709','30107','開始日付','Start date','start_date','3010701','5',90,NULL,NULL,NULL,NULL,NULL,NULL,NULL,NULL,NULL,'START_DATE',NULL,'0','3','1','0','1','0','0',NULL,NULL,NULL,NULL,NULL,'開始日付','Start date',NULL,'0',_____DATE_____,1);
INSERT IGNORE INTO T_COMN_MENU_COLUMN_LINK_JNL (JOURNAL_SEQ_NO,JOURNAL_REG_DATETIME,JOURNAL_ACTION_CLASS,COLUMN_DEFINITION_ID,MENU_ID,COLUMN_NAME_JA,COLUMN_NAME_EN,COLUMN_NAME_REST,COL_GROUP_ID,COLUMN_CLASS,COLUMN_DISP_SEQ,REF_TABLE_NAME,REF_PKEY_NAME,REF_COL_NAME,REF_SORT_CONDITIONS,REF_MULTI_LANG,REFERENCE_ITEM,SENSITIVE_COL_NAME,FILE_UPLOAD_PLACE,BUTTON_ACTION,COL_NAME,SAVE_TYPE,AUTO_INPUT,INPUT_ITEM,VIEW_ITEM,UNIQUE_ITEM,REQUIRED_ITEM,AUTOREG_HIDE_ITEM,AUTOREG_ONLY_ITEM,INITIAL_VALUE,VALIDATE_OPTION,VALIDATE_REG_EXP,BEFORE_VALIDATE_REGISTER,AFTER_VALIDATE_REGISTER,DESCRIPTION_JA,DESCRIPTION_EN,NOTE,DISUSE_FLAG,LAST_UPDATE_TIMESTAMP,LAST_UPDATE_USER) VALUES(3010709,_____DATE_____,'INSERT','3010709','30107','開始日付','Start date','start_date','3010701','5',90,NULL,NULL,NULL,NULL,NULL,NULL,NULL,NULL,NULL,'START_DATE',NULL,'0','3','1','0','1','0','0',NULL,NULL,NULL,NULL,NULL,'開始日付','Start date',NULL,'0',_____DATE_____,1);
INSERT IGNORE INTO T_COMN_MENU_COLUMN_LINK (COLUMN_DEFINITION_ID,MENU_ID,COLUMN_NAME_JA,COLUMN_NAME_EN,COLUMN_NAME_REST,COL_GROUP_ID,COLUMN_CLASS,COLUMN_DISP_SEQ,REF_TABLE_NAME,REF_PKEY_NAME,REF_COL_NAME,REF_SORT_CONDITIONS,REF_MULTI_LANG,REFERENCE_ITEM,SENSITIVE_COL_NAME,FILE_UPLOAD_PLACE,BUTTON_ACTION,COL_NAME,SAVE_TYPE,AUTO_INPUT,INPUT_ITEM,VIEW_ITEM,UNIQUE_ITEM,REQUIRED_ITEM,AUTOREG_HIDE_ITEM,AUTOREG_ONLY_ITEM,INITIAL_VALUE,VALIDATE_OPTION,VALIDATE_REG_EXP,BEFORE_VALIDATE_REGISTER,AFTER_VALIDATE_REGISTER,DESCRIPTION_JA,DESCRIPTION_EN,NOTE,DISUSE_FLAG,LAST_UPDATE_TIMESTAMP,LAST_UPDATE_USER) VALUES('3010710','30107','終了日付','End date','end_date','3010701','5',100,NULL,NULL,NULL,NULL,NULL,NULL,NULL,NULL,NULL,'END_DATE',NULL,'0','3','1','0','0','0','0',NULL,NULL,NULL,NULL,NULL,'終了日付','End date',NULL,'0',_____DATE_____,1);
INSERT IGNORE INTO T_COMN_MENU_COLUMN_LINK_JNL (JOURNAL_SEQ_NO,JOURNAL_REG_DATETIME,JOURNAL_ACTION_CLASS,COLUMN_DEFINITION_ID,MENU_ID,COLUMN_NAME_JA,COLUMN_NAME_EN,COLUMN_NAME_REST,COL_GROUP_ID,COLUMN_CLASS,COLUMN_DISP_SEQ,REF_TABLE_NAME,REF_PKEY_NAME,REF_COL_NAME,REF_SORT_CONDITIONS,REF_MULTI_LANG,REFERENCE_ITEM,SENSITIVE_COL_NAME,FILE_UPLOAD_PLACE,BUTTON_ACTION,COL_NAME,SAVE_TYPE,AUTO_INPUT,INPUT_ITEM,VIEW_ITEM,UNIQUE_ITEM,REQUIRED_ITEM,AUTOREG_HIDE_ITEM,AUTOREG_ONLY_ITEM,INITIAL_VALUE,VALIDATE_OPTION,VALIDATE_REG_EXP,BEFORE_VALIDATE_REGISTER,AFTER_VALIDATE_REGISTER,DESCRIPTION_JA,DESCRIPTION_EN,NOTE,DISUSE_FLAG,LAST_UPDATE_TIMESTAMP,LAST_UPDATE_USER) VALUES(3010710,_____DATE_____,'INSERT','3010710','30107','終了日付','End date','end_date','3010701','5',100,NULL,NULL,NULL,NULL,NULL,NULL,NULL,NULL,NULL,'END_DATE',NULL,'0','3','1','0','0','0','0',NULL,NULL,NULL,NULL,NULL,'終了日付','End date',NULL,'0',_____DATE_____,1);
INSERT IGNORE INTO T_COMN_MENU_COLUMN_LINK (COLUMN_DEFINITION_ID,MENU_ID,COLUMN_NAME_JA,COLUMN_NAME_EN,COLUMN_NAME_REST,COL_GROUP_ID,COLUMN_CLASS,COLUMN_DISP_SEQ,REF_TABLE_NAME,REF_PKEY_NAME,REF_COL_NAME,REF_SORT_CONDITIONS,REF_MULTI_LANG,REFERENCE_ITEM,SENSITIVE_COL_NAME,FILE_UPLOAD_PLACE,BUTTON_ACTION,COL_NAME,SAVE_TYPE,AUTO_INPUT,INPUT_ITEM,VIEW_ITEM,UNIQUE_ITEM,REQUIRED_ITEM,AUTOREG_HIDE_ITEM,AUTOREG_ONLY_ITEM,INITIAL_VALUE,VALIDATE_OPTION,VALIDATE_REG_EXP,BEFORE_VALIDATE_REGISTER,AFTER_VALIDATE_REGISTER,DESCRIPTION_JA,DESCRIPTION_EN,NOTE,DISUSE_FLAG,LAST_UPDATE_TIMESTAMP,LAST_UPDATE_USER) VALUES('3010711','30107','周期','Period','period','3010701','7',110,'T_COMN_CONDUCTOR_REGULARLY_PERIOD','REGULARLY_PERIOD_ID','REGULARLY_PERIOD_NAME','[{"ASC": "DISP_SEQ"}]','1',NULL,NULL,NULL,NULL,'REGULARLY_PERIOD_ID',NULL,'0','3','1','0','1','0','0',NULL,NULL,NULL,NULL,NULL,'周期','Period',NULL,'0',_____DATE_____,1);
INSERT IGNORE INTO T_COMN_MENU_COLUMN_LINK_JNL (JOURNAL_SEQ_NO,JOURNAL_REG_DATETIME,JOURNAL_ACTION_CLASS,COLUMN_DEFINITION_ID,MENU_ID,COLUMN_NAME_JA,COLUMN_NAME_EN,COLUMN_NAME_REST,COL_GROUP_ID,COLUMN_CLASS,COLUMN_DISP_SEQ,REF_TABLE_NAME,REF_PKEY_NAME,REF_COL_NAME,REF_SORT_CONDITIONS,REF_MULTI_LANG,REFERENCE_ITEM,SENSITIVE_COL_NAME,FILE_UPLOAD_PLACE,BUTTON_ACTION,COL_NAME,SAVE_TYPE,AUTO_INPUT,INPUT_ITEM,VIEW_ITEM,UNIQUE_ITEM,REQUIRED_ITEM,AUTOREG_HIDE_ITEM,AUTOREG_ONLY_ITEM,INITIAL_VALUE,VALIDATE_OPTION,VALIDATE_REG_EXP,BEFORE_VALIDATE_REGISTER,AFTER_VALIDATE_REGISTER,DESCRIPTION_JA,DESCRIPTION_EN,NOTE,DISUSE_FLAG,LAST_UPDATE_TIMESTAMP,LAST_UPDATE_USER) VALUES(3010711,_____DATE_____,'INSERT','3010711','30107','周期','Period','period','3010701','7',110,'T_COMN_CONDUCTOR_REGULARLY_PERIOD','REGULARLY_PERIOD_ID','REGULARLY_PERIOD_NAME','[{"ASC": "DISP_SEQ"}]','1',NULL,NULL,NULL,NULL,'REGULARLY_PERIOD_ID',NULL,'0','3','1','0','1','0','0',NULL,NULL,NULL,NULL,NULL,'周期','Period',NULL,'0',_____DATE_____,1);
INSERT IGNORE INTO T_COMN_MENU_COLUMN_LINK (COLUMN_DEFINITION_ID,MENU_ID,COLUMN_NAME_JA,COLUMN_NAME_EN,COLUMN_NAME_REST,COL_GROUP_ID,COLUMN_CLASS,COLUMN_DISP_SEQ,REF_TABLE_NAME,REF_PKEY_NAME,REF_COL_NAME,REF_SORT_CONDITIONS,REF_MULTI_LANG,REFERENCE_ITEM,SENSITIVE_COL_NAME,FILE_UPLOAD_PLACE,BUTTON_ACTION,COL_NAME,SAVE_TYPE,AUTO_INPUT,INPUT_ITEM,VIEW_ITEM,UNIQUE_ITEM,REQUIRED_ITEM,AUTOREG_HIDE_ITEM,AUTOREG_ONLY_ITEM,INITIAL_VALUE,VALIDATE_OPTION,VALIDATE_REG_EXP,BEFORE_VALIDATE_REGISTER,AFTER_VALIDATE_REGISTER,DESCRIPTION_JA,DESCRIPTION_EN,NOTE,DISUSE_FLAG,LAST_UPDATE_TIMESTAMP,LAST_UPDATE_USER) VALUES('3010712','30107','間隔','Interval','interval','3010701','3',120,NULL,NULL,NULL,NULL,NULL,NULL,NULL,NULL,NULL,'EXECUTION_INTERVAL',NULL,'0','3','1','0','1','0','0',NULL,NULL,NULL,NULL,NULL,'間隔','Interval',NULL,'0',_____DATE_____,1);
INSERT IGNORE INTO T_COMN_MENU_COLUMN_LINK_JNL (JOURNAL_SEQ_NO,JOURNAL_REG_DATETIME,JOURNAL_ACTION_CLASS,COLUMN_DEFINITION_ID,MENU_ID,COLUMN_NAME_JA,COLUMN_NAME_EN,COLUMN_NAME_REST,COL_GROUP_ID,COLUMN_CLASS,COLUMN_DISP_SEQ,REF_TABLE_NAME,REF_PKEY_NAME,REF_COL_NAME,REF_SORT_CONDITIONS,REF_MULTI_LANG,REFERENCE_ITEM,SENSITIVE_COL_NAME,FILE_UPLOAD_PLACE,BUTTON_ACTION,COL_NAME,SAVE_TYPE,AUTO_INPUT,INPUT_ITEM,VIEW_ITEM,UNIQUE_ITEM,REQUIRED_ITEM,AUTOREG_HIDE_ITEM,AUTOREG_ONLY_ITEM,INITIAL_VALUE,VALIDATE_OPTION,VALIDATE_REG_EXP,BEFORE_VALIDATE_REGISTER,AFTER_VALIDATE_REGISTER,DESCRIPTION_JA,DESCRIPTION_EN,NOTE,DISUSE_FLAG,LAST_UPDATE_TIMESTAMP,LAST_UPDATE_USER) VALUES(3010712,_____DATE_____,'INSERT','3010712','30107','間隔','Interval','interval','3010701','3',120,NULL,NULL,NULL,NULL,NULL,NULL,NULL,NULL,NULL,'EXECUTION_INTERVAL',NULL,'0','3','1','0','1','0','0',NULL,NULL,NULL,NULL,NULL,'間隔','Interval',NULL,'0',_____DATE_____,1);
INSERT IGNORE INTO T_COMN_MENU_COLUMN_LINK (COLUMN_DEFINITION_ID,MENU_ID,COLUMN_NAME_JA,COLUMN_NAME_EN,COLUMN_NAME_REST,COL_GROUP_ID,COLUMN_CLASS,COLUMN_DISP_SEQ,REF_TABLE_NAME,REF_PKEY_NAME,REF_COL_NAME,REF_SORT_CONDITIONS,REF_MULTI_LANG,REFERENCE_ITEM,SENSITIVE_COL_NAME,FILE_UPLOAD_PLACE,BUTTON_ACTION,COL_NAME,SAVE_TYPE,AUTO_INPUT,INPUT_ITEM,VIEW_ITEM,UNIQUE_ITEM,REQUIRED_ITEM,AUTOREG_HIDE_ITEM,AUTOREG_ONLY_ITEM,INITIAL_VALUE,VALIDATE_OPTION,VALIDATE_REG_EXP,BEFORE_VALIDATE_REGISTER,AFTER_VALIDATE_REGISTER,DESCRIPTION_JA,DESCRIPTION_EN,NOTE,DISUSE_FLAG,LAST_UPDATE_TIMESTAMP,LAST_UPDATE_USER) VALUES('3010713','30107','週番号','Week number','week_number','3010701','7',130,'T_COMN_CONDUCTOR_WEEK_NUMBER','WEEK_NUMBER_ID','WEEK_NUMBER_NAME','[{"ASC": "DISP_SEQ"}]','1',NULL,NULL,NULL,NULL,'PATTERN_WEEK_NUMBER_ID',NULL,'0','3','1','0','0','0','0',NULL,NULL,NULL,NULL,NULL,'週番号','Week number',NULL,'0',_____DATE_____,1);
INSERT IGNORE INTO T_COMN_MENU_COLUMN_LINK_JNL (JOURNAL_SEQ_NO,JOURNAL_REG_DATETIME,JOURNAL_ACTION_CLASS,COLUMN_DEFINITION_ID,MENU_ID,COLUMN_NAME_JA,COLUMN_NAME_EN,COLUMN_NAME_REST,COL_GROUP_ID,COLUMN_CLASS,COLUMN_DISP_SEQ,REF_TABLE_NAME,REF_PKEY_NAME,REF_COL_NAME,REF_SORT_CONDITIONS,REF_MULTI_LANG,REFERENCE_ITEM,SENSITIVE_COL_NAME,FILE_UPLOAD_PLACE,BUTTON_ACTION,COL_NAME,SAVE_TYPE,AUTO_INPUT,INPUT_ITEM,VIEW_ITEM,UNIQUE_ITEM,REQUIRED_ITEM,AUTOREG_HIDE_ITEM,AUTOREG_ONLY_ITEM,INITIAL_VALUE,VALIDATE_OPTION,VALIDATE_REG_EXP,BEFORE_VALIDATE_REGISTER,AFTER_VALIDATE_REGISTER,DESCRIPTION_JA,DESCRIPTION_EN,NOTE,DISUSE_FLAG,LAST_UPDATE_TIMESTAMP,LAST_UPDATE_USER) VALUES(3010713,_____DATE_____,'INSERT','3010713','30107','週番号','Week number','week_number','3010701','7',130,'T_COMN_CONDUCTOR_WEEK_NUMBER','WEEK_NUMBER_ID','WEEK_NUMBER_NAME','[{"ASC": "DISP_SEQ"}]','1',NULL,NULL,NULL,NULL,'PATTERN_WEEK_NUMBER_ID',NULL,'0','3','1','0','0','0','0',NULL,NULL,NULL,NULL,NULL,'週番号','Week number',NULL,'0',_____DATE_____,1);
INSERT IGNORE INTO T_COMN_MENU_COLUMN_LINK (COLUMN_DEFINITION_ID,MENU_ID,COLUMN_NAME_JA,COLUMN_NAME_EN,COLUMN_NAME_REST,COL_GROUP_ID,COLUMN_CLASS,COLUMN_DISP_SEQ,REF_TABLE_NAME,REF_PKEY_NAME,REF_COL_NAME,REF_SORT_CONDITIONS,REF_MULTI_LANG,REFERENCE_ITEM,SENSITIVE_COL_NAME,FILE_UPLOAD_PLACE,BUTTON_ACTION,COL_NAME,SAVE_TYPE,AUTO_INPUT,INPUT_ITEM,VIEW_ITEM,UNIQUE_ITEM,REQUIRED_ITEM,AUTOREG_HIDE_ITEM,AUTOREG_ONLY_ITEM,INITIAL_VALUE,VALIDATE_OPTION,VALIDATE_REG_EXP,BEFORE_VALIDATE_REGISTER,AFTER_VALIDATE_REGISTER,DESCRIPTION_JA,DESCRIPTION_EN,NOTE,DISUSE_FLAG,LAST_UPDATE_TIMESTAMP,LAST_UPDATE_USER) VALUES('3010714','30107','曜日','Day of week','day_of_week','3010701','7',140,'T_COMN_CONDUCTOR_DAY_OF_WEEK','DAY_OF_WEEK_ID','DAY_OF_WEEK_NAME','[{"ASC": "DISP_SEQ"}]','1',NULL,NULL,NULL,NULL,'PATTERN_DAY_OF_WEEK_ID',NULL,'0','3','1','0','0','0','0',NULL,NULL,NULL,NULL,NULL,'曜日','Day of weeek',NULL,'0',_____DATE_____,1);
INSERT IGNORE INTO T_COMN_MENU_COLUMN_LINK_JNL (JOURNAL_SEQ_NO,JOURNAL_REG_DATETIME,JOURNAL_ACTION_CLASS,COLUMN_DEFINITION_ID,MENU_ID,COLUMN_NAME_JA,COLUMN_NAME_EN,COLUMN_NAME_REST,COL_GROUP_ID,COLUMN_CLASS,COLUMN_DISP_SEQ,REF_TABLE_NAME,REF_PKEY_NAME,REF_COL_NAME,REF_SORT_CONDITIONS,REF_MULTI_LANG,REFERENCE_ITEM,SENSITIVE_COL_NAME,FILE_UPLOAD_PLACE,BUTTON_ACTION,COL_NAME,SAVE_TYPE,AUTO_INPUT,INPUT_ITEM,VIEW_ITEM,UNIQUE_ITEM,REQUIRED_ITEM,AUTOREG_HIDE_ITEM,AUTOREG_ONLY_ITEM,INITIAL_VALUE,VALIDATE_OPTION,VALIDATE_REG_EXP,BEFORE_VALIDATE_REGISTER,AFTER_VALIDATE_REGISTER,DESCRIPTION_JA,DESCRIPTION_EN,NOTE,DISUSE_FLAG,LAST_UPDATE_TIMESTAMP,LAST_UPDATE_USER) VALUES(3010714,_____DATE_____,'INSERT','3010714','30107','曜日','Day of week','day_of_week','3010701','7',140,'T_COMN_CONDUCTOR_DAY_OF_WEEK','DAY_OF_WEEK_ID','DAY_OF_WEEK_NAME','[{"ASC": "DISP_SEQ"}]','1',NULL,NULL,NULL,NULL,'PATTERN_DAY_OF_WEEK_ID',NULL,'0','3','1','0','0','0','0',NULL,NULL,NULL,NULL,NULL,'曜日','Day of weeek',NULL,'0',_____DATE_____,1);
INSERT IGNORE INTO T_COMN_MENU_COLUMN_LINK (COLUMN_DEFINITION_ID,MENU_ID,COLUMN_NAME_JA,COLUMN_NAME_EN,COLUMN_NAME_REST,COL_GROUP_ID,COLUMN_CLASS,COLUMN_DISP_SEQ,REF_TABLE_NAME,REF_PKEY_NAME,REF_COL_NAME,REF_SORT_CONDITIONS,REF_MULTI_LANG,REFERENCE_ITEM,SENSITIVE_COL_NAME,FILE_UPLOAD_PLACE,BUTTON_ACTION,COL_NAME,SAVE_TYPE,AUTO_INPUT,INPUT_ITEM,VIEW_ITEM,UNIQUE_ITEM,REQUIRED_ITEM,AUTOREG_HIDE_ITEM,AUTOREG_ONLY_ITEM,INITIAL_VALUE,VALIDATE_OPTION,VALIDATE_REG_EXP,BEFORE_VALIDATE_REGISTER,AFTER_VALIDATE_REGISTER,DESCRIPTION_JA,DESCRIPTION_EN,NOTE,DISUSE_FLAG,LAST_UPDATE_TIMESTAMP,LAST_UPDATE_USER) VALUES('3010715','30107','日','Day','day','3010701','3',150,NULL,NULL,NULL,NULL,NULL,NULL,NULL,NULL,NULL,'PATTERN_DAY',NULL,'0','3','1','0','0','0','0',NULL,NULL,NULL,NULL,NULL,'日','Day',NULL,'0',_____DATE_____,1);
INSERT IGNORE INTO T_COMN_MENU_COLUMN_LINK_JNL (JOURNAL_SEQ_NO,JOURNAL_REG_DATETIME,JOURNAL_ACTION_CLASS,COLUMN_DEFINITION_ID,MENU_ID,COLUMN_NAME_JA,COLUMN_NAME_EN,COLUMN_NAME_REST,COL_GROUP_ID,COLUMN_CLASS,COLUMN_DISP_SEQ,REF_TABLE_NAME,REF_PKEY_NAME,REF_COL_NAME,REF_SORT_CONDITIONS,REF_MULTI_LANG,REFERENCE_ITEM,SENSITIVE_COL_NAME,FILE_UPLOAD_PLACE,BUTTON_ACTION,COL_NAME,SAVE_TYPE,AUTO_INPUT,INPUT_ITEM,VIEW_ITEM,UNIQUE_ITEM,REQUIRED_ITEM,AUTOREG_HIDE_ITEM,AUTOREG_ONLY_ITEM,INITIAL_VALUE,VALIDATE_OPTION,VALIDATE_REG_EXP,BEFORE_VALIDATE_REGISTER,AFTER_VALIDATE_REGISTER,DESCRIPTION_JA,DESCRIPTION_EN,NOTE,DISUSE_FLAG,LAST_UPDATE_TIMESTAMP,LAST_UPDATE_USER) VALUES(3010715,_____DATE_____,'INSERT','3010715','30107','日','Day','day','3010701','3',150,NULL,NULL,NULL,NULL,NULL,NULL,NULL,NULL,NULL,'PATTERN_DAY',NULL,'0','3','1','0','0','0','0',NULL,NULL,NULL,NULL,NULL,'日','Day',NULL,'0',_____DATE_____,1);
INSERT IGNORE INTO T_COMN_MENU_COLUMN_LINK (COLUMN_DEFINITION_ID,MENU_ID,COLUMN_NAME_JA,COLUMN_NAME_EN,COLUMN_NAME_REST,COL_GROUP_ID,COLUMN_CLASS,COLUMN_DISP_SEQ,REF_TABLE_NAME,REF_PKEY_NAME,REF_COL_NAME,REF_SORT_CONDITIONS,REF_MULTI_LANG,REFERENCE_ITEM,SENSITIVE_COL_NAME,FILE_UPLOAD_PLACE,BUTTON_ACTION,COL_NAME,SAVE_TYPE,AUTO_INPUT,INPUT_ITEM,VIEW_ITEM,UNIQUE_ITEM,REQUIRED_ITEM,AUTOREG_HIDE_ITEM,AUTOREG_ONLY_ITEM,INITIAL_VALUE,VALIDATE_OPTION,VALIDATE_REG_EXP,BEFORE_VALIDATE_REGISTER,AFTER_VALIDATE_REGISTER,DESCRIPTION_JA,DESCRIPTION_EN,NOTE,DISUSE_FLAG,LAST_UPDATE_TIMESTAMP,LAST_UPDATE_USER) VALUES('3010716','30107','時間','Time','time','3010701','1',160,NULL,NULL,NULL,NULL,NULL,NULL,NULL,NULL,NULL,'PATTERN_TIME',NULL,'0','3','1','0','0','0','0',NULL,NULL,NULL,NULL,NULL,'時間','Time',NULL,'0',_____DATE_____,1);
INSERT IGNORE INTO T_COMN_MENU_COLUMN_LINK_JNL (JOURNAL_SEQ_NO,JOURNAL_REG_DATETIME,JOURNAL_ACTION_CLASS,COLUMN_DEFINITION_ID,MENU_ID,COLUMN_NAME_JA,COLUMN_NAME_EN,COLUMN_NAME_REST,COL_GROUP_ID,COLUMN_CLASS,COLUMN_DISP_SEQ,REF_TABLE_NAME,REF_PKEY_NAME,REF_COL_NAME,REF_SORT_CONDITIONS,REF_MULTI_LANG,REFERENCE_ITEM,SENSITIVE_COL_NAME,FILE_UPLOAD_PLACE,BUTTON_ACTION,COL_NAME,SAVE_TYPE,AUTO_INPUT,INPUT_ITEM,VIEW_ITEM,UNIQUE_ITEM,REQUIRED_ITEM,AUTOREG_HIDE_ITEM,AUTOREG_ONLY_ITEM,INITIAL_VALUE,VALIDATE_OPTION,VALIDATE_REG_EXP,BEFORE_VALIDATE_REGISTER,AFTER_VALIDATE_REGISTER,DESCRIPTION_JA,DESCRIPTION_EN,NOTE,DISUSE_FLAG,LAST_UPDATE_TIMESTAMP,LAST_UPDATE_USER) VALUES(3010716,_____DATE_____,'INSERT','3010716','30107','時間','Time','time','3010701','1',160,NULL,NULL,NULL,NULL,NULL,NULL,NULL,NULL,NULL,'PATTERN_TIME',NULL,'0','3','1','0','0','0','0',NULL,NULL,NULL,NULL,NULL,'時間','Time',NULL,'0',_____DATE_____,1);
INSERT IGNORE INTO T_COMN_MENU_COLUMN_LINK (COLUMN_DEFINITION_ID,MENU_ID,COLUMN_NAME_JA,COLUMN_NAME_EN,COLUMN_NAME_REST,COL_GROUP_ID,COLUMN_CLASS,COLUMN_DISP_SEQ,REF_TABLE_NAME,REF_PKEY_NAME,REF_COL_NAME,REF_SORT_CONDITIONS,REF_MULTI_LANG,REFERENCE_ITEM,SENSITIVE_COL_NAME,FILE_UPLOAD_PLACE,BUTTON_ACTION,COL_NAME,SAVE_TYPE,AUTO_INPUT,INPUT_ITEM,VIEW_ITEM,UNIQUE_ITEM,REQUIRED_ITEM,AUTOREG_HIDE_ITEM,AUTOREG_ONLY_ITEM,INITIAL_VALUE,VALIDATE_OPTION,VALIDATE_REG_EXP,BEFORE_VALIDATE_REGISTER,AFTER_VALIDATE_REGISTER,DESCRIPTION_JA,DESCRIPTION_EN,NOTE,DISUSE_FLAG,LAST_UPDATE_TIMESTAMP,LAST_UPDATE_USER) VALUES('3010717','30107','開始','Start','execution_stop_start_date','3010702','5',170,NULL,NULL,NULL,NULL,NULL,NULL,NULL,NULL,NULL,'EXECUTION_STOP_START_DATE',NULL,'0','3','1','0','0','0','0',NULL,NULL,NULL,NULL,NULL,'開始','Start',NULL,'0',_____DATE_____,1);
INSERT IGNORE INTO T_COMN_MENU_COLUMN_LINK_JNL (JOURNAL_SEQ_NO,JOURNAL_REG_DATETIME,JOURNAL_ACTION_CLASS,COLUMN_DEFINITION_ID,MENU_ID,COLUMN_NAME_JA,COLUMN_NAME_EN,COLUMN_NAME_REST,COL_GROUP_ID,COLUMN_CLASS,COLUMN_DISP_SEQ,REF_TABLE_NAME,REF_PKEY_NAME,REF_COL_NAME,REF_SORT_CONDITIONS,REF_MULTI_LANG,REFERENCE_ITEM,SENSITIVE_COL_NAME,FILE_UPLOAD_PLACE,BUTTON_ACTION,COL_NAME,SAVE_TYPE,AUTO_INPUT,INPUT_ITEM,VIEW_ITEM,UNIQUE_ITEM,REQUIRED_ITEM,AUTOREG_HIDE_ITEM,AUTOREG_ONLY_ITEM,INITIAL_VALUE,VALIDATE_OPTION,VALIDATE_REG_EXP,BEFORE_VALIDATE_REGISTER,AFTER_VALIDATE_REGISTER,DESCRIPTION_JA,DESCRIPTION_EN,NOTE,DISUSE_FLAG,LAST_UPDATE_TIMESTAMP,LAST_UPDATE_USER) VALUES(3010717,_____DATE_____,'INSERT','3010717','30107','開始','Start','execution_stop_start_date','3010702','5',170,NULL,NULL,NULL,NULL,NULL,NULL,NULL,NULL,NULL,'EXECUTION_STOP_START_DATE',NULL,'0','3','1','0','0','0','0',NULL,NULL,NULL,NULL,NULL,'開始','Start',NULL,'0',_____DATE_____,1);
INSERT IGNORE INTO T_COMN_MENU_COLUMN_LINK (COLUMN_DEFINITION_ID,MENU_ID,COLUMN_NAME_JA,COLUMN_NAME_EN,COLUMN_NAME_REST,COL_GROUP_ID,COLUMN_CLASS,COLUMN_DISP_SEQ,REF_TABLE_NAME,REF_PKEY_NAME,REF_COL_NAME,REF_SORT_CONDITIONS,REF_MULTI_LANG,REFERENCE_ITEM,SENSITIVE_COL_NAME,FILE_UPLOAD_PLACE,BUTTON_ACTION,COL_NAME,SAVE_TYPE,AUTO_INPUT,INPUT_ITEM,VIEW_ITEM,UNIQUE_ITEM,REQUIRED_ITEM,AUTOREG_HIDE_ITEM,AUTOREG_ONLY_ITEM,INITIAL_VALUE,VALIDATE_OPTION,VALIDATE_REG_EXP,BEFORE_VALIDATE_REGISTER,AFTER_VALIDATE_REGISTER,DESCRIPTION_JA,DESCRIPTION_EN,NOTE,DISUSE_FLAG,LAST_UPDATE_TIMESTAMP,LAST_UPDATE_USER) VALUES('3010718','30107','終了','End','execution_stop_end_date','3010702','5',180,NULL,NULL,NULL,NULL,NULL,NULL,NULL,NULL,NULL,'EXECUTION_STOP_END_DATE',NULL,'0','3','1','0','0','0','0',NULL,NULL,NULL,NULL,NULL,'終了','End',NULL,'0',_____DATE_____,1);
INSERT IGNORE INTO T_COMN_MENU_COLUMN_LINK_JNL (JOURNAL_SEQ_NO,JOURNAL_REG_DATETIME,JOURNAL_ACTION_CLASS,COLUMN_DEFINITION_ID,MENU_ID,COLUMN_NAME_JA,COLUMN_NAME_EN,COLUMN_NAME_REST,COL_GROUP_ID,COLUMN_CLASS,COLUMN_DISP_SEQ,REF_TABLE_NAME,REF_PKEY_NAME,REF_COL_NAME,REF_SORT_CONDITIONS,REF_MULTI_LANG,REFERENCE_ITEM,SENSITIVE_COL_NAME,FILE_UPLOAD_PLACE,BUTTON_ACTION,COL_NAME,SAVE_TYPE,AUTO_INPUT,INPUT_ITEM,VIEW_ITEM,UNIQUE_ITEM,REQUIRED_ITEM,AUTOREG_HIDE_ITEM,AUTOREG_ONLY_ITEM,INITIAL_VALUE,VALIDATE_OPTION,VALIDATE_REG_EXP,BEFORE_VALIDATE_REGISTER,AFTER_VALIDATE_REGISTER,DESCRIPTION_JA,DESCRIPTION_EN,NOTE,DISUSE_FLAG,LAST_UPDATE_TIMESTAMP,LAST_UPDATE_USER) VALUES(3010718,_____DATE_____,'INSERT','3010718','30107','終了','End','execution_stop_end_date','3010702','5',180,NULL,NULL,NULL,NULL,NULL,NULL,NULL,NULL,NULL,'EXECUTION_STOP_END_DATE',NULL,'0','3','1','0','0','0','0',NULL,NULL,NULL,NULL,NULL,'終了','End',NULL,'0',_____DATE_____,1);
INSERT IGNORE INTO T_COMN_MENU_COLUMN_LINK (COLUMN_DEFINITION_ID,MENU_ID,COLUMN_NAME_JA,COLUMN_NAME_EN,COLUMN_NAME_REST,COL_GROUP_ID,COLUMN_CLASS,COLUMN_DISP_SEQ,REF_TABLE_NAME,REF_PKEY_NAME,REF_COL_NAME,REF_SORT_CONDITIONS,REF_MULTI_LANG,REFERENCE_ITEM,SENSITIVE_COL_NAME,FILE_UPLOAD_PLACE,BUTTON_ACTION,COL_NAME,SAVE_TYPE,AUTO_INPUT,INPUT_ITEM,VIEW_ITEM,UNIQUE_ITEM,REQUIRED_ITEM,AUTOREG_HIDE_ITEM,AUTOREG_ONLY_ITEM,INITIAL_VALUE,VALIDATE_OPTION,VALIDATE_REG_EXP,BEFORE_VALIDATE_REGISTER,AFTER_VALIDATE_REGISTER,DESCRIPTION_JA,DESCRIPTION_EN,NOTE,DISUSE_FLAG,LAST_UPDATE_TIMESTAMP,LAST_UPDATE_USER) VALUES('3010719','30107','備考','Remarks','remarks',NULL,'12',190,NULL,NULL,NULL,NULL,NULL,NULL,NULL,NULL,NULL,'NOTE',NULL,'0','3','1','0','0','0','0',NULL,'{
"min_length": 0,
"max_length": 4000
}',NULL,NULL,NULL,'自由記述欄。レコードの廃止・復活時にも記載可能。','Comments section. Can comment when removing or restoring records.',NULL,'0',_____DATE_____,1);
INSERT IGNORE INTO T_COMN_MENU_COLUMN_LINK_JNL (JOURNAL_SEQ_NO,JOURNAL_REG_DATETIME,JOURNAL_ACTION_CLASS,COLUMN_DEFINITION_ID,MENU_ID,COLUMN_NAME_JA,COLUMN_NAME_EN,COLUMN_NAME_REST,COL_GROUP_ID,COLUMN_CLASS,COLUMN_DISP_SEQ,REF_TABLE_NAME,REF_PKEY_NAME,REF_COL_NAME,REF_SORT_CONDITIONS,REF_MULTI_LANG,REFERENCE_ITEM,SENSITIVE_COL_NAME,FILE_UPLOAD_PLACE,BUTTON_ACTION,COL_NAME,SAVE_TYPE,AUTO_INPUT,INPUT_ITEM,VIEW_ITEM,UNIQUE_ITEM,REQUIRED_ITEM,AUTOREG_HIDE_ITEM,AUTOREG_ONLY_ITEM,INITIAL_VALUE,VALIDATE_OPTION,VALIDATE_REG_EXP,BEFORE_VALIDATE_REGISTER,AFTER_VALIDATE_REGISTER,DESCRIPTION_JA,DESCRIPTION_EN,NOTE,DISUSE_FLAG,LAST_UPDATE_TIMESTAMP,LAST_UPDATE_USER) VALUES(3010719,_____DATE_____,'INSERT','3010719','30107','備考','Remarks','remarks',NULL,'12',190,NULL,NULL,NULL,NULL,NULL,NULL,NULL,NULL,NULL,'NOTE',NULL,'0','3','1','0','0','0','0',NULL,'{
"min_length": 0,
"max_length": 4000
}',NULL,NULL,NULL,'自由記述欄。レコードの廃止・復活時にも記載可能。','Comments section. Can comment when removing or restoring records.',NULL,'0',_____DATE_____,1);
INSERT IGNORE INTO T_COMN_MENU_COLUMN_LINK (COLUMN_DEFINITION_ID,MENU_ID,COLUMN_NAME_JA,COLUMN_NAME_EN,COLUMN_NAME_REST,COL_GROUP_ID,COLUMN_CLASS,COLUMN_DISP_SEQ,REF_TABLE_NAME,REF_PKEY_NAME,REF_COL_NAME,REF_SORT_CONDITIONS,REF_MULTI_LANG,REFERENCE_ITEM,SENSITIVE_COL_NAME,FILE_UPLOAD_PLACE,BUTTON_ACTION,COL_NAME,SAVE_TYPE,AUTO_INPUT,INPUT_ITEM,VIEW_ITEM,UNIQUE_ITEM,REQUIRED_ITEM,AUTOREG_HIDE_ITEM,AUTOREG_ONLY_ITEM,INITIAL_VALUE,VALIDATE_OPTION,VALIDATE_REG_EXP,BEFORE_VALIDATE_REGISTER,AFTER_VALIDATE_REGISTER,DESCRIPTION_JA,DESCRIPTION_EN,NOTE,DISUSE_FLAG,LAST_UPDATE_TIMESTAMP,LAST_UPDATE_USER) VALUES('3010720','30107','廃止フラグ','Discard','discard',NULL,'1',200,NULL,NULL,NULL,NULL,NULL,NULL,NULL,NULL,NULL,'DISUSE_FLAG',NULL,'1','0','1','0','1','0','0',NULL,NULL,NULL,NULL,NULL,'廃止フラグ。復活以外のオペレーションは不可','Discard flag. Cannot do operation other than restore.',NULL,'0',_____DATE_____,1);
INSERT IGNORE INTO T_COMN_MENU_COLUMN_LINK_JNL (JOURNAL_SEQ_NO,JOURNAL_REG_DATETIME,JOURNAL_ACTION_CLASS,COLUMN_DEFINITION_ID,MENU_ID,COLUMN_NAME_JA,COLUMN_NAME_EN,COLUMN_NAME_REST,COL_GROUP_ID,COLUMN_CLASS,COLUMN_DISP_SEQ,REF_TABLE_NAME,REF_PKEY_NAME,REF_COL_NAME,REF_SORT_CONDITIONS,REF_MULTI_LANG,REFERENCE_ITEM,SENSITIVE_COL_NAME,FILE_UPLOAD_PLACE,BUTTON_ACTION,COL_NAME,SAVE_TYPE,AUTO_INPUT,INPUT_ITEM,VIEW_ITEM,UNIQUE_ITEM,REQUIRED_ITEM,AUTOREG_HIDE_ITEM,AUTOREG_ONLY_ITEM,INITIAL_VALUE,VALIDATE_OPTION,VALIDATE_REG_EXP,BEFORE_VALIDATE_REGISTER,AFTER_VALIDATE_REGISTER,DESCRIPTION_JA,DESCRIPTION_EN,NOTE,DISUSE_FLAG,LAST_UPDATE_TIMESTAMP,LAST_UPDATE_USER) VALUES(3010720,_____DATE_____,'INSERT','3010720','30107','廃止フラグ','Discard','discard',NULL,'1',200,NULL,NULL,NULL,NULL,NULL,NULL,NULL,NULL,NULL,'DISUSE_FLAG',NULL,'1','0','1','0','1','0','0',NULL,NULL,NULL,NULL,NULL,'廃止フラグ。復活以外のオペレーションは不可','Discard flag. Cannot do operation other than restore.',NULL,'0',_____DATE_____,1);
INSERT IGNORE INTO T_COMN_MENU_COLUMN_LINK (COLUMN_DEFINITION_ID,MENU_ID,COLUMN_NAME_JA,COLUMN_NAME_EN,COLUMN_NAME_REST,COL_GROUP_ID,COLUMN_CLASS,COLUMN_DISP_SEQ,REF_TABLE_NAME,REF_PKEY_NAME,REF_COL_NAME,REF_SORT_CONDITIONS,REF_MULTI_LANG,REFERENCE_ITEM,SENSITIVE_COL_NAME,FILE_UPLOAD_PLACE,BUTTON_ACTION,COL_NAME,SAVE_TYPE,AUTO_INPUT,INPUT_ITEM,VIEW_ITEM,UNIQUE_ITEM,REQUIRED_ITEM,AUTOREG_HIDE_ITEM,AUTOREG_ONLY_ITEM,INITIAL_VALUE,VALIDATE_OPTION,VALIDATE_REG_EXP,BEFORE_VALIDATE_REGISTER,AFTER_VALIDATE_REGISTER,DESCRIPTION_JA,DESCRIPTION_EN,NOTE,DISUSE_FLAG,LAST_UPDATE_TIMESTAMP,LAST_UPDATE_USER) VALUES('3010721','30107','最終更新日時','Last update date/time','last_update_date_time',NULL,'13',210,NULL,NULL,NULL,NULL,NULL,NULL,NULL,NULL,NULL,'LAST_UPDATE_TIMESTAMP',NULL,'1','0','1','0','1','0','0',NULL,NULL,NULL,NULL,NULL,'レコードの最終更新日。自動登録のため編集不可。','Last update date of record. Cannot edit because of auto-registration.',NULL,'0',_____DATE_____,1);
INSERT IGNORE INTO T_COMN_MENU_COLUMN_LINK_JNL (JOURNAL_SEQ_NO,JOURNAL_REG_DATETIME,JOURNAL_ACTION_CLASS,COLUMN_DEFINITION_ID,MENU_ID,COLUMN_NAME_JA,COLUMN_NAME_EN,COLUMN_NAME_REST,COL_GROUP_ID,COLUMN_CLASS,COLUMN_DISP_SEQ,REF_TABLE_NAME,REF_PKEY_NAME,REF_COL_NAME,REF_SORT_CONDITIONS,REF_MULTI_LANG,REFERENCE_ITEM,SENSITIVE_COL_NAME,FILE_UPLOAD_PLACE,BUTTON_ACTION,COL_NAME,SAVE_TYPE,AUTO_INPUT,INPUT_ITEM,VIEW_ITEM,UNIQUE_ITEM,REQUIRED_ITEM,AUTOREG_HIDE_ITEM,AUTOREG_ONLY_ITEM,INITIAL_VALUE,VALIDATE_OPTION,VALIDATE_REG_EXP,BEFORE_VALIDATE_REGISTER,AFTER_VALIDATE_REGISTER,DESCRIPTION_JA,DESCRIPTION_EN,NOTE,DISUSE_FLAG,LAST_UPDATE_TIMESTAMP,LAST_UPDATE_USER) VALUES(3010721,_____DATE_____,'INSERT','3010721','30107','最終更新日時','Last update date/time','last_update_date_time',NULL,'13',210,NULL,NULL,NULL,NULL,NULL,NULL,NULL,NULL,NULL,'LAST_UPDATE_TIMESTAMP',NULL,'1','0','1','0','1','0','0',NULL,NULL,NULL,NULL,NULL,'レコードの最終更新日。自動登録のため編集不可。','Last update date of record. Cannot edit because of auto-registration.',NULL,'0',_____DATE_____,1);
INSERT IGNORE INTO T_COMN_MENU_COLUMN_LINK (COLUMN_DEFINITION_ID,MENU_ID,COLUMN_NAME_JA,COLUMN_NAME_EN,COLUMN_NAME_REST,COL_GROUP_ID,COLUMN_CLASS,COLUMN_DISP_SEQ,REF_TABLE_NAME,REF_PKEY_NAME,REF_COL_NAME,REF_SORT_CONDITIONS,REF_MULTI_LANG,REFERENCE_ITEM,SENSITIVE_COL_NAME,FILE_UPLOAD_PLACE,BUTTON_ACTION,COL_NAME,SAVE_TYPE,AUTO_INPUT,INPUT_ITEM,VIEW_ITEM,UNIQUE_ITEM,REQUIRED_ITEM,AUTOREG_HIDE_ITEM,AUTOREG_ONLY_ITEM,INITIAL_VALUE,VALIDATE_OPTION,VALIDATE_REG_EXP,BEFORE_VALIDATE_REGISTER,AFTER_VALIDATE_REGISTER,DESCRIPTION_JA,DESCRIPTION_EN,NOTE,DISUSE_FLAG,LAST_UPDATE_TIMESTAMP,LAST_UPDATE_USER) VALUES('3010722','30107','最終更新者','Last updated by','last_updated_user',NULL,'14',220,NULL,NULL,NULL,NULL,NULL,NULL,NULL,NULL,NULL,'LAST_UPDATE_USER',NULL,'1','0','1','0','1','0','0',NULL,NULL,NULL,NULL,NULL,'更新者。ログインユーザのIDが自動的に登録される。編集不可。','Updated by. Login user ID is automatically registered. Cannot edit.',NULL,'0',_____DATE_____,1);
INSERT IGNORE INTO T_COMN_MENU_COLUMN_LINK_JNL (JOURNAL_SEQ_NO,JOURNAL_REG_DATETIME,JOURNAL_ACTION_CLASS,COLUMN_DEFINITION_ID,MENU_ID,COLUMN_NAME_JA,COLUMN_NAME_EN,COLUMN_NAME_REST,COL_GROUP_ID,COLUMN_CLASS,COLUMN_DISP_SEQ,REF_TABLE_NAME,REF_PKEY_NAME,REF_COL_NAME,REF_SORT_CONDITIONS,REF_MULTI_LANG,REFERENCE_ITEM,SENSITIVE_COL_NAME,FILE_UPLOAD_PLACE,BUTTON_ACTION,COL_NAME,SAVE_TYPE,AUTO_INPUT,INPUT_ITEM,VIEW_ITEM,UNIQUE_ITEM,REQUIRED_ITEM,AUTOREG_HIDE_ITEM,AUTOREG_ONLY_ITEM,INITIAL_VALUE,VALIDATE_OPTION,VALIDATE_REG_EXP,BEFORE_VALIDATE_REGISTER,AFTER_VALIDATE_REGISTER,DESCRIPTION_JA,DESCRIPTION_EN,NOTE,DISUSE_FLAG,LAST_UPDATE_TIMESTAMP,LAST_UPDATE_USER) VALUES(3010722,_____DATE_____,'INSERT','3010722','30107','最終更新者','Last updated by','last_updated_user',NULL,'14',220,NULL,NULL,NULL,NULL,NULL,NULL,NULL,NULL,NULL,'LAST_UPDATE_USER',NULL,'1','0','1','0','1','0','0',NULL,NULL,NULL,NULL,NULL,'更新者。ログインユーザのIDが自動的に登録される。編集不可。','Updated by. Login user ID is automatically registered. Cannot edit.',NULL,'0',_____DATE_____,1);

UPDATE T_COMN_MENU_COLUMN_LINK SET DISUSE_FLAG = '0', LAST_UPDATE_TIMESTAMP = _____DATE_____ WHERE COLUMN_DEFINITION_ID = '3010815';
UPDATE T_COMN_MENU_COLUMN_LINK_JNL SET DISUSE_FLAG = '0', LAST_UPDATE_TIMESTAMP = _____DATE_____ WHERE COLUMN_DEFINITION_ID = '3010815';
UPDATE T_COMN_MENU_COLUMN_LINK SET DISUSE_FLAG = '0', LAST_UPDATE_TIMESTAMP = _____DATE_____ WHERE COLUMN_DEFINITION_ID = '3010816';
UPDATE T_COMN_MENU_COLUMN_LINK_JNL SET DISUSE_FLAG = '0', LAST_UPDATE_TIMESTAMP = _____DATE_____ WHERE COLUMN_DEFINITION_ID = '3010816';
UPDATE T_COMN_MENU_COLUMN_LINK SET DISUSE_FLAG = '0', LAST_UPDATE_TIMESTAMP = _____DATE_____ WHERE COLUMN_DEFINITION_ID = '3010824';
UPDATE T_COMN_MENU_COLUMN_LINK_JNL SET DISUSE_FLAG = '0', LAST_UPDATE_TIMESTAMP = _____DATE_____ WHERE COLUMN_DEFINITION_ID = '3010824';

-- T_COMN_CONDUCTOR_REGULARLY_PERIOD: INSERT
INSERT IGNORE INTO T_COMN_CONDUCTOR_REGULARLY_PERIOD (REGULARLY_PERIOD_ID,REGULARLY_PERIOD_NAME_JA,REGULARLY_PERIOD_NAME_EN,DISP_SEQ,NOTE,DISUSE_FLAG,LAST_UPDATE_TIMESTAMP,LAST_UPDATE_USER) VALUES('1','時','Time',10,NULL,'0',_____DATE_____,1);
INSERT IGNORE INTO T_COMN_CONDUCTOR_REGULARLY_PERIOD (REGULARLY_PERIOD_ID,REGULARLY_PERIOD_NAME_JA,REGULARLY_PERIOD_NAME_EN,DISP_SEQ,NOTE,DISUSE_FLAG,LAST_UPDATE_TIMESTAMP,LAST_UPDATE_USER) VALUES('2','日','Day',20,NULL,'0',_____DATE_____,1);
INSERT IGNORE INTO T_COMN_CONDUCTOR_REGULARLY_PERIOD (REGULARLY_PERIOD_ID,REGULARLY_PERIOD_NAME_JA,REGULARLY_PERIOD_NAME_EN,DISP_SEQ,NOTE,DISUSE_FLAG,LAST_UPDATE_TIMESTAMP,LAST_UPDATE_USER) VALUES('3','週','Week',30,NULL,'0',_____DATE_____,1);
INSERT IGNORE INTO T_COMN_CONDUCTOR_REGULARLY_PERIOD (REGULARLY_PERIOD_ID,REGULARLY_PERIOD_NAME_JA,REGULARLY_PERIOD_NAME_EN,DISP_SEQ,NOTE,DISUSE_FLAG,LAST_UPDATE_TIMESTAMP,LAST_UPDATE_USER) VALUES('4','月(日付指定)','Month(Specify day)',40,NULL,'0',_____DATE_____,1);
INSERT IGNORE INTO T_COMN_CONDUCTOR_REGULARLY_PERIOD (REGULARLY_PERIOD_ID,REGULARLY_PERIOD_NAME_JA,REGULARLY_PERIOD_NAME_EN,DISP_SEQ,NOTE,DISUSE_FLAG,LAST_UPDATE_TIMESTAMP,LAST_UPDATE_USER) VALUES('5','月(曜日指定)','Month(Specify day of week)',50,NULL,'0',_____DATE_____,1);
INSERT IGNORE INTO T_COMN_CONDUCTOR_REGULARLY_PERIOD (REGULARLY_PERIOD_ID,REGULARLY_PERIOD_NAME_JA,REGULARLY_PERIOD_NAME_EN,DISP_SEQ,NOTE,DISUSE_FLAG,LAST_UPDATE_TIMESTAMP,LAST_UPDATE_USER) VALUES('6','月末','End of month',60,NULL,'0',_____DATE_____,1);

-- T_COMN_CONDUCTOR_DAY_OF_WEEK: INSERT
INSERT IGNORE INTO T_COMN_CONDUCTOR_DAY_OF_WEEK (DAY_OF_WEEK_ID,DAY_OF_WEEK_NAME_JA,DAY_OF_WEEK_NAME_EN,DISP_SEQ,NOTE,DISUSE_FLAG,LAST_UPDATE_TIMESTAMP,LAST_UPDATE_USER) VALUES('1','月曜日','Monday',10,NULL,'0',_____DATE_____,1);
INSERT IGNORE INTO T_COMN_CONDUCTOR_DAY_OF_WEEK (DAY_OF_WEEK_ID,DAY_OF_WEEK_NAME_JA,DAY_OF_WEEK_NAME_EN,DISP_SEQ,NOTE,DISUSE_FLAG,LAST_UPDATE_TIMESTAMP,LAST_UPDATE_USER) VALUES('2','火曜日','Tuesday',20,NULL,'0',_____DATE_____,1);
INSERT IGNORE INTO T_COMN_CONDUCTOR_DAY_OF_WEEK (DAY_OF_WEEK_ID,DAY_OF_WEEK_NAME_JA,DAY_OF_WEEK_NAME_EN,DISP_SEQ,NOTE,DISUSE_FLAG,LAST_UPDATE_TIMESTAMP,LAST_UPDATE_USER) VALUES('3','水曜日','Wednesday',30,NULL,'0',_____DATE_____,1);
INSERT IGNORE INTO T_COMN_CONDUCTOR_DAY_OF_WEEK (DAY_OF_WEEK_ID,DAY_OF_WEEK_NAME_JA,DAY_OF_WEEK_NAME_EN,DISP_SEQ,NOTE,DISUSE_FLAG,LAST_UPDATE_TIMESTAMP,LAST_UPDATE_USER) VALUES('4','木曜日','Thursday',40,NULL,'0',_____DATE_____,1);
INSERT IGNORE INTO T_COMN_CONDUCTOR_DAY_OF_WEEK (DAY_OF_WEEK_ID,DAY_OF_WEEK_NAME_JA,DAY_OF_WEEK_NAME_EN,DISP_SEQ,NOTE,DISUSE_FLAG,LAST_UPDATE_TIMESTAMP,LAST_UPDATE_USER) VALUES('5','金曜日','Friday',50,NULL,'0',_____DATE_____,1);
INSERT IGNORE INTO T_COMN_CONDUCTOR_DAY_OF_WEEK (DAY_OF_WEEK_ID,DAY_OF_WEEK_NAME_JA,DAY_OF_WEEK_NAME_EN,DISP_SEQ,NOTE,DISUSE_FLAG,LAST_UPDATE_TIMESTAMP,LAST_UPDATE_USER) VALUES('6','土曜日','Saturday',60,NULL,'0',_____DATE_____,1);
INSERT IGNORE INTO T_COMN_CONDUCTOR_DAY_OF_WEEK (DAY_OF_WEEK_ID,DAY_OF_WEEK_NAME_JA,DAY_OF_WEEK_NAME_EN,DISP_SEQ,NOTE,DISUSE_FLAG,LAST_UPDATE_TIMESTAMP,LAST_UPDATE_USER) VALUES('7','日曜日','Sunday',70,NULL,'0',_____DATE_____,1);

-- T_COMN_CONDUCTOR_WEEK_NUMBER: INSERT
INSERT IGNORE INTO T_COMN_CONDUCTOR_WEEK_NUMBER (WEEK_NUMBER_ID,WEEK_NUMBER_NAME_JA,WEEK_NUMBER_NAME_EN,DISP_SEQ,NOTE,DISUSE_FLAG,LAST_UPDATE_TIMESTAMP,LAST_UPDATE_USER) VALUES('1','第一','First',10,NULL,'0',_____DATE_____,1);
INSERT IGNORE INTO T_COMN_CONDUCTOR_WEEK_NUMBER (WEEK_NUMBER_ID,WEEK_NUMBER_NAME_JA,WEEK_NUMBER_NAME_EN,DISP_SEQ,NOTE,DISUSE_FLAG,LAST_UPDATE_TIMESTAMP,LAST_UPDATE_USER) VALUES('2','第二','Second',20,NULL,'0',_____DATE_____,1);
INSERT IGNORE INTO T_COMN_CONDUCTOR_WEEK_NUMBER (WEEK_NUMBER_ID,WEEK_NUMBER_NAME_JA,WEEK_NUMBER_NAME_EN,DISP_SEQ,NOTE,DISUSE_FLAG,LAST_UPDATE_TIMESTAMP,LAST_UPDATE_USER) VALUES('3','第三','Third',30,NULL,'0',_____DATE_____,1);
INSERT IGNORE INTO T_COMN_CONDUCTOR_WEEK_NUMBER (WEEK_NUMBER_ID,WEEK_NUMBER_NAME_JA,WEEK_NUMBER_NAME_EN,DISP_SEQ,NOTE,DISUSE_FLAG,LAST_UPDATE_TIMESTAMP,LAST_UPDATE_USER) VALUES('4','第四','Forth',40,NULL,'0',_____DATE_____,1);
INSERT IGNORE INTO T_COMN_CONDUCTOR_WEEK_NUMBER (WEEK_NUMBER_ID,WEEK_NUMBER_NAME_JA,WEEK_NUMBER_NAME_EN,DISP_SEQ,NOTE,DISUSE_FLAG,LAST_UPDATE_TIMESTAMP,LAST_UPDATE_USER) VALUES('5','最終','Last',50,NULL,'0',_____DATE_____,1);

-- T_COMN_CONDUCTOR_REGULARLY_STATUS: INSERT
INSERT IGNORE INTO T_COMN_CONDUCTOR_REGULARLY_STATUS (REGULARLY_STATUS_ID,REGULARLY_STATUS_NAME_JA,REGULARLY_STATUS_NAME_EN,DISP_SEQ,NOTE,DISUSE_FLAG,LAST_UPDATE_TIMESTAMP,LAST_UPDATE_USER) VALUES('1','準備中','In preparation',10,NULL,'0',_____DATE_____,1);
INSERT IGNORE INTO T_COMN_CONDUCTOR_REGULARLY_STATUS (REGULARLY_STATUS_ID,REGULARLY_STATUS_NAME_JA,REGULARLY_STATUS_NAME_EN,DISP_SEQ,NOTE,DISUSE_FLAG,LAST_UPDATE_TIMESTAMP,LAST_UPDATE_USER) VALUES('2','稼働中','In operation',20,NULL,'0',_____DATE_____,1);
INSERT IGNORE INTO T_COMN_CONDUCTOR_REGULARLY_STATUS (REGULARLY_STATUS_ID,REGULARLY_STATUS_NAME_JA,REGULARLY_STATUS_NAME_EN,DISP_SEQ,NOTE,DISUSE_FLAG,LAST_UPDATE_TIMESTAMP,LAST_UPDATE_USER) VALUES('3','完了','Completed',30,NULL,'0',_____DATE_____,1);
INSERT IGNORE INTO T_COMN_CONDUCTOR_REGULARLY_STATUS (REGULARLY_STATUS_ID,REGULARLY_STATUS_NAME_JA,REGULARLY_STATUS_NAME_EN,DISP_SEQ,NOTE,DISUSE_FLAG,LAST_UPDATE_TIMESTAMP,LAST_UPDATE_USER) VALUES('4','不整合エラー','Mismatch error',40,NULL,'0',_____DATE_____,1);
INSERT IGNORE INTO T_COMN_CONDUCTOR_REGULARLY_STATUS (REGULARLY_STATUS_ID,REGULARLY_STATUS_NAME_JA,REGULARLY_STATUS_NAME_EN,DISP_SEQ,NOTE,DISUSE_FLAG,LAST_UPDATE_TIMESTAMP,LAST_UPDATE_USER) VALUES('5','紐付けエラー','Linking error',50,NULL,'0',_____DATE_____,1);
INSERT IGNORE INTO T_COMN_CONDUCTOR_REGULARLY_STATUS (REGULARLY_STATUS_ID,REGULARLY_STATUS_NAME_JA,REGULARLY_STATUS_NAME_EN,DISP_SEQ,NOTE,DISUSE_FLAG,LAST_UPDATE_TIMESTAMP,LAST_UPDATE_USER) VALUES('6','想定外エラー','Unexpected error',60,NULL,'0',_____DATE_____,1);
INSERT IGNORE INTO T_COMN_CONDUCTOR_REGULARLY_STATUS (REGULARLY_STATUS_ID,REGULARLY_STATUS_NAME_JA,REGULARLY_STATUS_NAME_EN,DISP_SEQ,NOTE,DISUSE_FLAG,LAST_UPDATE_TIMESTAMP,LAST_UPDATE_USER) VALUES('7','Conductor廃止','Conductor discard',70,NULL,'0',_____DATE_____,1);
INSERT IGNORE INTO T_COMN_CONDUCTOR_REGULARLY_STATUS (REGULARLY_STATUS_ID,REGULARLY_STATUS_NAME_JA,REGULARLY_STATUS_NAME_EN,DISP_SEQ,NOTE,DISUSE_FLAG,LAST_UPDATE_TIMESTAMP,LAST_UPDATE_USER) VALUES('8','Operation廃止','Operation discard',80,NULL,'0',_____DATE_____,1);

