INSERT INTO T_OASE_LABEL_KEY_FIXED (LABEL_KEY_ID,LABEL_KEY_NAME,COLOR_CODE,NOTE,DISUSE_FLAG,LAST_UPDATE_TIMESTAMP,LAST_UPDATE_USER) VALUES('xxxxxxxx-xxxx-xxxx-xxxx-xxxxxxxxxxxx10','_exastro_agent_name',NULL,NULL,'0',_____DATE_____,1);
INSERT INTO T_OASE_LABEL_KEY_FIXED (LABEL_KEY_ID,LABEL_KEY_NAME,COLOR_CODE,NOTE,DISUSE_FLAG,LAST_UPDATE_TIMESTAMP,LAST_UPDATE_USER) VALUES('xxxxxxxx-xxxx-xxxx-xxxx-xxxxxxxxxxxx11','_exastro_agent_version',NULL,NULL,'0',_____DATE_____,1);

-- 重複排除：メニュー管理
INSERT INTO T_COMN_MENU (MENU_ID,MENU_GROUP_ID,MENU_NAME_JA,MENU_NAME_EN,MENU_NAME_REST,DISP_SEQ,AUTOFILTER_FLG,INITIAL_FILTER_FLG,WEB_PRINT_LIMIT,WEB_PRINT_CONFIRM,XLS_PRINT_LIMIT,SORT_KEY,NOTE,DISUSE_FLAG,LAST_UPDATE_TIMESTAMP,LAST_UPDATE_USER) VALUES(110111,1104,'重複排除','Deduplication','deduplication',110,1,1,10000,1000,NULL,'[{"ASC":"deduplication_setting_name"},{"ASC":"setting_priority"}]',NULL,'0',_____DATE_____,1);
INSERT INTO T_COMN_MENU_JNL (JOURNAL_SEQ_NO,JOURNAL_REG_DATETIME,JOURNAL_ACTION_CLASS,MENU_ID,MENU_GROUP_ID,MENU_NAME_JA,MENU_NAME_EN,MENU_NAME_REST,DISP_SEQ,AUTOFILTER_FLG,INITIAL_FILTER_FLG,WEB_PRINT_LIMIT,WEB_PRINT_CONFIRM,XLS_PRINT_LIMIT,SORT_KEY,NOTE,DISUSE_FLAG,LAST_UPDATE_TIMESTAMP,LAST_UPDATE_USER) VALUES(110111,_____DATE_____,'INSERT',110111,1104,'重複排除','Deduplication','deduplication',110,1,1,10000,1000,NULL,'[{"ASC":"deduplication_setting_name"},{"ASC":"setting_priority"}]',NULL,'0',_____DATE_____,1);

-- 重複排除：ロールメニュー紐付け
INSERT INTO T_COMN_ROLE_MENU_LINK (LINK_ID,MENU_ID,ROLE_ID,PRIVILEGE,NOTE,DISUSE_FLAG,LAST_UPDATE_TIMESTAMP,LAST_UPDATE_USER) VALUES('110111','110111','__ROLE_ID__','1',NULL,'0',_____DATE_____,1);
INSERT INTO T_COMN_ROLE_MENU_LINK_JNL (JOURNAL_SEQ_NO,JOURNAL_REG_DATETIME,JOURNAL_ACTION_CLASS,LINK_ID,MENU_ID,ROLE_ID,PRIVILEGE,NOTE,DISUSE_FLAG,LAST_UPDATE_TIMESTAMP,LAST_UPDATE_USER) VALUES('110111',_____DATE_____,'INSERT','110111','110111','__ROLE_ID__','1',NULL,'0',_____DATE_____,1);

-- -- 重複排除：メニューテーブル紐付け
INSERT INTO T_COMN_MENU_TABLE_LINK (TABLE_DEFINITION_ID,MENU_ID,TABLE_NAME,VIEW_NAME,PK_COLUMN_NAME_REST,MENU_INFO_JA,MENU_INFO_EN,SHEET_TYPE,HISTORY_TABLE_FLAG,INHERIT,VERTICAL,HOSTGROUP,ROW_INSERT_FLAG,ROW_UPDATE_FLAG,ROW_DISUSE_FLAG,ROW_REUSE_FLAG,ROW_DELETE_FLAG,SUBSTITUTION_VALUE_LINK_FLAG,LOCK_TABLE,UNIQUE_CONSTRAINT,BEFORE_VALIDATE_REGISTER,AFTER_VALIDATE_REGISTER,NOTE,DISUSE_FLAG,LAST_UPDATE_TIMESTAMP,LAST_UPDATE_USER) VALUES('110111','110111','T_OASE_DEDUPLICATION_SETTINGS',NULL,'deduplication_setting_id','イベントの重複排除設定をメンテナンス（閲覧/登録/更新/廃止）できます。','You can maintain (view/register/update/cancel) the event deduplication settings.','0','1','0','0','0','1','1','1','1','0','0',NULL,NULL,'external_valid_menu_before',NULL,NULL,'0',_____DATE_____,1);
INSERT INTO T_COMN_MENU_TABLE_LINK_JNL (JOURNAL_SEQ_NO,JOURNAL_REG_DATETIME,JOURNAL_ACTION_CLASS,TABLE_DEFINITION_ID,MENU_ID,TABLE_NAME,VIEW_NAME,PK_COLUMN_NAME_REST,MENU_INFO_JA,MENU_INFO_EN,SHEET_TYPE,HISTORY_TABLE_FLAG,INHERIT,VERTICAL,HOSTGROUP,ROW_INSERT_FLAG,ROW_UPDATE_FLAG,ROW_DISUSE_FLAG,ROW_REUSE_FLAG,ROW_DELETE_FLAG,SUBSTITUTION_VALUE_LINK_FLAG,LOCK_TABLE,UNIQUE_CONSTRAINT,BEFORE_VALIDATE_REGISTER,AFTER_VALIDATE_REGISTER,NOTE,DISUSE_FLAG,LAST_UPDATE_TIMESTAMP,LAST_UPDATE_USER) VALUES(110111,_____DATE_____,'INSERT','110111','110111','T_OASE_DEDUPLICATION_SETTINGS',NULL,'deduplication_setting_id','イベントの重複排除設定をメンテナンス（閲覧/登録/更新/廃止）できます。','You can maintain (view/register/update/cancel) the event deduplication settings.','0','1','0','0','0','1','1','1','1','0','0',NULL,NULL,'external_valid_menu_before',NULL,NULL,'0',_____DATE_____,1);

-- -- 重複排除：メニューカラム紐付け
INSERT INTO T_COMN_MENU_COLUMN_LINK (COLUMN_DEFINITION_ID,MENU_ID,COLUMN_NAME_JA,COLUMN_NAME_EN,COLUMN_NAME_REST,COL_GROUP_ID,COLUMN_CLASS,COLUMN_DISP_SEQ,REF_TABLE_NAME,REF_PKEY_NAME,REF_COL_NAME,REF_SORT_CONDITIONS,REF_MULTI_LANG,REFERENCE_ITEM,SENSITIVE_COL_NAME,FILE_UPLOAD_PLACE,BUTTON_ACTION,COL_NAME,SAVE_TYPE,AUTO_INPUT,INPUT_ITEM,VIEW_ITEM,UNIQUE_ITEM,REQUIRED_ITEM,AUTOREG_HIDE_ITEM,AUTOREG_ONLY_ITEM,INITIAL_VALUE,VALIDATE_OPTION,VALIDATE_REG_EXP,BEFORE_VALIDATE_REGISTER,AFTER_VALIDATE_REGISTER,DESCRIPTION_JA,DESCRIPTION_EN,NOTE,DISUSE_FLAG,LAST_UPDATE_TIMESTAMP,LAST_UPDATE_USER) VALUES('11011101','110111','重複排除設定ID','Deduplication Setting ID','deduplication_setting_id',NULL,'1',10,NULL,NULL,NULL,NULL,'0',NULL,NULL,NULL,NULL,'DEDUPLICATION_SETTING_ID',NULL,'0','1','1','1','1','1','0',NULL,NULL,NULL,NULL,NULL,'自動採番のため編集不可。実行処理種別が【登録】の場合、空白のみ可。','Cannot edit because of auto-numbering. Must be blank when execution process type is [Register].',NULL,'0',_____DATE_____,1);
INSERT INTO T_COMN_MENU_COLUMN_LINK_JNL (JOURNAL_SEQ_NO,JOURNAL_REG_DATETIME,JOURNAL_ACTION_CLASS,COLUMN_DEFINITION_ID,MENU_ID,COLUMN_NAME_JA,COLUMN_NAME_EN,COLUMN_NAME_REST,COL_GROUP_ID,COLUMN_CLASS,COLUMN_DISP_SEQ,REF_TABLE_NAME,REF_PKEY_NAME,REF_COL_NAME,REF_SORT_CONDITIONS,REF_MULTI_LANG,REFERENCE_ITEM,SENSITIVE_COL_NAME,FILE_UPLOAD_PLACE,BUTTON_ACTION,COL_NAME,SAVE_TYPE,AUTO_INPUT,INPUT_ITEM,VIEW_ITEM,UNIQUE_ITEM,REQUIRED_ITEM,AUTOREG_HIDE_ITEM,AUTOREG_ONLY_ITEM,INITIAL_VALUE,VALIDATE_OPTION,VALIDATE_REG_EXP,BEFORE_VALIDATE_REGISTER,AFTER_VALIDATE_REGISTER,DESCRIPTION_JA,DESCRIPTION_EN,NOTE,DISUSE_FLAG,LAST_UPDATE_TIMESTAMP,LAST_UPDATE_USER) VALUES(11011101,_____DATE_____,'INSERT','11011101','110111','重複排除設定ID','Deduplication Setting ID','deduplication_setting_id',NULL,'1',10,NULL,NULL,NULL,NULL,'0',NULL,NULL,NULL,NULL,'DEDUPLICATION_SETTING_ID',NULL,'0','1','1','1','1','1','0',NULL,NULL,NULL,NULL,NULL,'自動採番のため編集不可。実行処理種別が【登録】の場合、空白のみ可。','Cannot edit because of auto-numbering. Must be blank when execution process type is [Register].',NULL,'0',_____DATE_____,1);
INSERT INTO T_COMN_MENU_COLUMN_LINK (COLUMN_DEFINITION_ID,MENU_ID,COLUMN_NAME_JA,COLUMN_NAME_EN,COLUMN_NAME_REST,COL_GROUP_ID,COLUMN_CLASS,COLUMN_DISP_SEQ,REF_TABLE_NAME,REF_PKEY_NAME,REF_COL_NAME,REF_SORT_CONDITIONS,REF_MULTI_LANG,REFERENCE_ITEM,SENSITIVE_COL_NAME,FILE_UPLOAD_PLACE,BUTTON_ACTION,COL_NAME,SAVE_TYPE,AUTO_INPUT,INPUT_ITEM,VIEW_ITEM,UNIQUE_ITEM,REQUIRED_ITEM,AUTOREG_HIDE_ITEM,AUTOREG_ONLY_ITEM,INITIAL_VALUE,VALIDATE_OPTION,VALIDATE_REG_EXP,BEFORE_VALIDATE_REGISTER,AFTER_VALIDATE_REGISTER,DESCRIPTION_JA,DESCRIPTION_EN,NOTE,DISUSE_FLAG,LAST_UPDATE_TIMESTAMP,LAST_UPDATE_USER) VALUES('11011102','110111','重複排除設定名','Ddeduplication Setting name','deduplication_setting_name',NULL,'1',20,NULL,NULL,NULL,NULL,'0',NULL,NULL,NULL,NULL,'DEDUPLICATION_SETTING_NAME',NULL,'0','1','1','1','1','0','0',NULL,'{
"min_length": 0,
"max_length": 255
}',NULL,NULL,NULL,'[最大長]255バイト
イベント重複排除設定名を入力します。','[Maximum length] 255 bytes
Enter the deduplication setting name.',NULL,'0',_____DATE_____,1);
INSERT INTO T_COMN_MENU_COLUMN_LINK_JNL (JOURNAL_SEQ_NO,JOURNAL_REG_DATETIME,JOURNAL_ACTION_CLASS,COLUMN_DEFINITION_ID,MENU_ID,COLUMN_NAME_JA,COLUMN_NAME_EN,COLUMN_NAME_REST,COL_GROUP_ID,COLUMN_CLASS,COLUMN_DISP_SEQ,REF_TABLE_NAME,REF_PKEY_NAME,REF_COL_NAME,REF_SORT_CONDITIONS,REF_MULTI_LANG,REFERENCE_ITEM,SENSITIVE_COL_NAME,FILE_UPLOAD_PLACE,BUTTON_ACTION,COL_NAME,SAVE_TYPE,AUTO_INPUT,INPUT_ITEM,VIEW_ITEM,UNIQUE_ITEM,REQUIRED_ITEM,AUTOREG_HIDE_ITEM,AUTOREG_ONLY_ITEM,INITIAL_VALUE,VALIDATE_OPTION,VALIDATE_REG_EXP,BEFORE_VALIDATE_REGISTER,AFTER_VALIDATE_REGISTER,DESCRIPTION_JA,DESCRIPTION_EN,NOTE,DISUSE_FLAG,LAST_UPDATE_TIMESTAMP,LAST_UPDATE_USER) VALUES(11011102,_____DATE_____,'INSERT','11011102','110111','重複排除設定名','Ddeduplication Setting name','deduplication_setting_name',NULL,'1',20,NULL,NULL,NULL,NULL,'0',NULL,NULL,NULL,NULL,'DEDUPLICATION_SETTING_NAME',NULL,'0','1','1','1','1','0','0',NULL,'{
"min_length": 0,
"max_length": 255
}',NULL,NULL,NULL,'[最大長]255バイト
イベント重複排除設定名を入力します。','[Maximum length] 255 bytes
Enter the deduplication setting name.',NULL,'0',_____DATE_____,1);
INSERT INTO T_COMN_MENU_COLUMN_LINK (COLUMN_DEFINITION_ID,MENU_ID,COLUMN_NAME_JA,COLUMN_NAME_EN,COLUMN_NAME_REST,COL_GROUP_ID,COLUMN_CLASS,COLUMN_DISP_SEQ,REF_TABLE_NAME,REF_PKEY_NAME,REF_COL_NAME,REF_SORT_CONDITIONS,REF_MULTI_LANG,REFERENCE_ITEM,SENSITIVE_COL_NAME,FILE_UPLOAD_PLACE,BUTTON_ACTION,COL_NAME,SAVE_TYPE,AUTO_INPUT,INPUT_ITEM,VIEW_ITEM,UNIQUE_ITEM,REQUIRED_ITEM,AUTOREG_HIDE_ITEM,AUTOREG_ONLY_ITEM,INITIAL_VALUE,VALIDATE_OPTION,VALIDATE_REG_EXP,BEFORE_VALIDATE_REGISTER,AFTER_VALIDATE_REGISTER,DESCRIPTION_JA,DESCRIPTION_EN,NOTE,DISUSE_FLAG,LAST_UPDATE_TIMESTAMP,LAST_UPDATE_USER) VALUES('11011103','110111','優先順位','Setting Priority','setting_priority',NULL,'3',30,NULL,NULL,NULL,NULL,'0',NULL,NULL,NULL,NULL,'SETTING_PRIORITY',NULL,'0','1','1','0','1','0','0',NULL,'{"int_min": 1}',NULL,NULL,NULL,'設定適用の優先順位を数値で入力します。
共通のイベント収集設定・ラベルが含まれ、かつ優先順位が同一の設定が複数ある場合、重複排除設定名の昇順で適用されます。','Enter the priority for applying settings as a number.
If multiple settings contain common event collection configurations and labels with the same priority, they are applied in ascending order of the deduplication setting name.',NULL,'0',_____DATE_____,1);
INSERT INTO T_COMN_MENU_COLUMN_LINK_JNL (JOURNAL_SEQ_NO,JOURNAL_REG_DATETIME,JOURNAL_ACTION_CLASS,COLUMN_DEFINITION_ID,MENU_ID,COLUMN_NAME_JA,COLUMN_NAME_EN,COLUMN_NAME_REST,COL_GROUP_ID,COLUMN_CLASS,COLUMN_DISP_SEQ,REF_TABLE_NAME,REF_PKEY_NAME,REF_COL_NAME,REF_SORT_CONDITIONS,REF_MULTI_LANG,REFERENCE_ITEM,SENSITIVE_COL_NAME,FILE_UPLOAD_PLACE,BUTTON_ACTION,COL_NAME,SAVE_TYPE,AUTO_INPUT,INPUT_ITEM,VIEW_ITEM,UNIQUE_ITEM,REQUIRED_ITEM,AUTOREG_HIDE_ITEM,AUTOREG_ONLY_ITEM,INITIAL_VALUE,VALIDATE_OPTION,VALIDATE_REG_EXP,BEFORE_VALIDATE_REGISTER,AFTER_VALIDATE_REGISTER,DESCRIPTION_JA,DESCRIPTION_EN,NOTE,DISUSE_FLAG,LAST_UPDATE_TIMESTAMP,LAST_UPDATE_USER) VALUES(11011103,_____DATE_____,'INSERT','11011103','110111','優先順位','Setting Priority','setting_priority',NULL,'3',30,NULL,NULL,NULL,NULL,'0',NULL,NULL,NULL,NULL,'SETTING_PRIORITY',NULL,'0','1','1','0','1','0','0',NULL,'{"int_min": 1}',NULL,NULL,NULL,'設定適用の優先順位を数値で入力します。
共通のイベント収集設定・ラベルが含まれ、かつ優先順位が同一の設定が複数ある場合、重複排除設定名の昇順で適用されます。','Enter the priority for applying settings as a number.
If multiple settings contain common event collection configurations and labels with the same priority, they are applied in ascending order of the deduplication setting name.',NULL,'0',_____DATE_____,1);
INSERT INTO T_COMN_MENU_COLUMN_LINK (COLUMN_DEFINITION_ID,MENU_ID,COLUMN_NAME_JA,COLUMN_NAME_EN,COLUMN_NAME_REST,COL_GROUP_ID,COLUMN_CLASS,COLUMN_DISP_SEQ,REF_TABLE_NAME,REF_PKEY_NAME,REF_COL_NAME,REF_SORT_CONDITIONS,REF_MULTI_LANG,REFERENCE_ITEM,SENSITIVE_COL_NAME,FILE_UPLOAD_PLACE,BUTTON_ACTION,COL_NAME,SAVE_TYPE,AUTO_INPUT,INPUT_ITEM,VIEW_ITEM,UNIQUE_ITEM,REQUIRED_ITEM,AUTOREG_HIDE_ITEM,AUTOREG_ONLY_ITEM,INITIAL_VALUE,VALIDATE_OPTION,VALIDATE_REG_EXP,BEFORE_VALIDATE_REGISTER,AFTER_VALIDATE_REGISTER,DESCRIPTION_JA,DESCRIPTION_EN,NOTE,DISUSE_FLAG,LAST_UPDATE_TIMESTAMP,LAST_UPDATE_USER) VALUES('11011104','110111','冗長グループ（イベント収集先）','Event Source Redundancy Group','event_source_redundancy_group',NULL,'33',40,'T_OASE_EVENT_COLLECTION_SETTINGS','EVENT_COLLECTION_SETTINGS_ID','EVENT_COLLECTION_SETTINGS_NAME',NULL,'0',NULL,NULL,NULL,NULL,'EVENT_SOURCE_REDUNDANCY_GROUP',NULL,'0','1','1','0','1','0','0',NULL,NULL,NULL,NULL,NULL,'重複排除適用対象のイベント収集設定を選択します。','Select the event collection settings for deduplication.',NULL,'0',_____DATE_____,1);
INSERT INTO T_COMN_MENU_COLUMN_LINK_JNL (JOURNAL_SEQ_NO,JOURNAL_REG_DATETIME,JOURNAL_ACTION_CLASS,COLUMN_DEFINITION_ID,MENU_ID,COLUMN_NAME_JA,COLUMN_NAME_EN,COLUMN_NAME_REST,COL_GROUP_ID,COLUMN_CLASS,COLUMN_DISP_SEQ,REF_TABLE_NAME,REF_PKEY_NAME,REF_COL_NAME,REF_SORT_CONDITIONS,REF_MULTI_LANG,REFERENCE_ITEM,SENSITIVE_COL_NAME,FILE_UPLOAD_PLACE,BUTTON_ACTION,COL_NAME,SAVE_TYPE,AUTO_INPUT,INPUT_ITEM,VIEW_ITEM,UNIQUE_ITEM,REQUIRED_ITEM,AUTOREG_HIDE_ITEM,AUTOREG_ONLY_ITEM,INITIAL_VALUE,VALIDATE_OPTION,VALIDATE_REG_EXP,BEFORE_VALIDATE_REGISTER,AFTER_VALIDATE_REGISTER,DESCRIPTION_JA,DESCRIPTION_EN,NOTE,DISUSE_FLAG,LAST_UPDATE_TIMESTAMP,LAST_UPDATE_USER) VALUES(11011104,_____DATE_____,'INSERT','11011104','110111','冗長グループ（イベント収集先）','Event Source Redundancy Group','event_source_redundancy_group',NULL,'33',40,'T_OASE_EVENT_COLLECTION_SETTINGS','EVENT_COLLECTION_SETTINGS_ID','EVENT_COLLECTION_SETTINGS_NAME',NULL,'0',NULL,NULL,NULL,NULL,'EVENT_SOURCE_REDUNDANCY_GROUP',NULL,'0','1','1','0','1','0','0',NULL,NULL,NULL,NULL,NULL,'重複排除適用対象のイベント収集設定を選択します。','Select the event collection settings for deduplication.',NULL,'0',_____DATE_____,1);
INSERT INTO T_COMN_MENU_COLUMN_LINK (COLUMN_DEFINITION_ID,MENU_ID,COLUMN_NAME_JA,COLUMN_NAME_EN,COLUMN_NAME_REST,COL_GROUP_ID,COLUMN_CLASS,COLUMN_DISP_SEQ,REF_TABLE_NAME,REF_PKEY_NAME,REF_COL_NAME,REF_SORT_CONDITIONS,REF_MULTI_LANG,REFERENCE_ITEM,SENSITIVE_COL_NAME,FILE_UPLOAD_PLACE,BUTTON_ACTION,COL_NAME,SAVE_TYPE,AUTO_INPUT,INPUT_ITEM,VIEW_ITEM,UNIQUE_ITEM,REQUIRED_ITEM,AUTOREG_HIDE_ITEM,AUTOREG_ONLY_ITEM,INITIAL_VALUE,VALIDATE_OPTION,VALIDATE_REG_EXP,BEFORE_VALIDATE_REGISTER,AFTER_VALIDATE_REGISTER,DESCRIPTION_JA,DESCRIPTION_EN,NOTE,DISUSE_FLAG,LAST_UPDATE_TIMESTAMP,LAST_UPDATE_USER) VALUES('11011105','110111','ラベル','Labels','condition_labels','11011101','33',50,'V_OASE_CONCLUSION_LABEL_KEY_GROUP','LABEL_KEY_ID','LABEL_KEY_NAME',NULL,'0',NULL,NULL,NULL,NULL,'CONDITION_LABEL_KEY_IDS',NULL,'0','1','1','0','0','0','0',NULL,NULL,NULL,NULL,NULL,'重複排除条件の対象となるラベルを選択します。','Select the label keys to be used for deduplication.',NULL,'0',_____DATE_____,1);
INSERT INTO T_COMN_MENU_COLUMN_LINK_JNL (JOURNAL_SEQ_NO,JOURNAL_REG_DATETIME,JOURNAL_ACTION_CLASS,COLUMN_DEFINITION_ID,MENU_ID,COLUMN_NAME_JA,COLUMN_NAME_EN,COLUMN_NAME_REST,COL_GROUP_ID,COLUMN_CLASS,COLUMN_DISP_SEQ,REF_TABLE_NAME,REF_PKEY_NAME,REF_COL_NAME,REF_SORT_CONDITIONS,REF_MULTI_LANG,REFERENCE_ITEM,SENSITIVE_COL_NAME,FILE_UPLOAD_PLACE,BUTTON_ACTION,COL_NAME,SAVE_TYPE,AUTO_INPUT,INPUT_ITEM,VIEW_ITEM,UNIQUE_ITEM,REQUIRED_ITEM,AUTOREG_HIDE_ITEM,AUTOREG_ONLY_ITEM,INITIAL_VALUE,VALIDATE_OPTION,VALIDATE_REG_EXP,BEFORE_VALIDATE_REGISTER,AFTER_VALIDATE_REGISTER,DESCRIPTION_JA,DESCRIPTION_EN,NOTE,DISUSE_FLAG,LAST_UPDATE_TIMESTAMP,LAST_UPDATE_USER) VALUES(11011105,_____DATE_____,'INSERT','11011105','110111','ラベル','Labels','condition_labels','11011101','33',50,'V_OASE_CONCLUSION_LABEL_KEY_GROUP','LABEL_KEY_ID','LABEL_KEY_NAME',NULL,'0',NULL,NULL,NULL,NULL,'CONDITION_LABEL_KEY_IDS',NULL,'0','1','1','0','0','0','0',NULL,NULL,NULL,NULL,NULL,'重複排除条件の対象となるラベルを選択します。','Select the label keys to be used for deduplication.',NULL,'0',_____DATE_____,1);
INSERT INTO T_COMN_MENU_COLUMN_LINK (COLUMN_DEFINITION_ID,MENU_ID,COLUMN_NAME_JA,COLUMN_NAME_EN,COLUMN_NAME_REST,COL_GROUP_ID,COLUMN_CLASS,COLUMN_DISP_SEQ,REF_TABLE_NAME,REF_PKEY_NAME,REF_COL_NAME,REF_SORT_CONDITIONS,REF_MULTI_LANG,REFERENCE_ITEM,SENSITIVE_COL_NAME,FILE_UPLOAD_PLACE,BUTTON_ACTION,COL_NAME,SAVE_TYPE,AUTO_INPUT,INPUT_ITEM,VIEW_ITEM,UNIQUE_ITEM,REQUIRED_ITEM,AUTOREG_HIDE_ITEM,AUTOREG_ONLY_ITEM,INITIAL_VALUE,VALIDATE_OPTION,VALIDATE_REG_EXP,BEFORE_VALIDATE_REGISTER,AFTER_VALIDATE_REGISTER,DESCRIPTION_JA,DESCRIPTION_EN,NOTE,DISUSE_FLAG,LAST_UPDATE_TIMESTAMP,LAST_UPDATE_USER) VALUES('11011106','110111','式','Expression','condition_expression','11011101','7',60,'T_OASE_DEDUPLICATION_CONDITION_EXPRESSION','EXPRESSION_ID','EXPRESSION',NULL,'1',NULL,NULL,NULL,NULL,'CONDITION_EXPRESSION_ID',NULL,'0','1','1','0','0','0','0',NULL,NULL,NULL,NULL,NULL,'重複排除の条件式を選択します。','Select the condition for deduplication.',NULL,'0',_____DATE_____,1);
INSERT INTO T_COMN_MENU_COLUMN_LINK_JNL (JOURNAL_SEQ_NO,JOURNAL_REG_DATETIME,JOURNAL_ACTION_CLASS,COLUMN_DEFINITION_ID,MENU_ID,COLUMN_NAME_JA,COLUMN_NAME_EN,COLUMN_NAME_REST,COL_GROUP_ID,COLUMN_CLASS,COLUMN_DISP_SEQ,REF_TABLE_NAME,REF_PKEY_NAME,REF_COL_NAME,REF_SORT_CONDITIONS,REF_MULTI_LANG,REFERENCE_ITEM,SENSITIVE_COL_NAME,FILE_UPLOAD_PLACE,BUTTON_ACTION,COL_NAME,SAVE_TYPE,AUTO_INPUT,INPUT_ITEM,VIEW_ITEM,UNIQUE_ITEM,REQUIRED_ITEM,AUTOREG_HIDE_ITEM,AUTOREG_ONLY_ITEM,INITIAL_VALUE,VALIDATE_OPTION,VALIDATE_REG_EXP,BEFORE_VALIDATE_REGISTER,AFTER_VALIDATE_REGISTER,DESCRIPTION_JA,DESCRIPTION_EN,NOTE,DISUSE_FLAG,LAST_UPDATE_TIMESTAMP,LAST_UPDATE_USER) VALUES(11011106,_____DATE_____,'INSERT','11011106','110111','式','Expression','condition_expression','11011101','7',60,'T_OASE_DEDUPLICATION_CONDITION_EXPRESSION','EXPRESSION_ID','EXPRESSION',NULL,'1',NULL,NULL,NULL,NULL,'CONDITION_EXPRESSION_ID',NULL,'0','1','1','0','0','0','0',NULL,NULL,NULL,NULL,NULL,'重複排除の条件式を選択します。','Select the condition for deduplication.',NULL,'0',_____DATE_____,1);
INSERT INTO T_COMN_MENU_COLUMN_LINK (COLUMN_DEFINITION_ID,MENU_ID,COLUMN_NAME_JA,COLUMN_NAME_EN,COLUMN_NAME_REST,COL_GROUP_ID,COLUMN_CLASS,COLUMN_DISP_SEQ,REF_TABLE_NAME,REF_PKEY_NAME,REF_COL_NAME,REF_SORT_CONDITIONS,REF_MULTI_LANG,REFERENCE_ITEM,SENSITIVE_COL_NAME,FILE_UPLOAD_PLACE,BUTTON_ACTION,COL_NAME,SAVE_TYPE,AUTO_INPUT,INPUT_ITEM,VIEW_ITEM,UNIQUE_ITEM,REQUIRED_ITEM,AUTOREG_HIDE_ITEM,AUTOREG_ONLY_ITEM,INITIAL_VALUE,VALIDATE_OPTION,VALIDATE_REG_EXP,BEFORE_VALIDATE_REGISTER,AFTER_VALIDATE_REGISTER,DESCRIPTION_JA,DESCRIPTION_EN,NOTE,DISUSE_FLAG,LAST_UPDATE_TIMESTAMP,LAST_UPDATE_USER) VALUES('11011107','110111','備考','Remarks','remarks',NULL,'12',70,NULL,NULL,NULL,NULL,'0',NULL,NULL,NULL,NULL,'NOTE',NULL,'0','1','1','0','0','1','0',NULL,'{
"min_length": 0,
"max_length": 4000
}',NULL,NULL,NULL,'自由記述欄。レコードの廃止・復活時にも記載可能。','Comments section. Can comment when removing or restoring records.',NULL,'0',_____DATE_____,1);
INSERT INTO T_COMN_MENU_COLUMN_LINK_JNL (JOURNAL_SEQ_NO,JOURNAL_REG_DATETIME,JOURNAL_ACTION_CLASS,COLUMN_DEFINITION_ID,MENU_ID,COLUMN_NAME_JA,COLUMN_NAME_EN,COLUMN_NAME_REST,COL_GROUP_ID,COLUMN_CLASS,COLUMN_DISP_SEQ,REF_TABLE_NAME,REF_PKEY_NAME,REF_COL_NAME,REF_SORT_CONDITIONS,REF_MULTI_LANG,REFERENCE_ITEM,SENSITIVE_COL_NAME,FILE_UPLOAD_PLACE,BUTTON_ACTION,COL_NAME,SAVE_TYPE,AUTO_INPUT,INPUT_ITEM,VIEW_ITEM,UNIQUE_ITEM,REQUIRED_ITEM,AUTOREG_HIDE_ITEM,AUTOREG_ONLY_ITEM,INITIAL_VALUE,VALIDATE_OPTION,VALIDATE_REG_EXP,BEFORE_VALIDATE_REGISTER,AFTER_VALIDATE_REGISTER,DESCRIPTION_JA,DESCRIPTION_EN,NOTE,DISUSE_FLAG,LAST_UPDATE_TIMESTAMP,LAST_UPDATE_USER) VALUES(11011107,_____DATE_____,'INSERT','11011107','110111','備考','Remarks','remarks',NULL,'12',70,NULL,NULL,NULL,NULL,'0',NULL,NULL,NULL,NULL,'NOTE',NULL,'0','1','1','0','0','1','0',NULL,'{
"min_length": 0,
"max_length": 4000
}',NULL,NULL,NULL,'自由記述欄。レコードの廃止・復活時にも記載可能。','Comments section. Can comment when removing or restoring records.',NULL,'0',_____DATE_____,1);
INSERT INTO T_COMN_MENU_COLUMN_LINK (COLUMN_DEFINITION_ID,MENU_ID,COLUMN_NAME_JA,COLUMN_NAME_EN,COLUMN_NAME_REST,COL_GROUP_ID,COLUMN_CLASS,COLUMN_DISP_SEQ,REF_TABLE_NAME,REF_PKEY_NAME,REF_COL_NAME,REF_SORT_CONDITIONS,REF_MULTI_LANG,REFERENCE_ITEM,SENSITIVE_COL_NAME,FILE_UPLOAD_PLACE,BUTTON_ACTION,COL_NAME,SAVE_TYPE,AUTO_INPUT,INPUT_ITEM,VIEW_ITEM,UNIQUE_ITEM,REQUIRED_ITEM,AUTOREG_HIDE_ITEM,AUTOREG_ONLY_ITEM,INITIAL_VALUE,VALIDATE_OPTION,VALIDATE_REG_EXP,BEFORE_VALIDATE_REGISTER,AFTER_VALIDATE_REGISTER,DESCRIPTION_JA,DESCRIPTION_EN,NOTE,DISUSE_FLAG,LAST_UPDATE_TIMESTAMP,LAST_UPDATE_USER) VALUES('11011108','110111','廃止フラグ','Discard','discard',NULL,'1',80,NULL,NULL,NULL,NULL,'0',NULL,NULL,NULL,NULL,'DISUSE_FLAG',NULL,'1','1','1','0','1','1','0',NULL,NULL,NULL,NULL,NULL,'廃止フラグ。復活以外のオペレーションは不可','Discard flag. Cannot do operation other than restore.',NULL,'0',_____DATE_____,1);
INSERT INTO T_COMN_MENU_COLUMN_LINK_JNL (JOURNAL_SEQ_NO,JOURNAL_REG_DATETIME,JOURNAL_ACTION_CLASS,COLUMN_DEFINITION_ID,MENU_ID,COLUMN_NAME_JA,COLUMN_NAME_EN,COLUMN_NAME_REST,COL_GROUP_ID,COLUMN_CLASS,COLUMN_DISP_SEQ,REF_TABLE_NAME,REF_PKEY_NAME,REF_COL_NAME,REF_SORT_CONDITIONS,REF_MULTI_LANG,REFERENCE_ITEM,SENSITIVE_COL_NAME,FILE_UPLOAD_PLACE,BUTTON_ACTION,COL_NAME,SAVE_TYPE,AUTO_INPUT,INPUT_ITEM,VIEW_ITEM,UNIQUE_ITEM,REQUIRED_ITEM,AUTOREG_HIDE_ITEM,AUTOREG_ONLY_ITEM,INITIAL_VALUE,VALIDATE_OPTION,VALIDATE_REG_EXP,BEFORE_VALIDATE_REGISTER,AFTER_VALIDATE_REGISTER,DESCRIPTION_JA,DESCRIPTION_EN,NOTE,DISUSE_FLAG,LAST_UPDATE_TIMESTAMP,LAST_UPDATE_USER) VALUES(11011108,_____DATE_____,'INSERT','11011108','110111','廃止フラグ','Discard','discard',NULL,'1',80,NULL,NULL,NULL,NULL,'0',NULL,NULL,NULL,NULL,'DISUSE_FLAG',NULL,'1','1','1','0','1','1','0',NULL,NULL,NULL,NULL,NULL,'廃止フラグ。復活以外のオペレーションは不可','Discard flag. Cannot do operation other than restore.',NULL,'0',_____DATE_____,1);
INSERT INTO T_COMN_MENU_COLUMN_LINK (COLUMN_DEFINITION_ID,MENU_ID,COLUMN_NAME_JA,COLUMN_NAME_EN,COLUMN_NAME_REST,COL_GROUP_ID,COLUMN_CLASS,COLUMN_DISP_SEQ,REF_TABLE_NAME,REF_PKEY_NAME,REF_COL_NAME,REF_SORT_CONDITIONS,REF_MULTI_LANG,REFERENCE_ITEM,SENSITIVE_COL_NAME,FILE_UPLOAD_PLACE,BUTTON_ACTION,COL_NAME,SAVE_TYPE,AUTO_INPUT,INPUT_ITEM,VIEW_ITEM,UNIQUE_ITEM,REQUIRED_ITEM,AUTOREG_HIDE_ITEM,AUTOREG_ONLY_ITEM,INITIAL_VALUE,VALIDATE_OPTION,VALIDATE_REG_EXP,BEFORE_VALIDATE_REGISTER,AFTER_VALIDATE_REGISTER,DESCRIPTION_JA,DESCRIPTION_EN,NOTE,DISUSE_FLAG,LAST_UPDATE_TIMESTAMP,LAST_UPDATE_USER) VALUES('11011109','110111','最終更新日時','Last update date/time','last_update_date_time',NULL,'13',90,NULL,NULL,NULL,NULL,'0',NULL,NULL,NULL,NULL,'LAST_UPDATE_TIMESTAMP',NULL,'1','0','1','0','1','1','0',NULL,NULL,NULL,NULL,NULL,'レコードの最終更新日。更新可否判定に使用。自動登録のため編集不可。','Last update date of record. Useful for judging the possibility of an update. Cannot edit because of auto-numbering.',NULL,'0',_____DATE_____,1);
INSERT INTO T_COMN_MENU_COLUMN_LINK_JNL (JOURNAL_SEQ_NO,JOURNAL_REG_DATETIME,JOURNAL_ACTION_CLASS,COLUMN_DEFINITION_ID,MENU_ID,COLUMN_NAME_JA,COLUMN_NAME_EN,COLUMN_NAME_REST,COL_GROUP_ID,COLUMN_CLASS,COLUMN_DISP_SEQ,REF_TABLE_NAME,REF_PKEY_NAME,REF_COL_NAME,REF_SORT_CONDITIONS,REF_MULTI_LANG,REFERENCE_ITEM,SENSITIVE_COL_NAME,FILE_UPLOAD_PLACE,BUTTON_ACTION,COL_NAME,SAVE_TYPE,AUTO_INPUT,INPUT_ITEM,VIEW_ITEM,UNIQUE_ITEM,REQUIRED_ITEM,AUTOREG_HIDE_ITEM,AUTOREG_ONLY_ITEM,INITIAL_VALUE,VALIDATE_OPTION,VALIDATE_REG_EXP,BEFORE_VALIDATE_REGISTER,AFTER_VALIDATE_REGISTER,DESCRIPTION_JA,DESCRIPTION_EN,NOTE,DISUSE_FLAG,LAST_UPDATE_TIMESTAMP,LAST_UPDATE_USER) VALUES(11011109,_____DATE_____,'INSERT','11011109','110111','最終更新日時','Last update date/time','last_update_date_time',NULL,'13',90,NULL,NULL,NULL,NULL,'0',NULL,NULL,NULL,NULL,'LAST_UPDATE_TIMESTAMP',NULL,'1','0','1','0','1','1','0',NULL,NULL,NULL,NULL,NULL,'レコードの最終更新日。更新可否判定に使用。自動登録のため編集不可。','Last update date of record. Useful for judging the possibility of an update. Cannot edit because of auto-numbering.',NULL,'0',_____DATE_____,1);
INSERT INTO T_COMN_MENU_COLUMN_LINK (COLUMN_DEFINITION_ID,MENU_ID,COLUMN_NAME_JA,COLUMN_NAME_EN,COLUMN_NAME_REST,COL_GROUP_ID,COLUMN_CLASS,COLUMN_DISP_SEQ,REF_TABLE_NAME,REF_PKEY_NAME,REF_COL_NAME,REF_SORT_CONDITIONS,REF_MULTI_LANG,REFERENCE_ITEM,SENSITIVE_COL_NAME,FILE_UPLOAD_PLACE,BUTTON_ACTION,COL_NAME,SAVE_TYPE,AUTO_INPUT,INPUT_ITEM,VIEW_ITEM,UNIQUE_ITEM,REQUIRED_ITEM,AUTOREG_HIDE_ITEM,AUTOREG_ONLY_ITEM,INITIAL_VALUE,VALIDATE_OPTION,VALIDATE_REG_EXP,BEFORE_VALIDATE_REGISTER,AFTER_VALIDATE_REGISTER,DESCRIPTION_JA,DESCRIPTION_EN,NOTE,DISUSE_FLAG,LAST_UPDATE_TIMESTAMP,LAST_UPDATE_USER) VALUES('11011110','110111','最終更新者','Last updated by','last_updated_user',NULL,'14',100,NULL,NULL,NULL,NULL,'0',NULL,NULL,NULL,NULL,'LAST_UPDATE_USER',NULL,'1','0','1','0','1','1','0',NULL,NULL,NULL,NULL,NULL,'更新者。ログインユーザのIDが自動的に登録される。編集不可。','Updated by. Login user ID is automatically registered. Cannot edit.',NULL,'0',_____DATE_____,1);
INSERT INTO T_COMN_MENU_COLUMN_LINK_JNL (JOURNAL_SEQ_NO,JOURNAL_REG_DATETIME,JOURNAL_ACTION_CLASS,COLUMN_DEFINITION_ID,MENU_ID,COLUMN_NAME_JA,COLUMN_NAME_EN,COLUMN_NAME_REST,COL_GROUP_ID,COLUMN_CLASS,COLUMN_DISP_SEQ,REF_TABLE_NAME,REF_PKEY_NAME,REF_COL_NAME,REF_SORT_CONDITIONS,REF_MULTI_LANG,REFERENCE_ITEM,SENSITIVE_COL_NAME,FILE_UPLOAD_PLACE,BUTTON_ACTION,COL_NAME,SAVE_TYPE,AUTO_INPUT,INPUT_ITEM,VIEW_ITEM,UNIQUE_ITEM,REQUIRED_ITEM,AUTOREG_HIDE_ITEM,AUTOREG_ONLY_ITEM,INITIAL_VALUE,VALIDATE_OPTION,VALIDATE_REG_EXP,BEFORE_VALIDATE_REGISTER,AFTER_VALIDATE_REGISTER,DESCRIPTION_JA,DESCRIPTION_EN,NOTE,DISUSE_FLAG,LAST_UPDATE_TIMESTAMP,LAST_UPDATE_USER) VALUES(11011110,_____DATE_____,'INSERT','11011110','110111','最終更新者','Last updated by','last_updated_user',NULL,'14',100,NULL,NULL,NULL,NULL,'0',NULL,NULL,NULL,NULL,'LAST_UPDATE_USER',NULL,'1','0','1','0','1','1','0',NULL,NULL,NULL,NULL,NULL,'更新者。ログインユーザのIDが自動的に登録される。編集不可。','Updated by. Login user ID is automatically registered. Cannot edit.',NULL,'0',_____DATE_____,1);

-- -- 重複排除条件式マスタ
INSERT INTO T_OASE_DEDUPLICATION_CONDITION_EXPRESSION (EXPRESSION_ID,EXPRESSION_JA,EXPRESSION_EN,DISP_SEQ,NOTE,DISUSE_FLAG,LAST_UPDATE_TIMESTAMP,LAST_UPDATE_USER) VALUES('1','が一致する','is matched',10,NULL,'0',_____DATE_____,1);
INSERT INTO T_OASE_DEDUPLICATION_CONDITION_EXPRESSION (EXPRESSION_ID,EXPRESSION_JA,EXPRESSION_EN,DISP_SEQ,NOTE,DISUSE_FLAG,LAST_UPDATE_TIMESTAMP,LAST_UPDATE_USER) VALUES('2','を無視する','is ignored',20,NULL,'0',_____DATE_____,1);


-- イベント種別と通知先の組み合わせごとにテンプレートを管理できる機能追加対応
-- デフォルトカラムに値を設定（通知先はNULLのままで良いので、ここでの値の設定は不要）
UPDATE T_OASE_NOTIFICATION_TEMPLATE_COMMON      SET IS_DEFAULT = '●'  WHERE NOTIFICATION_TEMPLATE_ID in ('1','2','3','4');
UPDATE T_OASE_NOTIFICATION_TEMPLATE_COMMON_JNL  SET IS_DEFAULT = '●'  WHERE NOTIFICATION_TEMPLATE_ID in ('1','2','3','4');

-- 通知先とデフォルト用のメニューカラム紐付けレコード追加
INSERT INTO T_COMN_MENU_COLUMN_LINK (COLUMN_DEFINITION_ID,MENU_ID,COLUMN_NAME_JA,COLUMN_NAME_EN,COLUMN_NAME_REST,COL_GROUP_ID,COLUMN_CLASS,COLUMN_DISP_SEQ,REF_TABLE_NAME,REF_PKEY_NAME,REF_COL_NAME,REF_SORT_CONDITIONS,REF_MULTI_LANG,REFERENCE_ITEM,SENSITIVE_COL_NAME,FILE_UPLOAD_PLACE,BUTTON_ACTION,COL_NAME,SAVE_TYPE,AUTO_INPUT,INPUT_ITEM,VIEW_ITEM,UNIQUE_ITEM,REQUIRED_ITEM,AUTOREG_HIDE_ITEM,AUTOREG_ONLY_ITEM,INITIAL_VALUE,VALIDATE_OPTION,VALIDATE_REG_EXP,BEFORE_VALIDATE_REGISTER,AFTER_VALIDATE_REGISTER,DESCRIPTION_JA,DESCRIPTION_EN,NOTE,DISUSE_FLAG,LAST_UPDATE_TIMESTAMP,LAST_UPDATE_USER) VALUES('11010208','110102','通知先','Notification Destination','notification_destination',NULL,'28',35,NULL,NULL,NULL,NULL,'0',NULL,NULL,NULL,NULL,'NOTIFICATION_DESTINATION',NULL,'0','1','1','0','0','0','0',NULL,'{
"min_length": 0,
"max_length": 4000
}',NULL,NULL,NULL,'通知先を選択します。','Select the notification destination.',NULL,'0',_____DATE_____,1);
INSERT INTO T_COMN_MENU_COLUMN_LINK_JNL (JOURNAL_SEQ_NO,JOURNAL_REG_DATETIME,JOURNAL_ACTION_CLASS,COLUMN_DEFINITION_ID,MENU_ID,COLUMN_NAME_JA,COLUMN_NAME_EN,COLUMN_NAME_REST,COL_GROUP_ID,COLUMN_CLASS,COLUMN_DISP_SEQ,REF_TABLE_NAME,REF_PKEY_NAME,REF_COL_NAME,REF_SORT_CONDITIONS,REF_MULTI_LANG,REFERENCE_ITEM,SENSITIVE_COL_NAME,FILE_UPLOAD_PLACE,BUTTON_ACTION,COL_NAME,SAVE_TYPE,AUTO_INPUT,INPUT_ITEM,VIEW_ITEM,UNIQUE_ITEM,REQUIRED_ITEM,AUTOREG_HIDE_ITEM,AUTOREG_ONLY_ITEM,INITIAL_VALUE,VALIDATE_OPTION,VALIDATE_REG_EXP,BEFORE_VALIDATE_REGISTER,AFTER_VALIDATE_REGISTER,DESCRIPTION_JA,DESCRIPTION_EN,NOTE,DISUSE_FLAG,LAST_UPDATE_TIMESTAMP,LAST_UPDATE_USER) VALUES(11010208,_____DATE_____,'INSERT','11010208','110102','通知先','Notification Destination','notification_destination',NULL,'28',35,NULL,NULL,NULL,NULL,'0',NULL,NULL,NULL,NULL,'NOTIFICATION_DESTINATION',NULL,'0','1','1','0','0','0','0',NULL,'{
"min_length": 0,
"max_length": 4000
}',NULL,NULL,NULL,'通知先を選択します。','Select the notification destination.',NULL,'0',_____DATE_____,1);
INSERT INTO T_COMN_MENU_COLUMN_LINK (COLUMN_DEFINITION_ID,MENU_ID,COLUMN_NAME_JA,COLUMN_NAME_EN,COLUMN_NAME_REST,COL_GROUP_ID,COLUMN_CLASS,COLUMN_DISP_SEQ,REF_TABLE_NAME,REF_PKEY_NAME,REF_COL_NAME,REF_SORT_CONDITIONS,REF_MULTI_LANG,REFERENCE_ITEM,SENSITIVE_COL_NAME,FILE_UPLOAD_PLACE,BUTTON_ACTION,COL_NAME,SAVE_TYPE,AUTO_INPUT,INPUT_ITEM,VIEW_ITEM,UNIQUE_ITEM,REQUIRED_ITEM,AUTOREG_HIDE_ITEM,AUTOREG_ONLY_ITEM,INITIAL_VALUE,VALIDATE_OPTION,VALIDATE_REG_EXP,BEFORE_VALIDATE_REGISTER,AFTER_VALIDATE_REGISTER,DESCRIPTION_JA,DESCRIPTION_EN,NOTE,DISUSE_FLAG,LAST_UPDATE_TIMESTAMP,LAST_UPDATE_USER) VALUES('11010209','110102','デフォルト','Default','is_default',NULL,'1',36,NULL,NULL,NULL,NULL,'0',NULL,NULL,NULL,NULL,'IS_DEFAULT',NULL,'0','0','1','0','0','0','0',NULL,NULL,NULL,NULL,NULL,'イベント種別に対して、レコードにない通知先に送信する場合にばデフォルトのテンプレートが使用されます。','For event type, the default template is used when sending a notification to a recipient that is not in the record.',NULL,'0',_____DATE_____,1);
INSERT INTO T_COMN_MENU_COLUMN_LINK_JNL (JOURNAL_SEQ_NO,JOURNAL_REG_DATETIME,JOURNAL_ACTION_CLASS,COLUMN_DEFINITION_ID,MENU_ID,COLUMN_NAME_JA,COLUMN_NAME_EN,COLUMN_NAME_REST,COL_GROUP_ID,COLUMN_CLASS,COLUMN_DISP_SEQ,REF_TABLE_NAME,REF_PKEY_NAME,REF_COL_NAME,REF_SORT_CONDITIONS,REF_MULTI_LANG,REFERENCE_ITEM,SENSITIVE_COL_NAME,FILE_UPLOAD_PLACE,BUTTON_ACTION,COL_NAME,SAVE_TYPE,AUTO_INPUT,INPUT_ITEM,VIEW_ITEM,UNIQUE_ITEM,REQUIRED_ITEM,AUTOREG_HIDE_ITEM,AUTOREG_ONLY_ITEM,INITIAL_VALUE,VALIDATE_OPTION,VALIDATE_REG_EXP,BEFORE_VALIDATE_REGISTER,AFTER_VALIDATE_REGISTER,DESCRIPTION_JA,DESCRIPTION_EN,NOTE,DISUSE_FLAG,LAST_UPDATE_TIMESTAMP,LAST_UPDATE_USER) VALUES(11010209,_____DATE_____,'INSERT','11010209','110102','デフォルト','Default','is_default',NULL,'1',36,NULL,NULL,NULL,NULL,'0',NULL,NULL,NULL,NULL,'IS_DEFAULT',NULL,'0','0','1','0','0','0','0',NULL,NULL,NULL,NULL,NULL,'イベント種別に対して、レコードにない通知先に送信する場合にばデフォルトのテンプレートが使用されます。','For event type, the default template is used when sending a notification to a recipient that is not in the record.',NULL,'0',_____DATE_____,1);

-- イベント種別を入力用カラムに更新
UPDATE T_COMN_MENU_COLUMN_LINK      SET INPUT_ITEM='1', UNIQUE_ITEM='0', DESCRIPTION_JA='イベントの種別。', DESCRIPTION_EN='Type of event.' WHERE COLUMN_DEFINITION_ID = '11010202';
UPDATE T_COMN_MENU_COLUMN_LINK_JNL  SET INPUT_ITEM='1', UNIQUE_ITEM='0', DESCRIPTION_JA='イベントの種別。', DESCRIPTION_EN='Type of event.' WHERE COLUMN_DEFINITION_ID = '11010202';

-- 通知テンプレート（共通）メニューの登録・廃止・復活を許可する
UPDATE T_COMN_MENU_TABLE_LINK      SET ROW_INSERT_FLAG='1', ROW_DISUSE_FLAG='1', ROW_REUSE_FLAG='1' WHERE TABLE_DEFINITION_ID = '110102';
UPDATE T_COMN_MENU_TABLE_LINK_JNL  SET ROW_INSERT_FLAG='1', ROW_DISUSE_FLAG='1', ROW_REUSE_FLAG='1' WHERE TABLE_DEFINITION_ID = '110102';

-- 通知テンプレート（共通）メニューのソート順を更新
UPDATE T_COMN_MENU      SET SORT_KEY='[{"ASC":"notification_template_id"},{"ASC":"event_type"}]' WHERE MENU_ID = '110102';
UPDATE T_COMN_MENU_JNL  SET SORT_KEY='[{"ASC":"notification_template_id"},{"ASC":"event_type"}]' WHERE MENU_ID = '110102';


-- ラベリング付与でagent_nameとagent_versionを指定できることになったことへの対応
UPDATE T_COMN_MENU_COLUMN_LINK      SET DESCRIPTION_JA = '[最大長]255バイト
検索条件となる、イベントのプロパティのキーをJSONのクエリ言語（JMESPath）で指定します。
半角英数字と記号(!#%&()*+,-.;<=>?@[]^_{|}~)を使用できます。
下記キーも指定可能です。
・_exastro_event_collection_settings_id
・_exastro_agent_name
・_exastro_agent_version
・_exastro_fetched_time
・_exastro_end_time', DESCRIPTION_EN = '[Maximum length] 255 bytes
Specify the event property key as the search condition using the JSON query language (JMESPath).
You can use half-width alphanumeric characters and symbols (!#%&()*+,-.;<=>?@[]^_{|}~).
The following keys can also be specified.
・_exastro_event_collection_settings_id
・_exastro_agent_name
・_exastro_agent_version
・_exastro_fetched_time
・_exastro_end_time'  WHERE COLUMN_DEFINITION_ID = '11010604';
UPDATE T_COMN_MENU_COLUMN_LINK_JNL  SET DESCRIPTION_JA = '[最大長]255バイト
検索条件となる、イベントのプロパティのキーをJSONのクエリ言語（JMESPath）で指定します。
半角英数字と記号(!#%&()*+,-.;<=>?@[]^_{|}~)を使用できます。
下記キーも指定可能です。
・_exastro_event_collection_settings_id
・_exastro_agent_name
・_exastro_agent_version
・_exastro_fetched_time
・_exastro_end_time', DESCRIPTION_EN = '[Maximum length] 255 bytes
Specify the event property key as the search condition using the JSON query language (JMESPath).
You can use half-width alphanumeric characters and symbols (!#%&()*+,-.;<=>?@[]^_{|}~).
The following keys can also be specified.
・_exastro_event_collection_settings_id
・_exastro_agent_name
・_exastro_agent_version
・_exastro_fetched_time
・_exastro_end_time'  WHERE COLUMN_DEFINITION_ID = '11010604';

-- -----------------------------------------------------------------------------
-- - ▼Issue 行末の空白調整
-- -----------------------------------------------------------------------------
UPDATE T_COMN_MENU_COLUMN_LINK      SET DESCRIPTION_JA = '[最大長]255バイト
ラベル付与したい値を入力します。

正規表現で使用したい場合は、以下のように入力してください。
①正規表現を使って（「比較する値」による）検索を行い、任意の値をラベルにつけたい
任意の値を入力してください。
②正規表現を使って（「比較する値」による）検索を行い、そのマッチした結果を、ラベルの値としてそのまま利用したい場合
値を空欄にしてください。
③②のマッチした結果に対して、正規表現置換を行いたい場合
検索結果のキャプチャグループの値を使いたい場合などを想定しています
ex.
・キャプチャグループの1個目をラベルの値にしたい場合
　→ \\1
・キャプチャグループの1個目 + 任意の値（.com）をラベルの値にしたい場合
　→ \\1.com', DESCRIPTION_EN = '[Maximum length] 255 bytes
Enter the value you want to label.

If you want to use it as a regular expression, enter it as follows.
① I want to search using regular expressions (by "value to compare") and add any value to the label.
Please enter any value.
② If you want to search using regular expressions (by "value to compare") and use the matching results as is as the label value.
Please leave the value blank.
③ If you want to perform regular expression replacement on the matched results of ②
This assumes cases where you want to use the capture group value of search results.
ex.
・If you want the first capture group to be the label value
→ \\1
・If you want to set the first capture group + any value (.com) as the label value
→ \\1.com'  WHERE COLUMN_DEFINITION_ID = '11010609';

UPDATE T_COMN_MENU_COLUMN_LINK_JNL  SET DESCRIPTION_JA = '[最大長]255バイト
ラベル付与したい値を入力します。

正規表現で使用したい場合は、以下のように入力してください。
①正規表現を使って（「比較する値」による）検索を行い、任意の値をラベルにつけたい
任意の値を入力してください。
②正規表現を使って（「比較する値」による）検索を行い、そのマッチした結果を、ラベルの値としてそのまま利用したい場合
値を空欄にしてください。
③②のマッチした結果に対して、正規表現置換を行いたい場合
検索結果のキャプチャグループの値を使いたい場合などを想定しています
ex.
・キャプチャグループの1個目をラベルの値にしたい場合
　→ \\1
・キャプチャグループの1個目 + 任意の値（.com）をラベルの値にしたい場合
　→ \\1.com', DESCRIPTION_EN = '[Maximum length] 255 bytes
Enter the value you want to label.

If you want to use it as a regular expression, enter it as follows.
① I want to search using regular expressions (by "value to compare") and add any value to the label.
Please enter any value.
② If you want to search using regular expressions (by "value to compare") and use the matching results as is as the label value.
Please leave the value blank.
③ If you want to perform regular expression replacement on the matched results of ②
This assumes cases where you want to use the capture group value of search results.
ex.
・If you want the first capture group to be the label value
→ \\1
・If you want to set the first capture group + any value (.com) as the label value
→ \\1.com'  WHERE COLUMN_DEFINITION_ID = '11010609';

-- メニュー：フィルター：フィルター条件：説明文修正
UPDATE T_COMN_MENU_COLUMN_LINK
SET UNIQUE_ITEM = '0'
, REQUIRED_ITEM = '0'
, LAST_UPDATE_TIMESTAMP = _____DATE_____
WHERE COLUMN_DEFINITION_ID = '11010704';
UPDATE T_COMN_MENU_COLUMN_LINK_JNL
SET UNIQUE_ITEM = '0'
, REQUIRED_ITEM = '0'
, LAST_UPDATE_TIMESTAMP = _____DATE_____
WHERE COLUMN_DEFINITION_ID = '11010704';

-- メニュー：フィルター：検索条件：説明文修正
UPDATE T_COMN_MENU_COLUMN_LINK
SET DESCRIPTION_JA = '検索方法を選択します。
ユニーク：一意のイベントの抽出しか許可しません。複数イベントがヒットした場合、ヒットしたイベントすべてを未知のイベントとして処理します。
キューイング：一意のイベントを抽出しますが、複数イベントがヒットした場合、一番古いイベントを使用します。ルールに複数回マッチする可能性があるため、ご注意ください。
グルーピング：グルーピング条件で指定したラベルと条件に該当するイベントをグルーピングします。フィルター条件の条件を指定することも可能です。'
, DESCRIPTION_EN = 'Select a search method.
Unique: Only allows extraction of unique events. If multiple events are hit, all hit events are treated as unknown events.
Queuing: Extract unique events, but if multiple events are hit, use the oldest event. Please note that the rule may be matched multiple times.
Grouping: Groups events that correspond to the label and conditions specified in the grouping conditions. It is also possible to specify filter conditions.'
, LAST_UPDATE_TIMESTAMP = _____DATE_____
WHERE COLUMN_DEFINITION_ID = '11010709';
UPDATE T_COMN_MENU_COLUMN_LINK_JNL
SET DESCRIPTION_JA = '検索方法を選択します。
ユニーク：一意のイベントの抽出しか許可しません。複数イベントがヒットした場合、ヒットしたイベントすべてを未知のイベントとして処理します。
キューイング：一意のイベントを抽出しますが、複数イベントがヒットした場合、一番古いイベントを使用します。ルールに複数回マッチする可能性があるため、ご注意ください。
グルーピング：グルーピング条件で指定したラベルと条件に該当するイベントをグルーピングします。フィルター条件の条件を指定することも可能です。'
, DESCRIPTION_EN = 'Select a search method.
Unique: Only allows extraction of unique events. If multiple events are hit, all hit events are treated as unknown events.
Queuing: Extract unique events, but if multiple events are hit, use the oldest event. Please note that the rule may be matched multiple times.
Grouping: Groups events that correspond to the label and conditions specified in the grouping conditions. It is also possible to specify filter conditions.'
, LAST_UPDATE_TIMESTAMP = _____DATE_____
WHERE COLUMN_DEFINITION_ID = '11010709';

-- メニュー：フィルター：個別バリデーション追加
UPDATE T_COMN_MENU_TABLE_LINK
SET BEFORE_VALIDATE_REGISTER = 'external_valid_menu_before'
, LAST_UPDATE_TIMESTAMP = _____DATE_____
WHERE TABLE_DEFINITION_ID = '110107';
UPDATE T_COMN_MENU_TABLE_LINK_JNL
SET BEFORE_VALIDATE_REGISTER = 'external_valid_menu_before'
, LAST_UPDATE_TIMESTAMP = _____DATE_____
WHERE TABLE_DEFINITION_ID = '110107';

-- メニュー：フィルター：グループ条件の項目追加
INSERT INTO T_COMN_MENU_COLUMN_LINK (COLUMN_DEFINITION_ID,MENU_ID,COLUMN_NAME_JA,COLUMN_NAME_EN,COLUMN_NAME_REST,COL_GROUP_ID,COLUMN_CLASS,COLUMN_DISP_SEQ,REF_TABLE_NAME,REF_PKEY_NAME,REF_COL_NAME,REF_SORT_CONDITIONS,REF_MULTI_LANG,REFERENCE_ITEM,SENSITIVE_COL_NAME,FILE_UPLOAD_PLACE,BUTTON_ACTION,COL_NAME,SAVE_TYPE,AUTO_INPUT,INPUT_ITEM,VIEW_ITEM,UNIQUE_ITEM,REQUIRED_ITEM,AUTOREG_HIDE_ITEM,AUTOREG_ONLY_ITEM,INITIAL_VALUE,VALIDATE_OPTION,VALIDATE_REG_EXP,BEFORE_VALIDATE_REGISTER,AFTER_VALIDATE_REGISTER,DESCRIPTION_JA,DESCRIPTION_EN,NOTE,DISUSE_FLAG,LAST_UPDATE_TIMESTAMP,LAST_UPDATE_USER) VALUES('11010710','110107','ラベル','Labels','group_label_key_ids','11010711','33',53,'V_OASE_CONCLUSION_LABEL_KEY_GROUP','LABEL_KEY_ID','LABEL_KEY_NAME',NULL,'0',NULL,NULL,NULL,NULL,'GROUP_LABEL_KEY_IDS',NULL,'0','1','1','0','0','0','0',NULL,NULL,NULL,NULL,NULL,'グルーピング対象となるラベルを選択します。','Select the label keys to be used for grouping.',NULL,'0',_____DATE_____,1);
INSERT INTO T_COMN_MENU_COLUMN_LINK_JNL (JOURNAL_SEQ_NO,JOURNAL_REG_DATETIME,JOURNAL_ACTION_CLASS,COLUMN_DEFINITION_ID,MENU_ID,COLUMN_NAME_JA,COLUMN_NAME_EN,COLUMN_NAME_REST,COL_GROUP_ID,COLUMN_CLASS,COLUMN_DISP_SEQ,REF_TABLE_NAME,REF_PKEY_NAME,REF_COL_NAME,REF_SORT_CONDITIONS,REF_MULTI_LANG,REFERENCE_ITEM,SENSITIVE_COL_NAME,FILE_UPLOAD_PLACE,BUTTON_ACTION,COL_NAME,SAVE_TYPE,AUTO_INPUT,INPUT_ITEM,VIEW_ITEM,UNIQUE_ITEM,REQUIRED_ITEM,AUTOREG_HIDE_ITEM,AUTOREG_ONLY_ITEM,INITIAL_VALUE,VALIDATE_OPTION,VALIDATE_REG_EXP,BEFORE_VALIDATE_REGISTER,AFTER_VALIDATE_REGISTER,DESCRIPTION_JA,DESCRIPTION_EN,NOTE,DISUSE_FLAG,LAST_UPDATE_TIMESTAMP,LAST_UPDATE_USER) VALUES(11010710,_____DATE_____,'INSERT','11010710','110107','ラベル','Labels','group_label_key_ids','11010711','33',53,'V_OASE_CONCLUSION_LABEL_KEY_GROUP','LABEL_KEY_ID','LABEL_KEY_NAME',NULL,'0',NULL,NULL,NULL,NULL,'GROUP_LABEL_KEY_IDS',NULL,'0','1','1','0','0','0','0',NULL,NULL,NULL,NULL,NULL,'グルーピング対象となるラベルを選択します。','Select the label keys to be used for grouping.',NULL,'0',_____DATE_____,1);
INSERT INTO T_COMN_MENU_COLUMN_LINK (COLUMN_DEFINITION_ID,MENU_ID,COLUMN_NAME_JA,COLUMN_NAME_EN,COLUMN_NAME_REST,COL_GROUP_ID,COLUMN_CLASS,COLUMN_DISP_SEQ,REF_TABLE_NAME,REF_PKEY_NAME,REF_COL_NAME,REF_SORT_CONDITIONS,REF_MULTI_LANG,REFERENCE_ITEM,SENSITIVE_COL_NAME,FILE_UPLOAD_PLACE,BUTTON_ACTION,COL_NAME,SAVE_TYPE,AUTO_INPUT,INPUT_ITEM,VIEW_ITEM,UNIQUE_ITEM,REQUIRED_ITEM,AUTOREG_HIDE_ITEM,AUTOREG_ONLY_ITEM,INITIAL_VALUE,VALIDATE_OPTION,VALIDATE_REG_EXP,BEFORE_VALIDATE_REGISTER,AFTER_VALIDATE_REGISTER,DESCRIPTION_JA,DESCRIPTION_EN,NOTE,DISUSE_FLAG,LAST_UPDATE_TIMESTAMP,LAST_UPDATE_USER) VALUES('11010711','110107','条件','Condition','group_condition_id','11010711','7',55,'T_OASE_FILTER_GROUP_CONDITION','GROUP_CONDITION_ID','GROUP_CONDITION',NULL,'1',NULL,NULL,NULL,NULL,'GROUP_CONDITION_ID',NULL,'0','1','1','0','0','0','0',NULL,NULL,NULL,NULL,NULL,'グルーピング対象となるラベルとの組み合わせ条件を選択します。','Select the combination condition with the label to be grouped.',NULL,'0',_____DATE_____,1);
INSERT INTO T_COMN_MENU_COLUMN_LINK_JNL (JOURNAL_SEQ_NO,JOURNAL_REG_DATETIME,JOURNAL_ACTION_CLASS,COLUMN_DEFINITION_ID,MENU_ID,COLUMN_NAME_JA,COLUMN_NAME_EN,COLUMN_NAME_REST,COL_GROUP_ID,COLUMN_CLASS,COLUMN_DISP_SEQ,REF_TABLE_NAME,REF_PKEY_NAME,REF_COL_NAME,REF_SORT_CONDITIONS,REF_MULTI_LANG,REFERENCE_ITEM,SENSITIVE_COL_NAME,FILE_UPLOAD_PLACE,BUTTON_ACTION,COL_NAME,SAVE_TYPE,AUTO_INPUT,INPUT_ITEM,VIEW_ITEM,UNIQUE_ITEM,REQUIRED_ITEM,AUTOREG_HIDE_ITEM,AUTOREG_ONLY_ITEM,INITIAL_VALUE,VALIDATE_OPTION,VALIDATE_REG_EXP,BEFORE_VALIDATE_REGISTER,AFTER_VALIDATE_REGISTER,DESCRIPTION_JA,DESCRIPTION_EN,NOTE,DISUSE_FLAG,LAST_UPDATE_TIMESTAMP,LAST_UPDATE_USER) VALUES(11010711,_____DATE_____,'INSERT','11010711','110107','条件','Condition','group_condition_id','11010711','7',55,'T_OASE_FILTER_GROUP_CONDITION','GROUP_CONDITION_ID','GROUP_CONDITION',NULL,'1',NULL,NULL,NULL,NULL,'GROUP_CONDITION_ID',NULL,'0','1','1','0','0','0','0',NULL,NULL,NULL,NULL,NULL,'グルーピング対象となるラベルとの組み合わせ条件を選択します。','Select the combination condition with the label to be grouped.',NULL,'0',_____DATE_____,1);

-- フィルター検索条件の選択肢追加
INSERT INTO T_OASE_SEARCH_CONDITION (SEARCH_CONDITION_ID,SEARCH_CONDITION_NAME_EN,SEARCH_CONDITION_NAME_JA,NOTE,DISUSE_FLAG,LAST_UPDATE_TIMESTAMP,LAST_UPDATE_USER) VALUES('3','Grouping','グルーピング',NULL,'0',_____DATE_____,1);

-- グルーピング条件マスタの初期値
INSERT INTO T_OASE_FILTER_GROUP_CONDITION (GROUP_CONDITION_ID,GROUP_CONDITION_JA,GROUP_CONDITION_EN,DISP_SEQ,NOTE,DISUSE_FLAG,LAST_UPDATE_TIMESTAMP,LAST_UPDATE_USER) VALUES('1','を対象とする','is the target',10,NULL,'0',_____DATE_____,1);
INSERT INTO T_OASE_FILTER_GROUP_CONDITION (GROUP_CONDITION_ID,GROUP_CONDITION_JA,GROUP_CONDITION_EN,DISP_SEQ,NOTE,DISUSE_FLAG,LAST_UPDATE_TIMESTAMP,LAST_UPDATE_USER) VALUES('2','以外を対象とする','not is not a target',20,NULL,'0',_____DATE_____,1);
