-- CREATE TABLE/VIEW: -2.3.0
    -- T_EVRL_CONNECTION_METHOD
    -- T_EVRL_COMPARISON_METHOD
    -- T_EVRL_TARGET_TYPE
    -- T_EVRL_LABEL_KEY_FIXED
    -- T_EVRL_ACTION_STATUS
    -- T_EVRL_REQUEST_METHOD

INSERT INTO T_COMN_MENU_GROUP (MENU_GROUP_ID,PARENT_MENU_GROUP_ID,MENU_GROUP_NAME_JA,MENU_GROUP_NAME_EN,MENU_GROUP_ICON,MENU_CREATE_TARGET_FLAG,DISP_SEQ,NOTE,DISUSE_FLAG,LAST_UPDATE_TIMESTAMP,LAST_UPDATE_USER) VALUES(1101,NULL,'OASE管理','Oase Management',NULL,'0',310,NULL,'0',_____DATE_____,1);
INSERT INTO T_COMN_MENU_GROUP_JNL (JOURNAL_SEQ_NO,JOURNAL_REG_DATETIME,JOURNAL_ACTION_CLASS,MENU_GROUP_ID,PARENT_MENU_GROUP_ID,MENU_GROUP_NAME_JA,MENU_GROUP_NAME_EN,MENU_GROUP_ICON,MENU_CREATE_TARGET_FLAG,DISP_SEQ,NOTE,DISUSE_FLAG,LAST_UPDATE_TIMESTAMP,LAST_UPDATE_USER) VALUES(1101,_____DATE_____,'INSERT',1101,NULL,'OASE管理','Oase Management',NULL,'0',310,NULL,'0',_____DATE_____,1);
INSERT INTO T_COMN_MENU_GROUP (MENU_GROUP_ID,PARENT_MENU_GROUP_ID,MENU_GROUP_NAME_JA,MENU_GROUP_NAME_EN,MENU_GROUP_ICON,MENU_CREATE_TARGET_FLAG,DISP_SEQ,NOTE,DISUSE_FLAG,LAST_UPDATE_TIMESTAMP,LAST_UPDATE_USER) VALUES(1102,NULL,'OASE','Oase',NULL,'0',320,NULL,'0',_____DATE_____,1);
INSERT INTO T_COMN_MENU_GROUP_JNL (JOURNAL_SEQ_NO,JOURNAL_REG_DATETIME,JOURNAL_ACTION_CLASS,MENU_GROUP_ID,PARENT_MENU_GROUP_ID,MENU_GROUP_NAME_JA,MENU_GROUP_NAME_EN,MENU_GROUP_ICON,MENU_CREATE_TARGET_FLAG,DISP_SEQ,NOTE,DISUSE_FLAG,LAST_UPDATE_TIMESTAMP,LAST_UPDATE_USER) VALUES(1102,_____DATE_____,'INSERT',1102,NULL,'OASE','Oase',NULL,'0',320,NULL,'0',_____DATE_____,1);

INSERT INTO T_COMN_MENU (MENU_ID,MENU_GROUP_ID,MENU_NAME_JA,MENU_NAME_EN,MENU_NAME_REST,DISP_SEQ,AUTOFILTER_FLG,INITIAL_FILTER_FLG,WEB_PRINT_LIMIT,WEB_PRINT_CONFIRM,XLS_PRINT_LIMIT,SORT_KEY,NOTE,DISUSE_FLAG,LAST_UPDATE_TIMESTAMP,LAST_UPDATE_USER) VALUES(110101,1101,'エージェント','Agent','agent',10,1,0,NULL,NULL,NULL,'[{"ASC":"connection_method_id"}]',NULL,'0',_____DATE_____,1);
INSERT INTO T_COMN_MENU_JNL (JOURNAL_SEQ_NO,JOURNAL_REG_DATETIME,JOURNAL_ACTION_CLASS,MENU_ID,MENU_GROUP_ID,MENU_NAME_JA,MENU_NAME_EN,MENU_NAME_REST,DISP_SEQ,AUTOFILTER_FLG,INITIAL_FILTER_FLG,WEB_PRINT_LIMIT,WEB_PRINT_CONFIRM,XLS_PRINT_LIMIT,SORT_KEY,NOTE,DISUSE_FLAG,LAST_UPDATE_TIMESTAMP,LAST_UPDATE_USER) VALUES(110101,_____DATE_____,'INSERT',110101,1101,'エージェント','Agent','agent',10,1,0,NULL,NULL,NULL,'[{"ASC":"connection_method_id"}]',NULL,'0',_____DATE_____,1);
INSERT INTO T_COMN_MENU (MENU_ID,MENU_GROUP_ID,MENU_NAME_JA,MENU_NAME_EN,MENU_NAME_REST,DISP_SEQ,AUTOFILTER_FLG,INITIAL_FILTER_FLG,WEB_PRINT_LIMIT,WEB_PRINT_CONFIRM,XLS_PRINT_LIMIT,SORT_KEY,NOTE,DISUSE_FLAG,LAST_UPDATE_TIMESTAMP,LAST_UPDATE_USER) VALUES(110102,1101,'通知テンプレート(共通)							','Notification templates (common)','notification_template_common',20,1,0,NULL,NULL,NULL,'[{"ASC":"notification_template_id"}]',NULL,'0',_____DATE_____,1);
INSERT INTO T_COMN_MENU_JNL (JOURNAL_SEQ_NO,JOURNAL_REG_DATETIME,JOURNAL_ACTION_CLASS,MENU_ID,MENU_GROUP_ID,MENU_NAME_JA,MENU_NAME_EN,MENU_NAME_REST,DISP_SEQ,AUTOFILTER_FLG,INITIAL_FILTER_FLG,WEB_PRINT_LIMIT,WEB_PRINT_CONFIRM,XLS_PRINT_LIMIT,SORT_KEY,NOTE,DISUSE_FLAG,LAST_UPDATE_TIMESTAMP,LAST_UPDATE_USER) VALUES(110102,_____DATE_____,'INSERT',110102,1101,'通知テンプレート(共通)							','Notification templates (common)','notification_template_common',20,1,0,NULL,NULL,NULL,'[{"ASC":"notification_template_id"}]',NULL,'0',_____DATE_____,1);
INSERT INTO T_COMN_MENU (MENU_ID,MENU_GROUP_ID,MENU_NAME_JA,MENU_NAME_EN,MENU_NAME_REST,DISP_SEQ,AUTOFILTER_FLG,INITIAL_FILTER_FLG,WEB_PRINT_LIMIT,WEB_PRINT_CONFIRM,XLS_PRINT_LIMIT,SORT_KEY,NOTE,DISUSE_FLAG,LAST_UPDATE_TIMESTAMP,LAST_UPDATE_USER) VALUES(110103,1102,'イベント履歴','Event history','event_history',30,1,0,NULL,NULL,NULL,'[{"DESC":"labels._exastro_fetched_time"},{"DESC": "labels._exastro_end_time"},{"ASC":"_id"}]',NULL,'0',_____DATE_____,1);
INSERT INTO T_COMN_MENU_JNL (JOURNAL_SEQ_NO,JOURNAL_REG_DATETIME,JOURNAL_ACTION_CLASS,MENU_ID,MENU_GROUP_ID,MENU_NAME_JA,MENU_NAME_EN,MENU_NAME_REST,DISP_SEQ,AUTOFILTER_FLG,INITIAL_FILTER_FLG,WEB_PRINT_LIMIT,WEB_PRINT_CONFIRM,XLS_PRINT_LIMIT,SORT_KEY,NOTE,DISUSE_FLAG,LAST_UPDATE_TIMESTAMP,LAST_UPDATE_USER) VALUES(110103,_____DATE_____,'INSERT',110103,1102,'イベント履歴','Event history','event_history',30,1,0,NULL,NULL,NULL,'[{"DESC":"labels._exastro_fetched_time"},{"DESC": "labels._exastro_end_time"},{"ASC":"_id"}]',NULL,'0',_____DATE_____,1);
INSERT INTO T_COMN_MENU (MENU_ID,MENU_GROUP_ID,MENU_NAME_JA,MENU_NAME_EN,MENU_NAME_REST,DISP_SEQ,AUTOFILTER_FLG,INITIAL_FILTER_FLG,WEB_PRINT_LIMIT,WEB_PRINT_CONFIRM,XLS_PRINT_LIMIT,SORT_KEY,NOTE,DISUSE_FLAG,LAST_UPDATE_TIMESTAMP,LAST_UPDATE_USER) VALUES(110104,1102,'ラベル作成','Label Creation','label_creation',40,1,0,NULL,NULL,NULL,NULL,NULL,'0',_____DATE_____,1);
INSERT INTO T_COMN_MENU_JNL (JOURNAL_SEQ_NO,JOURNAL_REG_DATETIME,JOURNAL_ACTION_CLASS,MENU_ID,MENU_GROUP_ID,MENU_NAME_JA,MENU_NAME_EN,MENU_NAME_REST,DISP_SEQ,AUTOFILTER_FLG,INITIAL_FILTER_FLG,WEB_PRINT_LIMIT,WEB_PRINT_CONFIRM,XLS_PRINT_LIMIT,SORT_KEY,NOTE,DISUSE_FLAG,LAST_UPDATE_TIMESTAMP,LAST_UPDATE_USER) VALUES(110104,_____DATE_____,'INSERT',110104,1102,'ラベル作成','Label Creation','label_creation',40,1,0,NULL,NULL,NULL,NULL,NULL,'0',_____DATE_____,1);
INSERT INTO T_COMN_MENU (MENU_ID,MENU_GROUP_ID,MENU_NAME_JA,MENU_NAME_EN,MENU_NAME_REST,DISP_SEQ,AUTOFILTER_FLG,INITIAL_FILTER_FLG,WEB_PRINT_LIMIT,WEB_PRINT_CONFIRM,XLS_PRINT_LIMIT,SORT_KEY,NOTE,DISUSE_FLAG,LAST_UPDATE_TIMESTAMP,LAST_UPDATE_USER) VALUES(110105,1102,'ラベル付与','Labeling','labeling',50,1,0,NULL,NULL,NULL,NULL,NULL,'0',_____DATE_____,1);
INSERT INTO T_COMN_MENU_JNL (JOURNAL_SEQ_NO,JOURNAL_REG_DATETIME,JOURNAL_ACTION_CLASS,MENU_ID,MENU_GROUP_ID,MENU_NAME_JA,MENU_NAME_EN,MENU_NAME_REST,DISP_SEQ,AUTOFILTER_FLG,INITIAL_FILTER_FLG,WEB_PRINT_LIMIT,WEB_PRINT_CONFIRM,XLS_PRINT_LIMIT,SORT_KEY,NOTE,DISUSE_FLAG,LAST_UPDATE_TIMESTAMP,LAST_UPDATE_USER) VALUES(110105,_____DATE_____,'INSERT',110105,1102,'ラベル付与','Labeling','labeling',50,1,0,NULL,NULL,NULL,NULL,NULL,'0',_____DATE_____,1);
INSERT INTO T_COMN_MENU (MENU_ID,MENU_GROUP_ID,MENU_NAME_JA,MENU_NAME_EN,MENU_NAME_REST,DISP_SEQ,AUTOFILTER_FLG,INITIAL_FILTER_FLG,WEB_PRINT_LIMIT,WEB_PRINT_CONFIRM,XLS_PRINT_LIMIT,SORT_KEY,NOTE,DISUSE_FLAG,LAST_UPDATE_TIMESTAMP,LAST_UPDATE_USER) VALUES(110106,1102,'フィルター','Filter','filter',60,1,0,NULL,NULL,NULL,'[{"ASC":"column_group_name_ja"}]',NULL,'0',_____DATE_____,1);
INSERT INTO T_COMN_MENU_JNL (JOURNAL_SEQ_NO,JOURNAL_REG_DATETIME,JOURNAL_ACTION_CLASS,MENU_ID,MENU_GROUP_ID,MENU_NAME_JA,MENU_NAME_EN,MENU_NAME_REST,DISP_SEQ,AUTOFILTER_FLG,INITIAL_FILTER_FLG,WEB_PRINT_LIMIT,WEB_PRINT_CONFIRM,XLS_PRINT_LIMIT,SORT_KEY,NOTE,DISUSE_FLAG,LAST_UPDATE_TIMESTAMP,LAST_UPDATE_USER) VALUES(110106,_____DATE_____,'INSERT',110106,1102,'フィルター','Filter','filter',60,1,0,NULL,NULL,NULL,'[{"ASC":"column_group_name_ja"}]',NULL,'0',_____DATE_____,1);
INSERT INTO T_COMN_MENU (MENU_ID,MENU_GROUP_ID,MENU_NAME_JA,MENU_NAME_EN,MENU_NAME_REST,DISP_SEQ,AUTOFILTER_FLG,INITIAL_FILTER_FLG,WEB_PRINT_LIMIT,WEB_PRINT_CONFIRM,XLS_PRINT_LIMIT,SORT_KEY,NOTE,DISUSE_FLAG,LAST_UPDATE_TIMESTAMP,LAST_UPDATE_USER) VALUES(110107,1102,'アクション','Action','action',70,1,0,NULL,NULL,NULL,'[{"ASC":"action_name"}]',NULL,'0',_____DATE_____,1);
INSERT INTO T_COMN_MENU_JNL (JOURNAL_SEQ_NO,JOURNAL_REG_DATETIME,JOURNAL_ACTION_CLASS,MENU_ID,MENU_GROUP_ID,MENU_NAME_JA,MENU_NAME_EN,MENU_NAME_REST,DISP_SEQ,AUTOFILTER_FLG,INITIAL_FILTER_FLG,WEB_PRINT_LIMIT,WEB_PRINT_CONFIRM,XLS_PRINT_LIMIT,SORT_KEY,NOTE,DISUSE_FLAG,LAST_UPDATE_TIMESTAMP,LAST_UPDATE_USER) VALUES(110107,_____DATE_____,'INSERT',110107,1102,'アクション','Action','action',70,1,0,NULL,NULL,NULL,'[{"ASC":"action_name"}]',NULL,'0',_____DATE_____,1);
INSERT INTO T_COMN_MENU (MENU_ID,MENU_GROUP_ID,MENU_NAME_JA,MENU_NAME_EN,MENU_NAME_REST,DISP_SEQ,AUTOFILTER_FLG,INITIAL_FILTER_FLG,WEB_PRINT_LIMIT,WEB_PRINT_CONFIRM,XLS_PRINT_LIMIT,SORT_KEY,NOTE,DISUSE_FLAG,LAST_UPDATE_TIMESTAMP,LAST_UPDATE_USER) VALUES(110108,1102,'ルール','Rule','rule',80,1,0,NULL,NULL,NULL,'[{"ASC":"column_group_name_ja"}]',NULL,'0',_____DATE_____,1);
INSERT INTO T_COMN_MENU_JNL (JOURNAL_SEQ_NO,JOURNAL_REG_DATETIME,JOURNAL_ACTION_CLASS,MENU_ID,MENU_GROUP_ID,MENU_NAME_JA,MENU_NAME_EN,MENU_NAME_REST,DISP_SEQ,AUTOFILTER_FLG,INITIAL_FILTER_FLG,WEB_PRINT_LIMIT,WEB_PRINT_CONFIRM,XLS_PRINT_LIMIT,SORT_KEY,NOTE,DISUSE_FLAG,LAST_UPDATE_TIMESTAMP,LAST_UPDATE_USER) VALUES(110108,_____DATE_____,'INSERT',110108,1102,'ルール','Rule','rule',80,1,0,NULL,NULL,NULL,'[{"ASC":"column_group_name_ja"}]',NULL,'0',_____DATE_____,1);
INSERT INTO T_COMN_MENU (MENU_ID,MENU_GROUP_ID,MENU_NAME_JA,MENU_NAME_EN,MENU_NAME_REST,DISP_SEQ,AUTOFILTER_FLG,INITIAL_FILTER_FLG,WEB_PRINT_LIMIT,WEB_PRINT_CONFIRM,XLS_PRINT_LIMIT,SORT_KEY,NOTE,DISUSE_FLAG,LAST_UPDATE_TIMESTAMP,LAST_UPDATE_USER) VALUES(110109,1102,'評価結果','Evaluation Results','evaluation_results',90,1,0,NULL,NULL,NULL,'[{"DESC":"register_time"}]',NULL,'0',_____DATE_____,1);
INSERT INTO T_COMN_MENU_JNL (JOURNAL_SEQ_NO,JOURNAL_REG_DATETIME,JOURNAL_ACTION_CLASS,MENU_ID,MENU_GROUP_ID,MENU_NAME_JA,MENU_NAME_EN,MENU_NAME_REST,DISP_SEQ,AUTOFILTER_FLG,INITIAL_FILTER_FLG,WEB_PRINT_LIMIT,WEB_PRINT_CONFIRM,XLS_PRINT_LIMIT,SORT_KEY,NOTE,DISUSE_FLAG,LAST_UPDATE_TIMESTAMP,LAST_UPDATE_USER) VALUES(110109,_____DATE_____,'INSERT',110109,1102,'評価結果','Evaluation Results','evaluation_results',90,1,0,NULL,NULL,NULL,'[{"DESC":"register_time"}]',NULL,'0',_____DATE_____,1);

INSERT INTO T_COMN_ROLE_MENU_LINK (LINK_ID,MENU_ID,ROLE_ID,PRIVILEGE,NOTE,DISUSE_FLAG,LAST_UPDATE_TIMESTAMP,LAST_UPDATE_USER) VALUES('110101','110101','__ROLE_ID__','1',NULL,'0',_____DATE_____,1);
INSERT INTO T_COMN_ROLE_MENU_LINK_JNL (JOURNAL_SEQ_NO,JOURNAL_REG_DATETIME,JOURNAL_ACTION_CLASS,LINK_ID,MENU_ID,ROLE_ID,PRIVILEGE,NOTE,DISUSE_FLAG,LAST_UPDATE_TIMESTAMP,LAST_UPDATE_USER) VALUES(110101,_____DATE_____,'INSERT','110101','110101','__ROLE_ID__','1',NULL,'0',_____DATE_____,1);
INSERT INTO T_COMN_ROLE_MENU_LINK (LINK_ID,MENU_ID,ROLE_ID,PRIVILEGE,NOTE,DISUSE_FLAG,LAST_UPDATE_TIMESTAMP,LAST_UPDATE_USER) VALUES('110102','110102','__ROLE_ID__','1',NULL,'0',_____DATE_____,1);
INSERT INTO T_COMN_ROLE_MENU_LINK_JNL (JOURNAL_SEQ_NO,JOURNAL_REG_DATETIME,JOURNAL_ACTION_CLASS,LINK_ID,MENU_ID,ROLE_ID,PRIVILEGE,NOTE,DISUSE_FLAG,LAST_UPDATE_TIMESTAMP,LAST_UPDATE_USER) VALUES(110102,_____DATE_____,'INSERT','110102','110102','__ROLE_ID__','1',NULL,'0',_____DATE_____,1);
INSERT INTO T_COMN_ROLE_MENU_LINK (LINK_ID,MENU_ID,ROLE_ID,PRIVILEGE,NOTE,DISUSE_FLAG,LAST_UPDATE_TIMESTAMP,LAST_UPDATE_USER) VALUES('110103','110103','__ROLE_ID__','2',NULL,'0',_____DATE_____,1);
INSERT INTO T_COMN_ROLE_MENU_LINK_JNL (JOURNAL_SEQ_NO,JOURNAL_REG_DATETIME,JOURNAL_ACTION_CLASS,LINK_ID,MENU_ID,ROLE_ID,PRIVILEGE,NOTE,DISUSE_FLAG,LAST_UPDATE_TIMESTAMP,LAST_UPDATE_USER) VALUES(110103,_____DATE_____,'INSERT','110103','110103','__ROLE_ID__','2',NULL,'0',_____DATE_____,1);
INSERT INTO T_COMN_ROLE_MENU_LINK (LINK_ID,MENU_ID,ROLE_ID,PRIVILEGE,NOTE,DISUSE_FLAG,LAST_UPDATE_TIMESTAMP,LAST_UPDATE_USER) VALUES('110104','110104','__ROLE_ID__','1',NULL,'0',_____DATE_____,1);
INSERT INTO T_COMN_ROLE_MENU_LINK_JNL (JOURNAL_SEQ_NO,JOURNAL_REG_DATETIME,JOURNAL_ACTION_CLASS,LINK_ID,MENU_ID,ROLE_ID,PRIVILEGE,NOTE,DISUSE_FLAG,LAST_UPDATE_TIMESTAMP,LAST_UPDATE_USER) VALUES(110104,_____DATE_____,'INSERT','110104','110104','__ROLE_ID__','1',NULL,'0',_____DATE_____,1);
INSERT INTO T_COMN_ROLE_MENU_LINK (LINK_ID,MENU_ID,ROLE_ID,PRIVILEGE,NOTE,DISUSE_FLAG,LAST_UPDATE_TIMESTAMP,LAST_UPDATE_USER) VALUES('110105','110105','__ROLE_ID__','1',NULL,'0',_____DATE_____,1);
INSERT INTO T_COMN_ROLE_MENU_LINK_JNL (JOURNAL_SEQ_NO,JOURNAL_REG_DATETIME,JOURNAL_ACTION_CLASS,LINK_ID,MENU_ID,ROLE_ID,PRIVILEGE,NOTE,DISUSE_FLAG,LAST_UPDATE_TIMESTAMP,LAST_UPDATE_USER) VALUES(110105,_____DATE_____,'INSERT','110105','110105','__ROLE_ID__','1',NULL,'0',_____DATE_____,1);
INSERT INTO T_COMN_ROLE_MENU_LINK (LINK_ID,MENU_ID,ROLE_ID,PRIVILEGE,NOTE,DISUSE_FLAG,LAST_UPDATE_TIMESTAMP,LAST_UPDATE_USER) VALUES('110106','110106','__ROLE_ID__','1',NULL,'0',_____DATE_____,1);
INSERT INTO T_COMN_ROLE_MENU_LINK_JNL (JOURNAL_SEQ_NO,JOURNAL_REG_DATETIME,JOURNAL_ACTION_CLASS,LINK_ID,MENU_ID,ROLE_ID,PRIVILEGE,NOTE,DISUSE_FLAG,LAST_UPDATE_TIMESTAMP,LAST_UPDATE_USER) VALUES(110106,_____DATE_____,'INSERT','110106','110106','__ROLE_ID__','1',NULL,'0',_____DATE_____,1);
INSERT INTO T_COMN_ROLE_MENU_LINK (LINK_ID,MENU_ID,ROLE_ID,PRIVILEGE,NOTE,DISUSE_FLAG,LAST_UPDATE_TIMESTAMP,LAST_UPDATE_USER) VALUES('110107','110107','__ROLE_ID__','1',NULL,'0',_____DATE_____,1);
INSERT INTO T_COMN_ROLE_MENU_LINK_JNL (JOURNAL_SEQ_NO,JOURNAL_REG_DATETIME,JOURNAL_ACTION_CLASS,LINK_ID,MENU_ID,ROLE_ID,PRIVILEGE,NOTE,DISUSE_FLAG,LAST_UPDATE_TIMESTAMP,LAST_UPDATE_USER) VALUES(110107,_____DATE_____,'INSERT','110107','110107','__ROLE_ID__','1',NULL,'0',_____DATE_____,1);
INSERT INTO T_COMN_ROLE_MENU_LINK (LINK_ID,MENU_ID,ROLE_ID,PRIVILEGE,NOTE,DISUSE_FLAG,LAST_UPDATE_TIMESTAMP,LAST_UPDATE_USER) VALUES('110108','110108','__ROLE_ID__','1',NULL,'0',_____DATE_____,1);
INSERT INTO T_COMN_ROLE_MENU_LINK_JNL (JOURNAL_SEQ_NO,JOURNAL_REG_DATETIME,JOURNAL_ACTION_CLASS,LINK_ID,MENU_ID,ROLE_ID,PRIVILEGE,NOTE,DISUSE_FLAG,LAST_UPDATE_TIMESTAMP,LAST_UPDATE_USER) VALUES(110108,_____DATE_____,'INSERT','110108','110108','__ROLE_ID__','1',NULL,'0',_____DATE_____,1);
INSERT INTO T_COMN_ROLE_MENU_LINK (LINK_ID,MENU_ID,ROLE_ID,PRIVILEGE,NOTE,DISUSE_FLAG,LAST_UPDATE_TIMESTAMP,LAST_UPDATE_USER) VALUES('110109','110109','__ROLE_ID__','2',NULL,'0',_____DATE_____,1);
INSERT INTO T_COMN_ROLE_MENU_LINK_JNL (JOURNAL_SEQ_NO,JOURNAL_REG_DATETIME,JOURNAL_ACTION_CLASS,LINK_ID,MENU_ID,ROLE_ID,PRIVILEGE,NOTE,DISUSE_FLAG,LAST_UPDATE_TIMESTAMP,LAST_UPDATE_USER) VALUES(110109,_____DATE_____,'INSERT','110109','110109','__ROLE_ID__','2',NULL,'0',_____DATE_____,1);

INSERT INTO T_COMN_MENU_TABLE_LINK (TABLE_DEFINITION_ID,MENU_ID,TABLE_NAME,VIEW_NAME,PK_COLUMN_NAME_REST,MENU_INFO_JA,MENU_INFO_EN,SHEET_TYPE,HISTORY_TABLE_FLAG,INHERIT,VERTICAL,HOSTGROUP,ROW_INSERT_FLAG,ROW_UPDATE_FLAG,ROW_DISUSE_FLAG,ROW_REUSE_FLAG,SUBSTITUTION_VALUE_LINK_FLAG,LOCK_TABLE,UNIQUE_CONSTRAINT,BEFORE_VALIDATE_REGISTER,AFTER_VALIDATE_REGISTER,NOTE,DISUSE_FLAG,LAST_UPDATE_TIMESTAMP,LAST_UPDATE_USER) VALUES('110101','110101','T_OASE_EVENT_COLLECTION_SETTINGS',NULL,'event_collection_settings_id',NULL,NULL,'0','1','0','0','0','1','1','1','1','0',NULL,NULL,'agent_setting_valid',NULL,NULL,'0',_____DATE_____,1);
INSERT INTO T_COMN_MENU_TABLE_LINK_JNL (JOURNAL_SEQ_NO,JOURNAL_REG_DATETIME,JOURNAL_ACTION_CLASS,TABLE_DEFINITION_ID,MENU_ID,TABLE_NAME,VIEW_NAME,PK_COLUMN_NAME_REST,MENU_INFO_JA,MENU_INFO_EN,SHEET_TYPE,HISTORY_TABLE_FLAG,INHERIT,VERTICAL,HOSTGROUP,ROW_INSERT_FLAG,ROW_UPDATE_FLAG,ROW_DISUSE_FLAG,ROW_REUSE_FLAG,SUBSTITUTION_VALUE_LINK_FLAG,LOCK_TABLE,UNIQUE_CONSTRAINT,BEFORE_VALIDATE_REGISTER,AFTER_VALIDATE_REGISTER,NOTE,DISUSE_FLAG,LAST_UPDATE_TIMESTAMP,LAST_UPDATE_USER) VALUES(110101,_____DATE_____,'INSERT','110101','110101','T_OASE_EVENT_COLLECTION_SETTINGS',NULL,'event_collection_settings_id',NULL,NULL,'0','1','0','0','0','1','1','1','1','0',NULL,NULL,'agent_setting_valid',NULL,NULL,'0',_____DATE_____,1);
INSERT INTO T_COMN_MENU_TABLE_LINK (TABLE_DEFINITION_ID,MENU_ID,TABLE_NAME,VIEW_NAME,PK_COLUMN_NAME_REST,MENU_INFO_JA,MENU_INFO_EN,SHEET_TYPE,HISTORY_TABLE_FLAG,INHERIT,VERTICAL,HOSTGROUP,ROW_INSERT_FLAG,ROW_UPDATE_FLAG,ROW_DISUSE_FLAG,ROW_REUSE_FLAG,SUBSTITUTION_VALUE_LINK_FLAG,LOCK_TABLE,UNIQUE_CONSTRAINT,BEFORE_VALIDATE_REGISTER,AFTER_VALIDATE_REGISTER,NOTE,DISUSE_FLAG,LAST_UPDATE_TIMESTAMP,LAST_UPDATE_USER) VALUES('110102','110102','T_OASE_NOTIFICATION_TEMPLATE_COMMON',NULL,'notification_template_id','OASEの通知で使用するテンプレートをメンテナンス（閲覧/更新）できます。','You can maintain (view/update) the templates used in notifications for the OASE.','0','1','0','0','0','0','1','0','0','0',NULL,NULL,NULL,NULL,NULL,'0',_____DATE_____,1);
INSERT INTO T_COMN_MENU_TABLE_LINK_JNL (JOURNAL_SEQ_NO,JOURNAL_REG_DATETIME,JOURNAL_ACTION_CLASS,TABLE_DEFINITION_ID,MENU_ID,TABLE_NAME,VIEW_NAME,PK_COLUMN_NAME_REST,MENU_INFO_JA,MENU_INFO_EN,SHEET_TYPE,HISTORY_TABLE_FLAG,INHERIT,VERTICAL,HOSTGROUP,ROW_INSERT_FLAG,ROW_UPDATE_FLAG,ROW_DISUSE_FLAG,ROW_REUSE_FLAG,SUBSTITUTION_VALUE_LINK_FLAG,LOCK_TABLE,UNIQUE_CONSTRAINT,BEFORE_VALIDATE_REGISTER,AFTER_VALIDATE_REGISTER,NOTE,DISUSE_FLAG,LAST_UPDATE_TIMESTAMP,LAST_UPDATE_USER) VALUES(110102,_____DATE_____,'INSERT','110102','110102','T_OASE_NOTIFICATION_TEMPLATE_COMMON',NULL,'notification_template_id','OASEの通知で使用するテンプレートをメンテナンス（閲覧/更新）できます。','You can maintain (view/update) the templates used in notifications for the OASE.','0','1','0','0','0','0','1','0','0','0',NULL,NULL,NULL,NULL,NULL,'0',_____DATE_____,1);
INSERT INTO T_COMN_MENU_TABLE_LINK (TABLE_DEFINITION_ID,MENU_ID,TABLE_NAME,VIEW_NAME,PK_COLUMN_NAME_REST,MENU_INFO_JA,MENU_INFO_EN,SHEET_TYPE,HISTORY_TABLE_FLAG,INHERIT,VERTICAL,HOSTGROUP,ROW_INSERT_FLAG,ROW_UPDATE_FLAG,ROW_DISUSE_FLAG,ROW_REUSE_FLAG,SUBSTITUTION_VALUE_LINK_FLAG,LOCK_TABLE,UNIQUE_CONSTRAINT,BEFORE_VALIDATE_REGISTER,AFTER_VALIDATE_REGISTER,NOTE,DISUSE_FLAG,LAST_UPDATE_TIMESTAMP,LAST_UPDATE_USER) VALUES('110103','110103','T_OASE_EVENT_HISTORY',NULL,'_id',NULL,NULL,'26','0','0','0','0','0','0','0','0','0',NULL,NULL,NULL,NULL,NULL,'0',_____DATE_____,1);
INSERT INTO T_COMN_MENU_TABLE_LINK_JNL (JOURNAL_SEQ_NO,JOURNAL_REG_DATETIME,JOURNAL_ACTION_CLASS,TABLE_DEFINITION_ID,MENU_ID,TABLE_NAME,VIEW_NAME,PK_COLUMN_NAME_REST,MENU_INFO_JA,MENU_INFO_EN,SHEET_TYPE,HISTORY_TABLE_FLAG,INHERIT,VERTICAL,HOSTGROUP,ROW_INSERT_FLAG,ROW_UPDATE_FLAG,ROW_DISUSE_FLAG,ROW_REUSE_FLAG,SUBSTITUTION_VALUE_LINK_FLAG,LOCK_TABLE,UNIQUE_CONSTRAINT,BEFORE_VALIDATE_REGISTER,AFTER_VALIDATE_REGISTER,NOTE,DISUSE_FLAG,LAST_UPDATE_TIMESTAMP,LAST_UPDATE_USER) VALUES(110103,_____DATE_____,'INSERT','110103','110103','T_OASE_EVENT_HISTORY',NULL,'_id',NULL,NULL,'26','0','0','0','0','0','0','0','0','0',NULL,NULL,NULL,NULL,NULL,'0',_____DATE_____,1);
INSERT INTO T_COMN_MENU_TABLE_LINK (TABLE_DEFINITION_ID,MENU_ID,TABLE_NAME,VIEW_NAME,PK_COLUMN_NAME_REST,MENU_INFO_JA,MENU_INFO_EN,SHEET_TYPE,HISTORY_TABLE_FLAG,INHERIT,VERTICAL,HOSTGROUP,ROW_INSERT_FLAG,ROW_UPDATE_FLAG,ROW_DISUSE_FLAG,ROW_REUSE_FLAG,SUBSTITUTION_VALUE_LINK_FLAG,LOCK_TABLE,UNIQUE_CONSTRAINT,BEFORE_VALIDATE_REGISTER,AFTER_VALIDATE_REGISTER,NOTE,DISUSE_FLAG,LAST_UPDATE_TIMESTAMP,LAST_UPDATE_USER) VALUES('110104','110104','T_OASE_LABEL_KEY_INPUT',NULL,'label_key_id',NULL,NULL,'0','1','0','0','0','1','1','1','1','0',NULL,NULL,NULL,NULL,NULL,'0',_____DATE_____,1);
INSERT INTO T_COMN_MENU_TABLE_LINK_JNL (JOURNAL_SEQ_NO,JOURNAL_REG_DATETIME,JOURNAL_ACTION_CLASS,TABLE_DEFINITION_ID,MENU_ID,TABLE_NAME,VIEW_NAME,PK_COLUMN_NAME_REST,MENU_INFO_JA,MENU_INFO_EN,SHEET_TYPE,HISTORY_TABLE_FLAG,INHERIT,VERTICAL,HOSTGROUP,ROW_INSERT_FLAG,ROW_UPDATE_FLAG,ROW_DISUSE_FLAG,ROW_REUSE_FLAG,SUBSTITUTION_VALUE_LINK_FLAG,LOCK_TABLE,UNIQUE_CONSTRAINT,BEFORE_VALIDATE_REGISTER,AFTER_VALIDATE_REGISTER,NOTE,DISUSE_FLAG,LAST_UPDATE_TIMESTAMP,LAST_UPDATE_USER) VALUES(110104,_____DATE_____,'INSERT','110104','110104','T_OASE_LABEL_KEY_INPUT',NULL,'label_key_id',NULL,NULL,'0','1','0','0','0','1','1','1','1','0',NULL,NULL,NULL,NULL,NULL,'0',_____DATE_____,1);
INSERT INTO T_COMN_MENU_TABLE_LINK (TABLE_DEFINITION_ID,MENU_ID,TABLE_NAME,VIEW_NAME,PK_COLUMN_NAME_REST,MENU_INFO_JA,MENU_INFO_EN,SHEET_TYPE,HISTORY_TABLE_FLAG,INHERIT,VERTICAL,HOSTGROUP,ROW_INSERT_FLAG,ROW_UPDATE_FLAG,ROW_DISUSE_FLAG,ROW_REUSE_FLAG,SUBSTITUTION_VALUE_LINK_FLAG,LOCK_TABLE,UNIQUE_CONSTRAINT,BEFORE_VALIDATE_REGISTER,AFTER_VALIDATE_REGISTER,NOTE,DISUSE_FLAG,LAST_UPDATE_TIMESTAMP,LAST_UPDATE_USER) VALUES('110105','110105','T_OASE_LABELING_SETTINGS',NULL,'labeling_settings_id',NULL,NULL,'0','1','0','0','0','1','1','1','1','0',NULL,NULL,'labeling_setting_valid',NULL,NULL,'0',_____DATE_____,1);
INSERT INTO T_COMN_MENU_TABLE_LINK_JNL (JOURNAL_SEQ_NO,JOURNAL_REG_DATETIME,JOURNAL_ACTION_CLASS,TABLE_DEFINITION_ID,MENU_ID,TABLE_NAME,VIEW_NAME,PK_COLUMN_NAME_REST,MENU_INFO_JA,MENU_INFO_EN,SHEET_TYPE,HISTORY_TABLE_FLAG,INHERIT,VERTICAL,HOSTGROUP,ROW_INSERT_FLAG,ROW_UPDATE_FLAG,ROW_DISUSE_FLAG,ROW_REUSE_FLAG,SUBSTITUTION_VALUE_LINK_FLAG,LOCK_TABLE,UNIQUE_CONSTRAINT,BEFORE_VALIDATE_REGISTER,AFTER_VALIDATE_REGISTER,NOTE,DISUSE_FLAG,LAST_UPDATE_TIMESTAMP,LAST_UPDATE_USER) VALUES(110105,_____DATE_____,'INSERT','110105','110105','T_OASE_LABELING_SETTINGS',NULL,'labeling_settings_id',NULL,NULL,'0','1','0','0','0','1','1','1','1','0',NULL,NULL,'labeling_setting_valid',NULL,NULL,'0',_____DATE_____,1);
INSERT INTO T_COMN_MENU_TABLE_LINK (TABLE_DEFINITION_ID,MENU_ID,TABLE_NAME,VIEW_NAME,PK_COLUMN_NAME_REST,MENU_INFO_JA,MENU_INFO_EN,SHEET_TYPE,HISTORY_TABLE_FLAG,INHERIT,VERTICAL,HOSTGROUP,ROW_INSERT_FLAG,ROW_UPDATE_FLAG,ROW_DISUSE_FLAG,ROW_REUSE_FLAG,SUBSTITUTION_VALUE_LINK_FLAG,LOCK_TABLE,UNIQUE_CONSTRAINT,BEFORE_VALIDATE_REGISTER,AFTER_VALIDATE_REGISTER,NOTE,DISUSE_FLAG,LAST_UPDATE_TIMESTAMP,LAST_UPDATE_USER) VALUES('110106','110106','T_OASE_FILTER',NULL,'filter_id',NULL,NULL,'0','1','0','0','0','1','1','1','1','0',NULL,NULL,NULL,NULL,NULL,'0',_____DATE_____,1);
INSERT INTO T_COMN_MENU_TABLE_LINK_JNL (JOURNAL_SEQ_NO,JOURNAL_REG_DATETIME,JOURNAL_ACTION_CLASS,TABLE_DEFINITION_ID,MENU_ID,TABLE_NAME,VIEW_NAME,PK_COLUMN_NAME_REST,MENU_INFO_JA,MENU_INFO_EN,SHEET_TYPE,HISTORY_TABLE_FLAG,INHERIT,VERTICAL,HOSTGROUP,ROW_INSERT_FLAG,ROW_UPDATE_FLAG,ROW_DISUSE_FLAG,ROW_REUSE_FLAG,SUBSTITUTION_VALUE_LINK_FLAG,LOCK_TABLE,UNIQUE_CONSTRAINT,BEFORE_VALIDATE_REGISTER,AFTER_VALIDATE_REGISTER,NOTE,DISUSE_FLAG,LAST_UPDATE_TIMESTAMP,LAST_UPDATE_USER) VALUES(110106,_____DATE_____,'INSERT','110106','110106','T_OASE_FILTER',NULL,'filter_id',NULL,NULL,'0','1','0','0','0','1','1','1','1','0',NULL,NULL,NULL,NULL,NULL,'0',_____DATE_____,1);
INSERT INTO T_COMN_MENU_TABLE_LINK (TABLE_DEFINITION_ID,MENU_ID,TABLE_NAME,VIEW_NAME,PK_COLUMN_NAME_REST,MENU_INFO_JA,MENU_INFO_EN,SHEET_TYPE,HISTORY_TABLE_FLAG,INHERIT,VERTICAL,HOSTGROUP,ROW_INSERT_FLAG,ROW_UPDATE_FLAG,ROW_DISUSE_FLAG,ROW_REUSE_FLAG,SUBSTITUTION_VALUE_LINK_FLAG,LOCK_TABLE,UNIQUE_CONSTRAINT,BEFORE_VALIDATE_REGISTER,AFTER_VALIDATE_REGISTER,NOTE,DISUSE_FLAG,LAST_UPDATE_TIMESTAMP,LAST_UPDATE_USER) VALUES('110107','110107','T_OASE_ACTION',NULL,'action_id','OASEのルール判定にて条件を満たした際に実行するオペレーションとConductorの組み合わせをメンテナンス（閲覧/登録/更新/廃止）できます。','You can maintain (view/register/update/discard) the combination of operations and Conductor that are executed when the condition is met in the rule determination of the OASE.','0','1','0','0','0','1','1','1','1','0',NULL,NULL,NULL,NULL,NULL,'0',_____DATE_____,1);
INSERT INTO T_COMN_MENU_TABLE_LINK_JNL (JOURNAL_SEQ_NO,JOURNAL_REG_DATETIME,JOURNAL_ACTION_CLASS,TABLE_DEFINITION_ID,MENU_ID,TABLE_NAME,VIEW_NAME,PK_COLUMN_NAME_REST,MENU_INFO_JA,MENU_INFO_EN,SHEET_TYPE,HISTORY_TABLE_FLAG,INHERIT,VERTICAL,HOSTGROUP,ROW_INSERT_FLAG,ROW_UPDATE_FLAG,ROW_DISUSE_FLAG,ROW_REUSE_FLAG,SUBSTITUTION_VALUE_LINK_FLAG,LOCK_TABLE,UNIQUE_CONSTRAINT,BEFORE_VALIDATE_REGISTER,AFTER_VALIDATE_REGISTER,NOTE,DISUSE_FLAG,LAST_UPDATE_TIMESTAMP,LAST_UPDATE_USER) VALUES(110107,_____DATE_____,'INSERT','110107','110107','T_OASE_ACTION',NULL,'action_id','OASEのルール判定にて条件を満たした際に実行するオペレーションとConductorの組み合わせをメンテナンス（閲覧/登録/更新/廃止）できます。','You can maintain (view/register/update/discard) the combination of operations and Conductor that are executed when the condition is met in the rule determination of the OASE.','0','1','0','0','0','1','1','1','1','0',NULL,NULL,NULL,NULL,NULL,'0',_____DATE_____,1);
INSERT INTO T_COMN_MENU_TABLE_LINK (TABLE_DEFINITION_ID,MENU_ID,TABLE_NAME,VIEW_NAME,PK_COLUMN_NAME_REST,MENU_INFO_JA,MENU_INFO_EN,SHEET_TYPE,HISTORY_TABLE_FLAG,INHERIT,VERTICAL,HOSTGROUP,ROW_INSERT_FLAG,ROW_UPDATE_FLAG,ROW_DISUSE_FLAG,ROW_REUSE_FLAG,SUBSTITUTION_VALUE_LINK_FLAG,LOCK_TABLE,UNIQUE_CONSTRAINT,BEFORE_VALIDATE_REGISTER,AFTER_VALIDATE_REGISTER,NOTE,DISUSE_FLAG,LAST_UPDATE_TIMESTAMP,LAST_UPDATE_USER) VALUES('110108','110108','T_OASE_RULE',NULL,'rule_id',NULL,NULL,'0','1','0','0','0','1','1','1','1','0',NULL,NULL,NULL,NULL,NULL,'0',_____DATE_____,1);
INSERT INTO T_COMN_MENU_TABLE_LINK_JNL (JOURNAL_SEQ_NO,JOURNAL_REG_DATETIME,JOURNAL_ACTION_CLASS,TABLE_DEFINITION_ID,MENU_ID,TABLE_NAME,VIEW_NAME,PK_COLUMN_NAME_REST,MENU_INFO_JA,MENU_INFO_EN,SHEET_TYPE,HISTORY_TABLE_FLAG,INHERIT,VERTICAL,HOSTGROUP,ROW_INSERT_FLAG,ROW_UPDATE_FLAG,ROW_DISUSE_FLAG,ROW_REUSE_FLAG,SUBSTITUTION_VALUE_LINK_FLAG,LOCK_TABLE,UNIQUE_CONSTRAINT,BEFORE_VALIDATE_REGISTER,AFTER_VALIDATE_REGISTER,NOTE,DISUSE_FLAG,LAST_UPDATE_TIMESTAMP,LAST_UPDATE_USER) VALUES(110108,_____DATE_____,'INSERT','110108','110108','T_OASE_RULE',NULL,'rule_id',NULL,NULL,'0','1','0','0','0','1','1','1','1','0',NULL,NULL,NULL,NULL,NULL,'0',_____DATE_____,1);
INSERT INTO T_COMN_MENU_TABLE_LINK (TABLE_DEFINITION_ID,MENU_ID,TABLE_NAME,VIEW_NAME,PK_COLUMN_NAME_REST,MENU_INFO_JA,MENU_INFO_EN,SHEET_TYPE,HISTORY_TABLE_FLAG,INHERIT,VERTICAL,HOSTGROUP,ROW_INSERT_FLAG,ROW_UPDATE_FLAG,ROW_DISUSE_FLAG,ROW_REUSE_FLAG,SUBSTITUTION_VALUE_LINK_FLAG,LOCK_TABLE,UNIQUE_CONSTRAINT,BEFORE_VALIDATE_REGISTER,AFTER_VALIDATE_REGISTER,NOTE,DISUSE_FLAG,LAST_UPDATE_TIMESTAMP,LAST_UPDATE_USER) VALUES('110109','110109','T_OASE_ACTION_LOG',NULL,'action_log_id','アクション履歴を閲覧できます。
「詳細」を押下するとConductor作業確認メニューに遷移します。','You can view the action log.
Click Details to move to the Conductor confirmation menu.','0','1','0','0','0','0','0','0','0','0',NULL,NULL,NULL,NULL,NULL,'0',_____DATE_____,1);
INSERT INTO T_COMN_MENU_TABLE_LINK_JNL (JOURNAL_SEQ_NO,JOURNAL_REG_DATETIME,JOURNAL_ACTION_CLASS,TABLE_DEFINITION_ID,MENU_ID,TABLE_NAME,VIEW_NAME,PK_COLUMN_NAME_REST,MENU_INFO_JA,MENU_INFO_EN,SHEET_TYPE,HISTORY_TABLE_FLAG,INHERIT,VERTICAL,HOSTGROUP,ROW_INSERT_FLAG,ROW_UPDATE_FLAG,ROW_DISUSE_FLAG,ROW_REUSE_FLAG,SUBSTITUTION_VALUE_LINK_FLAG,LOCK_TABLE,UNIQUE_CONSTRAINT,BEFORE_VALIDATE_REGISTER,AFTER_VALIDATE_REGISTER,NOTE,DISUSE_FLAG,LAST_UPDATE_TIMESTAMP,LAST_UPDATE_USER) VALUES(110109,_____DATE_____,'INSERT','110109','110109','T_OASE_ACTION_LOG',NULL,'action_log_id','アクション履歴を閲覧できます。
「詳細」を押下するとConductor作業確認メニューに遷移します。','You can view the action log.
Click Details to move to the Conductor confirmation menu.','0','1','0','0','0','0','0','0','0','0',NULL,NULL,NULL,NULL,NULL,'0',_____DATE_____,1);

INSERT INTO T_COMN_MENU_COLUMN_LINK (COLUMN_DEFINITION_ID,MENU_ID,COLUMN_NAME_JA,COLUMN_NAME_EN,COLUMN_NAME_REST,COL_GROUP_ID,COLUMN_CLASS,COLUMN_DISP_SEQ,REF_TABLE_NAME,REF_PKEY_NAME,REF_COL_NAME,REF_SORT_CONDITIONS,REF_MULTI_LANG,REFERENCE_ITEM,SENSITIVE_COL_NAME,FILE_UPLOAD_PLACE,BUTTON_ACTION,COL_NAME,SAVE_TYPE,AUTO_INPUT,INPUT_ITEM,VIEW_ITEM,UNIQUE_ITEM,REQUIRED_ITEM,AUTOREG_HIDE_ITEM,AUTOREG_ONLY_ITEM,INITIAL_VALUE,VALIDATE_OPTION,VALIDATE_REG_EXP,BEFORE_VALIDATE_REGISTER,AFTER_VALIDATE_REGISTER,DESCRIPTION_JA,DESCRIPTION_EN,NOTE,DISUSE_FLAG,LAST_UPDATE_TIMESTAMP,LAST_UPDATE_USER) VALUES('11010101','110101','イベント収集ID','Event Collection Settings Id','event_collection_settings_id',NULL,'1',10,NULL,NULL,NULL,NULL,NULL,NULL,NULL,NULL,NULL,'EVENT_COLLECTION_SETTINGS_ID',NULL,'1','1','1','1','1','0','0',NULL,'{
"min_length": 0,
"max_length": 40
}',NULL,NULL,NULL,NULL,NULL,NULL,'0',_____DATE_____,1);
INSERT INTO T_COMN_MENU_COLUMN_LINK_JNL (JOURNAL_SEQ_NO,JOURNAL_REG_DATETIME,JOURNAL_ACTION_CLASS,COLUMN_DEFINITION_ID,MENU_ID,COLUMN_NAME_JA,COLUMN_NAME_EN,COLUMN_NAME_REST,COL_GROUP_ID,COLUMN_CLASS,COLUMN_DISP_SEQ,REF_TABLE_NAME,REF_PKEY_NAME,REF_COL_NAME,REF_SORT_CONDITIONS,REF_MULTI_LANG,REFERENCE_ITEM,SENSITIVE_COL_NAME,FILE_UPLOAD_PLACE,BUTTON_ACTION,COL_NAME,SAVE_TYPE,AUTO_INPUT,INPUT_ITEM,VIEW_ITEM,UNIQUE_ITEM,REQUIRED_ITEM,AUTOREG_HIDE_ITEM,AUTOREG_ONLY_ITEM,INITIAL_VALUE,VALIDATE_OPTION,VALIDATE_REG_EXP,BEFORE_VALIDATE_REGISTER,AFTER_VALIDATE_REGISTER,DESCRIPTION_JA,DESCRIPTION_EN,NOTE,DISUSE_FLAG,LAST_UPDATE_TIMESTAMP,LAST_UPDATE_USER) VALUES(11010101,_____DATE_____,'INSERT','11010101','110101','イベント収集ID','Event Collection Settings Id','event_collection_settings_id',NULL,'1',10,NULL,NULL,NULL,NULL,NULL,NULL,NULL,NULL,NULL,'EVENT_COLLECTION_SETTINGS_ID',NULL,'1','1','1','1','1','0','0',NULL,'{
"min_length": 0,
"max_length": 40
}',NULL,NULL,NULL,NULL,NULL,NULL,'0',_____DATE_____,1);
INSERT INTO T_COMN_MENU_COLUMN_LINK (COLUMN_DEFINITION_ID,MENU_ID,COLUMN_NAME_JA,COLUMN_NAME_EN,COLUMN_NAME_REST,COL_GROUP_ID,COLUMN_CLASS,COLUMN_DISP_SEQ,REF_TABLE_NAME,REF_PKEY_NAME,REF_COL_NAME,REF_SORT_CONDITIONS,REF_MULTI_LANG,REFERENCE_ITEM,SENSITIVE_COL_NAME,FILE_UPLOAD_PLACE,BUTTON_ACTION,COL_NAME,SAVE_TYPE,AUTO_INPUT,INPUT_ITEM,VIEW_ITEM,UNIQUE_ITEM,REQUIRED_ITEM,AUTOREG_HIDE_ITEM,AUTOREG_ONLY_ITEM,INITIAL_VALUE,VALIDATE_OPTION,VALIDATE_REG_EXP,BEFORE_VALIDATE_REGISTER,AFTER_VALIDATE_REGISTER,DESCRIPTION_JA,DESCRIPTION_EN,NOTE,DISUSE_FLAG,LAST_UPDATE_TIMESTAMP,LAST_UPDATE_USER) VALUES('11010102','110101','イベント収集名','Event Collection Name','event_collection_name',NULL,'1',20,NULL,NULL,NULL,NULL,NULL,NULL,NULL,NULL,NULL,'EVENT_COLLECTION_NAME',NULL,'0','1','1','1','1','0','0',NULL,'{
"min_length": 0,
"max_length": 255
}',NULL,NULL,NULL,NULL,NULL,NULL,'0',_____DATE_____,1);
INSERT INTO T_COMN_MENU_COLUMN_LINK_JNL (JOURNAL_SEQ_NO,JOURNAL_REG_DATETIME,JOURNAL_ACTION_CLASS,COLUMN_DEFINITION_ID,MENU_ID,COLUMN_NAME_JA,COLUMN_NAME_EN,COLUMN_NAME_REST,COL_GROUP_ID,COLUMN_CLASS,COLUMN_DISP_SEQ,REF_TABLE_NAME,REF_PKEY_NAME,REF_COL_NAME,REF_SORT_CONDITIONS,REF_MULTI_LANG,REFERENCE_ITEM,SENSITIVE_COL_NAME,FILE_UPLOAD_PLACE,BUTTON_ACTION,COL_NAME,SAVE_TYPE,AUTO_INPUT,INPUT_ITEM,VIEW_ITEM,UNIQUE_ITEM,REQUIRED_ITEM,AUTOREG_HIDE_ITEM,AUTOREG_ONLY_ITEM,INITIAL_VALUE,VALIDATE_OPTION,VALIDATE_REG_EXP,BEFORE_VALIDATE_REGISTER,AFTER_VALIDATE_REGISTER,DESCRIPTION_JA,DESCRIPTION_EN,NOTE,DISUSE_FLAG,LAST_UPDATE_TIMESTAMP,LAST_UPDATE_USER) VALUES(11010102,_____DATE_____,'INSERT','11010102','110101','イベント収集名','Event Collection Name','event_collection_name',NULL,'1',20,NULL,NULL,NULL,NULL,NULL,NULL,NULL,NULL,NULL,'EVENT_COLLECTION_NAME',NULL,'0','1','1','1','1','0','0',NULL,'{
"min_length": 0,
"max_length": 255
}',NULL,NULL,NULL,NULL,NULL,NULL,'0',_____DATE_____,1);
INSERT INTO T_COMN_MENU_COLUMN_LINK (COLUMN_DEFINITION_ID,MENU_ID,COLUMN_NAME_JA,COLUMN_NAME_EN,COLUMN_NAME_REST,COL_GROUP_ID,COLUMN_CLASS,COLUMN_DISP_SEQ,REF_TABLE_NAME,REF_PKEY_NAME,REF_COL_NAME,REF_SORT_CONDITIONS,REF_MULTI_LANG,REFERENCE_ITEM,SENSITIVE_COL_NAME,FILE_UPLOAD_PLACE,BUTTON_ACTION,COL_NAME,SAVE_TYPE,AUTO_INPUT,INPUT_ITEM,VIEW_ITEM,UNIQUE_ITEM,REQUIRED_ITEM,AUTOREG_HIDE_ITEM,AUTOREG_ONLY_ITEM,INITIAL_VALUE,VALIDATE_OPTION,VALIDATE_REG_EXP,BEFORE_VALIDATE_REGISTER,AFTER_VALIDATE_REGISTER,DESCRIPTION_JA,DESCRIPTION_EN,NOTE,DISUSE_FLAG,LAST_UPDATE_TIMESTAMP,LAST_UPDATE_USER) VALUES('11010103','110101','接続方式','Connection Method','connection_method',NULL,'7',30,'T_OASE_CONNECTION_METHOD','CONNECTION_METHOD_ID','CONNECTION_METHOD_NAME',NULL,'1',NULL,NULL,NULL,NULL,'CONNECTION_METHOD_ID',NULL,'0','1','1','0','1','0','0',NULL,'{
"min_length": 0,
"max_length": 2
}',NULL,NULL,NULL,NULL,NULL,NULL,'0',_____DATE_____,1);
INSERT INTO T_COMN_MENU_COLUMN_LINK_JNL (JOURNAL_SEQ_NO,JOURNAL_REG_DATETIME,JOURNAL_ACTION_CLASS,COLUMN_DEFINITION_ID,MENU_ID,COLUMN_NAME_JA,COLUMN_NAME_EN,COLUMN_NAME_REST,COL_GROUP_ID,COLUMN_CLASS,COLUMN_DISP_SEQ,REF_TABLE_NAME,REF_PKEY_NAME,REF_COL_NAME,REF_SORT_CONDITIONS,REF_MULTI_LANG,REFERENCE_ITEM,SENSITIVE_COL_NAME,FILE_UPLOAD_PLACE,BUTTON_ACTION,COL_NAME,SAVE_TYPE,AUTO_INPUT,INPUT_ITEM,VIEW_ITEM,UNIQUE_ITEM,REQUIRED_ITEM,AUTOREG_HIDE_ITEM,AUTOREG_ONLY_ITEM,INITIAL_VALUE,VALIDATE_OPTION,VALIDATE_REG_EXP,BEFORE_VALIDATE_REGISTER,AFTER_VALIDATE_REGISTER,DESCRIPTION_JA,DESCRIPTION_EN,NOTE,DISUSE_FLAG,LAST_UPDATE_TIMESTAMP,LAST_UPDATE_USER) VALUES(11010103,_____DATE_____,'INSERT','11010103','110101','接続方式','Connection Method','connection_method',NULL,'7',30,'T_OASE_CONNECTION_METHOD','CONNECTION_METHOD_ID','CONNECTION_METHOD_NAME',NULL,'1',NULL,NULL,NULL,NULL,'CONNECTION_METHOD_ID',NULL,'0','1','1','0','1','0','0',NULL,'{
"min_length": 0,
"max_length": 2
}',NULL,NULL,NULL,NULL,NULL,NULL,'0',_____DATE_____,1);
INSERT INTO T_COMN_MENU_COLUMN_LINK (COLUMN_DEFINITION_ID,MENU_ID,COLUMN_NAME_JA,COLUMN_NAME_EN,COLUMN_NAME_REST,COL_GROUP_ID,COLUMN_CLASS,COLUMN_DISP_SEQ,REF_TABLE_NAME,REF_PKEY_NAME,REF_COL_NAME,REF_SORT_CONDITIONS,REF_MULTI_LANG,REFERENCE_ITEM,SENSITIVE_COL_NAME,FILE_UPLOAD_PLACE,BUTTON_ACTION,COL_NAME,SAVE_TYPE,AUTO_INPUT,INPUT_ITEM,VIEW_ITEM,UNIQUE_ITEM,REQUIRED_ITEM,AUTOREG_HIDE_ITEM,AUTOREG_ONLY_ITEM,INITIAL_VALUE,VALIDATE_OPTION,VALIDATE_REG_EXP,BEFORE_VALIDATE_REGISTER,AFTER_VALIDATE_REGISTER,DESCRIPTION_JA,DESCRIPTION_EN,NOTE,DISUSE_FLAG,LAST_UPDATE_TIMESTAMP,LAST_UPDATE_USER) VALUES('11010104','110101','リクエストメソッド','Request Method','request_method',NULL,'7',40,'T_OASE_REQUEST_METHOD','REQUEST_METHOD_ID','REQUEST_METHOD',NULL,'0',NULL,NULL,NULL,NULL,'REQUEST_METHOD',NULL,'0','1','1','0','0','0','0',NULL,'{
"min_length": 0,
"max_length": 2
}',NULL,NULL,NULL,NULL,NULL,NULL,'0',_____DATE_____,1);
INSERT INTO T_COMN_MENU_COLUMN_LINK_JNL (JOURNAL_SEQ_NO,JOURNAL_REG_DATETIME,JOURNAL_ACTION_CLASS,COLUMN_DEFINITION_ID,MENU_ID,COLUMN_NAME_JA,COLUMN_NAME_EN,COLUMN_NAME_REST,COL_GROUP_ID,COLUMN_CLASS,COLUMN_DISP_SEQ,REF_TABLE_NAME,REF_PKEY_NAME,REF_COL_NAME,REF_SORT_CONDITIONS,REF_MULTI_LANG,REFERENCE_ITEM,SENSITIVE_COL_NAME,FILE_UPLOAD_PLACE,BUTTON_ACTION,COL_NAME,SAVE_TYPE,AUTO_INPUT,INPUT_ITEM,VIEW_ITEM,UNIQUE_ITEM,REQUIRED_ITEM,AUTOREG_HIDE_ITEM,AUTOREG_ONLY_ITEM,INITIAL_VALUE,VALIDATE_OPTION,VALIDATE_REG_EXP,BEFORE_VALIDATE_REGISTER,AFTER_VALIDATE_REGISTER,DESCRIPTION_JA,DESCRIPTION_EN,NOTE,DISUSE_FLAG,LAST_UPDATE_TIMESTAMP,LAST_UPDATE_USER) VALUES(11010104,_____DATE_____,'INSERT','11010104','110101','リクエストメソッド','Request Method','request_method',NULL,'7',40,'T_OASE_REQUEST_METHOD','REQUEST_METHOD_ID','REQUEST_METHOD',NULL,'0',NULL,NULL,NULL,NULL,'REQUEST_METHOD',NULL,'0','1','1','0','0','0','0',NULL,'{
"min_length": 0,
"max_length": 2
}',NULL,NULL,NULL,NULL,NULL,NULL,'0',_____DATE_____,1);
INSERT INTO T_COMN_MENU_COLUMN_LINK (COLUMN_DEFINITION_ID,MENU_ID,COLUMN_NAME_JA,COLUMN_NAME_EN,COLUMN_NAME_REST,COL_GROUP_ID,COLUMN_CLASS,COLUMN_DISP_SEQ,REF_TABLE_NAME,REF_PKEY_NAME,REF_COL_NAME,REF_SORT_CONDITIONS,REF_MULTI_LANG,REFERENCE_ITEM,SENSITIVE_COL_NAME,FILE_UPLOAD_PLACE,BUTTON_ACTION,COL_NAME,SAVE_TYPE,AUTO_INPUT,INPUT_ITEM,VIEW_ITEM,UNIQUE_ITEM,REQUIRED_ITEM,AUTOREG_HIDE_ITEM,AUTOREG_ONLY_ITEM,INITIAL_VALUE,VALIDATE_OPTION,VALIDATE_REG_EXP,BEFORE_VALIDATE_REGISTER,AFTER_VALIDATE_REGISTER,DESCRIPTION_JA,DESCRIPTION_EN,NOTE,DISUSE_FLAG,LAST_UPDATE_TIMESTAMP,LAST_UPDATE_USER) VALUES('11010105','110101','URL','Url','url',NULL,'10',50,NULL,NULL,NULL,NULL,NULL,NULL,NULL,NULL,NULL,'URL',NULL,'0','1','1','0','1','0','0',NULL,'{
"min_length": 0,
"max_length": 1024
}',NULL,NULL,NULL,NULL,NULL,NULL,'0',_____DATE_____,1);
INSERT INTO T_COMN_MENU_COLUMN_LINK_JNL (JOURNAL_SEQ_NO,JOURNAL_REG_DATETIME,JOURNAL_ACTION_CLASS,COLUMN_DEFINITION_ID,MENU_ID,COLUMN_NAME_JA,COLUMN_NAME_EN,COLUMN_NAME_REST,COL_GROUP_ID,COLUMN_CLASS,COLUMN_DISP_SEQ,REF_TABLE_NAME,REF_PKEY_NAME,REF_COL_NAME,REF_SORT_CONDITIONS,REF_MULTI_LANG,REFERENCE_ITEM,SENSITIVE_COL_NAME,FILE_UPLOAD_PLACE,BUTTON_ACTION,COL_NAME,SAVE_TYPE,AUTO_INPUT,INPUT_ITEM,VIEW_ITEM,UNIQUE_ITEM,REQUIRED_ITEM,AUTOREG_HIDE_ITEM,AUTOREG_ONLY_ITEM,INITIAL_VALUE,VALIDATE_OPTION,VALIDATE_REG_EXP,BEFORE_VALIDATE_REGISTER,AFTER_VALIDATE_REGISTER,DESCRIPTION_JA,DESCRIPTION_EN,NOTE,DISUSE_FLAG,LAST_UPDATE_TIMESTAMP,LAST_UPDATE_USER) VALUES(11010105,_____DATE_____,'INSERT','11010105','110101','URL','Url','url',NULL,'10',50,NULL,NULL,NULL,NULL,NULL,NULL,NULL,NULL,NULL,'URL',NULL,'0','1','1','0','1','0','0',NULL,'{
"min_length": 0,
"max_length": 1024
}',NULL,NULL,NULL,NULL,NULL,NULL,'0',_____DATE_____,1);
INSERT INTO T_COMN_MENU_COLUMN_LINK (COLUMN_DEFINITION_ID,MENU_ID,COLUMN_NAME_JA,COLUMN_NAME_EN,COLUMN_NAME_REST,COL_GROUP_ID,COLUMN_CLASS,COLUMN_DISP_SEQ,REF_TABLE_NAME,REF_PKEY_NAME,REF_COL_NAME,REF_SORT_CONDITIONS,REF_MULTI_LANG,REFERENCE_ITEM,SENSITIVE_COL_NAME,FILE_UPLOAD_PLACE,BUTTON_ACTION,COL_NAME,SAVE_TYPE,AUTO_INPUT,INPUT_ITEM,VIEW_ITEM,UNIQUE_ITEM,REQUIRED_ITEM,AUTOREG_HIDE_ITEM,AUTOREG_ONLY_ITEM,INITIAL_VALUE,VALIDATE_OPTION,VALIDATE_REG_EXP,BEFORE_VALIDATE_REGISTER,AFTER_VALIDATE_REGISTER,DESCRIPTION_JA,DESCRIPTION_EN,NOTE,DISUSE_FLAG,LAST_UPDATE_TIMESTAMP,LAST_UPDATE_USER) VALUES('11010106','110101','ポート','Port','port',NULL,'3',60,NULL,NULL,NULL,NULL,NULL,NULL,NULL,NULL,NULL,'PORT',NULL,'0','1','1','0','0','0','0',NULL,NULL,NULL,NULL,NULL,NULL,NULL,NULL,'0',_____DATE_____,1);
INSERT INTO T_COMN_MENU_COLUMN_LINK_JNL (JOURNAL_SEQ_NO,JOURNAL_REG_DATETIME,JOURNAL_ACTION_CLASS,COLUMN_DEFINITION_ID,MENU_ID,COLUMN_NAME_JA,COLUMN_NAME_EN,COLUMN_NAME_REST,COL_GROUP_ID,COLUMN_CLASS,COLUMN_DISP_SEQ,REF_TABLE_NAME,REF_PKEY_NAME,REF_COL_NAME,REF_SORT_CONDITIONS,REF_MULTI_LANG,REFERENCE_ITEM,SENSITIVE_COL_NAME,FILE_UPLOAD_PLACE,BUTTON_ACTION,COL_NAME,SAVE_TYPE,AUTO_INPUT,INPUT_ITEM,VIEW_ITEM,UNIQUE_ITEM,REQUIRED_ITEM,AUTOREG_HIDE_ITEM,AUTOREG_ONLY_ITEM,INITIAL_VALUE,VALIDATE_OPTION,VALIDATE_REG_EXP,BEFORE_VALIDATE_REGISTER,AFTER_VALIDATE_REGISTER,DESCRIPTION_JA,DESCRIPTION_EN,NOTE,DISUSE_FLAG,LAST_UPDATE_TIMESTAMP,LAST_UPDATE_USER) VALUES(11010106,_____DATE_____,'INSERT','11010106','110101','ポート','Port','port',NULL,'3',60,NULL,NULL,NULL,NULL,NULL,NULL,NULL,NULL,NULL,'PORT',NULL,'0','1','1','0','0','0','0',NULL,NULL,NULL,NULL,NULL,NULL,NULL,NULL,'0',_____DATE_____,1);
INSERT INTO T_COMN_MENU_COLUMN_LINK (COLUMN_DEFINITION_ID,MENU_ID,COLUMN_NAME_JA,COLUMN_NAME_EN,COLUMN_NAME_REST,COL_GROUP_ID,COLUMN_CLASS,COLUMN_DISP_SEQ,REF_TABLE_NAME,REF_PKEY_NAME,REF_COL_NAME,REF_SORT_CONDITIONS,REF_MULTI_LANG,REFERENCE_ITEM,SENSITIVE_COL_NAME,FILE_UPLOAD_PLACE,BUTTON_ACTION,COL_NAME,SAVE_TYPE,AUTO_INPUT,INPUT_ITEM,VIEW_ITEM,UNIQUE_ITEM,REQUIRED_ITEM,AUTOREG_HIDE_ITEM,AUTOREG_ONLY_ITEM,INITIAL_VALUE,VALIDATE_OPTION,VALIDATE_REG_EXP,BEFORE_VALIDATE_REGISTER,AFTER_VALIDATE_REGISTER,DESCRIPTION_JA,DESCRIPTION_EN,NOTE,DISUSE_FLAG,LAST_UPDATE_TIMESTAMP,LAST_UPDATE_USER) VALUES('11010107','110101','リクエストヘッダー','Request Header','request_header',NULL,'2',70,NULL,NULL,NULL,NULL,NULL,NULL,NULL,NULL,NULL,'REQUEST_HEADER',NULL,'0','1','1','0','0','0','0',NULL,'{
"min_length": 0,
"max_length": 4000
}',NULL,NULL,NULL,NULL,NULL,NULL,'0',_____DATE_____,1);
INSERT INTO T_COMN_MENU_COLUMN_LINK_JNL (JOURNAL_SEQ_NO,JOURNAL_REG_DATETIME,JOURNAL_ACTION_CLASS,COLUMN_DEFINITION_ID,MENU_ID,COLUMN_NAME_JA,COLUMN_NAME_EN,COLUMN_NAME_REST,COL_GROUP_ID,COLUMN_CLASS,COLUMN_DISP_SEQ,REF_TABLE_NAME,REF_PKEY_NAME,REF_COL_NAME,REF_SORT_CONDITIONS,REF_MULTI_LANG,REFERENCE_ITEM,SENSITIVE_COL_NAME,FILE_UPLOAD_PLACE,BUTTON_ACTION,COL_NAME,SAVE_TYPE,AUTO_INPUT,INPUT_ITEM,VIEW_ITEM,UNIQUE_ITEM,REQUIRED_ITEM,AUTOREG_HIDE_ITEM,AUTOREG_ONLY_ITEM,INITIAL_VALUE,VALIDATE_OPTION,VALIDATE_REG_EXP,BEFORE_VALIDATE_REGISTER,AFTER_VALIDATE_REGISTER,DESCRIPTION_JA,DESCRIPTION_EN,NOTE,DISUSE_FLAG,LAST_UPDATE_TIMESTAMP,LAST_UPDATE_USER) VALUES(11010107,_____DATE_____,'INSERT','11010107','110101','リクエストヘッダー','Request Header','request_header',NULL,'2',70,NULL,NULL,NULL,NULL,NULL,NULL,NULL,NULL,NULL,'REQUEST_HEADER',NULL,'0','1','1','0','0','0','0',NULL,'{
"min_length": 0,
"max_length": 4000
}',NULL,NULL,NULL,NULL,NULL,NULL,'0',_____DATE_____,1);
INSERT INTO T_COMN_MENU_COLUMN_LINK (COLUMN_DEFINITION_ID,MENU_ID,COLUMN_NAME_JA,COLUMN_NAME_EN,COLUMN_NAME_REST,COL_GROUP_ID,COLUMN_CLASS,COLUMN_DISP_SEQ,REF_TABLE_NAME,REF_PKEY_NAME,REF_COL_NAME,REF_SORT_CONDITIONS,REF_MULTI_LANG,REFERENCE_ITEM,SENSITIVE_COL_NAME,FILE_UPLOAD_PLACE,BUTTON_ACTION,COL_NAME,SAVE_TYPE,AUTO_INPUT,INPUT_ITEM,VIEW_ITEM,UNIQUE_ITEM,REQUIRED_ITEM,AUTOREG_HIDE_ITEM,AUTOREG_ONLY_ITEM,INITIAL_VALUE,VALIDATE_OPTION,VALIDATE_REG_EXP,BEFORE_VALIDATE_REGISTER,AFTER_VALIDATE_REGISTER,DESCRIPTION_JA,DESCRIPTION_EN,NOTE,DISUSE_FLAG,LAST_UPDATE_TIMESTAMP,LAST_UPDATE_USER) VALUES('11010108','110101','プロキシ','Proxy','proxy','11010101','10',80,NULL,NULL,NULL,NULL,NULL,NULL,NULL,NULL,NULL,'PROXY',NULL,'0','1','1','0','0','0','0',NULL,'{
"min_length": 0,
"max_length": 255
}',NULL,NULL,NULL,NULL,NULL,NULL,'0',_____DATE_____,1);
INSERT INTO T_COMN_MENU_COLUMN_LINK_JNL (JOURNAL_SEQ_NO,JOURNAL_REG_DATETIME,JOURNAL_ACTION_CLASS,COLUMN_DEFINITION_ID,MENU_ID,COLUMN_NAME_JA,COLUMN_NAME_EN,COLUMN_NAME_REST,COL_GROUP_ID,COLUMN_CLASS,COLUMN_DISP_SEQ,REF_TABLE_NAME,REF_PKEY_NAME,REF_COL_NAME,REF_SORT_CONDITIONS,REF_MULTI_LANG,REFERENCE_ITEM,SENSITIVE_COL_NAME,FILE_UPLOAD_PLACE,BUTTON_ACTION,COL_NAME,SAVE_TYPE,AUTO_INPUT,INPUT_ITEM,VIEW_ITEM,UNIQUE_ITEM,REQUIRED_ITEM,AUTOREG_HIDE_ITEM,AUTOREG_ONLY_ITEM,INITIAL_VALUE,VALIDATE_OPTION,VALIDATE_REG_EXP,BEFORE_VALIDATE_REGISTER,AFTER_VALIDATE_REGISTER,DESCRIPTION_JA,DESCRIPTION_EN,NOTE,DISUSE_FLAG,LAST_UPDATE_TIMESTAMP,LAST_UPDATE_USER) VALUES(11010108,_____DATE_____,'INSERT','11010108','110101','プロキシ','Proxy','proxy','11010101','10',80,NULL,NULL,NULL,NULL,NULL,NULL,NULL,NULL,NULL,'PROXY',NULL,'0','1','1','0','0','0','0',NULL,'{
"min_length": 0,
"max_length": 255
}',NULL,NULL,NULL,NULL,NULL,NULL,'0',_____DATE_____,1);
INSERT INTO T_COMN_MENU_COLUMN_LINK (COLUMN_DEFINITION_ID,MENU_ID,COLUMN_NAME_JA,COLUMN_NAME_EN,COLUMN_NAME_REST,COL_GROUP_ID,COLUMN_CLASS,COLUMN_DISP_SEQ,REF_TABLE_NAME,REF_PKEY_NAME,REF_COL_NAME,REF_SORT_CONDITIONS,REF_MULTI_LANG,REFERENCE_ITEM,SENSITIVE_COL_NAME,FILE_UPLOAD_PLACE,BUTTON_ACTION,COL_NAME,SAVE_TYPE,AUTO_INPUT,INPUT_ITEM,VIEW_ITEM,UNIQUE_ITEM,REQUIRED_ITEM,AUTOREG_HIDE_ITEM,AUTOREG_ONLY_ITEM,INITIAL_VALUE,VALIDATE_OPTION,VALIDATE_REG_EXP,BEFORE_VALIDATE_REGISTER,AFTER_VALIDATE_REGISTER,DESCRIPTION_JA,DESCRIPTION_EN,NOTE,DISUSE_FLAG,LAST_UPDATE_TIMESTAMP,LAST_UPDATE_USER) VALUES('11010109','110101','認証トークン','Auth Token','auth_token','11010101','8',90,NULL,NULL,NULL,NULL,NULL,NULL,NULL,NULL,NULL,'AUTH_TOKEN',NULL,'0','1','1','0','0','0','0',NULL,'{
"min_length": 0,
"max_length": 1024
}',NULL,NULL,NULL,NULL,NULL,NULL,'0',_____DATE_____,1);
INSERT INTO T_COMN_MENU_COLUMN_LINK_JNL (JOURNAL_SEQ_NO,JOURNAL_REG_DATETIME,JOURNAL_ACTION_CLASS,COLUMN_DEFINITION_ID,MENU_ID,COLUMN_NAME_JA,COLUMN_NAME_EN,COLUMN_NAME_REST,COL_GROUP_ID,COLUMN_CLASS,COLUMN_DISP_SEQ,REF_TABLE_NAME,REF_PKEY_NAME,REF_COL_NAME,REF_SORT_CONDITIONS,REF_MULTI_LANG,REFERENCE_ITEM,SENSITIVE_COL_NAME,FILE_UPLOAD_PLACE,BUTTON_ACTION,COL_NAME,SAVE_TYPE,AUTO_INPUT,INPUT_ITEM,VIEW_ITEM,UNIQUE_ITEM,REQUIRED_ITEM,AUTOREG_HIDE_ITEM,AUTOREG_ONLY_ITEM,INITIAL_VALUE,VALIDATE_OPTION,VALIDATE_REG_EXP,BEFORE_VALIDATE_REGISTER,AFTER_VALIDATE_REGISTER,DESCRIPTION_JA,DESCRIPTION_EN,NOTE,DISUSE_FLAG,LAST_UPDATE_TIMESTAMP,LAST_UPDATE_USER) VALUES(11010109,_____DATE_____,'INSERT','11010109','110101','認証トークン','Auth Token','auth_token','11010101','8',90,NULL,NULL,NULL,NULL,NULL,NULL,NULL,NULL,NULL,'AUTH_TOKEN',NULL,'0','1','1','0','0','0','0',NULL,'{
"min_length": 0,
"max_length": 1024
}',NULL,NULL,NULL,NULL,NULL,NULL,'0',_____DATE_____,1);
INSERT INTO T_COMN_MENU_COLUMN_LINK (COLUMN_DEFINITION_ID,MENU_ID,COLUMN_NAME_JA,COLUMN_NAME_EN,COLUMN_NAME_REST,COL_GROUP_ID,COLUMN_CLASS,COLUMN_DISP_SEQ,REF_TABLE_NAME,REF_PKEY_NAME,REF_COL_NAME,REF_SORT_CONDITIONS,REF_MULTI_LANG,REFERENCE_ITEM,SENSITIVE_COL_NAME,FILE_UPLOAD_PLACE,BUTTON_ACTION,COL_NAME,SAVE_TYPE,AUTO_INPUT,INPUT_ITEM,VIEW_ITEM,UNIQUE_ITEM,REQUIRED_ITEM,AUTOREG_HIDE_ITEM,AUTOREG_ONLY_ITEM,INITIAL_VALUE,VALIDATE_OPTION,VALIDATE_REG_EXP,BEFORE_VALIDATE_REGISTER,AFTER_VALIDATE_REGISTER,DESCRIPTION_JA,DESCRIPTION_EN,NOTE,DISUSE_FLAG,LAST_UPDATE_TIMESTAMP,LAST_UPDATE_USER) VALUES('11010110','110101','ユーザー名','Username','username','11010101','1',100,NULL,NULL,NULL,NULL,NULL,NULL,NULL,NULL,NULL,'USERNAME',NULL,'0','1','1','0','0','0','0',NULL,'{
"min_length": 0,
"max_length": 255
}',NULL,NULL,NULL,NULL,NULL,NULL,'0',_____DATE_____,1);
INSERT INTO T_COMN_MENU_COLUMN_LINK_JNL (JOURNAL_SEQ_NO,JOURNAL_REG_DATETIME,JOURNAL_ACTION_CLASS,COLUMN_DEFINITION_ID,MENU_ID,COLUMN_NAME_JA,COLUMN_NAME_EN,COLUMN_NAME_REST,COL_GROUP_ID,COLUMN_CLASS,COLUMN_DISP_SEQ,REF_TABLE_NAME,REF_PKEY_NAME,REF_COL_NAME,REF_SORT_CONDITIONS,REF_MULTI_LANG,REFERENCE_ITEM,SENSITIVE_COL_NAME,FILE_UPLOAD_PLACE,BUTTON_ACTION,COL_NAME,SAVE_TYPE,AUTO_INPUT,INPUT_ITEM,VIEW_ITEM,UNIQUE_ITEM,REQUIRED_ITEM,AUTOREG_HIDE_ITEM,AUTOREG_ONLY_ITEM,INITIAL_VALUE,VALIDATE_OPTION,VALIDATE_REG_EXP,BEFORE_VALIDATE_REGISTER,AFTER_VALIDATE_REGISTER,DESCRIPTION_JA,DESCRIPTION_EN,NOTE,DISUSE_FLAG,LAST_UPDATE_TIMESTAMP,LAST_UPDATE_USER) VALUES(11010110,_____DATE_____,'INSERT','11010110','110101','ユーザー名','Username','username','11010101','1',100,NULL,NULL,NULL,NULL,NULL,NULL,NULL,NULL,NULL,'USERNAME',NULL,'0','1','1','0','0','0','0',NULL,'{
"min_length": 0,
"max_length": 255
}',NULL,NULL,NULL,NULL,NULL,NULL,'0',_____DATE_____,1);
INSERT INTO T_COMN_MENU_COLUMN_LINK (COLUMN_DEFINITION_ID,MENU_ID,COLUMN_NAME_JA,COLUMN_NAME_EN,COLUMN_NAME_REST,COL_GROUP_ID,COLUMN_CLASS,COLUMN_DISP_SEQ,REF_TABLE_NAME,REF_PKEY_NAME,REF_COL_NAME,REF_SORT_CONDITIONS,REF_MULTI_LANG,REFERENCE_ITEM,SENSITIVE_COL_NAME,FILE_UPLOAD_PLACE,BUTTON_ACTION,COL_NAME,SAVE_TYPE,AUTO_INPUT,INPUT_ITEM,VIEW_ITEM,UNIQUE_ITEM,REQUIRED_ITEM,AUTOREG_HIDE_ITEM,AUTOREG_ONLY_ITEM,INITIAL_VALUE,VALIDATE_OPTION,VALIDATE_REG_EXP,BEFORE_VALIDATE_REGISTER,AFTER_VALIDATE_REGISTER,DESCRIPTION_JA,DESCRIPTION_EN,NOTE,DISUSE_FLAG,LAST_UPDATE_TIMESTAMP,LAST_UPDATE_USER) VALUES('11010111','110101','パスワード','Password','password','11010101','8',110,NULL,NULL,NULL,NULL,NULL,NULL,NULL,NULL,NULL,'PASSWORD',NULL,'0','1','1','0','0','0','0',NULL,'{
"min_length": 0,
"max_length": 4000
}',NULL,NULL,NULL,NULL,NULL,NULL,'0',_____DATE_____,1);
INSERT INTO T_COMN_MENU_COLUMN_LINK_JNL (JOURNAL_SEQ_NO,JOURNAL_REG_DATETIME,JOURNAL_ACTION_CLASS,COLUMN_DEFINITION_ID,MENU_ID,COLUMN_NAME_JA,COLUMN_NAME_EN,COLUMN_NAME_REST,COL_GROUP_ID,COLUMN_CLASS,COLUMN_DISP_SEQ,REF_TABLE_NAME,REF_PKEY_NAME,REF_COL_NAME,REF_SORT_CONDITIONS,REF_MULTI_LANG,REFERENCE_ITEM,SENSITIVE_COL_NAME,FILE_UPLOAD_PLACE,BUTTON_ACTION,COL_NAME,SAVE_TYPE,AUTO_INPUT,INPUT_ITEM,VIEW_ITEM,UNIQUE_ITEM,REQUIRED_ITEM,AUTOREG_HIDE_ITEM,AUTOREG_ONLY_ITEM,INITIAL_VALUE,VALIDATE_OPTION,VALIDATE_REG_EXP,BEFORE_VALIDATE_REGISTER,AFTER_VALIDATE_REGISTER,DESCRIPTION_JA,DESCRIPTION_EN,NOTE,DISUSE_FLAG,LAST_UPDATE_TIMESTAMP,LAST_UPDATE_USER) VALUES(11010111,_____DATE_____,'INSERT','11010111','110101','パスワード','Password','password','11010101','8',110,NULL,NULL,NULL,NULL,NULL,NULL,NULL,NULL,NULL,'PASSWORD',NULL,'0','1','1','0','0','0','0',NULL,'{
"min_length": 0,
"max_length": 4000
}',NULL,NULL,NULL,NULL,NULL,NULL,'0',_____DATE_____,1);
INSERT INTO T_COMN_MENU_COLUMN_LINK (COLUMN_DEFINITION_ID,MENU_ID,COLUMN_NAME_JA,COLUMN_NAME_EN,COLUMN_NAME_REST,COL_GROUP_ID,COLUMN_CLASS,COLUMN_DISP_SEQ,REF_TABLE_NAME,REF_PKEY_NAME,REF_COL_NAME,REF_SORT_CONDITIONS,REF_MULTI_LANG,REFERENCE_ITEM,SENSITIVE_COL_NAME,FILE_UPLOAD_PLACE,BUTTON_ACTION,COL_NAME,SAVE_TYPE,AUTO_INPUT,INPUT_ITEM,VIEW_ITEM,UNIQUE_ITEM,REQUIRED_ITEM,AUTOREG_HIDE_ITEM,AUTOREG_ONLY_ITEM,INITIAL_VALUE,VALIDATE_OPTION,VALIDATE_REG_EXP,BEFORE_VALIDATE_REGISTER,AFTER_VALIDATE_REGISTER,DESCRIPTION_JA,DESCRIPTION_EN,NOTE,DISUSE_FLAG,LAST_UPDATE_TIMESTAMP,LAST_UPDATE_USER) VALUES('11010112','110101','メールボックス名','Mailboxname','mailboxname','11010101','1',120,NULL,NULL,NULL,NULL,NULL,NULL,NULL,NULL,NULL,'MAILBOXNAME',NULL,'0','1','1','0','0','0','0',NULL,'{
"min_length": 0,
"max_length": 255
}',NULL,NULL,NULL,NULL,NULL,NULL,'0',_____DATE_____,1);
INSERT INTO T_COMN_MENU_COLUMN_LINK_JNL (JOURNAL_SEQ_NO,JOURNAL_REG_DATETIME,JOURNAL_ACTION_CLASS,COLUMN_DEFINITION_ID,MENU_ID,COLUMN_NAME_JA,COLUMN_NAME_EN,COLUMN_NAME_REST,COL_GROUP_ID,COLUMN_CLASS,COLUMN_DISP_SEQ,REF_TABLE_NAME,REF_PKEY_NAME,REF_COL_NAME,REF_SORT_CONDITIONS,REF_MULTI_LANG,REFERENCE_ITEM,SENSITIVE_COL_NAME,FILE_UPLOAD_PLACE,BUTTON_ACTION,COL_NAME,SAVE_TYPE,AUTO_INPUT,INPUT_ITEM,VIEW_ITEM,UNIQUE_ITEM,REQUIRED_ITEM,AUTOREG_HIDE_ITEM,AUTOREG_ONLY_ITEM,INITIAL_VALUE,VALIDATE_OPTION,VALIDATE_REG_EXP,BEFORE_VALIDATE_REGISTER,AFTER_VALIDATE_REGISTER,DESCRIPTION_JA,DESCRIPTION_EN,NOTE,DISUSE_FLAG,LAST_UPDATE_TIMESTAMP,LAST_UPDATE_USER) VALUES(11010112,_____DATE_____,'INSERT','11010112','110101','メールボックス名','Mailboxname','mailboxname','11010101','1',120,NULL,NULL,NULL,NULL,NULL,NULL,NULL,NULL,NULL,'MAILBOXNAME',NULL,'0','1','1','0','0','0','0',NULL,'{
"min_length": 0,
"max_length": 255
}',NULL,NULL,NULL,NULL,NULL,NULL,'0',_____DATE_____,1);
INSERT INTO T_COMN_MENU_COLUMN_LINK (COLUMN_DEFINITION_ID,MENU_ID,COLUMN_NAME_JA,COLUMN_NAME_EN,COLUMN_NAME_REST,COL_GROUP_ID,COLUMN_CLASS,COLUMN_DISP_SEQ,REF_TABLE_NAME,REF_PKEY_NAME,REF_COL_NAME,REF_SORT_CONDITIONS,REF_MULTI_LANG,REFERENCE_ITEM,SENSITIVE_COL_NAME,FILE_UPLOAD_PLACE,BUTTON_ACTION,COL_NAME,SAVE_TYPE,AUTO_INPUT,INPUT_ITEM,VIEW_ITEM,UNIQUE_ITEM,REQUIRED_ITEM,AUTOREG_HIDE_ITEM,AUTOREG_ONLY_ITEM,INITIAL_VALUE,VALIDATE_OPTION,VALIDATE_REG_EXP,BEFORE_VALIDATE_REGISTER,AFTER_VALIDATE_REGISTER,DESCRIPTION_JA,DESCRIPTION_EN,NOTE,DISUSE_FLAG,LAST_UPDATE_TIMESTAMP,LAST_UPDATE_USER) VALUES('11010113','110101','アクセスキーID','Access Key Id','access_key_id','11010101','1',130,NULL,NULL,NULL,NULL,NULL,NULL,NULL,NULL,NULL,'ACCESS_KEY_ID',NULL,'0','1','1','0','0','0','0',NULL,'{
"min_length": 0,
"max_length": 1024
}',NULL,NULL,NULL,NULL,NULL,NULL,'0',_____DATE_____,1);
INSERT INTO T_COMN_MENU_COLUMN_LINK_JNL (JOURNAL_SEQ_NO,JOURNAL_REG_DATETIME,JOURNAL_ACTION_CLASS,COLUMN_DEFINITION_ID,MENU_ID,COLUMN_NAME_JA,COLUMN_NAME_EN,COLUMN_NAME_REST,COL_GROUP_ID,COLUMN_CLASS,COLUMN_DISP_SEQ,REF_TABLE_NAME,REF_PKEY_NAME,REF_COL_NAME,REF_SORT_CONDITIONS,REF_MULTI_LANG,REFERENCE_ITEM,SENSITIVE_COL_NAME,FILE_UPLOAD_PLACE,BUTTON_ACTION,COL_NAME,SAVE_TYPE,AUTO_INPUT,INPUT_ITEM,VIEW_ITEM,UNIQUE_ITEM,REQUIRED_ITEM,AUTOREG_HIDE_ITEM,AUTOREG_ONLY_ITEM,INITIAL_VALUE,VALIDATE_OPTION,VALIDATE_REG_EXP,BEFORE_VALIDATE_REGISTER,AFTER_VALIDATE_REGISTER,DESCRIPTION_JA,DESCRIPTION_EN,NOTE,DISUSE_FLAG,LAST_UPDATE_TIMESTAMP,LAST_UPDATE_USER) VALUES(11010113,_____DATE_____,'INSERT','11010113','110101','アクセスキーID','Access Key Id','access_key_id','11010101','1',130,NULL,NULL,NULL,NULL,NULL,NULL,NULL,NULL,NULL,'ACCESS_KEY_ID',NULL,'0','1','1','0','0','0','0',NULL,'{
"min_length": 0,
"max_length": 1024
}',NULL,NULL,NULL,NULL,NULL,NULL,'0',_____DATE_____,1);
INSERT INTO T_COMN_MENU_COLUMN_LINK (COLUMN_DEFINITION_ID,MENU_ID,COLUMN_NAME_JA,COLUMN_NAME_EN,COLUMN_NAME_REST,COL_GROUP_ID,COLUMN_CLASS,COLUMN_DISP_SEQ,REF_TABLE_NAME,REF_PKEY_NAME,REF_COL_NAME,REF_SORT_CONDITIONS,REF_MULTI_LANG,REFERENCE_ITEM,SENSITIVE_COL_NAME,FILE_UPLOAD_PLACE,BUTTON_ACTION,COL_NAME,SAVE_TYPE,AUTO_INPUT,INPUT_ITEM,VIEW_ITEM,UNIQUE_ITEM,REQUIRED_ITEM,AUTOREG_HIDE_ITEM,AUTOREG_ONLY_ITEM,INITIAL_VALUE,VALIDATE_OPTION,VALIDATE_REG_EXP,BEFORE_VALIDATE_REGISTER,AFTER_VALIDATE_REGISTER,DESCRIPTION_JA,DESCRIPTION_EN,NOTE,DISUSE_FLAG,LAST_UPDATE_TIMESTAMP,LAST_UPDATE_USER) VALUES('11010114','110101','秘密アクセスキー','Secret Access Key','secret_access_key','11010101','8',140,NULL,NULL,NULL,NULL,NULL,NULL,NULL,NULL,NULL,'SECRET_ACCESS_KEY',NULL,'0','1','1','0','0','0','0',NULL,'{
"min_length": 0,
"max_length": 4000
}',NULL,NULL,NULL,NULL,NULL,NULL,'0',_____DATE_____,1);
INSERT INTO T_COMN_MENU_COLUMN_LINK_JNL (JOURNAL_SEQ_NO,JOURNAL_REG_DATETIME,JOURNAL_ACTION_CLASS,COLUMN_DEFINITION_ID,MENU_ID,COLUMN_NAME_JA,COLUMN_NAME_EN,COLUMN_NAME_REST,COL_GROUP_ID,COLUMN_CLASS,COLUMN_DISP_SEQ,REF_TABLE_NAME,REF_PKEY_NAME,REF_COL_NAME,REF_SORT_CONDITIONS,REF_MULTI_LANG,REFERENCE_ITEM,SENSITIVE_COL_NAME,FILE_UPLOAD_PLACE,BUTTON_ACTION,COL_NAME,SAVE_TYPE,AUTO_INPUT,INPUT_ITEM,VIEW_ITEM,UNIQUE_ITEM,REQUIRED_ITEM,AUTOREG_HIDE_ITEM,AUTOREG_ONLY_ITEM,INITIAL_VALUE,VALIDATE_OPTION,VALIDATE_REG_EXP,BEFORE_VALIDATE_REGISTER,AFTER_VALIDATE_REGISTER,DESCRIPTION_JA,DESCRIPTION_EN,NOTE,DISUSE_FLAG,LAST_UPDATE_TIMESTAMP,LAST_UPDATE_USER) VALUES(11010114,_____DATE_____,'INSERT','11010114','110101','秘密アクセスキー','Secret Access Key','secret_access_key','11010101','8',140,NULL,NULL,NULL,NULL,NULL,NULL,NULL,NULL,NULL,'SECRET_ACCESS_KEY',NULL,'0','1','1','0','0','0','0',NULL,'{
"min_length": 0,
"max_length": 4000
}',NULL,NULL,NULL,NULL,NULL,NULL,'0',_____DATE_____,1);
INSERT INTO T_COMN_MENU_COLUMN_LINK (COLUMN_DEFINITION_ID,MENU_ID,COLUMN_NAME_JA,COLUMN_NAME_EN,COLUMN_NAME_REST,COL_GROUP_ID,COLUMN_CLASS,COLUMN_DISP_SEQ,REF_TABLE_NAME,REF_PKEY_NAME,REF_COL_NAME,REF_SORT_CONDITIONS,REF_MULTI_LANG,REFERENCE_ITEM,SENSITIVE_COL_NAME,FILE_UPLOAD_PLACE,BUTTON_ACTION,COL_NAME,SAVE_TYPE,AUTO_INPUT,INPUT_ITEM,VIEW_ITEM,UNIQUE_ITEM,REQUIRED_ITEM,AUTOREG_HIDE_ITEM,AUTOREG_ONLY_ITEM,INITIAL_VALUE,VALIDATE_OPTION,VALIDATE_REG_EXP,BEFORE_VALIDATE_REGISTER,AFTER_VALIDATE_REGISTER,DESCRIPTION_JA,DESCRIPTION_EN,NOTE,DISUSE_FLAG,LAST_UPDATE_TIMESTAMP,LAST_UPDATE_USER) VALUES('11010115','110101','パラメータ','Parameter','parameter',NULL,'19',150,NULL,NULL,NULL,NULL,NULL,NULL,NULL,NULL,NULL,'PARAMETER',NULL,'0','1','1','0','0','0','0',NULL,'{
"min_length": 0,
"max_length": 4000
}',NULL,NULL,NULL,NULL,NULL,NULL,'0',_____DATE_____,1);
INSERT INTO T_COMN_MENU_COLUMN_LINK_JNL (JOURNAL_SEQ_NO,JOURNAL_REG_DATETIME,JOURNAL_ACTION_CLASS,COLUMN_DEFINITION_ID,MENU_ID,COLUMN_NAME_JA,COLUMN_NAME_EN,COLUMN_NAME_REST,COL_GROUP_ID,COLUMN_CLASS,COLUMN_DISP_SEQ,REF_TABLE_NAME,REF_PKEY_NAME,REF_COL_NAME,REF_SORT_CONDITIONS,REF_MULTI_LANG,REFERENCE_ITEM,SENSITIVE_COL_NAME,FILE_UPLOAD_PLACE,BUTTON_ACTION,COL_NAME,SAVE_TYPE,AUTO_INPUT,INPUT_ITEM,VIEW_ITEM,UNIQUE_ITEM,REQUIRED_ITEM,AUTOREG_HIDE_ITEM,AUTOREG_ONLY_ITEM,INITIAL_VALUE,VALIDATE_OPTION,VALIDATE_REG_EXP,BEFORE_VALIDATE_REGISTER,AFTER_VALIDATE_REGISTER,DESCRIPTION_JA,DESCRIPTION_EN,NOTE,DISUSE_FLAG,LAST_UPDATE_TIMESTAMP,LAST_UPDATE_USER) VALUES(11010115,_____DATE_____,'INSERT','11010115','110101','パラメータ','Parameter','parameter',NULL,'19',150,NULL,NULL,NULL,NULL,NULL,NULL,NULL,NULL,NULL,'PARAMETER',NULL,'0','1','1','0','0','0','0',NULL,'{
"min_length": 0,
"max_length": 4000
}',NULL,NULL,NULL,NULL,NULL,NULL,'0',_____DATE_____,1);
INSERT INTO T_COMN_MENU_COLUMN_LINK (COLUMN_DEFINITION_ID,MENU_ID,COLUMN_NAME_JA,COLUMN_NAME_EN,COLUMN_NAME_REST,COL_GROUP_ID,COLUMN_CLASS,COLUMN_DISP_SEQ,REF_TABLE_NAME,REF_PKEY_NAME,REF_COL_NAME,REF_SORT_CONDITIONS,REF_MULTI_LANG,REFERENCE_ITEM,SENSITIVE_COL_NAME,FILE_UPLOAD_PLACE,BUTTON_ACTION,COL_NAME,SAVE_TYPE,AUTO_INPUT,INPUT_ITEM,VIEW_ITEM,UNIQUE_ITEM,REQUIRED_ITEM,AUTOREG_HIDE_ITEM,AUTOREG_ONLY_ITEM,INITIAL_VALUE,VALIDATE_OPTION,VALIDATE_REG_EXP,BEFORE_VALIDATE_REGISTER,AFTER_VALIDATE_REGISTER,DESCRIPTION_JA,DESCRIPTION_EN,NOTE,DISUSE_FLAG,LAST_UPDATE_TIMESTAMP,LAST_UPDATE_USER) VALUES('11010116','110101','レスポンスリストフラグ','Response List Flag','response_list_flag',NULL,'7',160,'T_COMN_BOOLEAN_FLAG','FLAG_ID','FLAG_NAME',NULL,'0',NULL,NULL,NULL,NULL,'RESPONSE_LIST_FLAG',NULL,'0','1','1','0','0','0','0',NULL,'{
"min_length": 0,
"max_length": 2
}',NULL,NULL,NULL,NULL,NULL,NULL,'0',_____DATE_____,1);
INSERT INTO T_COMN_MENU_COLUMN_LINK_JNL (JOURNAL_SEQ_NO,JOURNAL_REG_DATETIME,JOURNAL_ACTION_CLASS,COLUMN_DEFINITION_ID,MENU_ID,COLUMN_NAME_JA,COLUMN_NAME_EN,COLUMN_NAME_REST,COL_GROUP_ID,COLUMN_CLASS,COLUMN_DISP_SEQ,REF_TABLE_NAME,REF_PKEY_NAME,REF_COL_NAME,REF_SORT_CONDITIONS,REF_MULTI_LANG,REFERENCE_ITEM,SENSITIVE_COL_NAME,FILE_UPLOAD_PLACE,BUTTON_ACTION,COL_NAME,SAVE_TYPE,AUTO_INPUT,INPUT_ITEM,VIEW_ITEM,UNIQUE_ITEM,REQUIRED_ITEM,AUTOREG_HIDE_ITEM,AUTOREG_ONLY_ITEM,INITIAL_VALUE,VALIDATE_OPTION,VALIDATE_REG_EXP,BEFORE_VALIDATE_REGISTER,AFTER_VALIDATE_REGISTER,DESCRIPTION_JA,DESCRIPTION_EN,NOTE,DISUSE_FLAG,LAST_UPDATE_TIMESTAMP,LAST_UPDATE_USER) VALUES(11010116,_____DATE_____,'INSERT','11010116','110101','レスポンスリストフラグ','Response List Flag','response_list_flag',NULL,'7',160,'T_COMN_BOOLEAN_FLAG','FLAG_ID','FLAG_NAME',NULL,'0',NULL,NULL,NULL,NULL,'RESPONSE_LIST_FLAG',NULL,'0','1','1','0','0','0','0',NULL,'{
"min_length": 0,
"max_length": 2
}',NULL,NULL,NULL,NULL,NULL,NULL,'0',_____DATE_____,1);
INSERT INTO T_COMN_MENU_COLUMN_LINK (COLUMN_DEFINITION_ID,MENU_ID,COLUMN_NAME_JA,COLUMN_NAME_EN,COLUMN_NAME_REST,COL_GROUP_ID,COLUMN_CLASS,COLUMN_DISP_SEQ,REF_TABLE_NAME,REF_PKEY_NAME,REF_COL_NAME,REF_SORT_CONDITIONS,REF_MULTI_LANG,REFERENCE_ITEM,SENSITIVE_COL_NAME,FILE_UPLOAD_PLACE,BUTTON_ACTION,COL_NAME,SAVE_TYPE,AUTO_INPUT,INPUT_ITEM,VIEW_ITEM,UNIQUE_ITEM,REQUIRED_ITEM,AUTOREG_HIDE_ITEM,AUTOREG_ONLY_ITEM,INITIAL_VALUE,VALIDATE_OPTION,VALIDATE_REG_EXP,BEFORE_VALIDATE_REGISTER,AFTER_VALIDATE_REGISTER,DESCRIPTION_JA,DESCRIPTION_EN,NOTE,DISUSE_FLAG,LAST_UPDATE_TIMESTAMP,LAST_UPDATE_USER) VALUES('11010117','110101','レスポンスキー','Response Key','response_key',NULL,'1',170,NULL,NULL,NULL,NULL,NULL,NULL,NULL,NULL,NULL,'RESPONSE_KEY',NULL,'0','1','1','0','0','0','0',NULL,'{
"min_length": 0,
"max_length": 255
}',NULL,NULL,NULL,NULL,NULL,NULL,'0',_____DATE_____,1);
INSERT INTO T_COMN_MENU_COLUMN_LINK_JNL (JOURNAL_SEQ_NO,JOURNAL_REG_DATETIME,JOURNAL_ACTION_CLASS,COLUMN_DEFINITION_ID,MENU_ID,COLUMN_NAME_JA,COLUMN_NAME_EN,COLUMN_NAME_REST,COL_GROUP_ID,COLUMN_CLASS,COLUMN_DISP_SEQ,REF_TABLE_NAME,REF_PKEY_NAME,REF_COL_NAME,REF_SORT_CONDITIONS,REF_MULTI_LANG,REFERENCE_ITEM,SENSITIVE_COL_NAME,FILE_UPLOAD_PLACE,BUTTON_ACTION,COL_NAME,SAVE_TYPE,AUTO_INPUT,INPUT_ITEM,VIEW_ITEM,UNIQUE_ITEM,REQUIRED_ITEM,AUTOREG_HIDE_ITEM,AUTOREG_ONLY_ITEM,INITIAL_VALUE,VALIDATE_OPTION,VALIDATE_REG_EXP,BEFORE_VALIDATE_REGISTER,AFTER_VALIDATE_REGISTER,DESCRIPTION_JA,DESCRIPTION_EN,NOTE,DISUSE_FLAG,LAST_UPDATE_TIMESTAMP,LAST_UPDATE_USER) VALUES(11010117,_____DATE_____,'INSERT','11010117','110101','レスポンスキー','Response Key','response_key',NULL,'1',170,NULL,NULL,NULL,NULL,NULL,NULL,NULL,NULL,NULL,'RESPONSE_KEY',NULL,'0','1','1','0','0','0','0',NULL,'{
"min_length": 0,
"max_length": 255
}',NULL,NULL,NULL,NULL,NULL,NULL,'0',_____DATE_____,1);
INSERT INTO T_COMN_MENU_COLUMN_LINK (COLUMN_DEFINITION_ID,MENU_ID,COLUMN_NAME_JA,COLUMN_NAME_EN,COLUMN_NAME_REST,COL_GROUP_ID,COLUMN_CLASS,COLUMN_DISP_SEQ,REF_TABLE_NAME,REF_PKEY_NAME,REF_COL_NAME,REF_SORT_CONDITIONS,REF_MULTI_LANG,REFERENCE_ITEM,SENSITIVE_COL_NAME,FILE_UPLOAD_PLACE,BUTTON_ACTION,COL_NAME,SAVE_TYPE,AUTO_INPUT,INPUT_ITEM,VIEW_ITEM,UNIQUE_ITEM,REQUIRED_ITEM,AUTOREG_HIDE_ITEM,AUTOREG_ONLY_ITEM,INITIAL_VALUE,VALIDATE_OPTION,VALIDATE_REG_EXP,BEFORE_VALIDATE_REGISTER,AFTER_VALIDATE_REGISTER,DESCRIPTION_JA,DESCRIPTION_EN,NOTE,DISUSE_FLAG,LAST_UPDATE_TIMESTAMP,LAST_UPDATE_USER) VALUES('11010118','110101','TTL','Ttl','ttl',NULL,'3',180,NULL,NULL,NULL,NULL,NULL,NULL,NULL,NULL,NULL,'TTL',NULL,'0','1','1','0','1','0','0',NULL,NULL,NULL,NULL,NULL,NULL,NULL,NULL,'0',_____DATE_____,1);
INSERT INTO T_COMN_MENU_COLUMN_LINK_JNL (JOURNAL_SEQ_NO,JOURNAL_REG_DATETIME,JOURNAL_ACTION_CLASS,COLUMN_DEFINITION_ID,MENU_ID,COLUMN_NAME_JA,COLUMN_NAME_EN,COLUMN_NAME_REST,COL_GROUP_ID,COLUMN_CLASS,COLUMN_DISP_SEQ,REF_TABLE_NAME,REF_PKEY_NAME,REF_COL_NAME,REF_SORT_CONDITIONS,REF_MULTI_LANG,REFERENCE_ITEM,SENSITIVE_COL_NAME,FILE_UPLOAD_PLACE,BUTTON_ACTION,COL_NAME,SAVE_TYPE,AUTO_INPUT,INPUT_ITEM,VIEW_ITEM,UNIQUE_ITEM,REQUIRED_ITEM,AUTOREG_HIDE_ITEM,AUTOREG_ONLY_ITEM,INITIAL_VALUE,VALIDATE_OPTION,VALIDATE_REG_EXP,BEFORE_VALIDATE_REGISTER,AFTER_VALIDATE_REGISTER,DESCRIPTION_JA,DESCRIPTION_EN,NOTE,DISUSE_FLAG,LAST_UPDATE_TIMESTAMP,LAST_UPDATE_USER) VALUES(11010118,_____DATE_____,'INSERT','11010118','110101','TTL','Ttl','ttl',NULL,'3',180,NULL,NULL,NULL,NULL,NULL,NULL,NULL,NULL,NULL,'TTL',NULL,'0','1','1','0','1','0','0',NULL,NULL,NULL,NULL,NULL,NULL,NULL,NULL,'0',_____DATE_____,1);
INSERT INTO T_COMN_MENU_COLUMN_LINK (COLUMN_DEFINITION_ID,MENU_ID,COLUMN_NAME_JA,COLUMN_NAME_EN,COLUMN_NAME_REST,COL_GROUP_ID,COLUMN_CLASS,COLUMN_DISP_SEQ,REF_TABLE_NAME,REF_PKEY_NAME,REF_COL_NAME,REF_SORT_CONDITIONS,REF_MULTI_LANG,REFERENCE_ITEM,SENSITIVE_COL_NAME,FILE_UPLOAD_PLACE,BUTTON_ACTION,COL_NAME,SAVE_TYPE,AUTO_INPUT,INPUT_ITEM,VIEW_ITEM,UNIQUE_ITEM,REQUIRED_ITEM,AUTOREG_HIDE_ITEM,AUTOREG_ONLY_ITEM,INITIAL_VALUE,VALIDATE_OPTION,VALIDATE_REG_EXP,BEFORE_VALIDATE_REGISTER,AFTER_VALIDATE_REGISTER,DESCRIPTION_JA,DESCRIPTION_EN,NOTE,DISUSE_FLAG,LAST_UPDATE_TIMESTAMP,LAST_UPDATE_USER) VALUES('11010119','110101','備考','Remarks','remarks',NULL,'12',190,NULL,NULL,NULL,NULL,'0',NULL,NULL,NULL,NULL,'NOTE',NULL,'0','1','1','0','0','1','0',NULL,'{
"min_length": 0,
"max_length": 4000
}',NULL,NULL,NULL,'自由記述欄。レコードの廃止・復活時にも記載可能。','Comments section. Can comment when removing or restoring records.',NULL,'0',_____DATE_____,1);
INSERT INTO T_COMN_MENU_COLUMN_LINK_JNL (JOURNAL_SEQ_NO,JOURNAL_REG_DATETIME,JOURNAL_ACTION_CLASS,COLUMN_DEFINITION_ID,MENU_ID,COLUMN_NAME_JA,COLUMN_NAME_EN,COLUMN_NAME_REST,COL_GROUP_ID,COLUMN_CLASS,COLUMN_DISP_SEQ,REF_TABLE_NAME,REF_PKEY_NAME,REF_COL_NAME,REF_SORT_CONDITIONS,REF_MULTI_LANG,REFERENCE_ITEM,SENSITIVE_COL_NAME,FILE_UPLOAD_PLACE,BUTTON_ACTION,COL_NAME,SAVE_TYPE,AUTO_INPUT,INPUT_ITEM,VIEW_ITEM,UNIQUE_ITEM,REQUIRED_ITEM,AUTOREG_HIDE_ITEM,AUTOREG_ONLY_ITEM,INITIAL_VALUE,VALIDATE_OPTION,VALIDATE_REG_EXP,BEFORE_VALIDATE_REGISTER,AFTER_VALIDATE_REGISTER,DESCRIPTION_JA,DESCRIPTION_EN,NOTE,DISUSE_FLAG,LAST_UPDATE_TIMESTAMP,LAST_UPDATE_USER) VALUES(11010119,_____DATE_____,'INSERT','11010119','110101','備考','Remarks','remarks',NULL,'12',190,NULL,NULL,NULL,NULL,'0',NULL,NULL,NULL,NULL,'NOTE',NULL,'0','1','1','0','0','1','0',NULL,'{
"min_length": 0,
"max_length": 4000
}',NULL,NULL,NULL,'自由記述欄。レコードの廃止・復活時にも記載可能。','Comments section. Can comment when removing or restoring records.',NULL,'0',_____DATE_____,1);
INSERT INTO T_COMN_MENU_COLUMN_LINK (COLUMN_DEFINITION_ID,MENU_ID,COLUMN_NAME_JA,COLUMN_NAME_EN,COLUMN_NAME_REST,COL_GROUP_ID,COLUMN_CLASS,COLUMN_DISP_SEQ,REF_TABLE_NAME,REF_PKEY_NAME,REF_COL_NAME,REF_SORT_CONDITIONS,REF_MULTI_LANG,REFERENCE_ITEM,SENSITIVE_COL_NAME,FILE_UPLOAD_PLACE,BUTTON_ACTION,COL_NAME,SAVE_TYPE,AUTO_INPUT,INPUT_ITEM,VIEW_ITEM,UNIQUE_ITEM,REQUIRED_ITEM,AUTOREG_HIDE_ITEM,AUTOREG_ONLY_ITEM,INITIAL_VALUE,VALIDATE_OPTION,VALIDATE_REG_EXP,BEFORE_VALIDATE_REGISTER,AFTER_VALIDATE_REGISTER,DESCRIPTION_JA,DESCRIPTION_EN,NOTE,DISUSE_FLAG,LAST_UPDATE_TIMESTAMP,LAST_UPDATE_USER) VALUES('11010120','110101','廃止フラグ','Discard','discard',NULL,'1',200,NULL,NULL,NULL,NULL,'0',NULL,NULL,NULL,NULL,'DISUSE_FLAG',NULL,'1','1','1','0','1','1','0',NULL,NULL,NULL,NULL,NULL,'廃止フラグ。復活以外のオペレーションは不可','Discard flag. Cannot do operation other than restore.',NULL,'0',_____DATE_____,1);
INSERT INTO T_COMN_MENU_COLUMN_LINK_JNL (JOURNAL_SEQ_NO,JOURNAL_REG_DATETIME,JOURNAL_ACTION_CLASS,COLUMN_DEFINITION_ID,MENU_ID,COLUMN_NAME_JA,COLUMN_NAME_EN,COLUMN_NAME_REST,COL_GROUP_ID,COLUMN_CLASS,COLUMN_DISP_SEQ,REF_TABLE_NAME,REF_PKEY_NAME,REF_COL_NAME,REF_SORT_CONDITIONS,REF_MULTI_LANG,REFERENCE_ITEM,SENSITIVE_COL_NAME,FILE_UPLOAD_PLACE,BUTTON_ACTION,COL_NAME,SAVE_TYPE,AUTO_INPUT,INPUT_ITEM,VIEW_ITEM,UNIQUE_ITEM,REQUIRED_ITEM,AUTOREG_HIDE_ITEM,AUTOREG_ONLY_ITEM,INITIAL_VALUE,VALIDATE_OPTION,VALIDATE_REG_EXP,BEFORE_VALIDATE_REGISTER,AFTER_VALIDATE_REGISTER,DESCRIPTION_JA,DESCRIPTION_EN,NOTE,DISUSE_FLAG,LAST_UPDATE_TIMESTAMP,LAST_UPDATE_USER) VALUES(11010120,_____DATE_____,'INSERT','11010120','110101','廃止フラグ','Discard','discard',NULL,'1',200,NULL,NULL,NULL,NULL,'0',NULL,NULL,NULL,NULL,'DISUSE_FLAG',NULL,'1','1','1','0','1','1','0',NULL,NULL,NULL,NULL,NULL,'廃止フラグ。復活以外のオペレーションは不可','Discard flag. Cannot do operation other than restore.',NULL,'0',_____DATE_____,1);
INSERT INTO T_COMN_MENU_COLUMN_LINK (COLUMN_DEFINITION_ID,MENU_ID,COLUMN_NAME_JA,COLUMN_NAME_EN,COLUMN_NAME_REST,COL_GROUP_ID,COLUMN_CLASS,COLUMN_DISP_SEQ,REF_TABLE_NAME,REF_PKEY_NAME,REF_COL_NAME,REF_SORT_CONDITIONS,REF_MULTI_LANG,REFERENCE_ITEM,SENSITIVE_COL_NAME,FILE_UPLOAD_PLACE,BUTTON_ACTION,COL_NAME,SAVE_TYPE,AUTO_INPUT,INPUT_ITEM,VIEW_ITEM,UNIQUE_ITEM,REQUIRED_ITEM,AUTOREG_HIDE_ITEM,AUTOREG_ONLY_ITEM,INITIAL_VALUE,VALIDATE_OPTION,VALIDATE_REG_EXP,BEFORE_VALIDATE_REGISTER,AFTER_VALIDATE_REGISTER,DESCRIPTION_JA,DESCRIPTION_EN,NOTE,DISUSE_FLAG,LAST_UPDATE_TIMESTAMP,LAST_UPDATE_USER) VALUES('11010121','110101','最終更新日時','Last update date/time','last_update_date_time',NULL,'13',210,NULL,NULL,NULL,NULL,'0',NULL,NULL,NULL,NULL,'LAST_UPDATE_TIMESTAMP',NULL,'1','0','1','0','1','1','0',NULL,NULL,NULL,NULL,NULL,'レコードの最終更新日。自動登録のため編集不可。','Last update date of record. Cannot edit because of auto-registration.',NULL,'0',_____DATE_____,1);
INSERT INTO T_COMN_MENU_COLUMN_LINK_JNL (JOURNAL_SEQ_NO,JOURNAL_REG_DATETIME,JOURNAL_ACTION_CLASS,COLUMN_DEFINITION_ID,MENU_ID,COLUMN_NAME_JA,COLUMN_NAME_EN,COLUMN_NAME_REST,COL_GROUP_ID,COLUMN_CLASS,COLUMN_DISP_SEQ,REF_TABLE_NAME,REF_PKEY_NAME,REF_COL_NAME,REF_SORT_CONDITIONS,REF_MULTI_LANG,REFERENCE_ITEM,SENSITIVE_COL_NAME,FILE_UPLOAD_PLACE,BUTTON_ACTION,COL_NAME,SAVE_TYPE,AUTO_INPUT,INPUT_ITEM,VIEW_ITEM,UNIQUE_ITEM,REQUIRED_ITEM,AUTOREG_HIDE_ITEM,AUTOREG_ONLY_ITEM,INITIAL_VALUE,VALIDATE_OPTION,VALIDATE_REG_EXP,BEFORE_VALIDATE_REGISTER,AFTER_VALIDATE_REGISTER,DESCRIPTION_JA,DESCRIPTION_EN,NOTE,DISUSE_FLAG,LAST_UPDATE_TIMESTAMP,LAST_UPDATE_USER) VALUES(11010121,_____DATE_____,'INSERT','11010121','110101','最終更新日時','Last update date/time','last_update_date_time',NULL,'13',210,NULL,NULL,NULL,NULL,'0',NULL,NULL,NULL,NULL,'LAST_UPDATE_TIMESTAMP',NULL,'1','0','1','0','1','1','0',NULL,NULL,NULL,NULL,NULL,'レコードの最終更新日。自動登録のため編集不可。','Last update date of record. Cannot edit because of auto-registration.',NULL,'0',_____DATE_____,1);
INSERT INTO T_COMN_MENU_COLUMN_LINK (COLUMN_DEFINITION_ID,MENU_ID,COLUMN_NAME_JA,COLUMN_NAME_EN,COLUMN_NAME_REST,COL_GROUP_ID,COLUMN_CLASS,COLUMN_DISP_SEQ,REF_TABLE_NAME,REF_PKEY_NAME,REF_COL_NAME,REF_SORT_CONDITIONS,REF_MULTI_LANG,REFERENCE_ITEM,SENSITIVE_COL_NAME,FILE_UPLOAD_PLACE,BUTTON_ACTION,COL_NAME,SAVE_TYPE,AUTO_INPUT,INPUT_ITEM,VIEW_ITEM,UNIQUE_ITEM,REQUIRED_ITEM,AUTOREG_HIDE_ITEM,AUTOREG_ONLY_ITEM,INITIAL_VALUE,VALIDATE_OPTION,VALIDATE_REG_EXP,BEFORE_VALIDATE_REGISTER,AFTER_VALIDATE_REGISTER,DESCRIPTION_JA,DESCRIPTION_EN,NOTE,DISUSE_FLAG,LAST_UPDATE_TIMESTAMP,LAST_UPDATE_USER) VALUES('11010122','110101','最終更新者','Last updated by','last_updated_user',NULL,'14',220,NULL,NULL,NULL,NULL,'0',NULL,NULL,NULL,NULL,'LAST_UPDATE_USER',NULL,'1','0','1','0','1','1','0',NULL,NULL,NULL,NULL,NULL,'更新者。ログインユーザのIDが自動的に登録される。編集不可。','Updated by. Login user ID is automatically registered. Cannot edit.',NULL,'0',_____DATE_____,1);
INSERT INTO T_COMN_MENU_COLUMN_LINK_JNL (JOURNAL_SEQ_NO,JOURNAL_REG_DATETIME,JOURNAL_ACTION_CLASS,COLUMN_DEFINITION_ID,MENU_ID,COLUMN_NAME_JA,COLUMN_NAME_EN,COLUMN_NAME_REST,COL_GROUP_ID,COLUMN_CLASS,COLUMN_DISP_SEQ,REF_TABLE_NAME,REF_PKEY_NAME,REF_COL_NAME,REF_SORT_CONDITIONS,REF_MULTI_LANG,REFERENCE_ITEM,SENSITIVE_COL_NAME,FILE_UPLOAD_PLACE,BUTTON_ACTION,COL_NAME,SAVE_TYPE,AUTO_INPUT,INPUT_ITEM,VIEW_ITEM,UNIQUE_ITEM,REQUIRED_ITEM,AUTOREG_HIDE_ITEM,AUTOREG_ONLY_ITEM,INITIAL_VALUE,VALIDATE_OPTION,VALIDATE_REG_EXP,BEFORE_VALIDATE_REGISTER,AFTER_VALIDATE_REGISTER,DESCRIPTION_JA,DESCRIPTION_EN,NOTE,DISUSE_FLAG,LAST_UPDATE_TIMESTAMP,LAST_UPDATE_USER) VALUES(11010122,_____DATE_____,'INSERT','11010122','110101','最終更新者','Last updated by','last_updated_user',NULL,'14',220,NULL,NULL,NULL,NULL,'0',NULL,NULL,NULL,NULL,'LAST_UPDATE_USER',NULL,'1','0','1','0','1','1','0',NULL,NULL,NULL,NULL,NULL,'更新者。ログインユーザのIDが自動的に登録される。編集不可。','Updated by. Login user ID is automatically registered. Cannot edit.',NULL,'0',_____DATE_____,1);
INSERT INTO T_COMN_MENU_COLUMN_LINK (COLUMN_DEFINITION_ID,MENU_ID,COLUMN_NAME_JA,COLUMN_NAME_EN,COLUMN_NAME_REST,COL_GROUP_ID,COLUMN_CLASS,COLUMN_DISP_SEQ,REF_TABLE_NAME,REF_PKEY_NAME,REF_COL_NAME,REF_SORT_CONDITIONS,REF_MULTI_LANG,REFERENCE_ITEM,SENSITIVE_COL_NAME,FILE_UPLOAD_PLACE,BUTTON_ACTION,COL_NAME,SAVE_TYPE,AUTO_INPUT,INPUT_ITEM,VIEW_ITEM,UNIQUE_ITEM,REQUIRED_ITEM,AUTOREG_HIDE_ITEM,AUTOREG_ONLY_ITEM,INITIAL_VALUE,VALIDATE_OPTION,VALIDATE_REG_EXP,BEFORE_VALIDATE_REGISTER,AFTER_VALIDATE_REGISTER,DESCRIPTION_JA,DESCRIPTION_EN,NOTE,DISUSE_FLAG,LAST_UPDATE_TIMESTAMP,LAST_UPDATE_USER) VALUES('11010201','110102','通知テンプレートID','Notification template ID','notification_template_id',NULL,'1',10,NULL,NULL,NULL,NULL,'0',NULL,NULL,NULL,NULL,'NOTIFICATION_TEMPLATE_ID',NULL,'0','0','1','1','1','1','0',NULL,NULL,NULL,NULL,NULL,'自動採番のため編集不可。','Cannot edit because of auto-numbering. ',NULL,'0',_____DATE_____,1);
INSERT INTO T_COMN_MENU_COLUMN_LINK_JNL (JOURNAL_SEQ_NO,JOURNAL_REG_DATETIME,JOURNAL_ACTION_CLASS,COLUMN_DEFINITION_ID,MENU_ID,COLUMN_NAME_JA,COLUMN_NAME_EN,COLUMN_NAME_REST,COL_GROUP_ID,COLUMN_CLASS,COLUMN_DISP_SEQ,REF_TABLE_NAME,REF_PKEY_NAME,REF_COL_NAME,REF_SORT_CONDITIONS,REF_MULTI_LANG,REFERENCE_ITEM,SENSITIVE_COL_NAME,FILE_UPLOAD_PLACE,BUTTON_ACTION,COL_NAME,SAVE_TYPE,AUTO_INPUT,INPUT_ITEM,VIEW_ITEM,UNIQUE_ITEM,REQUIRED_ITEM,AUTOREG_HIDE_ITEM,AUTOREG_ONLY_ITEM,INITIAL_VALUE,VALIDATE_OPTION,VALIDATE_REG_EXP,BEFORE_VALIDATE_REGISTER,AFTER_VALIDATE_REGISTER,DESCRIPTION_JA,DESCRIPTION_EN,NOTE,DISUSE_FLAG,LAST_UPDATE_TIMESTAMP,LAST_UPDATE_USER) VALUES(11010201,_____DATE_____,'INSERT','11010201','110102','通知テンプレートID','Notification template ID','notification_template_id',NULL,'1',10,NULL,NULL,NULL,NULL,'0',NULL,NULL,NULL,NULL,'NOTIFICATION_TEMPLATE_ID',NULL,'0','0','1','1','1','1','0',NULL,NULL,NULL,NULL,NULL,'自動採番のため編集不可。','Cannot edit because of auto-numbering. ',NULL,'0',_____DATE_____,1);
INSERT INTO T_COMN_MENU_COLUMN_LINK (COLUMN_DEFINITION_ID,MENU_ID,COLUMN_NAME_JA,COLUMN_NAME_EN,COLUMN_NAME_REST,COL_GROUP_ID,COLUMN_CLASS,COLUMN_DISP_SEQ,REF_TABLE_NAME,REF_PKEY_NAME,REF_COL_NAME,REF_SORT_CONDITIONS,REF_MULTI_LANG,REFERENCE_ITEM,SENSITIVE_COL_NAME,FILE_UPLOAD_PLACE,BUTTON_ACTION,COL_NAME,SAVE_TYPE,AUTO_INPUT,INPUT_ITEM,VIEW_ITEM,UNIQUE_ITEM,REQUIRED_ITEM,AUTOREG_HIDE_ITEM,AUTOREG_ONLY_ITEM,INITIAL_VALUE,VALIDATE_OPTION,VALIDATE_REG_EXP,BEFORE_VALIDATE_REGISTER,AFTER_VALIDATE_REGISTER,DESCRIPTION_JA,DESCRIPTION_EN,NOTE,DISUSE_FLAG,LAST_UPDATE_TIMESTAMP,LAST_UPDATE_USER) VALUES('11010202','110102','イベント種別','Event type','event_type',NULL,'1',20,NULL,NULL,NULL,NULL,'0',NULL,NULL,NULL,NULL,'EVENT_TYPE',NULL,'0','0','1','1','1','1','0',NULL,'{
"min_length": 0,
"max_length": 255
}',NULL,NULL,NULL,'[最大長]255バイト','[Maximum length] 255 bytes',NULL,'0',_____DATE_____,1);
INSERT INTO T_COMN_MENU_COLUMN_LINK_JNL (JOURNAL_SEQ_NO,JOURNAL_REG_DATETIME,JOURNAL_ACTION_CLASS,COLUMN_DEFINITION_ID,MENU_ID,COLUMN_NAME_JA,COLUMN_NAME_EN,COLUMN_NAME_REST,COL_GROUP_ID,COLUMN_CLASS,COLUMN_DISP_SEQ,REF_TABLE_NAME,REF_PKEY_NAME,REF_COL_NAME,REF_SORT_CONDITIONS,REF_MULTI_LANG,REFERENCE_ITEM,SENSITIVE_COL_NAME,FILE_UPLOAD_PLACE,BUTTON_ACTION,COL_NAME,SAVE_TYPE,AUTO_INPUT,INPUT_ITEM,VIEW_ITEM,UNIQUE_ITEM,REQUIRED_ITEM,AUTOREG_HIDE_ITEM,AUTOREG_ONLY_ITEM,INITIAL_VALUE,VALIDATE_OPTION,VALIDATE_REG_EXP,BEFORE_VALIDATE_REGISTER,AFTER_VALIDATE_REGISTER,DESCRIPTION_JA,DESCRIPTION_EN,NOTE,DISUSE_FLAG,LAST_UPDATE_TIMESTAMP,LAST_UPDATE_USER) VALUES(11010202,_____DATE_____,'INSERT','11010202','110102','イベント種別','Event type','event_type',NULL,'1',20,NULL,NULL,NULL,NULL,'0',NULL,NULL,NULL,NULL,'EVENT_TYPE',NULL,'0','0','1','1','1','1','0',NULL,'{
"min_length": 0,
"max_length": 255
}',NULL,NULL,NULL,'[最大長]255バイト','[Maximum length] 255 bytes',NULL,'0',_____DATE_____,1);
INSERT INTO T_COMN_MENU_COLUMN_LINK (COLUMN_DEFINITION_ID,MENU_ID,COLUMN_NAME_JA,COLUMN_NAME_EN,COLUMN_NAME_REST,COL_GROUP_ID,COLUMN_CLASS,COLUMN_DISP_SEQ,REF_TABLE_NAME,REF_PKEY_NAME,REF_COL_NAME,REF_SORT_CONDITIONS,REF_MULTI_LANG,REFERENCE_ITEM,SENSITIVE_COL_NAME,FILE_UPLOAD_PLACE,BUTTON_ACTION,COL_NAME,SAVE_TYPE,AUTO_INPUT,INPUT_ITEM,VIEW_ITEM,UNIQUE_ITEM,REQUIRED_ITEM,AUTOREG_HIDE_ITEM,AUTOREG_ONLY_ITEM,INITIAL_VALUE,VALIDATE_OPTION,VALIDATE_REG_EXP,BEFORE_VALIDATE_REGISTER,AFTER_VALIDATE_REGISTER,DESCRIPTION_JA,DESCRIPTION_EN,NOTE,DISUSE_FLAG,LAST_UPDATE_TIMESTAMP,LAST_UPDATE_USER) VALUES('11010203','110102','テンプレート','Template file','template_file',NULL,'9',30,NULL,NULL,NULL,NULL,'0',NULL,NULL,NULL,NULL,'TEMPLATE_FILE',NULL,'0','1','1','0','0','1','0',NULL,'{
"upload_max_size": 104857600
}',NULL,NULL,NULL,'[最大サイズ]100MB','[Maximum size] 100MB',NULL,'0',_____DATE_____,1);
INSERT INTO T_COMN_MENU_COLUMN_LINK_JNL (JOURNAL_SEQ_NO,JOURNAL_REG_DATETIME,JOURNAL_ACTION_CLASS,COLUMN_DEFINITION_ID,MENU_ID,COLUMN_NAME_JA,COLUMN_NAME_EN,COLUMN_NAME_REST,COL_GROUP_ID,COLUMN_CLASS,COLUMN_DISP_SEQ,REF_TABLE_NAME,REF_PKEY_NAME,REF_COL_NAME,REF_SORT_CONDITIONS,REF_MULTI_LANG,REFERENCE_ITEM,SENSITIVE_COL_NAME,FILE_UPLOAD_PLACE,BUTTON_ACTION,COL_NAME,SAVE_TYPE,AUTO_INPUT,INPUT_ITEM,VIEW_ITEM,UNIQUE_ITEM,REQUIRED_ITEM,AUTOREG_HIDE_ITEM,AUTOREG_ONLY_ITEM,INITIAL_VALUE,VALIDATE_OPTION,VALIDATE_REG_EXP,BEFORE_VALIDATE_REGISTER,AFTER_VALIDATE_REGISTER,DESCRIPTION_JA,DESCRIPTION_EN,NOTE,DISUSE_FLAG,LAST_UPDATE_TIMESTAMP,LAST_UPDATE_USER) VALUES(11010203,_____DATE_____,'INSERT','11010203','110102','テンプレート','Template file','template_file',NULL,'9',30,NULL,NULL,NULL,NULL,'0',NULL,NULL,NULL,NULL,'TEMPLATE_FILE',NULL,'0','1','1','0','0','1','0',NULL,'{
"upload_max_size": 104857600
}',NULL,NULL,NULL,'[最大サイズ]100MB','[Maximum size] 100MB',NULL,'0',_____DATE_____,1);
INSERT INTO T_COMN_MENU_COLUMN_LINK (COLUMN_DEFINITION_ID,MENU_ID,COLUMN_NAME_JA,COLUMN_NAME_EN,COLUMN_NAME_REST,COL_GROUP_ID,COLUMN_CLASS,COLUMN_DISP_SEQ,REF_TABLE_NAME,REF_PKEY_NAME,REF_COL_NAME,REF_SORT_CONDITIONS,REF_MULTI_LANG,REFERENCE_ITEM,SENSITIVE_COL_NAME,FILE_UPLOAD_PLACE,BUTTON_ACTION,COL_NAME,SAVE_TYPE,AUTO_INPUT,INPUT_ITEM,VIEW_ITEM,UNIQUE_ITEM,REQUIRED_ITEM,AUTOREG_HIDE_ITEM,AUTOREG_ONLY_ITEM,INITIAL_VALUE,VALIDATE_OPTION,VALIDATE_REG_EXP,BEFORE_VALIDATE_REGISTER,AFTER_VALIDATE_REGISTER,DESCRIPTION_JA,DESCRIPTION_EN,NOTE,DISUSE_FLAG,LAST_UPDATE_TIMESTAMP,LAST_UPDATE_USER) VALUES('11010204','110102','備考','Remarks','remarks',NULL,'12',40,NULL,NULL,NULL,NULL,'0',NULL,NULL,NULL,NULL,'NOTE',NULL,'0','1','1','0','0','1','0',NULL,'{
"min_length": 0,
"max_length": 4000
}',NULL,NULL,NULL,'自由記述欄。','Comments section. ',NULL,'0',_____DATE_____,1);
INSERT INTO T_COMN_MENU_COLUMN_LINK_JNL (JOURNAL_SEQ_NO,JOURNAL_REG_DATETIME,JOURNAL_ACTION_CLASS,COLUMN_DEFINITION_ID,MENU_ID,COLUMN_NAME_JA,COLUMN_NAME_EN,COLUMN_NAME_REST,COL_GROUP_ID,COLUMN_CLASS,COLUMN_DISP_SEQ,REF_TABLE_NAME,REF_PKEY_NAME,REF_COL_NAME,REF_SORT_CONDITIONS,REF_MULTI_LANG,REFERENCE_ITEM,SENSITIVE_COL_NAME,FILE_UPLOAD_PLACE,BUTTON_ACTION,COL_NAME,SAVE_TYPE,AUTO_INPUT,INPUT_ITEM,VIEW_ITEM,UNIQUE_ITEM,REQUIRED_ITEM,AUTOREG_HIDE_ITEM,AUTOREG_ONLY_ITEM,INITIAL_VALUE,VALIDATE_OPTION,VALIDATE_REG_EXP,BEFORE_VALIDATE_REGISTER,AFTER_VALIDATE_REGISTER,DESCRIPTION_JA,DESCRIPTION_EN,NOTE,DISUSE_FLAG,LAST_UPDATE_TIMESTAMP,LAST_UPDATE_USER) VALUES(11010204,_____DATE_____,'INSERT','11010204','110102','備考','Remarks','remarks',NULL,'12',40,NULL,NULL,NULL,NULL,'0',NULL,NULL,NULL,NULL,'NOTE',NULL,'0','1','1','0','0','1','0',NULL,'{
"min_length": 0,
"max_length": 4000
}',NULL,NULL,NULL,'自由記述欄。','Comments section. ',NULL,'0',_____DATE_____,1);
INSERT INTO T_COMN_MENU_COLUMN_LINK (COLUMN_DEFINITION_ID,MENU_ID,COLUMN_NAME_JA,COLUMN_NAME_EN,COLUMN_NAME_REST,COL_GROUP_ID,COLUMN_CLASS,COLUMN_DISP_SEQ,REF_TABLE_NAME,REF_PKEY_NAME,REF_COL_NAME,REF_SORT_CONDITIONS,REF_MULTI_LANG,REFERENCE_ITEM,SENSITIVE_COL_NAME,FILE_UPLOAD_PLACE,BUTTON_ACTION,COL_NAME,SAVE_TYPE,AUTO_INPUT,INPUT_ITEM,VIEW_ITEM,UNIQUE_ITEM,REQUIRED_ITEM,AUTOREG_HIDE_ITEM,AUTOREG_ONLY_ITEM,INITIAL_VALUE,VALIDATE_OPTION,VALIDATE_REG_EXP,BEFORE_VALIDATE_REGISTER,AFTER_VALIDATE_REGISTER,DESCRIPTION_JA,DESCRIPTION_EN,NOTE,DISUSE_FLAG,LAST_UPDATE_TIMESTAMP,LAST_UPDATE_USER) VALUES('11010205','110102','廃止フラグ','Discard','discard',NULL,'1',50,NULL,NULL,NULL,NULL,'0',NULL,NULL,NULL,NULL,'DISUSE_FLAG',NULL,'1','1','1','0','1','1','0',NULL,NULL,NULL,NULL,NULL,'廃止フラグ。復活以外のオペレーションは不可','Discard flag. Cannot do operation other than restore.',NULL,'0',_____DATE_____,1);
INSERT INTO T_COMN_MENU_COLUMN_LINK_JNL (JOURNAL_SEQ_NO,JOURNAL_REG_DATETIME,JOURNAL_ACTION_CLASS,COLUMN_DEFINITION_ID,MENU_ID,COLUMN_NAME_JA,COLUMN_NAME_EN,COLUMN_NAME_REST,COL_GROUP_ID,COLUMN_CLASS,COLUMN_DISP_SEQ,REF_TABLE_NAME,REF_PKEY_NAME,REF_COL_NAME,REF_SORT_CONDITIONS,REF_MULTI_LANG,REFERENCE_ITEM,SENSITIVE_COL_NAME,FILE_UPLOAD_PLACE,BUTTON_ACTION,COL_NAME,SAVE_TYPE,AUTO_INPUT,INPUT_ITEM,VIEW_ITEM,UNIQUE_ITEM,REQUIRED_ITEM,AUTOREG_HIDE_ITEM,AUTOREG_ONLY_ITEM,INITIAL_VALUE,VALIDATE_OPTION,VALIDATE_REG_EXP,BEFORE_VALIDATE_REGISTER,AFTER_VALIDATE_REGISTER,DESCRIPTION_JA,DESCRIPTION_EN,NOTE,DISUSE_FLAG,LAST_UPDATE_TIMESTAMP,LAST_UPDATE_USER) VALUES(11010205,_____DATE_____,'INSERT','11010205','110102','廃止フラグ','Discard','discard',NULL,'1',50,NULL,NULL,NULL,NULL,'0',NULL,NULL,NULL,NULL,'DISUSE_FLAG',NULL,'1','1','1','0','1','1','0',NULL,NULL,NULL,NULL,NULL,'廃止フラグ。復活以外のオペレーションは不可','Discard flag. Cannot do operation other than restore.',NULL,'0',_____DATE_____,1);
INSERT INTO T_COMN_MENU_COLUMN_LINK (COLUMN_DEFINITION_ID,MENU_ID,COLUMN_NAME_JA,COLUMN_NAME_EN,COLUMN_NAME_REST,COL_GROUP_ID,COLUMN_CLASS,COLUMN_DISP_SEQ,REF_TABLE_NAME,REF_PKEY_NAME,REF_COL_NAME,REF_SORT_CONDITIONS,REF_MULTI_LANG,REFERENCE_ITEM,SENSITIVE_COL_NAME,FILE_UPLOAD_PLACE,BUTTON_ACTION,COL_NAME,SAVE_TYPE,AUTO_INPUT,INPUT_ITEM,VIEW_ITEM,UNIQUE_ITEM,REQUIRED_ITEM,AUTOREG_HIDE_ITEM,AUTOREG_ONLY_ITEM,INITIAL_VALUE,VALIDATE_OPTION,VALIDATE_REG_EXP,BEFORE_VALIDATE_REGISTER,AFTER_VALIDATE_REGISTER,DESCRIPTION_JA,DESCRIPTION_EN,NOTE,DISUSE_FLAG,LAST_UPDATE_TIMESTAMP,LAST_UPDATE_USER) VALUES('11010206','110102','最終更新日時','Last update date/time','last_update_date_time',NULL,'13',60,NULL,NULL,NULL,NULL,'0',NULL,NULL,NULL,NULL,'LAST_UPDATE_TIMESTAMP',NULL,'1','0','1','0','1','1','0',NULL,NULL,NULL,NULL,NULL,'レコードの最終更新日。自動登録のため編集不可。','Last update date of record. Cannot edit because of auto-registration.',NULL,'0',_____DATE_____,1);
INSERT INTO T_COMN_MENU_COLUMN_LINK_JNL (JOURNAL_SEQ_NO,JOURNAL_REG_DATETIME,JOURNAL_ACTION_CLASS,COLUMN_DEFINITION_ID,MENU_ID,COLUMN_NAME_JA,COLUMN_NAME_EN,COLUMN_NAME_REST,COL_GROUP_ID,COLUMN_CLASS,COLUMN_DISP_SEQ,REF_TABLE_NAME,REF_PKEY_NAME,REF_COL_NAME,REF_SORT_CONDITIONS,REF_MULTI_LANG,REFERENCE_ITEM,SENSITIVE_COL_NAME,FILE_UPLOAD_PLACE,BUTTON_ACTION,COL_NAME,SAVE_TYPE,AUTO_INPUT,INPUT_ITEM,VIEW_ITEM,UNIQUE_ITEM,REQUIRED_ITEM,AUTOREG_HIDE_ITEM,AUTOREG_ONLY_ITEM,INITIAL_VALUE,VALIDATE_OPTION,VALIDATE_REG_EXP,BEFORE_VALIDATE_REGISTER,AFTER_VALIDATE_REGISTER,DESCRIPTION_JA,DESCRIPTION_EN,NOTE,DISUSE_FLAG,LAST_UPDATE_TIMESTAMP,LAST_UPDATE_USER) VALUES(11010206,_____DATE_____,'INSERT','11010206','110102','最終更新日時','Last update date/time','last_update_date_time',NULL,'13',60,NULL,NULL,NULL,NULL,'0',NULL,NULL,NULL,NULL,'LAST_UPDATE_TIMESTAMP',NULL,'1','0','1','0','1','1','0',NULL,NULL,NULL,NULL,NULL,'レコードの最終更新日。自動登録のため編集不可。','Last update date of record. Cannot edit because of auto-registration.',NULL,'0',_____DATE_____,1);
INSERT INTO T_COMN_MENU_COLUMN_LINK (COLUMN_DEFINITION_ID,MENU_ID,COLUMN_NAME_JA,COLUMN_NAME_EN,COLUMN_NAME_REST,COL_GROUP_ID,COLUMN_CLASS,COLUMN_DISP_SEQ,REF_TABLE_NAME,REF_PKEY_NAME,REF_COL_NAME,REF_SORT_CONDITIONS,REF_MULTI_LANG,REFERENCE_ITEM,SENSITIVE_COL_NAME,FILE_UPLOAD_PLACE,BUTTON_ACTION,COL_NAME,SAVE_TYPE,AUTO_INPUT,INPUT_ITEM,VIEW_ITEM,UNIQUE_ITEM,REQUIRED_ITEM,AUTOREG_HIDE_ITEM,AUTOREG_ONLY_ITEM,INITIAL_VALUE,VALIDATE_OPTION,VALIDATE_REG_EXP,BEFORE_VALIDATE_REGISTER,AFTER_VALIDATE_REGISTER,DESCRIPTION_JA,DESCRIPTION_EN,NOTE,DISUSE_FLAG,LAST_UPDATE_TIMESTAMP,LAST_UPDATE_USER) VALUES('11010207','110102','最終更新者','Last updated by','last_updated_user',NULL,'14',70,NULL,NULL,NULL,NULL,'0',NULL,NULL,NULL,NULL,'LAST_UPDATE_USER',NULL,'1','0','1','0','1','1','0',NULL,NULL,NULL,NULL,NULL,'更新者。ログインユーザのIDが自動的に登録される。編集不可。','Updated by. Login user ID is automatically registered. Cannot edit.',NULL,'0',_____DATE_____,1);
INSERT INTO T_COMN_MENU_COLUMN_LINK_JNL (JOURNAL_SEQ_NO,JOURNAL_REG_DATETIME,JOURNAL_ACTION_CLASS,COLUMN_DEFINITION_ID,MENU_ID,COLUMN_NAME_JA,COLUMN_NAME_EN,COLUMN_NAME_REST,COL_GROUP_ID,COLUMN_CLASS,COLUMN_DISP_SEQ,REF_TABLE_NAME,REF_PKEY_NAME,REF_COL_NAME,REF_SORT_CONDITIONS,REF_MULTI_LANG,REFERENCE_ITEM,SENSITIVE_COL_NAME,FILE_UPLOAD_PLACE,BUTTON_ACTION,COL_NAME,SAVE_TYPE,AUTO_INPUT,INPUT_ITEM,VIEW_ITEM,UNIQUE_ITEM,REQUIRED_ITEM,AUTOREG_HIDE_ITEM,AUTOREG_ONLY_ITEM,INITIAL_VALUE,VALIDATE_OPTION,VALIDATE_REG_EXP,BEFORE_VALIDATE_REGISTER,AFTER_VALIDATE_REGISTER,DESCRIPTION_JA,DESCRIPTION_EN,NOTE,DISUSE_FLAG,LAST_UPDATE_TIMESTAMP,LAST_UPDATE_USER) VALUES(11010207,_____DATE_____,'INSERT','11010207','110102','最終更新者','Last updated by','last_updated_user',NULL,'14',70,NULL,NULL,NULL,NULL,'0',NULL,NULL,NULL,NULL,'LAST_UPDATE_USER',NULL,'1','0','1','0','1','1','0',NULL,NULL,NULL,NULL,NULL,'更新者。ログインユーザのIDが自動的に登録される。編集不可。','Updated by. Login user ID is automatically registered. Cannot edit.',NULL,'0',_____DATE_____,1);
INSERT INTO T_COMN_MENU_COLUMN_LINK (COLUMN_DEFINITION_ID,MENU_ID,COLUMN_NAME_JA,COLUMN_NAME_EN,COLUMN_NAME_REST,COL_GROUP_ID,COLUMN_CLASS,COLUMN_DISP_SEQ,REF_TABLE_NAME,REF_PKEY_NAME,REF_COL_NAME,REF_SORT_CONDITIONS,REF_MULTI_LANG,REFERENCE_ITEM,SENSITIVE_COL_NAME,FILE_UPLOAD_PLACE,BUTTON_ACTION,COL_NAME,SAVE_TYPE,AUTO_INPUT,INPUT_ITEM,VIEW_ITEM,UNIQUE_ITEM,REQUIRED_ITEM,AUTOREG_HIDE_ITEM,AUTOREG_ONLY_ITEM,INITIAL_VALUE,VALIDATE_OPTION,VALIDATE_REG_EXP,BEFORE_VALIDATE_REGISTER,AFTER_VALIDATE_REGISTER,DESCRIPTION_JA,DESCRIPTION_EN,NOTE,DISUSE_FLAG,LAST_UPDATE_TIMESTAMP,LAST_UPDATE_USER) VALUES('11010301','110103','オブジェクトID','Object ID','_id',NULL,'1',10,NULL,NULL,NULL,NULL,'0',NULL,NULL,NULL,NULL,'id',NULL,'0','0','0','0','0','0','0',NULL,NULL,NULL,NULL,NULL,NULL,NULL,NULL,'0',_____DATE_____,0);
INSERT INTO T_COMN_MENU_COLUMN_LINK_JNL (JOURNAL_SEQ_NO,JOURNAL_REG_DATETIME,JOURNAL_ACTION_CLASS,COLUMN_DEFINITION_ID,MENU_ID,COLUMN_NAME_JA,COLUMN_NAME_EN,COLUMN_NAME_REST,COL_GROUP_ID,COLUMN_CLASS,COLUMN_DISP_SEQ,REF_TABLE_NAME,REF_PKEY_NAME,REF_COL_NAME,REF_SORT_CONDITIONS,REF_MULTI_LANG,REFERENCE_ITEM,SENSITIVE_COL_NAME,FILE_UPLOAD_PLACE,BUTTON_ACTION,COL_NAME,SAVE_TYPE,AUTO_INPUT,INPUT_ITEM,VIEW_ITEM,UNIQUE_ITEM,REQUIRED_ITEM,AUTOREG_HIDE_ITEM,AUTOREG_ONLY_ITEM,INITIAL_VALUE,VALIDATE_OPTION,VALIDATE_REG_EXP,BEFORE_VALIDATE_REGISTER,AFTER_VALIDATE_REGISTER,DESCRIPTION_JA,DESCRIPTION_EN,NOTE,DISUSE_FLAG,LAST_UPDATE_TIMESTAMP,LAST_UPDATE_USER) VALUES(11010301,_____DATE_____,'INSERT','11010301','110103','オブジェクトID','Object ID','_id',NULL,'1',10,NULL,NULL,NULL,NULL,'0',NULL,NULL,NULL,NULL,'id',NULL,'0','0','0','0','0','0','0',NULL,NULL,NULL,NULL,NULL,NULL,NULL,NULL,'0',_____DATE_____,0);
INSERT INTO T_COMN_MENU_COLUMN_LINK (COLUMN_DEFINITION_ID,MENU_ID,COLUMN_NAME_JA,COLUMN_NAME_EN,COLUMN_NAME_REST,COL_GROUP_ID,COLUMN_CLASS,COLUMN_DISP_SEQ,REF_TABLE_NAME,REF_PKEY_NAME,REF_COL_NAME,REF_SORT_CONDITIONS,REF_MULTI_LANG,REFERENCE_ITEM,SENSITIVE_COL_NAME,FILE_UPLOAD_PLACE,BUTTON_ACTION,COL_NAME,SAVE_TYPE,AUTO_INPUT,INPUT_ITEM,VIEW_ITEM,UNIQUE_ITEM,REQUIRED_ITEM,AUTOREG_HIDE_ITEM,AUTOREG_ONLY_ITEM,INITIAL_VALUE,VALIDATE_OPTION,VALIDATE_REG_EXP,BEFORE_VALIDATE_REGISTER,AFTER_VALIDATE_REGISTER,DESCRIPTION_JA,DESCRIPTION_EN,NOTE,DISUSE_FLAG,LAST_UPDATE_TIMESTAMP,LAST_UPDATE_USER) VALUES('11010302','110103','イベント収集設定UUID','Event collection setting ID','_exastro_event_collection_settings_id',NULL,'1',20,NULL,NULL,NULL,NULL,'0',NULL,NULL,NULL,NULL,'event_collection_settings_id',NULL,'0','0','0','0','0','0','0',NULL,NULL,NULL,NULL,NULL,NULL,NULL,NULL,'0',_____DATE_____,0);
INSERT INTO T_COMN_MENU_COLUMN_LINK_JNL (JOURNAL_SEQ_NO,JOURNAL_REG_DATETIME,JOURNAL_ACTION_CLASS,COLUMN_DEFINITION_ID,MENU_ID,COLUMN_NAME_JA,COLUMN_NAME_EN,COLUMN_NAME_REST,COL_GROUP_ID,COLUMN_CLASS,COLUMN_DISP_SEQ,REF_TABLE_NAME,REF_PKEY_NAME,REF_COL_NAME,REF_SORT_CONDITIONS,REF_MULTI_LANG,REFERENCE_ITEM,SENSITIVE_COL_NAME,FILE_UPLOAD_PLACE,BUTTON_ACTION,COL_NAME,SAVE_TYPE,AUTO_INPUT,INPUT_ITEM,VIEW_ITEM,UNIQUE_ITEM,REQUIRED_ITEM,AUTOREG_HIDE_ITEM,AUTOREG_ONLY_ITEM,INITIAL_VALUE,VALIDATE_OPTION,VALIDATE_REG_EXP,BEFORE_VALIDATE_REGISTER,AFTER_VALIDATE_REGISTER,DESCRIPTION_JA,DESCRIPTION_EN,NOTE,DISUSE_FLAG,LAST_UPDATE_TIMESTAMP,LAST_UPDATE_USER) VALUES(11010302,_____DATE_____,'INSERT','11010302','110103','イベント収集設定UUID','Event collection setting ID','_exastro_event_collection_settings_id',NULL,'1',20,NULL,NULL,NULL,NULL,'0',NULL,NULL,NULL,NULL,'event_collection_settings_id',NULL,'0','0','0','0','0','0','0',NULL,NULL,NULL,NULL,NULL,NULL,NULL,NULL,'0',_____DATE_____,0);
INSERT INTO T_COMN_MENU_COLUMN_LINK (COLUMN_DEFINITION_ID,MENU_ID,COLUMN_NAME_JA,COLUMN_NAME_EN,COLUMN_NAME_REST,COL_GROUP_ID,COLUMN_CLASS,COLUMN_DISP_SEQ,REF_TABLE_NAME,REF_PKEY_NAME,REF_COL_NAME,REF_SORT_CONDITIONS,REF_MULTI_LANG,REFERENCE_ITEM,SENSITIVE_COL_NAME,FILE_UPLOAD_PLACE,BUTTON_ACTION,COL_NAME,SAVE_TYPE,AUTO_INPUT,INPUT_ITEM,VIEW_ITEM,UNIQUE_ITEM,REQUIRED_ITEM,AUTOREG_HIDE_ITEM,AUTOREG_ONLY_ITEM,INITIAL_VALUE,VALIDATE_OPTION,VALIDATE_REG_EXP,BEFORE_VALIDATE_REGISTER,AFTER_VALIDATE_REGISTER,DESCRIPTION_JA,DESCRIPTION_EN,NOTE,DISUSE_FLAG,LAST_UPDATE_TIMESTAMP,LAST_UPDATE_USER) VALUES('11010303','110103','イベント収集日時','Fetched time','_exastro_fetched_time',NULL,'5',30,NULL,NULL,NULL,NULL,'0',NULL,NULL,NULL,NULL,'fetched_time',NULL,'0','0','0','0','0','0','0',NULL,NULL,NULL,NULL,NULL,NULL,NULL,NULL,'0',_____DATE_____,0);
INSERT INTO T_COMN_MENU_COLUMN_LINK_JNL (JOURNAL_SEQ_NO,JOURNAL_REG_DATETIME,JOURNAL_ACTION_CLASS,COLUMN_DEFINITION_ID,MENU_ID,COLUMN_NAME_JA,COLUMN_NAME_EN,COLUMN_NAME_REST,COL_GROUP_ID,COLUMN_CLASS,COLUMN_DISP_SEQ,REF_TABLE_NAME,REF_PKEY_NAME,REF_COL_NAME,REF_SORT_CONDITIONS,REF_MULTI_LANG,REFERENCE_ITEM,SENSITIVE_COL_NAME,FILE_UPLOAD_PLACE,BUTTON_ACTION,COL_NAME,SAVE_TYPE,AUTO_INPUT,INPUT_ITEM,VIEW_ITEM,UNIQUE_ITEM,REQUIRED_ITEM,AUTOREG_HIDE_ITEM,AUTOREG_ONLY_ITEM,INITIAL_VALUE,VALIDATE_OPTION,VALIDATE_REG_EXP,BEFORE_VALIDATE_REGISTER,AFTER_VALIDATE_REGISTER,DESCRIPTION_JA,DESCRIPTION_EN,NOTE,DISUSE_FLAG,LAST_UPDATE_TIMESTAMP,LAST_UPDATE_USER) VALUES(11010303,_____DATE_____,'INSERT','11010303','110103','イベント収集日時','Fetched time','_exastro_fetched_time',NULL,'5',30,NULL,NULL,NULL,NULL,'0',NULL,NULL,NULL,NULL,'fetched_time',NULL,'0','0','0','0','0','0','0',NULL,NULL,NULL,NULL,NULL,NULL,NULL,NULL,'0',_____DATE_____,0);
INSERT INTO T_COMN_MENU_COLUMN_LINK (COLUMN_DEFINITION_ID,MENU_ID,COLUMN_NAME_JA,COLUMN_NAME_EN,COLUMN_NAME_REST,COL_GROUP_ID,COLUMN_CLASS,COLUMN_DISP_SEQ,REF_TABLE_NAME,REF_PKEY_NAME,REF_COL_NAME,REF_SORT_CONDITIONS,REF_MULTI_LANG,REFERENCE_ITEM,SENSITIVE_COL_NAME,FILE_UPLOAD_PLACE,BUTTON_ACTION,COL_NAME,SAVE_TYPE,AUTO_INPUT,INPUT_ITEM,VIEW_ITEM,UNIQUE_ITEM,REQUIRED_ITEM,AUTOREG_HIDE_ITEM,AUTOREG_ONLY_ITEM,INITIAL_VALUE,VALIDATE_OPTION,VALIDATE_REG_EXP,BEFORE_VALIDATE_REGISTER,AFTER_VALIDATE_REGISTER,DESCRIPTION_JA,DESCRIPTION_EN,NOTE,DISUSE_FLAG,LAST_UPDATE_TIMESTAMP,LAST_UPDATE_USER) VALUES('11010304','110103','イベント有効日時','End time','_exastro_end_time',NULL,'5',40,NULL,NULL,NULL,NULL,'0',NULL,NULL,NULL,NULL,'end_time',NULL,'0','0','0','0','0','0','0',NULL,NULL,NULL,NULL,NULL,NULL,NULL,NULL,'0',_____DATE_____,0);
INSERT INTO T_COMN_MENU_COLUMN_LINK_JNL (JOURNAL_SEQ_NO,JOURNAL_REG_DATETIME,JOURNAL_ACTION_CLASS,COLUMN_DEFINITION_ID,MENU_ID,COLUMN_NAME_JA,COLUMN_NAME_EN,COLUMN_NAME_REST,COL_GROUP_ID,COLUMN_CLASS,COLUMN_DISP_SEQ,REF_TABLE_NAME,REF_PKEY_NAME,REF_COL_NAME,REF_SORT_CONDITIONS,REF_MULTI_LANG,REFERENCE_ITEM,SENSITIVE_COL_NAME,FILE_UPLOAD_PLACE,BUTTON_ACTION,COL_NAME,SAVE_TYPE,AUTO_INPUT,INPUT_ITEM,VIEW_ITEM,UNIQUE_ITEM,REQUIRED_ITEM,AUTOREG_HIDE_ITEM,AUTOREG_ONLY_ITEM,INITIAL_VALUE,VALIDATE_OPTION,VALIDATE_REG_EXP,BEFORE_VALIDATE_REGISTER,AFTER_VALIDATE_REGISTER,DESCRIPTION_JA,DESCRIPTION_EN,NOTE,DISUSE_FLAG,LAST_UPDATE_TIMESTAMP,LAST_UPDATE_USER) VALUES(11010304,_____DATE_____,'INSERT','11010304','110103','イベント有効日時','End time','_exastro_end_time',NULL,'5',40,NULL,NULL,NULL,NULL,'0',NULL,NULL,NULL,NULL,'end_time',NULL,'0','0','0','0','0','0','0',NULL,NULL,NULL,NULL,NULL,NULL,NULL,NULL,'0',_____DATE_____,0);
INSERT INTO T_COMN_MENU_COLUMN_LINK (COLUMN_DEFINITION_ID,MENU_ID,COLUMN_NAME_JA,COLUMN_NAME_EN,COLUMN_NAME_REST,COL_GROUP_ID,COLUMN_CLASS,COLUMN_DISP_SEQ,REF_TABLE_NAME,REF_PKEY_NAME,REF_COL_NAME,REF_SORT_CONDITIONS,REF_MULTI_LANG,REFERENCE_ITEM,SENSITIVE_COL_NAME,FILE_UPLOAD_PLACE,BUTTON_ACTION,COL_NAME,SAVE_TYPE,AUTO_INPUT,INPUT_ITEM,VIEW_ITEM,UNIQUE_ITEM,REQUIRED_ITEM,AUTOREG_HIDE_ITEM,AUTOREG_ONLY_ITEM,INITIAL_VALUE,VALIDATE_OPTION,VALIDATE_REG_EXP,BEFORE_VALIDATE_REGISTER,AFTER_VALIDATE_REGISTER,DESCRIPTION_JA,DESCRIPTION_EN,NOTE,DISUSE_FLAG,LAST_UPDATE_TIMESTAMP,LAST_UPDATE_USER) VALUES('11010305','110103','イベント状態','Event states','_exastro_event_status',NULL,'1',50,NULL,NULL,NULL,NULL,'0',NULL,NULL,NULL,NULL,'event_status',NULL,'0','0','0','0','0','0','0',NULL,NULL,NULL,NULL,NULL,NULL,NULL,NULL,'0',_____DATE_____,0);
INSERT INTO T_COMN_MENU_COLUMN_LINK_JNL (JOURNAL_SEQ_NO,JOURNAL_REG_DATETIME,JOURNAL_ACTION_CLASS,COLUMN_DEFINITION_ID,MENU_ID,COLUMN_NAME_JA,COLUMN_NAME_EN,COLUMN_NAME_REST,COL_GROUP_ID,COLUMN_CLASS,COLUMN_DISP_SEQ,REF_TABLE_NAME,REF_PKEY_NAME,REF_COL_NAME,REF_SORT_CONDITIONS,REF_MULTI_LANG,REFERENCE_ITEM,SENSITIVE_COL_NAME,FILE_UPLOAD_PLACE,BUTTON_ACTION,COL_NAME,SAVE_TYPE,AUTO_INPUT,INPUT_ITEM,VIEW_ITEM,UNIQUE_ITEM,REQUIRED_ITEM,AUTOREG_HIDE_ITEM,AUTOREG_ONLY_ITEM,INITIAL_VALUE,VALIDATE_OPTION,VALIDATE_REG_EXP,BEFORE_VALIDATE_REGISTER,AFTER_VALIDATE_REGISTER,DESCRIPTION_JA,DESCRIPTION_EN,NOTE,DISUSE_FLAG,LAST_UPDATE_TIMESTAMP,LAST_UPDATE_USER) VALUES(11010305,_____DATE_____,'INSERT','11010305','110103','イベント状態','Event states','_exastro_event_status',NULL,'1',50,NULL,NULL,NULL,NULL,'0',NULL,NULL,NULL,NULL,'event_status',NULL,'0','0','0','0','0','0','0',NULL,NULL,NULL,NULL,NULL,NULL,NULL,NULL,'0',_____DATE_____,0);
INSERT INTO T_COMN_MENU_COLUMN_LINK (COLUMN_DEFINITION_ID,MENU_ID,COLUMN_NAME_JA,COLUMN_NAME_EN,COLUMN_NAME_REST,COL_GROUP_ID,COLUMN_CLASS,COLUMN_DISP_SEQ,REF_TABLE_NAME,REF_PKEY_NAME,REF_COL_NAME,REF_SORT_CONDITIONS,REF_MULTI_LANG,REFERENCE_ITEM,SENSITIVE_COL_NAME,FILE_UPLOAD_PLACE,BUTTON_ACTION,COL_NAME,SAVE_TYPE,AUTO_INPUT,INPUT_ITEM,VIEW_ITEM,UNIQUE_ITEM,REQUIRED_ITEM,AUTOREG_HIDE_ITEM,AUTOREG_ONLY_ITEM,INITIAL_VALUE,VALIDATE_OPTION,VALIDATE_REG_EXP,BEFORE_VALIDATE_REGISTER,AFTER_VALIDATE_REGISTER,DESCRIPTION_JA,DESCRIPTION_EN,NOTE,DISUSE_FLAG,LAST_UPDATE_TIMESTAMP,LAST_UPDATE_USER) VALUES('11010306','110103','イベント種別','Event type','_exastro_type',NULL,'1',60,NULL,NULL,NULL,NULL,'0',NULL,NULL,NULL,NULL,'event_type',NULL,'0','0','0','0','0','0','0',NULL,NULL,NULL,NULL,NULL,NULL,NULL,NULL,'0',_____DATE_____,0);
INSERT INTO T_COMN_MENU_COLUMN_LINK_JNL (JOURNAL_SEQ_NO,JOURNAL_REG_DATETIME,JOURNAL_ACTION_CLASS,COLUMN_DEFINITION_ID,MENU_ID,COLUMN_NAME_JA,COLUMN_NAME_EN,COLUMN_NAME_REST,COL_GROUP_ID,COLUMN_CLASS,COLUMN_DISP_SEQ,REF_TABLE_NAME,REF_PKEY_NAME,REF_COL_NAME,REF_SORT_CONDITIONS,REF_MULTI_LANG,REFERENCE_ITEM,SENSITIVE_COL_NAME,FILE_UPLOAD_PLACE,BUTTON_ACTION,COL_NAME,SAVE_TYPE,AUTO_INPUT,INPUT_ITEM,VIEW_ITEM,UNIQUE_ITEM,REQUIRED_ITEM,AUTOREG_HIDE_ITEM,AUTOREG_ONLY_ITEM,INITIAL_VALUE,VALIDATE_OPTION,VALIDATE_REG_EXP,BEFORE_VALIDATE_REGISTER,AFTER_VALIDATE_REGISTER,DESCRIPTION_JA,DESCRIPTION_EN,NOTE,DISUSE_FLAG,LAST_UPDATE_TIMESTAMP,LAST_UPDATE_USER) VALUES(11010306,_____DATE_____,'INSERT','11010306','110103','イベント種別','Event type','_exastro_type',NULL,'1',60,NULL,NULL,NULL,NULL,'0',NULL,NULL,NULL,NULL,'event_type',NULL,'0','0','0','0','0','0','0',NULL,NULL,NULL,NULL,NULL,NULL,NULL,NULL,'0',_____DATE_____,0);
INSERT INTO T_COMN_MENU_COLUMN_LINK (COLUMN_DEFINITION_ID,MENU_ID,COLUMN_NAME_JA,COLUMN_NAME_EN,COLUMN_NAME_REST,COL_GROUP_ID,COLUMN_CLASS,COLUMN_DISP_SEQ,REF_TABLE_NAME,REF_PKEY_NAME,REF_COL_NAME,REF_SORT_CONDITIONS,REF_MULTI_LANG,REFERENCE_ITEM,SENSITIVE_COL_NAME,FILE_UPLOAD_PLACE,BUTTON_ACTION,COL_NAME,SAVE_TYPE,AUTO_INPUT,INPUT_ITEM,VIEW_ITEM,UNIQUE_ITEM,REQUIRED_ITEM,AUTOREG_HIDE_ITEM,AUTOREG_ONLY_ITEM,INITIAL_VALUE,VALIDATE_OPTION,VALIDATE_REG_EXP,BEFORE_VALIDATE_REGISTER,AFTER_VALIDATE_REGISTER,DESCRIPTION_JA,DESCRIPTION_EN,NOTE,DISUSE_FLAG,LAST_UPDATE_TIMESTAMP,LAST_UPDATE_USER) VALUES('11010307','110103','ラベル','Labels','labels',NULL,'2',70,NULL,NULL,NULL,NULL,'0',NULL,NULL,NULL,NULL,'labels',NULL,'0','0','0','0','0','0','0',NULL,NULL,NULL,NULL,NULL,NULL,NULL,NULL,'0',_____DATE_____,0);
INSERT INTO T_COMN_MENU_COLUMN_LINK_JNL (JOURNAL_SEQ_NO,JOURNAL_REG_DATETIME,JOURNAL_ACTION_CLASS,COLUMN_DEFINITION_ID,MENU_ID,COLUMN_NAME_JA,COLUMN_NAME_EN,COLUMN_NAME_REST,COL_GROUP_ID,COLUMN_CLASS,COLUMN_DISP_SEQ,REF_TABLE_NAME,REF_PKEY_NAME,REF_COL_NAME,REF_SORT_CONDITIONS,REF_MULTI_LANG,REFERENCE_ITEM,SENSITIVE_COL_NAME,FILE_UPLOAD_PLACE,BUTTON_ACTION,COL_NAME,SAVE_TYPE,AUTO_INPUT,INPUT_ITEM,VIEW_ITEM,UNIQUE_ITEM,REQUIRED_ITEM,AUTOREG_HIDE_ITEM,AUTOREG_ONLY_ITEM,INITIAL_VALUE,VALIDATE_OPTION,VALIDATE_REG_EXP,BEFORE_VALIDATE_REGISTER,AFTER_VALIDATE_REGISTER,DESCRIPTION_JA,DESCRIPTION_EN,NOTE,DISUSE_FLAG,LAST_UPDATE_TIMESTAMP,LAST_UPDATE_USER) VALUES(11010307,_____DATE_____,'INSERT','11010307','110103','ラベル','Labels','labels',NULL,'2',70,NULL,NULL,NULL,NULL,'0',NULL,NULL,NULL,NULL,'labels',NULL,'0','0','0','0','0','0','0',NULL,NULL,NULL,NULL,NULL,NULL,NULL,NULL,'0',_____DATE_____,0);
INSERT INTO T_COMN_MENU_COLUMN_LINK (COLUMN_DEFINITION_ID,MENU_ID,COLUMN_NAME_JA,COLUMN_NAME_EN,COLUMN_NAME_REST,COL_GROUP_ID,COLUMN_CLASS,COLUMN_DISP_SEQ,REF_TABLE_NAME,REF_PKEY_NAME,REF_COL_NAME,REF_SORT_CONDITIONS,REF_MULTI_LANG,REFERENCE_ITEM,SENSITIVE_COL_NAME,FILE_UPLOAD_PLACE,BUTTON_ACTION,COL_NAME,SAVE_TYPE,AUTO_INPUT,INPUT_ITEM,VIEW_ITEM,UNIQUE_ITEM,REQUIRED_ITEM,AUTOREG_HIDE_ITEM,AUTOREG_ONLY_ITEM,INITIAL_VALUE,VALIDATE_OPTION,VALIDATE_REG_EXP,BEFORE_VALIDATE_REGISTER,AFTER_VALIDATE_REGISTER,DESCRIPTION_JA,DESCRIPTION_EN,NOTE,DISUSE_FLAG,LAST_UPDATE_TIMESTAMP,LAST_UPDATE_USER) VALUES('11010308','110103','評価ルール名','Rule name','_exastro_rule_name',NULL,'1',80,NULL,NULL,NULL,NULL,'0',NULL,NULL,NULL,NULL,'rule_name',NULL,'0','0','0','0','0','0','0',NULL,NULL,NULL,NULL,NULL,NULL,NULL,NULL,'0',_____DATE_____,0);
INSERT INTO T_COMN_MENU_COLUMN_LINK_JNL (JOURNAL_SEQ_NO,JOURNAL_REG_DATETIME,JOURNAL_ACTION_CLASS,COLUMN_DEFINITION_ID,MENU_ID,COLUMN_NAME_JA,COLUMN_NAME_EN,COLUMN_NAME_REST,COL_GROUP_ID,COLUMN_CLASS,COLUMN_DISP_SEQ,REF_TABLE_NAME,REF_PKEY_NAME,REF_COL_NAME,REF_SORT_CONDITIONS,REF_MULTI_LANG,REFERENCE_ITEM,SENSITIVE_COL_NAME,FILE_UPLOAD_PLACE,BUTTON_ACTION,COL_NAME,SAVE_TYPE,AUTO_INPUT,INPUT_ITEM,VIEW_ITEM,UNIQUE_ITEM,REQUIRED_ITEM,AUTOREG_HIDE_ITEM,AUTOREG_ONLY_ITEM,INITIAL_VALUE,VALIDATE_OPTION,VALIDATE_REG_EXP,BEFORE_VALIDATE_REGISTER,AFTER_VALIDATE_REGISTER,DESCRIPTION_JA,DESCRIPTION_EN,NOTE,DISUSE_FLAG,LAST_UPDATE_TIMESTAMP,LAST_UPDATE_USER) VALUES(11010308,_____DATE_____,'INSERT','11010308','110103','評価ルール名','Rule name','_exastro_rule_name',NULL,'1',80,NULL,NULL,NULL,NULL,'0',NULL,NULL,NULL,NULL,'rule_name',NULL,'0','0','0','0','0','0','0',NULL,NULL,NULL,NULL,NULL,NULL,NULL,NULL,'0',_____DATE_____,0);
INSERT INTO T_COMN_MENU_COLUMN_LINK (COLUMN_DEFINITION_ID,MENU_ID,COLUMN_NAME_JA,COLUMN_NAME_EN,COLUMN_NAME_REST,COL_GROUP_ID,COLUMN_CLASS,COLUMN_DISP_SEQ,REF_TABLE_NAME,REF_PKEY_NAME,REF_COL_NAME,REF_SORT_CONDITIONS,REF_MULTI_LANG,REFERENCE_ITEM,SENSITIVE_COL_NAME,FILE_UPLOAD_PLACE,BUTTON_ACTION,COL_NAME,SAVE_TYPE,AUTO_INPUT,INPUT_ITEM,VIEW_ITEM,UNIQUE_ITEM,REQUIRED_ITEM,AUTOREG_HIDE_ITEM,AUTOREG_ONLY_ITEM,INITIAL_VALUE,VALIDATE_OPTION,VALIDATE_REG_EXP,BEFORE_VALIDATE_REGISTER,AFTER_VALIDATE_REGISTER,DESCRIPTION_JA,DESCRIPTION_EN,NOTE,DISUSE_FLAG,LAST_UPDATE_TIMESTAMP,LAST_UPDATE_USER) VALUES('11010309','110103','利用イベント','Events','_exastro_events',NULL,'2',90,NULL,NULL,NULL,NULL,'0',NULL,NULL,NULL,NULL,'events',NULL,'0','0','0','0','0','0','0',NULL,NULL,NULL,NULL,NULL,NULL,NULL,NULL,'0',_____DATE_____,0);
INSERT INTO T_COMN_MENU_COLUMN_LINK_JNL (JOURNAL_SEQ_NO,JOURNAL_REG_DATETIME,JOURNAL_ACTION_CLASS,COLUMN_DEFINITION_ID,MENU_ID,COLUMN_NAME_JA,COLUMN_NAME_EN,COLUMN_NAME_REST,COL_GROUP_ID,COLUMN_CLASS,COLUMN_DISP_SEQ,REF_TABLE_NAME,REF_PKEY_NAME,REF_COL_NAME,REF_SORT_CONDITIONS,REF_MULTI_LANG,REFERENCE_ITEM,SENSITIVE_COL_NAME,FILE_UPLOAD_PLACE,BUTTON_ACTION,COL_NAME,SAVE_TYPE,AUTO_INPUT,INPUT_ITEM,VIEW_ITEM,UNIQUE_ITEM,REQUIRED_ITEM,AUTOREG_HIDE_ITEM,AUTOREG_ONLY_ITEM,INITIAL_VALUE,VALIDATE_OPTION,VALIDATE_REG_EXP,BEFORE_VALIDATE_REGISTER,AFTER_VALIDATE_REGISTER,DESCRIPTION_JA,DESCRIPTION_EN,NOTE,DISUSE_FLAG,LAST_UPDATE_TIMESTAMP,LAST_UPDATE_USER) VALUES(11010309,_____DATE_____,'INSERT','11010309','110103','利用イベント','Events','_exastro_events',NULL,'2',90,NULL,NULL,NULL,NULL,'0',NULL,NULL,NULL,NULL,'events',NULL,'0','0','0','0','0','0','0',NULL,NULL,NULL,NULL,NULL,NULL,NULL,NULL,'0',_____DATE_____,0);
INSERT INTO T_COMN_MENU_COLUMN_LINK (COLUMN_DEFINITION_ID,MENU_ID,COLUMN_NAME_JA,COLUMN_NAME_EN,COLUMN_NAME_REST,COL_GROUP_ID,COLUMN_CLASS,COLUMN_DISP_SEQ,REF_TABLE_NAME,REF_PKEY_NAME,REF_COL_NAME,REF_SORT_CONDITIONS,REF_MULTI_LANG,REFERENCE_ITEM,SENSITIVE_COL_NAME,FILE_UPLOAD_PLACE,BUTTON_ACTION,COL_NAME,SAVE_TYPE,AUTO_INPUT,INPUT_ITEM,VIEW_ITEM,UNIQUE_ITEM,REQUIRED_ITEM,AUTOREG_HIDE_ITEM,AUTOREG_ONLY_ITEM,INITIAL_VALUE,VALIDATE_OPTION,VALIDATE_REG_EXP,BEFORE_VALIDATE_REGISTER,AFTER_VALIDATE_REGISTER,DESCRIPTION_JA,DESCRIPTION_EN,NOTE,DISUSE_FLAG,LAST_UPDATE_TIMESTAMP,LAST_UPDATE_USER) VALUES('11010401','110104','ラベルキーID','Label Key Id','label_key_id',NULL,'1',10,NULL,NULL,NULL,NULL,NULL,NULL,NULL,NULL,NULL,'LABEL_KEY_ID',NULL,'1','1','1','1','1','0','0',NULL,'{
"min_length": 0,
"max_length": 40
}',NULL,NULL,NULL,NULL,NULL,NULL,'0',_____DATE_____,1);
INSERT INTO T_COMN_MENU_COLUMN_LINK_JNL (JOURNAL_SEQ_NO,JOURNAL_REG_DATETIME,JOURNAL_ACTION_CLASS,COLUMN_DEFINITION_ID,MENU_ID,COLUMN_NAME_JA,COLUMN_NAME_EN,COLUMN_NAME_REST,COL_GROUP_ID,COLUMN_CLASS,COLUMN_DISP_SEQ,REF_TABLE_NAME,REF_PKEY_NAME,REF_COL_NAME,REF_SORT_CONDITIONS,REF_MULTI_LANG,REFERENCE_ITEM,SENSITIVE_COL_NAME,FILE_UPLOAD_PLACE,BUTTON_ACTION,COL_NAME,SAVE_TYPE,AUTO_INPUT,INPUT_ITEM,VIEW_ITEM,UNIQUE_ITEM,REQUIRED_ITEM,AUTOREG_HIDE_ITEM,AUTOREG_ONLY_ITEM,INITIAL_VALUE,VALIDATE_OPTION,VALIDATE_REG_EXP,BEFORE_VALIDATE_REGISTER,AFTER_VALIDATE_REGISTER,DESCRIPTION_JA,DESCRIPTION_EN,NOTE,DISUSE_FLAG,LAST_UPDATE_TIMESTAMP,LAST_UPDATE_USER) VALUES(11010401,_____DATE_____,'INSERT','11010401','110104','ラベルキーID','Label Key Id','label_key_id',NULL,'1',10,NULL,NULL,NULL,NULL,NULL,NULL,NULL,NULL,NULL,'LABEL_KEY_ID',NULL,'1','1','1','1','1','0','0',NULL,'{
"min_length": 0,
"max_length": 40
}',NULL,NULL,NULL,NULL,NULL,NULL,'0',_____DATE_____,1);
INSERT INTO T_COMN_MENU_COLUMN_LINK (COLUMN_DEFINITION_ID,MENU_ID,COLUMN_NAME_JA,COLUMN_NAME_EN,COLUMN_NAME_REST,COL_GROUP_ID,COLUMN_CLASS,COLUMN_DISP_SEQ,REF_TABLE_NAME,REF_PKEY_NAME,REF_COL_NAME,REF_SORT_CONDITIONS,REF_MULTI_LANG,REFERENCE_ITEM,SENSITIVE_COL_NAME,FILE_UPLOAD_PLACE,BUTTON_ACTION,COL_NAME,SAVE_TYPE,AUTO_INPUT,INPUT_ITEM,VIEW_ITEM,UNIQUE_ITEM,REQUIRED_ITEM,AUTOREG_HIDE_ITEM,AUTOREG_ONLY_ITEM,INITIAL_VALUE,VALIDATE_OPTION,VALIDATE_REG_EXP,BEFORE_VALIDATE_REGISTER,AFTER_VALIDATE_REGISTER,DESCRIPTION_JA,DESCRIPTION_EN,NOTE,DISUSE_FLAG,LAST_UPDATE_TIMESTAMP,LAST_UPDATE_USER) VALUES('11010402','110104','ラベルキー','Label Key','label_key',NULL,'1',20,NULL,NULL,NULL,NULL,NULL,NULL,NULL,NULL,NULL,'LABEL_KEY',NULL,'0','1','1','1','1','0','0',NULL,'{
"min_length": 0,
"max_length": 255
}',NULL,NULL,NULL,NULL,NULL,NULL,'0',_____DATE_____,1);
INSERT INTO T_COMN_MENU_COLUMN_LINK_JNL (JOURNAL_SEQ_NO,JOURNAL_REG_DATETIME,JOURNAL_ACTION_CLASS,COLUMN_DEFINITION_ID,MENU_ID,COLUMN_NAME_JA,COLUMN_NAME_EN,COLUMN_NAME_REST,COL_GROUP_ID,COLUMN_CLASS,COLUMN_DISP_SEQ,REF_TABLE_NAME,REF_PKEY_NAME,REF_COL_NAME,REF_SORT_CONDITIONS,REF_MULTI_LANG,REFERENCE_ITEM,SENSITIVE_COL_NAME,FILE_UPLOAD_PLACE,BUTTON_ACTION,COL_NAME,SAVE_TYPE,AUTO_INPUT,INPUT_ITEM,VIEW_ITEM,UNIQUE_ITEM,REQUIRED_ITEM,AUTOREG_HIDE_ITEM,AUTOREG_ONLY_ITEM,INITIAL_VALUE,VALIDATE_OPTION,VALIDATE_REG_EXP,BEFORE_VALIDATE_REGISTER,AFTER_VALIDATE_REGISTER,DESCRIPTION_JA,DESCRIPTION_EN,NOTE,DISUSE_FLAG,LAST_UPDATE_TIMESTAMP,LAST_UPDATE_USER) VALUES(11010402,_____DATE_____,'INSERT','11010402','110104','ラベルキー','Label Key','label_key',NULL,'1',20,NULL,NULL,NULL,NULL,NULL,NULL,NULL,NULL,NULL,'LABEL_KEY',NULL,'0','1','1','1','1','0','0',NULL,'{
"min_length": 0,
"max_length": 255
}',NULL,NULL,NULL,NULL,NULL,NULL,'0',_____DATE_____,1);
INSERT INTO T_COMN_MENU_COLUMN_LINK (COLUMN_DEFINITION_ID,MENU_ID,COLUMN_NAME_JA,COLUMN_NAME_EN,COLUMN_NAME_REST,COL_GROUP_ID,COLUMN_CLASS,COLUMN_DISP_SEQ,REF_TABLE_NAME,REF_PKEY_NAME,REF_COL_NAME,REF_SORT_CONDITIONS,REF_MULTI_LANG,REFERENCE_ITEM,SENSITIVE_COL_NAME,FILE_UPLOAD_PLACE,BUTTON_ACTION,COL_NAME,SAVE_TYPE,AUTO_INPUT,INPUT_ITEM,VIEW_ITEM,UNIQUE_ITEM,REQUIRED_ITEM,AUTOREG_HIDE_ITEM,AUTOREG_ONLY_ITEM,INITIAL_VALUE,VALIDATE_OPTION,VALIDATE_REG_EXP,BEFORE_VALIDATE_REGISTER,AFTER_VALIDATE_REGISTER,DESCRIPTION_JA,DESCRIPTION_EN,NOTE,DISUSE_FLAG,LAST_UPDATE_TIMESTAMP,LAST_UPDATE_USER) VALUES('11010403','110104','カラーコード','Color Code','color_code',NULL,'1',30,NULL,NULL,NULL,NULL,NULL,NULL,NULL,NULL,NULL,'COLOR_CODE',NULL,'0','1','1','0','0','0','0',NULL,'{
"min_length": 0,
"max_length": 40
}',NULL,NULL,NULL,NULL,NULL,NULL,'0',_____DATE_____,1);
INSERT INTO T_COMN_MENU_COLUMN_LINK_JNL (JOURNAL_SEQ_NO,JOURNAL_REG_DATETIME,JOURNAL_ACTION_CLASS,COLUMN_DEFINITION_ID,MENU_ID,COLUMN_NAME_JA,COLUMN_NAME_EN,COLUMN_NAME_REST,COL_GROUP_ID,COLUMN_CLASS,COLUMN_DISP_SEQ,REF_TABLE_NAME,REF_PKEY_NAME,REF_COL_NAME,REF_SORT_CONDITIONS,REF_MULTI_LANG,REFERENCE_ITEM,SENSITIVE_COL_NAME,FILE_UPLOAD_PLACE,BUTTON_ACTION,COL_NAME,SAVE_TYPE,AUTO_INPUT,INPUT_ITEM,VIEW_ITEM,UNIQUE_ITEM,REQUIRED_ITEM,AUTOREG_HIDE_ITEM,AUTOREG_ONLY_ITEM,INITIAL_VALUE,VALIDATE_OPTION,VALIDATE_REG_EXP,BEFORE_VALIDATE_REGISTER,AFTER_VALIDATE_REGISTER,DESCRIPTION_JA,DESCRIPTION_EN,NOTE,DISUSE_FLAG,LAST_UPDATE_TIMESTAMP,LAST_UPDATE_USER) VALUES(11010403,_____DATE_____,'INSERT','11010403','110104','カラーコード','Color Code','color_code',NULL,'1',30,NULL,NULL,NULL,NULL,NULL,NULL,NULL,NULL,NULL,'COLOR_CODE',NULL,'0','1','1','0','0','0','0',NULL,'{
"min_length": 0,
"max_length": 40
}',NULL,NULL,NULL,NULL,NULL,NULL,'0',_____DATE_____,1);
INSERT INTO T_COMN_MENU_COLUMN_LINK (COLUMN_DEFINITION_ID,MENU_ID,COLUMN_NAME_JA,COLUMN_NAME_EN,COLUMN_NAME_REST,COL_GROUP_ID,COLUMN_CLASS,COLUMN_DISP_SEQ,REF_TABLE_NAME,REF_PKEY_NAME,REF_COL_NAME,REF_SORT_CONDITIONS,REF_MULTI_LANG,REFERENCE_ITEM,SENSITIVE_COL_NAME,FILE_UPLOAD_PLACE,BUTTON_ACTION,COL_NAME,SAVE_TYPE,AUTO_INPUT,INPUT_ITEM,VIEW_ITEM,UNIQUE_ITEM,REQUIRED_ITEM,AUTOREG_HIDE_ITEM,AUTOREG_ONLY_ITEM,INITIAL_VALUE,VALIDATE_OPTION,VALIDATE_REG_EXP,BEFORE_VALIDATE_REGISTER,AFTER_VALIDATE_REGISTER,DESCRIPTION_JA,DESCRIPTION_EN,NOTE,DISUSE_FLAG,LAST_UPDATE_TIMESTAMP,LAST_UPDATE_USER) VALUES('11010404','110104','備考','Remarks','remarks',NULL,'12',40,NULL,NULL,NULL,NULL,'0',NULL,NULL,NULL,NULL,'NOTE',NULL,'0','1','1','0','0','1','0',NULL,'{
"min_length": 0,
"max_length": 4000
}',NULL,NULL,NULL,'自由記述欄。レコードの廃止・復活時にも記載可能。','Comments section. Can comment when removing or restoring records.',NULL,'0',_____DATE_____,1);
INSERT INTO T_COMN_MENU_COLUMN_LINK_JNL (JOURNAL_SEQ_NO,JOURNAL_REG_DATETIME,JOURNAL_ACTION_CLASS,COLUMN_DEFINITION_ID,MENU_ID,COLUMN_NAME_JA,COLUMN_NAME_EN,COLUMN_NAME_REST,COL_GROUP_ID,COLUMN_CLASS,COLUMN_DISP_SEQ,REF_TABLE_NAME,REF_PKEY_NAME,REF_COL_NAME,REF_SORT_CONDITIONS,REF_MULTI_LANG,REFERENCE_ITEM,SENSITIVE_COL_NAME,FILE_UPLOAD_PLACE,BUTTON_ACTION,COL_NAME,SAVE_TYPE,AUTO_INPUT,INPUT_ITEM,VIEW_ITEM,UNIQUE_ITEM,REQUIRED_ITEM,AUTOREG_HIDE_ITEM,AUTOREG_ONLY_ITEM,INITIAL_VALUE,VALIDATE_OPTION,VALIDATE_REG_EXP,BEFORE_VALIDATE_REGISTER,AFTER_VALIDATE_REGISTER,DESCRIPTION_JA,DESCRIPTION_EN,NOTE,DISUSE_FLAG,LAST_UPDATE_TIMESTAMP,LAST_UPDATE_USER) VALUES(11010404,_____DATE_____,'INSERT','11010404','110104','備考','Remarks','remarks',NULL,'12',40,NULL,NULL,NULL,NULL,'0',NULL,NULL,NULL,NULL,'NOTE',NULL,'0','1','1','0','0','1','0',NULL,'{
"min_length": 0,
"max_length": 4000
}',NULL,NULL,NULL,'自由記述欄。レコードの廃止・復活時にも記載可能。','Comments section. Can comment when removing or restoring records.',NULL,'0',_____DATE_____,1);
INSERT INTO T_COMN_MENU_COLUMN_LINK (COLUMN_DEFINITION_ID,MENU_ID,COLUMN_NAME_JA,COLUMN_NAME_EN,COLUMN_NAME_REST,COL_GROUP_ID,COLUMN_CLASS,COLUMN_DISP_SEQ,REF_TABLE_NAME,REF_PKEY_NAME,REF_COL_NAME,REF_SORT_CONDITIONS,REF_MULTI_LANG,REFERENCE_ITEM,SENSITIVE_COL_NAME,FILE_UPLOAD_PLACE,BUTTON_ACTION,COL_NAME,SAVE_TYPE,AUTO_INPUT,INPUT_ITEM,VIEW_ITEM,UNIQUE_ITEM,REQUIRED_ITEM,AUTOREG_HIDE_ITEM,AUTOREG_ONLY_ITEM,INITIAL_VALUE,VALIDATE_OPTION,VALIDATE_REG_EXP,BEFORE_VALIDATE_REGISTER,AFTER_VALIDATE_REGISTER,DESCRIPTION_JA,DESCRIPTION_EN,NOTE,DISUSE_FLAG,LAST_UPDATE_TIMESTAMP,LAST_UPDATE_USER) VALUES('11010405','110104','廃止フラグ','Discard','discard',NULL,'1',50,NULL,NULL,NULL,NULL,'0',NULL,NULL,NULL,NULL,'DISUSE_FLAG',NULL,'1','1','1','0','1','1','0',NULL,NULL,NULL,NULL,NULL,'廃止フラグ。復活以外のオペレーションは不可','Discard flag. Cannot do operation other than restore.',NULL,'0',_____DATE_____,1);
INSERT INTO T_COMN_MENU_COLUMN_LINK_JNL (JOURNAL_SEQ_NO,JOURNAL_REG_DATETIME,JOURNAL_ACTION_CLASS,COLUMN_DEFINITION_ID,MENU_ID,COLUMN_NAME_JA,COLUMN_NAME_EN,COLUMN_NAME_REST,COL_GROUP_ID,COLUMN_CLASS,COLUMN_DISP_SEQ,REF_TABLE_NAME,REF_PKEY_NAME,REF_COL_NAME,REF_SORT_CONDITIONS,REF_MULTI_LANG,REFERENCE_ITEM,SENSITIVE_COL_NAME,FILE_UPLOAD_PLACE,BUTTON_ACTION,COL_NAME,SAVE_TYPE,AUTO_INPUT,INPUT_ITEM,VIEW_ITEM,UNIQUE_ITEM,REQUIRED_ITEM,AUTOREG_HIDE_ITEM,AUTOREG_ONLY_ITEM,INITIAL_VALUE,VALIDATE_OPTION,VALIDATE_REG_EXP,BEFORE_VALIDATE_REGISTER,AFTER_VALIDATE_REGISTER,DESCRIPTION_JA,DESCRIPTION_EN,NOTE,DISUSE_FLAG,LAST_UPDATE_TIMESTAMP,LAST_UPDATE_USER) VALUES(11010405,_____DATE_____,'INSERT','11010405','110104','廃止フラグ','Discard','discard',NULL,'1',50,NULL,NULL,NULL,NULL,'0',NULL,NULL,NULL,NULL,'DISUSE_FLAG',NULL,'1','1','1','0','1','1','0',NULL,NULL,NULL,NULL,NULL,'廃止フラグ。復活以外のオペレーションは不可','Discard flag. Cannot do operation other than restore.',NULL,'0',_____DATE_____,1);
INSERT INTO T_COMN_MENU_COLUMN_LINK (COLUMN_DEFINITION_ID,MENU_ID,COLUMN_NAME_JA,COLUMN_NAME_EN,COLUMN_NAME_REST,COL_GROUP_ID,COLUMN_CLASS,COLUMN_DISP_SEQ,REF_TABLE_NAME,REF_PKEY_NAME,REF_COL_NAME,REF_SORT_CONDITIONS,REF_MULTI_LANG,REFERENCE_ITEM,SENSITIVE_COL_NAME,FILE_UPLOAD_PLACE,BUTTON_ACTION,COL_NAME,SAVE_TYPE,AUTO_INPUT,INPUT_ITEM,VIEW_ITEM,UNIQUE_ITEM,REQUIRED_ITEM,AUTOREG_HIDE_ITEM,AUTOREG_ONLY_ITEM,INITIAL_VALUE,VALIDATE_OPTION,VALIDATE_REG_EXP,BEFORE_VALIDATE_REGISTER,AFTER_VALIDATE_REGISTER,DESCRIPTION_JA,DESCRIPTION_EN,NOTE,DISUSE_FLAG,LAST_UPDATE_TIMESTAMP,LAST_UPDATE_USER) VALUES('11010406','110104','最終更新日時','Last update date/time','last_update_date_time',NULL,'13',60,NULL,NULL,NULL,NULL,'0',NULL,NULL,NULL,NULL,'LAST_UPDATE_TIMESTAMP',NULL,'1','0','1','0','1','1','0',NULL,NULL,NULL,NULL,NULL,'レコードの最終更新日。自動登録のため編集不可。','Last update date of record. Cannot edit because of auto-registration.',NULL,'0',_____DATE_____,1);
INSERT INTO T_COMN_MENU_COLUMN_LINK_JNL (JOURNAL_SEQ_NO,JOURNAL_REG_DATETIME,JOURNAL_ACTION_CLASS,COLUMN_DEFINITION_ID,MENU_ID,COLUMN_NAME_JA,COLUMN_NAME_EN,COLUMN_NAME_REST,COL_GROUP_ID,COLUMN_CLASS,COLUMN_DISP_SEQ,REF_TABLE_NAME,REF_PKEY_NAME,REF_COL_NAME,REF_SORT_CONDITIONS,REF_MULTI_LANG,REFERENCE_ITEM,SENSITIVE_COL_NAME,FILE_UPLOAD_PLACE,BUTTON_ACTION,COL_NAME,SAVE_TYPE,AUTO_INPUT,INPUT_ITEM,VIEW_ITEM,UNIQUE_ITEM,REQUIRED_ITEM,AUTOREG_HIDE_ITEM,AUTOREG_ONLY_ITEM,INITIAL_VALUE,VALIDATE_OPTION,VALIDATE_REG_EXP,BEFORE_VALIDATE_REGISTER,AFTER_VALIDATE_REGISTER,DESCRIPTION_JA,DESCRIPTION_EN,NOTE,DISUSE_FLAG,LAST_UPDATE_TIMESTAMP,LAST_UPDATE_USER) VALUES(11010406,_____DATE_____,'INSERT','11010406','110104','最終更新日時','Last update date/time','last_update_date_time',NULL,'13',60,NULL,NULL,NULL,NULL,'0',NULL,NULL,NULL,NULL,'LAST_UPDATE_TIMESTAMP',NULL,'1','0','1','0','1','1','0',NULL,NULL,NULL,NULL,NULL,'レコードの最終更新日。自動登録のため編集不可。','Last update date of record. Cannot edit because of auto-registration.',NULL,'0',_____DATE_____,1);
INSERT INTO T_COMN_MENU_COLUMN_LINK (COLUMN_DEFINITION_ID,MENU_ID,COLUMN_NAME_JA,COLUMN_NAME_EN,COLUMN_NAME_REST,COL_GROUP_ID,COLUMN_CLASS,COLUMN_DISP_SEQ,REF_TABLE_NAME,REF_PKEY_NAME,REF_COL_NAME,REF_SORT_CONDITIONS,REF_MULTI_LANG,REFERENCE_ITEM,SENSITIVE_COL_NAME,FILE_UPLOAD_PLACE,BUTTON_ACTION,COL_NAME,SAVE_TYPE,AUTO_INPUT,INPUT_ITEM,VIEW_ITEM,UNIQUE_ITEM,REQUIRED_ITEM,AUTOREG_HIDE_ITEM,AUTOREG_ONLY_ITEM,INITIAL_VALUE,VALIDATE_OPTION,VALIDATE_REG_EXP,BEFORE_VALIDATE_REGISTER,AFTER_VALIDATE_REGISTER,DESCRIPTION_JA,DESCRIPTION_EN,NOTE,DISUSE_FLAG,LAST_UPDATE_TIMESTAMP,LAST_UPDATE_USER) VALUES('11010407','110104','最終更新者','Last updated by','last_updated_user',NULL,'14',70,NULL,NULL,NULL,NULL,'0',NULL,NULL,NULL,NULL,'LAST_UPDATE_USER',NULL,'1','0','1','0','1','1','0',NULL,NULL,NULL,NULL,NULL,'更新者。ログインユーザのIDが自動的に登録される。編集不可。','Updated by. Login user ID is automatically registered. Cannot edit.',NULL,'0',_____DATE_____,1);
INSERT INTO T_COMN_MENU_COLUMN_LINK_JNL (JOURNAL_SEQ_NO,JOURNAL_REG_DATETIME,JOURNAL_ACTION_CLASS,COLUMN_DEFINITION_ID,MENU_ID,COLUMN_NAME_JA,COLUMN_NAME_EN,COLUMN_NAME_REST,COL_GROUP_ID,COLUMN_CLASS,COLUMN_DISP_SEQ,REF_TABLE_NAME,REF_PKEY_NAME,REF_COL_NAME,REF_SORT_CONDITIONS,REF_MULTI_LANG,REFERENCE_ITEM,SENSITIVE_COL_NAME,FILE_UPLOAD_PLACE,BUTTON_ACTION,COL_NAME,SAVE_TYPE,AUTO_INPUT,INPUT_ITEM,VIEW_ITEM,UNIQUE_ITEM,REQUIRED_ITEM,AUTOREG_HIDE_ITEM,AUTOREG_ONLY_ITEM,INITIAL_VALUE,VALIDATE_OPTION,VALIDATE_REG_EXP,BEFORE_VALIDATE_REGISTER,AFTER_VALIDATE_REGISTER,DESCRIPTION_JA,DESCRIPTION_EN,NOTE,DISUSE_FLAG,LAST_UPDATE_TIMESTAMP,LAST_UPDATE_USER) VALUES(11010407,_____DATE_____,'INSERT','11010407','110104','最終更新者','Last updated by','last_updated_user',NULL,'14',70,NULL,NULL,NULL,NULL,'0',NULL,NULL,NULL,NULL,'LAST_UPDATE_USER',NULL,'1','0','1','0','1','1','0',NULL,NULL,NULL,NULL,NULL,'更新者。ログインユーザのIDが自動的に登録される。編集不可。','Updated by. Login user ID is automatically registered. Cannot edit.',NULL,'0',_____DATE_____,1);
INSERT INTO T_COMN_MENU_COLUMN_LINK (COLUMN_DEFINITION_ID,MENU_ID,COLUMN_NAME_JA,COLUMN_NAME_EN,COLUMN_NAME_REST,COL_GROUP_ID,COLUMN_CLASS,COLUMN_DISP_SEQ,REF_TABLE_NAME,REF_PKEY_NAME,REF_COL_NAME,REF_SORT_CONDITIONS,REF_MULTI_LANG,REFERENCE_ITEM,SENSITIVE_COL_NAME,FILE_UPLOAD_PLACE,BUTTON_ACTION,COL_NAME,SAVE_TYPE,AUTO_INPUT,INPUT_ITEM,VIEW_ITEM,UNIQUE_ITEM,REQUIRED_ITEM,AUTOREG_HIDE_ITEM,AUTOREG_ONLY_ITEM,INITIAL_VALUE,VALIDATE_OPTION,VALIDATE_REG_EXP,BEFORE_VALIDATE_REGISTER,AFTER_VALIDATE_REGISTER,DESCRIPTION_JA,DESCRIPTION_EN,NOTE,DISUSE_FLAG,LAST_UPDATE_TIMESTAMP,LAST_UPDATE_USER) VALUES('11010501','110105','ラベリング設定ID','Labeling Settings Id','labeling_settings_id',NULL,'1',10,NULL,NULL,NULL,NULL,NULL,NULL,NULL,NULL,NULL,'LABELING_SETTINGS_ID',NULL,'1','1','1','1','1','0','0',NULL,'{
"min_length": 0,
"max_length": 40
}',NULL,NULL,NULL,NULL,NULL,NULL,'0',_____DATE_____,1);
INSERT INTO T_COMN_MENU_COLUMN_LINK_JNL (JOURNAL_SEQ_NO,JOURNAL_REG_DATETIME,JOURNAL_ACTION_CLASS,COLUMN_DEFINITION_ID,MENU_ID,COLUMN_NAME_JA,COLUMN_NAME_EN,COLUMN_NAME_REST,COL_GROUP_ID,COLUMN_CLASS,COLUMN_DISP_SEQ,REF_TABLE_NAME,REF_PKEY_NAME,REF_COL_NAME,REF_SORT_CONDITIONS,REF_MULTI_LANG,REFERENCE_ITEM,SENSITIVE_COL_NAME,FILE_UPLOAD_PLACE,BUTTON_ACTION,COL_NAME,SAVE_TYPE,AUTO_INPUT,INPUT_ITEM,VIEW_ITEM,UNIQUE_ITEM,REQUIRED_ITEM,AUTOREG_HIDE_ITEM,AUTOREG_ONLY_ITEM,INITIAL_VALUE,VALIDATE_OPTION,VALIDATE_REG_EXP,BEFORE_VALIDATE_REGISTER,AFTER_VALIDATE_REGISTER,DESCRIPTION_JA,DESCRIPTION_EN,NOTE,DISUSE_FLAG,LAST_UPDATE_TIMESTAMP,LAST_UPDATE_USER) VALUES(11010501,_____DATE_____,'INSERT','11010501','110105','ラベリング設定ID','Labeling Settings Id','labeling_settings_id',NULL,'1',10,NULL,NULL,NULL,NULL,NULL,NULL,NULL,NULL,NULL,'LABELING_SETTINGS_ID',NULL,'1','1','1','1','1','0','0',NULL,'{
"min_length": 0,
"max_length": 40
}',NULL,NULL,NULL,NULL,NULL,NULL,'0',_____DATE_____,1);
INSERT INTO T_COMN_MENU_COLUMN_LINK (COLUMN_DEFINITION_ID,MENU_ID,COLUMN_NAME_JA,COLUMN_NAME_EN,COLUMN_NAME_REST,COL_GROUP_ID,COLUMN_CLASS,COLUMN_DISP_SEQ,REF_TABLE_NAME,REF_PKEY_NAME,REF_COL_NAME,REF_SORT_CONDITIONS,REF_MULTI_LANG,REFERENCE_ITEM,SENSITIVE_COL_NAME,FILE_UPLOAD_PLACE,BUTTON_ACTION,COL_NAME,SAVE_TYPE,AUTO_INPUT,INPUT_ITEM,VIEW_ITEM,UNIQUE_ITEM,REQUIRED_ITEM,AUTOREG_HIDE_ITEM,AUTOREG_ONLY_ITEM,INITIAL_VALUE,VALIDATE_OPTION,VALIDATE_REG_EXP,BEFORE_VALIDATE_REGISTER,AFTER_VALIDATE_REGISTER,DESCRIPTION_JA,DESCRIPTION_EN,NOTE,DISUSE_FLAG,LAST_UPDATE_TIMESTAMP,LAST_UPDATE_USER) VALUES('11010502','110105','ラベリング設定名','Labeling Settings Name','labeling_settings_name',NULL,'1',20,NULL,NULL,NULL,NULL,NULL,NULL,NULL,NULL,NULL,'LABELING_SETTINGS_NAME',NULL,'0','1','1','0','1','0','0',NULL,'{
"min_length": 0,
"max_length": 255
}',NULL,NULL,NULL,NULL,NULL,NULL,'0',_____DATE_____,1);
INSERT INTO T_COMN_MENU_COLUMN_LINK_JNL (JOURNAL_SEQ_NO,JOURNAL_REG_DATETIME,JOURNAL_ACTION_CLASS,COLUMN_DEFINITION_ID,MENU_ID,COLUMN_NAME_JA,COLUMN_NAME_EN,COLUMN_NAME_REST,COL_GROUP_ID,COLUMN_CLASS,COLUMN_DISP_SEQ,REF_TABLE_NAME,REF_PKEY_NAME,REF_COL_NAME,REF_SORT_CONDITIONS,REF_MULTI_LANG,REFERENCE_ITEM,SENSITIVE_COL_NAME,FILE_UPLOAD_PLACE,BUTTON_ACTION,COL_NAME,SAVE_TYPE,AUTO_INPUT,INPUT_ITEM,VIEW_ITEM,UNIQUE_ITEM,REQUIRED_ITEM,AUTOREG_HIDE_ITEM,AUTOREG_ONLY_ITEM,INITIAL_VALUE,VALIDATE_OPTION,VALIDATE_REG_EXP,BEFORE_VALIDATE_REGISTER,AFTER_VALIDATE_REGISTER,DESCRIPTION_JA,DESCRIPTION_EN,NOTE,DISUSE_FLAG,LAST_UPDATE_TIMESTAMP,LAST_UPDATE_USER) VALUES(11010502,_____DATE_____,'INSERT','11010502','110105','ラベリング設定名','Labeling Settings Name','labeling_settings_name',NULL,'1',20,NULL,NULL,NULL,NULL,NULL,NULL,NULL,NULL,NULL,'LABELING_SETTINGS_NAME',NULL,'0','1','1','0','1','0','0',NULL,'{
"min_length": 0,
"max_length": 255
}',NULL,NULL,NULL,NULL,NULL,NULL,'0',_____DATE_____,1);
INSERT INTO T_COMN_MENU_COLUMN_LINK (COLUMN_DEFINITION_ID,MENU_ID,COLUMN_NAME_JA,COLUMN_NAME_EN,COLUMN_NAME_REST,COL_GROUP_ID,COLUMN_CLASS,COLUMN_DISP_SEQ,REF_TABLE_NAME,REF_PKEY_NAME,REF_COL_NAME,REF_SORT_CONDITIONS,REF_MULTI_LANG,REFERENCE_ITEM,SENSITIVE_COL_NAME,FILE_UPLOAD_PLACE,BUTTON_ACTION,COL_NAME,SAVE_TYPE,AUTO_INPUT,INPUT_ITEM,VIEW_ITEM,UNIQUE_ITEM,REQUIRED_ITEM,AUTOREG_HIDE_ITEM,AUTOREG_ONLY_ITEM,INITIAL_VALUE,VALIDATE_OPTION,VALIDATE_REG_EXP,BEFORE_VALIDATE_REGISTER,AFTER_VALIDATE_REGISTER,DESCRIPTION_JA,DESCRIPTION_EN,NOTE,DISUSE_FLAG,LAST_UPDATE_TIMESTAMP,LAST_UPDATE_USER) VALUES('11010503','110105','イベント収集設定名','Event Collection Settings name','event_collection_settings_name',NULL,'7',30,'T_OASE_EVENT_COLLECTION_SETTINGS','EVENT_COLLECTION_SETTINGS_ID','EVENT_COLLECTION_NAME',NULL,'0',NULL,NULL,NULL,NULL,'EVENT_COLLECTION_SETTINGS_ID',NULL,'0','1','1','0','1','0','0',NULL,'{
"min_length": 0,
"max_length": 40
}',NULL,NULL,NULL,NULL,NULL,NULL,'0',_____DATE_____,1);
INSERT INTO T_COMN_MENU_COLUMN_LINK_JNL (JOURNAL_SEQ_NO,JOURNAL_REG_DATETIME,JOURNAL_ACTION_CLASS,COLUMN_DEFINITION_ID,MENU_ID,COLUMN_NAME_JA,COLUMN_NAME_EN,COLUMN_NAME_REST,COL_GROUP_ID,COLUMN_CLASS,COLUMN_DISP_SEQ,REF_TABLE_NAME,REF_PKEY_NAME,REF_COL_NAME,REF_SORT_CONDITIONS,REF_MULTI_LANG,REFERENCE_ITEM,SENSITIVE_COL_NAME,FILE_UPLOAD_PLACE,BUTTON_ACTION,COL_NAME,SAVE_TYPE,AUTO_INPUT,INPUT_ITEM,VIEW_ITEM,UNIQUE_ITEM,REQUIRED_ITEM,AUTOREG_HIDE_ITEM,AUTOREG_ONLY_ITEM,INITIAL_VALUE,VALIDATE_OPTION,VALIDATE_REG_EXP,BEFORE_VALIDATE_REGISTER,AFTER_VALIDATE_REGISTER,DESCRIPTION_JA,DESCRIPTION_EN,NOTE,DISUSE_FLAG,LAST_UPDATE_TIMESTAMP,LAST_UPDATE_USER) VALUES(11010503,_____DATE_____,'INSERT','11010503','110105','イベント収集設定名','Event Collection Settings name','event_collection_settings_name',NULL,'7',30,'T_OASE_EVENT_COLLECTION_SETTINGS','EVENT_COLLECTION_SETTINGS_ID','EVENT_COLLECTION_NAME',NULL,'0',NULL,NULL,NULL,NULL,'EVENT_COLLECTION_SETTINGS_ID',NULL,'0','1','1','0','1','0','0',NULL,'{
"min_length": 0,
"max_length": 40
}',NULL,NULL,NULL,NULL,NULL,NULL,'0',_____DATE_____,1);
INSERT INTO T_COMN_MENU_COLUMN_LINK (COLUMN_DEFINITION_ID,MENU_ID,COLUMN_NAME_JA,COLUMN_NAME_EN,COLUMN_NAME_REST,COL_GROUP_ID,COLUMN_CLASS,COLUMN_DISP_SEQ,REF_TABLE_NAME,REF_PKEY_NAME,REF_COL_NAME,REF_SORT_CONDITIONS,REF_MULTI_LANG,REFERENCE_ITEM,SENSITIVE_COL_NAME,FILE_UPLOAD_PLACE,BUTTON_ACTION,COL_NAME,SAVE_TYPE,AUTO_INPUT,INPUT_ITEM,VIEW_ITEM,UNIQUE_ITEM,REQUIRED_ITEM,AUTOREG_HIDE_ITEM,AUTOREG_ONLY_ITEM,INITIAL_VALUE,VALIDATE_OPTION,VALIDATE_REG_EXP,BEFORE_VALIDATE_REGISTER,AFTER_VALIDATE_REGISTER,DESCRIPTION_JA,DESCRIPTION_EN,NOTE,DISUSE_FLAG,LAST_UPDATE_TIMESTAMP,LAST_UPDATE_USER) VALUES('11010504','110105','ターゲットキー','Target Key','target_key',NULL,'1',40,NULL,NULL,NULL,NULL,NULL,NULL,NULL,NULL,NULL,'TARGET_KEY',NULL,'0','1','1','0','0','0','0',NULL,'{
"min_length": 0,
"max_length": 255
}',NULL,NULL,NULL,NULL,NULL,NULL,'0',_____DATE_____,1);
INSERT INTO T_COMN_MENU_COLUMN_LINK_JNL (JOURNAL_SEQ_NO,JOURNAL_REG_DATETIME,JOURNAL_ACTION_CLASS,COLUMN_DEFINITION_ID,MENU_ID,COLUMN_NAME_JA,COLUMN_NAME_EN,COLUMN_NAME_REST,COL_GROUP_ID,COLUMN_CLASS,COLUMN_DISP_SEQ,REF_TABLE_NAME,REF_PKEY_NAME,REF_COL_NAME,REF_SORT_CONDITIONS,REF_MULTI_LANG,REFERENCE_ITEM,SENSITIVE_COL_NAME,FILE_UPLOAD_PLACE,BUTTON_ACTION,COL_NAME,SAVE_TYPE,AUTO_INPUT,INPUT_ITEM,VIEW_ITEM,UNIQUE_ITEM,REQUIRED_ITEM,AUTOREG_HIDE_ITEM,AUTOREG_ONLY_ITEM,INITIAL_VALUE,VALIDATE_OPTION,VALIDATE_REG_EXP,BEFORE_VALIDATE_REGISTER,AFTER_VALIDATE_REGISTER,DESCRIPTION_JA,DESCRIPTION_EN,NOTE,DISUSE_FLAG,LAST_UPDATE_TIMESTAMP,LAST_UPDATE_USER) VALUES(11010504,_____DATE_____,'INSERT','11010504','110105','ターゲットキー','Target Key','target_key',NULL,'1',40,NULL,NULL,NULL,NULL,NULL,NULL,NULL,NULL,NULL,'TARGET_KEY',NULL,'0','1','1','0','0','0','0',NULL,'{
"min_length": 0,
"max_length": 255
}',NULL,NULL,NULL,NULL,NULL,NULL,'0',_____DATE_____,1);
INSERT INTO T_COMN_MENU_COLUMN_LINK (COLUMN_DEFINITION_ID,MENU_ID,COLUMN_NAME_JA,COLUMN_NAME_EN,COLUMN_NAME_REST,COL_GROUP_ID,COLUMN_CLASS,COLUMN_DISP_SEQ,REF_TABLE_NAME,REF_PKEY_NAME,REF_COL_NAME,REF_SORT_CONDITIONS,REF_MULTI_LANG,REFERENCE_ITEM,SENSITIVE_COL_NAME,FILE_UPLOAD_PLACE,BUTTON_ACTION,COL_NAME,SAVE_TYPE,AUTO_INPUT,INPUT_ITEM,VIEW_ITEM,UNIQUE_ITEM,REQUIRED_ITEM,AUTOREG_HIDE_ITEM,AUTOREG_ONLY_ITEM,INITIAL_VALUE,VALIDATE_OPTION,VALIDATE_REG_EXP,BEFORE_VALIDATE_REGISTER,AFTER_VALIDATE_REGISTER,DESCRIPTION_JA,DESCRIPTION_EN,NOTE,DISUSE_FLAG,LAST_UPDATE_TIMESTAMP,LAST_UPDATE_USER) VALUES('11010505','110105','ターゲットタイプ','Target Type','target_type',NULL,'7',50,'T_OASE_TARGET_TYPE','TYPE_ID','TYPE',NULL,'1',NULL,NULL,NULL,NULL,'TARGET_TYPE_ID',NULL,'0','1','1','0','0','0','0',NULL,'{
"min_length": 0,
"max_length": 2
}',NULL,NULL,NULL,NULL,NULL,NULL,'0',_____DATE_____,1);
INSERT INTO T_COMN_MENU_COLUMN_LINK_JNL (JOURNAL_SEQ_NO,JOURNAL_REG_DATETIME,JOURNAL_ACTION_CLASS,COLUMN_DEFINITION_ID,MENU_ID,COLUMN_NAME_JA,COLUMN_NAME_EN,COLUMN_NAME_REST,COL_GROUP_ID,COLUMN_CLASS,COLUMN_DISP_SEQ,REF_TABLE_NAME,REF_PKEY_NAME,REF_COL_NAME,REF_SORT_CONDITIONS,REF_MULTI_LANG,REFERENCE_ITEM,SENSITIVE_COL_NAME,FILE_UPLOAD_PLACE,BUTTON_ACTION,COL_NAME,SAVE_TYPE,AUTO_INPUT,INPUT_ITEM,VIEW_ITEM,UNIQUE_ITEM,REQUIRED_ITEM,AUTOREG_HIDE_ITEM,AUTOREG_ONLY_ITEM,INITIAL_VALUE,VALIDATE_OPTION,VALIDATE_REG_EXP,BEFORE_VALIDATE_REGISTER,AFTER_VALIDATE_REGISTER,DESCRIPTION_JA,DESCRIPTION_EN,NOTE,DISUSE_FLAG,LAST_UPDATE_TIMESTAMP,LAST_UPDATE_USER) VALUES(11010505,_____DATE_____,'INSERT','11010505','110105','ターゲットタイプ','Target Type','target_type',NULL,'7',50,'T_OASE_TARGET_TYPE','TYPE_ID','TYPE',NULL,'1',NULL,NULL,NULL,NULL,'TARGET_TYPE_ID',NULL,'0','1','1','0','0','0','0',NULL,'{
"min_length": 0,
"max_length": 2
}',NULL,NULL,NULL,NULL,NULL,NULL,'0',_____DATE_____,1);
INSERT INTO T_COMN_MENU_COLUMN_LINK (COLUMN_DEFINITION_ID,MENU_ID,COLUMN_NAME_JA,COLUMN_NAME_EN,COLUMN_NAME_REST,COL_GROUP_ID,COLUMN_CLASS,COLUMN_DISP_SEQ,REF_TABLE_NAME,REF_PKEY_NAME,REF_COL_NAME,REF_SORT_CONDITIONS,REF_MULTI_LANG,REFERENCE_ITEM,SENSITIVE_COL_NAME,FILE_UPLOAD_PLACE,BUTTON_ACTION,COL_NAME,SAVE_TYPE,AUTO_INPUT,INPUT_ITEM,VIEW_ITEM,UNIQUE_ITEM,REQUIRED_ITEM,AUTOREG_HIDE_ITEM,AUTOREG_ONLY_ITEM,INITIAL_VALUE,VALIDATE_OPTION,VALIDATE_REG_EXP,BEFORE_VALIDATE_REGISTER,AFTER_VALIDATE_REGISTER,DESCRIPTION_JA,DESCRIPTION_EN,NOTE,DISUSE_FLAG,LAST_UPDATE_TIMESTAMP,LAST_UPDATE_USER) VALUES('11010506','110105','比較方法','Comparison Method','comparison_method',NULL,'7',60,'T_OASE_COMPARISON_METHOD','COMPARISON_METHOD_ID','COMPARISON_METHOD_SYMBOL',NULL,'0',NULL,NULL,NULL,NULL,'COMPARISON_METHOD_ID',NULL,'0','1','1','0','0','0','0',NULL,'{
"min_length": 0,
"max_length": 2
}',NULL,NULL,NULL,NULL,NULL,NULL,'0',_____DATE_____,1);
INSERT INTO T_COMN_MENU_COLUMN_LINK_JNL (JOURNAL_SEQ_NO,JOURNAL_REG_DATETIME,JOURNAL_ACTION_CLASS,COLUMN_DEFINITION_ID,MENU_ID,COLUMN_NAME_JA,COLUMN_NAME_EN,COLUMN_NAME_REST,COL_GROUP_ID,COLUMN_CLASS,COLUMN_DISP_SEQ,REF_TABLE_NAME,REF_PKEY_NAME,REF_COL_NAME,REF_SORT_CONDITIONS,REF_MULTI_LANG,REFERENCE_ITEM,SENSITIVE_COL_NAME,FILE_UPLOAD_PLACE,BUTTON_ACTION,COL_NAME,SAVE_TYPE,AUTO_INPUT,INPUT_ITEM,VIEW_ITEM,UNIQUE_ITEM,REQUIRED_ITEM,AUTOREG_HIDE_ITEM,AUTOREG_ONLY_ITEM,INITIAL_VALUE,VALIDATE_OPTION,VALIDATE_REG_EXP,BEFORE_VALIDATE_REGISTER,AFTER_VALIDATE_REGISTER,DESCRIPTION_JA,DESCRIPTION_EN,NOTE,DISUSE_FLAG,LAST_UPDATE_TIMESTAMP,LAST_UPDATE_USER) VALUES(11010506,_____DATE_____,'INSERT','11010506','110105','比較方法','Comparison Method','comparison_method',NULL,'7',60,'T_OASE_COMPARISON_METHOD','COMPARISON_METHOD_ID','COMPARISON_METHOD_SYMBOL',NULL,'0',NULL,NULL,NULL,NULL,'COMPARISON_METHOD_ID',NULL,'0','1','1','0','0','0','0',NULL,'{
"min_length": 0,
"max_length": 2
}',NULL,NULL,NULL,NULL,NULL,NULL,'0',_____DATE_____,1);
INSERT INTO T_COMN_MENU_COLUMN_LINK (COLUMN_DEFINITION_ID,MENU_ID,COLUMN_NAME_JA,COLUMN_NAME_EN,COLUMN_NAME_REST,COL_GROUP_ID,COLUMN_CLASS,COLUMN_DISP_SEQ,REF_TABLE_NAME,REF_PKEY_NAME,REF_COL_NAME,REF_SORT_CONDITIONS,REF_MULTI_LANG,REFERENCE_ITEM,SENSITIVE_COL_NAME,FILE_UPLOAD_PLACE,BUTTON_ACTION,COL_NAME,SAVE_TYPE,AUTO_INPUT,INPUT_ITEM,VIEW_ITEM,UNIQUE_ITEM,REQUIRED_ITEM,AUTOREG_HIDE_ITEM,AUTOREG_ONLY_ITEM,INITIAL_VALUE,VALIDATE_OPTION,VALIDATE_REG_EXP,BEFORE_VALIDATE_REGISTER,AFTER_VALIDATE_REGISTER,DESCRIPTION_JA,DESCRIPTION_EN,NOTE,DISUSE_FLAG,LAST_UPDATE_TIMESTAMP,LAST_UPDATE_USER) VALUES('11010507','110105','ターゲットバリュー','Target Value','target_value',NULL,'1',70,NULL,NULL,NULL,NULL,NULL,NULL,NULL,NULL,NULL,'TARGET_VALUE',NULL,'0','1','1','0','0','0','0',NULL,'{
"min_length": 0,
"max_length": 4000
}',NULL,NULL,NULL,NULL,NULL,NULL,'0',_____DATE_____,1);
INSERT INTO T_COMN_MENU_COLUMN_LINK_JNL (JOURNAL_SEQ_NO,JOURNAL_REG_DATETIME,JOURNAL_ACTION_CLASS,COLUMN_DEFINITION_ID,MENU_ID,COLUMN_NAME_JA,COLUMN_NAME_EN,COLUMN_NAME_REST,COL_GROUP_ID,COLUMN_CLASS,COLUMN_DISP_SEQ,REF_TABLE_NAME,REF_PKEY_NAME,REF_COL_NAME,REF_SORT_CONDITIONS,REF_MULTI_LANG,REFERENCE_ITEM,SENSITIVE_COL_NAME,FILE_UPLOAD_PLACE,BUTTON_ACTION,COL_NAME,SAVE_TYPE,AUTO_INPUT,INPUT_ITEM,VIEW_ITEM,UNIQUE_ITEM,REQUIRED_ITEM,AUTOREG_HIDE_ITEM,AUTOREG_ONLY_ITEM,INITIAL_VALUE,VALIDATE_OPTION,VALIDATE_REG_EXP,BEFORE_VALIDATE_REGISTER,AFTER_VALIDATE_REGISTER,DESCRIPTION_JA,DESCRIPTION_EN,NOTE,DISUSE_FLAG,LAST_UPDATE_TIMESTAMP,LAST_UPDATE_USER) VALUES(11010507,_____DATE_____,'INSERT','11010507','110105','ターゲットバリュー','Target Value','target_value',NULL,'1',70,NULL,NULL,NULL,NULL,NULL,NULL,NULL,NULL,NULL,'TARGET_VALUE',NULL,'0','1','1','0','0','0','0',NULL,'{
"min_length": 0,
"max_length": 4000
}',NULL,NULL,NULL,NULL,NULL,NULL,'0',_____DATE_____,1);
INSERT INTO T_COMN_MENU_COLUMN_LINK (COLUMN_DEFINITION_ID,MENU_ID,COLUMN_NAME_JA,COLUMN_NAME_EN,COLUMN_NAME_REST,COL_GROUP_ID,COLUMN_CLASS,COLUMN_DISP_SEQ,REF_TABLE_NAME,REF_PKEY_NAME,REF_COL_NAME,REF_SORT_CONDITIONS,REF_MULTI_LANG,REFERENCE_ITEM,SENSITIVE_COL_NAME,FILE_UPLOAD_PLACE,BUTTON_ACTION,COL_NAME,SAVE_TYPE,AUTO_INPUT,INPUT_ITEM,VIEW_ITEM,UNIQUE_ITEM,REQUIRED_ITEM,AUTOREG_HIDE_ITEM,AUTOREG_ONLY_ITEM,INITIAL_VALUE,VALIDATE_OPTION,VALIDATE_REG_EXP,BEFORE_VALIDATE_REGISTER,AFTER_VALIDATE_REGISTER,DESCRIPTION_JA,DESCRIPTION_EN,NOTE,DISUSE_FLAG,LAST_UPDATE_TIMESTAMP,LAST_UPDATE_USER) VALUES('11010508','110105','ラベルキー','Label Key Id','label_key_id',NULL,'7',80,'T_OASE_LABEL_KEY_INPUT','LABEL_KEY_ID','LABEL_KEY',NULL,'0',NULL,NULL,NULL,NULL,'LABEL_KEY_ID',NULL,'0','1','1','0','1','0','0',NULL,'{
"min_length": 0,
"max_length": 40
}',NULL,NULL,NULL,NULL,NULL,NULL,'0',_____DATE_____,1);
INSERT INTO T_COMN_MENU_COLUMN_LINK_JNL (JOURNAL_SEQ_NO,JOURNAL_REG_DATETIME,JOURNAL_ACTION_CLASS,COLUMN_DEFINITION_ID,MENU_ID,COLUMN_NAME_JA,COLUMN_NAME_EN,COLUMN_NAME_REST,COL_GROUP_ID,COLUMN_CLASS,COLUMN_DISP_SEQ,REF_TABLE_NAME,REF_PKEY_NAME,REF_COL_NAME,REF_SORT_CONDITIONS,REF_MULTI_LANG,REFERENCE_ITEM,SENSITIVE_COL_NAME,FILE_UPLOAD_PLACE,BUTTON_ACTION,COL_NAME,SAVE_TYPE,AUTO_INPUT,INPUT_ITEM,VIEW_ITEM,UNIQUE_ITEM,REQUIRED_ITEM,AUTOREG_HIDE_ITEM,AUTOREG_ONLY_ITEM,INITIAL_VALUE,VALIDATE_OPTION,VALIDATE_REG_EXP,BEFORE_VALIDATE_REGISTER,AFTER_VALIDATE_REGISTER,DESCRIPTION_JA,DESCRIPTION_EN,NOTE,DISUSE_FLAG,LAST_UPDATE_TIMESTAMP,LAST_UPDATE_USER) VALUES(11010508,_____DATE_____,'INSERT','11010508','110105','ラベルキー','Label Key Id','label_key_id',NULL,'7',80,'T_OASE_LABEL_KEY_INPUT','LABEL_KEY_ID','LABEL_KEY',NULL,'0',NULL,NULL,NULL,NULL,'LABEL_KEY_ID',NULL,'0','1','1','0','1','0','0',NULL,'{
"min_length": 0,
"max_length": 40
}',NULL,NULL,NULL,NULL,NULL,NULL,'0',_____DATE_____,1);
INSERT INTO T_COMN_MENU_COLUMN_LINK (COLUMN_DEFINITION_ID,MENU_ID,COLUMN_NAME_JA,COLUMN_NAME_EN,COLUMN_NAME_REST,COL_GROUP_ID,COLUMN_CLASS,COLUMN_DISP_SEQ,REF_TABLE_NAME,REF_PKEY_NAME,REF_COL_NAME,REF_SORT_CONDITIONS,REF_MULTI_LANG,REFERENCE_ITEM,SENSITIVE_COL_NAME,FILE_UPLOAD_PLACE,BUTTON_ACTION,COL_NAME,SAVE_TYPE,AUTO_INPUT,INPUT_ITEM,VIEW_ITEM,UNIQUE_ITEM,REQUIRED_ITEM,AUTOREG_HIDE_ITEM,AUTOREG_ONLY_ITEM,INITIAL_VALUE,VALIDATE_OPTION,VALIDATE_REG_EXP,BEFORE_VALIDATE_REGISTER,AFTER_VALIDATE_REGISTER,DESCRIPTION_JA,DESCRIPTION_EN,NOTE,DISUSE_FLAG,LAST_UPDATE_TIMESTAMP,LAST_UPDATE_USER) VALUES('11010509','110105','ラベルバリュー','Label Value','label_value',NULL,'1',90,NULL,NULL,NULL,NULL,NULL,NULL,NULL,NULL,NULL,'LABEL_VALUE',NULL,'0','1','1','0','0','0','0',NULL,'{
"min_length": 0,
"max_length": 255
}',NULL,NULL,NULL,NULL,NULL,NULL,'0',_____DATE_____,1);
INSERT INTO T_COMN_MENU_COLUMN_LINK_JNL (JOURNAL_SEQ_NO,JOURNAL_REG_DATETIME,JOURNAL_ACTION_CLASS,COLUMN_DEFINITION_ID,MENU_ID,COLUMN_NAME_JA,COLUMN_NAME_EN,COLUMN_NAME_REST,COL_GROUP_ID,COLUMN_CLASS,COLUMN_DISP_SEQ,REF_TABLE_NAME,REF_PKEY_NAME,REF_COL_NAME,REF_SORT_CONDITIONS,REF_MULTI_LANG,REFERENCE_ITEM,SENSITIVE_COL_NAME,FILE_UPLOAD_PLACE,BUTTON_ACTION,COL_NAME,SAVE_TYPE,AUTO_INPUT,INPUT_ITEM,VIEW_ITEM,UNIQUE_ITEM,REQUIRED_ITEM,AUTOREG_HIDE_ITEM,AUTOREG_ONLY_ITEM,INITIAL_VALUE,VALIDATE_OPTION,VALIDATE_REG_EXP,BEFORE_VALIDATE_REGISTER,AFTER_VALIDATE_REGISTER,DESCRIPTION_JA,DESCRIPTION_EN,NOTE,DISUSE_FLAG,LAST_UPDATE_TIMESTAMP,LAST_UPDATE_USER) VALUES(11010509,_____DATE_____,'INSERT','11010509','110105','ラベルバリュー','Label Value','label_value',NULL,'1',90,NULL,NULL,NULL,NULL,NULL,NULL,NULL,NULL,NULL,'LABEL_VALUE',NULL,'0','1','1','0','0','0','0',NULL,'{
"min_length": 0,
"max_length": 255
}',NULL,NULL,NULL,NULL,NULL,NULL,'0',_____DATE_____,1);
INSERT INTO T_COMN_MENU_COLUMN_LINK (COLUMN_DEFINITION_ID,MENU_ID,COLUMN_NAME_JA,COLUMN_NAME_EN,COLUMN_NAME_REST,COL_GROUP_ID,COLUMN_CLASS,COLUMN_DISP_SEQ,REF_TABLE_NAME,REF_PKEY_NAME,REF_COL_NAME,REF_SORT_CONDITIONS,REF_MULTI_LANG,REFERENCE_ITEM,SENSITIVE_COL_NAME,FILE_UPLOAD_PLACE,BUTTON_ACTION,COL_NAME,SAVE_TYPE,AUTO_INPUT,INPUT_ITEM,VIEW_ITEM,UNIQUE_ITEM,REQUIRED_ITEM,AUTOREG_HIDE_ITEM,AUTOREG_ONLY_ITEM,INITIAL_VALUE,VALIDATE_OPTION,VALIDATE_REG_EXP,BEFORE_VALIDATE_REGISTER,AFTER_VALIDATE_REGISTER,DESCRIPTION_JA,DESCRIPTION_EN,NOTE,DISUSE_FLAG,LAST_UPDATE_TIMESTAMP,LAST_UPDATE_USER) VALUES('11010510','110105','備考','Remarks','remarks',NULL,'12',100,NULL,NULL,NULL,NULL,'0',NULL,NULL,NULL,NULL,'NOTE',NULL,'0','1','1','0','0','1','0',NULL,'{
"min_length": 0,
"max_length": 4000
}',NULL,NULL,NULL,'自由記述欄。レコードの廃止・復活時にも記載可能。','Comments section. Can comment when removing or restoring records.',NULL,'0',_____DATE_____,1);
INSERT INTO T_COMN_MENU_COLUMN_LINK_JNL (JOURNAL_SEQ_NO,JOURNAL_REG_DATETIME,JOURNAL_ACTION_CLASS,COLUMN_DEFINITION_ID,MENU_ID,COLUMN_NAME_JA,COLUMN_NAME_EN,COLUMN_NAME_REST,COL_GROUP_ID,COLUMN_CLASS,COLUMN_DISP_SEQ,REF_TABLE_NAME,REF_PKEY_NAME,REF_COL_NAME,REF_SORT_CONDITIONS,REF_MULTI_LANG,REFERENCE_ITEM,SENSITIVE_COL_NAME,FILE_UPLOAD_PLACE,BUTTON_ACTION,COL_NAME,SAVE_TYPE,AUTO_INPUT,INPUT_ITEM,VIEW_ITEM,UNIQUE_ITEM,REQUIRED_ITEM,AUTOREG_HIDE_ITEM,AUTOREG_ONLY_ITEM,INITIAL_VALUE,VALIDATE_OPTION,VALIDATE_REG_EXP,BEFORE_VALIDATE_REGISTER,AFTER_VALIDATE_REGISTER,DESCRIPTION_JA,DESCRIPTION_EN,NOTE,DISUSE_FLAG,LAST_UPDATE_TIMESTAMP,LAST_UPDATE_USER) VALUES(11010510,_____DATE_____,'INSERT','11010510','110105','備考','Remarks','remarks',NULL,'12',100,NULL,NULL,NULL,NULL,'0',NULL,NULL,NULL,NULL,'NOTE',NULL,'0','1','1','0','0','1','0',NULL,'{
"min_length": 0,
"max_length": 4000
}',NULL,NULL,NULL,'自由記述欄。レコードの廃止・復活時にも記載可能。','Comments section. Can comment when removing or restoring records.',NULL,'0',_____DATE_____,1);
INSERT INTO T_COMN_MENU_COLUMN_LINK (COLUMN_DEFINITION_ID,MENU_ID,COLUMN_NAME_JA,COLUMN_NAME_EN,COLUMN_NAME_REST,COL_GROUP_ID,COLUMN_CLASS,COLUMN_DISP_SEQ,REF_TABLE_NAME,REF_PKEY_NAME,REF_COL_NAME,REF_SORT_CONDITIONS,REF_MULTI_LANG,REFERENCE_ITEM,SENSITIVE_COL_NAME,FILE_UPLOAD_PLACE,BUTTON_ACTION,COL_NAME,SAVE_TYPE,AUTO_INPUT,INPUT_ITEM,VIEW_ITEM,UNIQUE_ITEM,REQUIRED_ITEM,AUTOREG_HIDE_ITEM,AUTOREG_ONLY_ITEM,INITIAL_VALUE,VALIDATE_OPTION,VALIDATE_REG_EXP,BEFORE_VALIDATE_REGISTER,AFTER_VALIDATE_REGISTER,DESCRIPTION_JA,DESCRIPTION_EN,NOTE,DISUSE_FLAG,LAST_UPDATE_TIMESTAMP,LAST_UPDATE_USER) VALUES('11010511','110105','廃止フラグ','Discard','discard',NULL,'1',110,NULL,NULL,NULL,NULL,'0',NULL,NULL,NULL,NULL,'DISUSE_FLAG',NULL,'1','1','1','0','1','1','0',NULL,NULL,NULL,NULL,NULL,'廃止フラグ。復活以外のオペレーションは不可','Discard flag. Cannot do operation other than restore.',NULL,'0',_____DATE_____,1);
INSERT INTO T_COMN_MENU_COLUMN_LINK_JNL (JOURNAL_SEQ_NO,JOURNAL_REG_DATETIME,JOURNAL_ACTION_CLASS,COLUMN_DEFINITION_ID,MENU_ID,COLUMN_NAME_JA,COLUMN_NAME_EN,COLUMN_NAME_REST,COL_GROUP_ID,COLUMN_CLASS,COLUMN_DISP_SEQ,REF_TABLE_NAME,REF_PKEY_NAME,REF_COL_NAME,REF_SORT_CONDITIONS,REF_MULTI_LANG,REFERENCE_ITEM,SENSITIVE_COL_NAME,FILE_UPLOAD_PLACE,BUTTON_ACTION,COL_NAME,SAVE_TYPE,AUTO_INPUT,INPUT_ITEM,VIEW_ITEM,UNIQUE_ITEM,REQUIRED_ITEM,AUTOREG_HIDE_ITEM,AUTOREG_ONLY_ITEM,INITIAL_VALUE,VALIDATE_OPTION,VALIDATE_REG_EXP,BEFORE_VALIDATE_REGISTER,AFTER_VALIDATE_REGISTER,DESCRIPTION_JA,DESCRIPTION_EN,NOTE,DISUSE_FLAG,LAST_UPDATE_TIMESTAMP,LAST_UPDATE_USER) VALUES(11010511,_____DATE_____,'INSERT','11010511','110105','廃止フラグ','Discard','discard',NULL,'1',110,NULL,NULL,NULL,NULL,'0',NULL,NULL,NULL,NULL,'DISUSE_FLAG',NULL,'1','1','1','0','1','1','0',NULL,NULL,NULL,NULL,NULL,'廃止フラグ。復活以外のオペレーションは不可','Discard flag. Cannot do operation other than restore.',NULL,'0',_____DATE_____,1);
INSERT INTO T_COMN_MENU_COLUMN_LINK (COLUMN_DEFINITION_ID,MENU_ID,COLUMN_NAME_JA,COLUMN_NAME_EN,COLUMN_NAME_REST,COL_GROUP_ID,COLUMN_CLASS,COLUMN_DISP_SEQ,REF_TABLE_NAME,REF_PKEY_NAME,REF_COL_NAME,REF_SORT_CONDITIONS,REF_MULTI_LANG,REFERENCE_ITEM,SENSITIVE_COL_NAME,FILE_UPLOAD_PLACE,BUTTON_ACTION,COL_NAME,SAVE_TYPE,AUTO_INPUT,INPUT_ITEM,VIEW_ITEM,UNIQUE_ITEM,REQUIRED_ITEM,AUTOREG_HIDE_ITEM,AUTOREG_ONLY_ITEM,INITIAL_VALUE,VALIDATE_OPTION,VALIDATE_REG_EXP,BEFORE_VALIDATE_REGISTER,AFTER_VALIDATE_REGISTER,DESCRIPTION_JA,DESCRIPTION_EN,NOTE,DISUSE_FLAG,LAST_UPDATE_TIMESTAMP,LAST_UPDATE_USER) VALUES('11010512','110105','最終更新日時','Last update date/time','last_update_date_time',NULL,'13',120,NULL,NULL,NULL,NULL,'0',NULL,NULL,NULL,NULL,'LAST_UPDATE_TIMESTAMP',NULL,'1','0','1','0','1','1','0',NULL,NULL,NULL,NULL,NULL,'レコードの最終更新日。自動登録のため編集不可。','Last update date of record. Cannot edit because of auto-registration.',NULL,'0',_____DATE_____,1);
INSERT INTO T_COMN_MENU_COLUMN_LINK_JNL (JOURNAL_SEQ_NO,JOURNAL_REG_DATETIME,JOURNAL_ACTION_CLASS,COLUMN_DEFINITION_ID,MENU_ID,COLUMN_NAME_JA,COLUMN_NAME_EN,COLUMN_NAME_REST,COL_GROUP_ID,COLUMN_CLASS,COLUMN_DISP_SEQ,REF_TABLE_NAME,REF_PKEY_NAME,REF_COL_NAME,REF_SORT_CONDITIONS,REF_MULTI_LANG,REFERENCE_ITEM,SENSITIVE_COL_NAME,FILE_UPLOAD_PLACE,BUTTON_ACTION,COL_NAME,SAVE_TYPE,AUTO_INPUT,INPUT_ITEM,VIEW_ITEM,UNIQUE_ITEM,REQUIRED_ITEM,AUTOREG_HIDE_ITEM,AUTOREG_ONLY_ITEM,INITIAL_VALUE,VALIDATE_OPTION,VALIDATE_REG_EXP,BEFORE_VALIDATE_REGISTER,AFTER_VALIDATE_REGISTER,DESCRIPTION_JA,DESCRIPTION_EN,NOTE,DISUSE_FLAG,LAST_UPDATE_TIMESTAMP,LAST_UPDATE_USER) VALUES(11010512,_____DATE_____,'INSERT','11010512','110105','最終更新日時','Last update date/time','last_update_date_time',NULL,'13',120,NULL,NULL,NULL,NULL,'0',NULL,NULL,NULL,NULL,'LAST_UPDATE_TIMESTAMP',NULL,'1','0','1','0','1','1','0',NULL,NULL,NULL,NULL,NULL,'レコードの最終更新日。自動登録のため編集不可。','Last update date of record. Cannot edit because of auto-registration.',NULL,'0',_____DATE_____,1);
INSERT INTO T_COMN_MENU_COLUMN_LINK (COLUMN_DEFINITION_ID,MENU_ID,COLUMN_NAME_JA,COLUMN_NAME_EN,COLUMN_NAME_REST,COL_GROUP_ID,COLUMN_CLASS,COLUMN_DISP_SEQ,REF_TABLE_NAME,REF_PKEY_NAME,REF_COL_NAME,REF_SORT_CONDITIONS,REF_MULTI_LANG,REFERENCE_ITEM,SENSITIVE_COL_NAME,FILE_UPLOAD_PLACE,BUTTON_ACTION,COL_NAME,SAVE_TYPE,AUTO_INPUT,INPUT_ITEM,VIEW_ITEM,UNIQUE_ITEM,REQUIRED_ITEM,AUTOREG_HIDE_ITEM,AUTOREG_ONLY_ITEM,INITIAL_VALUE,VALIDATE_OPTION,VALIDATE_REG_EXP,BEFORE_VALIDATE_REGISTER,AFTER_VALIDATE_REGISTER,DESCRIPTION_JA,DESCRIPTION_EN,NOTE,DISUSE_FLAG,LAST_UPDATE_TIMESTAMP,LAST_UPDATE_USER) VALUES('11010513','110105','最終更新者','Last updated by','last_updated_user',NULL,'14',130,NULL,NULL,NULL,NULL,'0',NULL,NULL,NULL,NULL,'LAST_UPDATE_USER',NULL,'1','0','1','0','1','1','0',NULL,NULL,NULL,NULL,NULL,'更新者。ログインユーザのIDが自動的に登録される。編集不可。','Updated by. Login user ID is automatically registered. Cannot edit.',NULL,'0',_____DATE_____,1);
INSERT INTO T_COMN_MENU_COLUMN_LINK_JNL (JOURNAL_SEQ_NO,JOURNAL_REG_DATETIME,JOURNAL_ACTION_CLASS,COLUMN_DEFINITION_ID,MENU_ID,COLUMN_NAME_JA,COLUMN_NAME_EN,COLUMN_NAME_REST,COL_GROUP_ID,COLUMN_CLASS,COLUMN_DISP_SEQ,REF_TABLE_NAME,REF_PKEY_NAME,REF_COL_NAME,REF_SORT_CONDITIONS,REF_MULTI_LANG,REFERENCE_ITEM,SENSITIVE_COL_NAME,FILE_UPLOAD_PLACE,BUTTON_ACTION,COL_NAME,SAVE_TYPE,AUTO_INPUT,INPUT_ITEM,VIEW_ITEM,UNIQUE_ITEM,REQUIRED_ITEM,AUTOREG_HIDE_ITEM,AUTOREG_ONLY_ITEM,INITIAL_VALUE,VALIDATE_OPTION,VALIDATE_REG_EXP,BEFORE_VALIDATE_REGISTER,AFTER_VALIDATE_REGISTER,DESCRIPTION_JA,DESCRIPTION_EN,NOTE,DISUSE_FLAG,LAST_UPDATE_TIMESTAMP,LAST_UPDATE_USER) VALUES(11010513,_____DATE_____,'INSERT','11010513','110105','最終更新者','Last updated by','last_updated_user',NULL,'14',130,NULL,NULL,NULL,NULL,'0',NULL,NULL,NULL,NULL,'LAST_UPDATE_USER',NULL,'1','0','1','0','1','1','0',NULL,NULL,NULL,NULL,NULL,'更新者。ログインユーザのIDが自動的に登録される。編集不可。','Updated by. Login user ID is automatically registered. Cannot edit.',NULL,'0',_____DATE_____,1);
INSERT INTO T_COMN_MENU_COLUMN_LINK (COLUMN_DEFINITION_ID,MENU_ID,COLUMN_NAME_JA,COLUMN_NAME_EN,COLUMN_NAME_REST,COL_GROUP_ID,COLUMN_CLASS,COLUMN_DISP_SEQ,REF_TABLE_NAME,REF_PKEY_NAME,REF_COL_NAME,REF_SORT_CONDITIONS,REF_MULTI_LANG,REFERENCE_ITEM,SENSITIVE_COL_NAME,FILE_UPLOAD_PLACE,BUTTON_ACTION,COL_NAME,SAVE_TYPE,AUTO_INPUT,INPUT_ITEM,VIEW_ITEM,UNIQUE_ITEM,REQUIRED_ITEM,AUTOREG_HIDE_ITEM,AUTOREG_ONLY_ITEM,INITIAL_VALUE,VALIDATE_OPTION,VALIDATE_REG_EXP,BEFORE_VALIDATE_REGISTER,AFTER_VALIDATE_REGISTER,DESCRIPTION_JA,DESCRIPTION_EN,NOTE,DISUSE_FLAG,LAST_UPDATE_TIMESTAMP,LAST_UPDATE_USER) VALUES('11010601','110106','フィルターID','Filter Id','filter_id',NULL,'1',10,NULL,NULL,NULL,NULL,'0',NULL,NULL,NULL,NULL,'FILTER_ID',NULL,'1','1','1','1','1','0','0',NULL,'{
"min_length": 0,
"max_length": 40
}',NULL,NULL,NULL,NULL,NULL,NULL,'0',_____DATE_____,1);
INSERT INTO T_COMN_MENU_COLUMN_LINK_JNL (JOURNAL_SEQ_NO,JOURNAL_REG_DATETIME,JOURNAL_ACTION_CLASS,COLUMN_DEFINITION_ID,MENU_ID,COLUMN_NAME_JA,COLUMN_NAME_EN,COLUMN_NAME_REST,COL_GROUP_ID,COLUMN_CLASS,COLUMN_DISP_SEQ,REF_TABLE_NAME,REF_PKEY_NAME,REF_COL_NAME,REF_SORT_CONDITIONS,REF_MULTI_LANG,REFERENCE_ITEM,SENSITIVE_COL_NAME,FILE_UPLOAD_PLACE,BUTTON_ACTION,COL_NAME,SAVE_TYPE,AUTO_INPUT,INPUT_ITEM,VIEW_ITEM,UNIQUE_ITEM,REQUIRED_ITEM,AUTOREG_HIDE_ITEM,AUTOREG_ONLY_ITEM,INITIAL_VALUE,VALIDATE_OPTION,VALIDATE_REG_EXP,BEFORE_VALIDATE_REGISTER,AFTER_VALIDATE_REGISTER,DESCRIPTION_JA,DESCRIPTION_EN,NOTE,DISUSE_FLAG,LAST_UPDATE_TIMESTAMP,LAST_UPDATE_USER) VALUES(11010601,_____DATE_____,'INSERT','11010601','110106','フィルターID','Filter Id','filter_id',NULL,'1',10,NULL,NULL,NULL,NULL,'0',NULL,NULL,NULL,NULL,'FILTER_ID',NULL,'1','1','1','1','1','0','0',NULL,'{
"min_length": 0,
"max_length": 40
}',NULL,NULL,NULL,NULL,NULL,NULL,'0',_____DATE_____,1);
INSERT INTO T_COMN_MENU_COLUMN_LINK (COLUMN_DEFINITION_ID,MENU_ID,COLUMN_NAME_JA,COLUMN_NAME_EN,COLUMN_NAME_REST,COL_GROUP_ID,COLUMN_CLASS,COLUMN_DISP_SEQ,REF_TABLE_NAME,REF_PKEY_NAME,REF_COL_NAME,REF_SORT_CONDITIONS,REF_MULTI_LANG,REFERENCE_ITEM,SENSITIVE_COL_NAME,FILE_UPLOAD_PLACE,BUTTON_ACTION,COL_NAME,SAVE_TYPE,AUTO_INPUT,INPUT_ITEM,VIEW_ITEM,UNIQUE_ITEM,REQUIRED_ITEM,AUTOREG_HIDE_ITEM,AUTOREG_ONLY_ITEM,INITIAL_VALUE,VALIDATE_OPTION,VALIDATE_REG_EXP,BEFORE_VALIDATE_REGISTER,AFTER_VALIDATE_REGISTER,DESCRIPTION_JA,DESCRIPTION_EN,NOTE,DISUSE_FLAG,LAST_UPDATE_TIMESTAMP,LAST_UPDATE_USER) VALUES('11010602','110106','フィルター名','Filter Name','filter_name',NULL,'1',20,NULL,NULL,NULL,NULL,'0',NULL,NULL,NULL,NULL,'FILTER_NAME',NULL,'0','1','1','0','1','0','0',NULL,'{
"min_length": 0,
"max_length": 255
}',NULL,NULL,NULL,NULL,NULL,NULL,'0',_____DATE_____,1);
INSERT INTO T_COMN_MENU_COLUMN_LINK_JNL (JOURNAL_SEQ_NO,JOURNAL_REG_DATETIME,JOURNAL_ACTION_CLASS,COLUMN_DEFINITION_ID,MENU_ID,COLUMN_NAME_JA,COLUMN_NAME_EN,COLUMN_NAME_REST,COL_GROUP_ID,COLUMN_CLASS,COLUMN_DISP_SEQ,REF_TABLE_NAME,REF_PKEY_NAME,REF_COL_NAME,REF_SORT_CONDITIONS,REF_MULTI_LANG,REFERENCE_ITEM,SENSITIVE_COL_NAME,FILE_UPLOAD_PLACE,BUTTON_ACTION,COL_NAME,SAVE_TYPE,AUTO_INPUT,INPUT_ITEM,VIEW_ITEM,UNIQUE_ITEM,REQUIRED_ITEM,AUTOREG_HIDE_ITEM,AUTOREG_ONLY_ITEM,INITIAL_VALUE,VALIDATE_OPTION,VALIDATE_REG_EXP,BEFORE_VALIDATE_REGISTER,AFTER_VALIDATE_REGISTER,DESCRIPTION_JA,DESCRIPTION_EN,NOTE,DISUSE_FLAG,LAST_UPDATE_TIMESTAMP,LAST_UPDATE_USER) VALUES(11010602,_____DATE_____,'INSERT','11010602','110106','フィルター名','Filter Name','filter_name',NULL,'1',20,NULL,NULL,NULL,NULL,'0',NULL,NULL,NULL,NULL,'FILTER_NAME',NULL,'0','1','1','0','1','0','0',NULL,'{
"min_length": 0,
"max_length": 255
}',NULL,NULL,NULL,NULL,NULL,NULL,'0',_____DATE_____,1);
INSERT INTO T_COMN_MENU_COLUMN_LINK (COLUMN_DEFINITION_ID,MENU_ID,COLUMN_NAME_JA,COLUMN_NAME_EN,COLUMN_NAME_REST,COL_GROUP_ID,COLUMN_CLASS,COLUMN_DISP_SEQ,REF_TABLE_NAME,REF_PKEY_NAME,REF_COL_NAME,REF_SORT_CONDITIONS,REF_MULTI_LANG,REFERENCE_ITEM,SENSITIVE_COL_NAME,FILE_UPLOAD_PLACE,BUTTON_ACTION,COL_NAME,SAVE_TYPE,AUTO_INPUT,INPUT_ITEM,VIEW_ITEM,UNIQUE_ITEM,REQUIRED_ITEM,AUTOREG_HIDE_ITEM,AUTOREG_ONLY_ITEM,INITIAL_VALUE,VALIDATE_OPTION,VALIDATE_REG_EXP,BEFORE_VALIDATE_REGISTER,AFTER_VALIDATE_REGISTER,DESCRIPTION_JA,DESCRIPTION_EN,NOTE,DISUSE_FLAG,LAST_UPDATE_TIMESTAMP,LAST_UPDATE_USER) VALUES('11010603','110106','ラベル名','Label Name','label_name',NULL,'7',30,'V_OASE_LABEL_KEY_GROUP','LABEL_KEY_ID','LABEL_KEY',NULL,'0',NULL,NULL,NULL,NULL,'LABEL_NAME',NULL,'0','1','1','0','1','0','0',NULL,'{
"min_length": 0,
"max_length": 2
}',NULL,NULL,NULL,NULL,NULL,NULL,'0',_____DATE_____,1);
INSERT INTO T_COMN_MENU_COLUMN_LINK_JNL (JOURNAL_SEQ_NO,JOURNAL_REG_DATETIME,JOURNAL_ACTION_CLASS,COLUMN_DEFINITION_ID,MENU_ID,COLUMN_NAME_JA,COLUMN_NAME_EN,COLUMN_NAME_REST,COL_GROUP_ID,COLUMN_CLASS,COLUMN_DISP_SEQ,REF_TABLE_NAME,REF_PKEY_NAME,REF_COL_NAME,REF_SORT_CONDITIONS,REF_MULTI_LANG,REFERENCE_ITEM,SENSITIVE_COL_NAME,FILE_UPLOAD_PLACE,BUTTON_ACTION,COL_NAME,SAVE_TYPE,AUTO_INPUT,INPUT_ITEM,VIEW_ITEM,UNIQUE_ITEM,REQUIRED_ITEM,AUTOREG_HIDE_ITEM,AUTOREG_ONLY_ITEM,INITIAL_VALUE,VALIDATE_OPTION,VALIDATE_REG_EXP,BEFORE_VALIDATE_REGISTER,AFTER_VALIDATE_REGISTER,DESCRIPTION_JA,DESCRIPTION_EN,NOTE,DISUSE_FLAG,LAST_UPDATE_TIMESTAMP,LAST_UPDATE_USER) VALUES(11010603,_____DATE_____,'INSERT','11010603','110106','ラベル名','Label Name','label_name',NULL,'7',30,'V_OASE_LABEL_KEY_GROUP','LABEL_KEY_ID','LABEL_KEY',NULL,'0',NULL,NULL,NULL,NULL,'LABEL_NAME',NULL,'0','1','1','0','1','0','0',NULL,'{
"min_length": 0,
"max_length": 2
}',NULL,NULL,NULL,NULL,NULL,NULL,'0',_____DATE_____,1);
INSERT INTO T_COMN_MENU_COLUMN_LINK (COLUMN_DEFINITION_ID,MENU_ID,COLUMN_NAME_JA,COLUMN_NAME_EN,COLUMN_NAME_REST,COL_GROUP_ID,COLUMN_CLASS,COLUMN_DISP_SEQ,REF_TABLE_NAME,REF_PKEY_NAME,REF_COL_NAME,REF_SORT_CONDITIONS,REF_MULTI_LANG,REFERENCE_ITEM,SENSITIVE_COL_NAME,FILE_UPLOAD_PLACE,BUTTON_ACTION,COL_NAME,SAVE_TYPE,AUTO_INPUT,INPUT_ITEM,VIEW_ITEM,UNIQUE_ITEM,REQUIRED_ITEM,AUTOREG_HIDE_ITEM,AUTOREG_ONLY_ITEM,INITIAL_VALUE,VALIDATE_OPTION,VALIDATE_REG_EXP,BEFORE_VALIDATE_REGISTER,AFTER_VALIDATE_REGISTER,DESCRIPTION_JA,DESCRIPTION_EN,NOTE,DISUSE_FLAG,LAST_UPDATE_TIMESTAMP,LAST_UPDATE_USER) VALUES('11010604','110106','条件','Condition Type','condition_type',NULL,'7',40,'T_OASE_COMPARISON_METHOD','COMPARISON_METHOD_ID','COMPARISON_METHOD_SYMBOL',NULL,'0',NULL,NULL,NULL,NULL,'CONDITION_TYPE',NULL,'0','1','1','0','1','0','0',NULL,'{
"min_length": 0,
"max_length": 2
}',NULL,NULL,NULL,NULL,NULL,NULL,'0',_____DATE_____,1);
INSERT INTO T_COMN_MENU_COLUMN_LINK_JNL (JOURNAL_SEQ_NO,JOURNAL_REG_DATETIME,JOURNAL_ACTION_CLASS,COLUMN_DEFINITION_ID,MENU_ID,COLUMN_NAME_JA,COLUMN_NAME_EN,COLUMN_NAME_REST,COL_GROUP_ID,COLUMN_CLASS,COLUMN_DISP_SEQ,REF_TABLE_NAME,REF_PKEY_NAME,REF_COL_NAME,REF_SORT_CONDITIONS,REF_MULTI_LANG,REFERENCE_ITEM,SENSITIVE_COL_NAME,FILE_UPLOAD_PLACE,BUTTON_ACTION,COL_NAME,SAVE_TYPE,AUTO_INPUT,INPUT_ITEM,VIEW_ITEM,UNIQUE_ITEM,REQUIRED_ITEM,AUTOREG_HIDE_ITEM,AUTOREG_ONLY_ITEM,INITIAL_VALUE,VALIDATE_OPTION,VALIDATE_REG_EXP,BEFORE_VALIDATE_REGISTER,AFTER_VALIDATE_REGISTER,DESCRIPTION_JA,DESCRIPTION_EN,NOTE,DISUSE_FLAG,LAST_UPDATE_TIMESTAMP,LAST_UPDATE_USER) VALUES(11010604,_____DATE_____,'INSERT','11010604','110106','条件','Condition Type','condition_type',NULL,'7',40,'T_OASE_COMPARISON_METHOD','COMPARISON_METHOD_ID','COMPARISON_METHOD_SYMBOL',NULL,'0',NULL,NULL,NULL,NULL,'CONDITION_TYPE',NULL,'0','1','1','0','1','0','0',NULL,'{
"min_length": 0,
"max_length": 2
}',NULL,NULL,NULL,NULL,NULL,NULL,'0',_____DATE_____,1);
INSERT INTO T_COMN_MENU_COLUMN_LINK (COLUMN_DEFINITION_ID,MENU_ID,COLUMN_NAME_JA,COLUMN_NAME_EN,COLUMN_NAME_REST,COL_GROUP_ID,COLUMN_CLASS,COLUMN_DISP_SEQ,REF_TABLE_NAME,REF_PKEY_NAME,REF_COL_NAME,REF_SORT_CONDITIONS,REF_MULTI_LANG,REFERENCE_ITEM,SENSITIVE_COL_NAME,FILE_UPLOAD_PLACE,BUTTON_ACTION,COL_NAME,SAVE_TYPE,AUTO_INPUT,INPUT_ITEM,VIEW_ITEM,UNIQUE_ITEM,REQUIRED_ITEM,AUTOREG_HIDE_ITEM,AUTOREG_ONLY_ITEM,INITIAL_VALUE,VALIDATE_OPTION,VALIDATE_REG_EXP,BEFORE_VALIDATE_REGISTER,AFTER_VALIDATE_REGISTER,DESCRIPTION_JA,DESCRIPTION_EN,NOTE,DISUSE_FLAG,LAST_UPDATE_TIMESTAMP,LAST_UPDATE_USER) VALUES('11010605','110106','条件値','Condition Value','condition_value',NULL,'1',50,NULL,NULL,NULL,NULL,'0',NULL,NULL,NULL,NULL,'CONDITION_VALUE',NULL,'0','1','1','0','1','0','0',NULL,'{
"min_length": 0,
"max_length": 255
}',NULL,NULL,NULL,NULL,NULL,NULL,'0',_____DATE_____,1);
INSERT INTO T_COMN_MENU_COLUMN_LINK_JNL (JOURNAL_SEQ_NO,JOURNAL_REG_DATETIME,JOURNAL_ACTION_CLASS,COLUMN_DEFINITION_ID,MENU_ID,COLUMN_NAME_JA,COLUMN_NAME_EN,COLUMN_NAME_REST,COL_GROUP_ID,COLUMN_CLASS,COLUMN_DISP_SEQ,REF_TABLE_NAME,REF_PKEY_NAME,REF_COL_NAME,REF_SORT_CONDITIONS,REF_MULTI_LANG,REFERENCE_ITEM,SENSITIVE_COL_NAME,FILE_UPLOAD_PLACE,BUTTON_ACTION,COL_NAME,SAVE_TYPE,AUTO_INPUT,INPUT_ITEM,VIEW_ITEM,UNIQUE_ITEM,REQUIRED_ITEM,AUTOREG_HIDE_ITEM,AUTOREG_ONLY_ITEM,INITIAL_VALUE,VALIDATE_OPTION,VALIDATE_REG_EXP,BEFORE_VALIDATE_REGISTER,AFTER_VALIDATE_REGISTER,DESCRIPTION_JA,DESCRIPTION_EN,NOTE,DISUSE_FLAG,LAST_UPDATE_TIMESTAMP,LAST_UPDATE_USER) VALUES(11010605,_____DATE_____,'INSERT','11010605','110106','条件値','Condition Value','condition_value',NULL,'1',50,NULL,NULL,NULL,NULL,'0',NULL,NULL,NULL,NULL,'CONDITION_VALUE',NULL,'0','1','1','0','1','0','0',NULL,'{
"min_length": 0,
"max_length": 255
}',NULL,NULL,NULL,NULL,NULL,NULL,'0',_____DATE_____,1);
INSERT INTO T_COMN_MENU_COLUMN_LINK (COLUMN_DEFINITION_ID,MENU_ID,COLUMN_NAME_JA,COLUMN_NAME_EN,COLUMN_NAME_REST,COL_GROUP_ID,COLUMN_CLASS,COLUMN_DISP_SEQ,REF_TABLE_NAME,REF_PKEY_NAME,REF_COL_NAME,REF_SORT_CONDITIONS,REF_MULTI_LANG,REFERENCE_ITEM,SENSITIVE_COL_NAME,FILE_UPLOAD_PLACE,BUTTON_ACTION,COL_NAME,SAVE_TYPE,AUTO_INPUT,INPUT_ITEM,VIEW_ITEM,UNIQUE_ITEM,REQUIRED_ITEM,AUTOREG_HIDE_ITEM,AUTOREG_ONLY_ITEM,INITIAL_VALUE,VALIDATE_OPTION,VALIDATE_REG_EXP,BEFORE_VALIDATE_REGISTER,AFTER_VALIDATE_REGISTER,DESCRIPTION_JA,DESCRIPTION_EN,NOTE,DISUSE_FLAG,LAST_UPDATE_TIMESTAMP,LAST_UPDATE_USER) VALUES('11010606','110106','有効','Available Flag','available_flag',NULL,'7',60,'T_COMN_BOOLEAN_FLAG','FLAG_ID','FLAG_NAME',NULL,'0',NULL,NULL,NULL,NULL,'AVAILABLE_FLAG',NULL,'0','1','1','0','0','1','0',NULL,NULL,NULL,NULL,NULL,NULL,NULL,NULL,'0',_____DATE_____,1);
INSERT INTO T_COMN_MENU_COLUMN_LINK_JNL (JOURNAL_SEQ_NO,JOURNAL_REG_DATETIME,JOURNAL_ACTION_CLASS,COLUMN_DEFINITION_ID,MENU_ID,COLUMN_NAME_JA,COLUMN_NAME_EN,COLUMN_NAME_REST,COL_GROUP_ID,COLUMN_CLASS,COLUMN_DISP_SEQ,REF_TABLE_NAME,REF_PKEY_NAME,REF_COL_NAME,REF_SORT_CONDITIONS,REF_MULTI_LANG,REFERENCE_ITEM,SENSITIVE_COL_NAME,FILE_UPLOAD_PLACE,BUTTON_ACTION,COL_NAME,SAVE_TYPE,AUTO_INPUT,INPUT_ITEM,VIEW_ITEM,UNIQUE_ITEM,REQUIRED_ITEM,AUTOREG_HIDE_ITEM,AUTOREG_ONLY_ITEM,INITIAL_VALUE,VALIDATE_OPTION,VALIDATE_REG_EXP,BEFORE_VALIDATE_REGISTER,AFTER_VALIDATE_REGISTER,DESCRIPTION_JA,DESCRIPTION_EN,NOTE,DISUSE_FLAG,LAST_UPDATE_TIMESTAMP,LAST_UPDATE_USER) VALUES(11010606,_____DATE_____,'INSERT','11010606','110106','有効','Available Flag','available_flag',NULL,'7',60,'T_COMN_BOOLEAN_FLAG','FLAG_ID','FLAG_NAME',NULL,'0',NULL,NULL,NULL,NULL,'AVAILABLE_FLAG',NULL,'0','1','1','0','0','1','0',NULL,NULL,NULL,NULL,NULL,NULL,NULL,NULL,'0',_____DATE_____,1);
INSERT INTO T_COMN_MENU_COLUMN_LINK (COLUMN_DEFINITION_ID,MENU_ID,COLUMN_NAME_JA,COLUMN_NAME_EN,COLUMN_NAME_REST,COL_GROUP_ID,COLUMN_CLASS,COLUMN_DISP_SEQ,REF_TABLE_NAME,REF_PKEY_NAME,REF_COL_NAME,REF_SORT_CONDITIONS,REF_MULTI_LANG,REFERENCE_ITEM,SENSITIVE_COL_NAME,FILE_UPLOAD_PLACE,BUTTON_ACTION,COL_NAME,SAVE_TYPE,AUTO_INPUT,INPUT_ITEM,VIEW_ITEM,UNIQUE_ITEM,REQUIRED_ITEM,AUTOREG_HIDE_ITEM,AUTOREG_ONLY_ITEM,INITIAL_VALUE,VALIDATE_OPTION,VALIDATE_REG_EXP,BEFORE_VALIDATE_REGISTER,AFTER_VALIDATE_REGISTER,DESCRIPTION_JA,DESCRIPTION_EN,NOTE,DISUSE_FLAG,LAST_UPDATE_TIMESTAMP,LAST_UPDATE_USER) VALUES('11010607','110106','フィルター条件用JSON格納用項目','Filter Condition Json','filter_condition_json',NULL,'2',70,NULL,NULL,NULL,NULL,'0',NULL,NULL,NULL,NULL,'FILTER_CONDITION_JSON',NULL,'0','2','0','0','0','1','0',NULL,'{
"min_length": 0,
"max_length": 4294967296
}',NULL,NULL,NULL,'JSON格納用項目','JSON Storage Item',NULL,'0',_____DATE_____,1);
INSERT INTO T_COMN_MENU_COLUMN_LINK_JNL (JOURNAL_SEQ_NO,JOURNAL_REG_DATETIME,JOURNAL_ACTION_CLASS,COLUMN_DEFINITION_ID,MENU_ID,COLUMN_NAME_JA,COLUMN_NAME_EN,COLUMN_NAME_REST,COL_GROUP_ID,COLUMN_CLASS,COLUMN_DISP_SEQ,REF_TABLE_NAME,REF_PKEY_NAME,REF_COL_NAME,REF_SORT_CONDITIONS,REF_MULTI_LANG,REFERENCE_ITEM,SENSITIVE_COL_NAME,FILE_UPLOAD_PLACE,BUTTON_ACTION,COL_NAME,SAVE_TYPE,AUTO_INPUT,INPUT_ITEM,VIEW_ITEM,UNIQUE_ITEM,REQUIRED_ITEM,AUTOREG_HIDE_ITEM,AUTOREG_ONLY_ITEM,INITIAL_VALUE,VALIDATE_OPTION,VALIDATE_REG_EXP,BEFORE_VALIDATE_REGISTER,AFTER_VALIDATE_REGISTER,DESCRIPTION_JA,DESCRIPTION_EN,NOTE,DISUSE_FLAG,LAST_UPDATE_TIMESTAMP,LAST_UPDATE_USER) VALUES(11010607,_____DATE_____,'INSERT','11010607','110106','フィルター条件用JSON格納用項目','Filter Condition Json','filter_condition_json',NULL,'2',70,NULL,NULL,NULL,NULL,'0',NULL,NULL,NULL,NULL,'FILTER_CONDITION_JSON',NULL,'0','2','0','0','0','1','0',NULL,'{
"min_length": 0,
"max_length": 4294967296
}',NULL,NULL,NULL,'JSON格納用項目','JSON Storage Item',NULL,'0',_____DATE_____,1);
INSERT INTO T_COMN_MENU_COLUMN_LINK (COLUMN_DEFINITION_ID,MENU_ID,COLUMN_NAME_JA,COLUMN_NAME_EN,COLUMN_NAME_REST,COL_GROUP_ID,COLUMN_CLASS,COLUMN_DISP_SEQ,REF_TABLE_NAME,REF_PKEY_NAME,REF_COL_NAME,REF_SORT_CONDITIONS,REF_MULTI_LANG,REFERENCE_ITEM,SENSITIVE_COL_NAME,FILE_UPLOAD_PLACE,BUTTON_ACTION,COL_NAME,SAVE_TYPE,AUTO_INPUT,INPUT_ITEM,VIEW_ITEM,UNIQUE_ITEM,REQUIRED_ITEM,AUTOREG_HIDE_ITEM,AUTOREG_ONLY_ITEM,INITIAL_VALUE,VALIDATE_OPTION,VALIDATE_REG_EXP,BEFORE_VALIDATE_REGISTER,AFTER_VALIDATE_REGISTER,DESCRIPTION_JA,DESCRIPTION_EN,NOTE,DISUSE_FLAG,LAST_UPDATE_TIMESTAMP,LAST_UPDATE_USER) VALUES('11010608','110106','備考','Remarks','remarks',NULL,'12',70,NULL,NULL,NULL,NULL,'0',NULL,NULL,NULL,NULL,'NOTE',NULL,'0','1','1','0','0','1','0',NULL,'{
"min_length": 0,
"max_length": 4000
}',NULL,NULL,NULL,'自由記述欄。レコードの廃止・復活時にも記載可能。','Comments section. Can comment when removing or restoring records.',NULL,'0',_____DATE_____,1);
INSERT INTO T_COMN_MENU_COLUMN_LINK_JNL (JOURNAL_SEQ_NO,JOURNAL_REG_DATETIME,JOURNAL_ACTION_CLASS,COLUMN_DEFINITION_ID,MENU_ID,COLUMN_NAME_JA,COLUMN_NAME_EN,COLUMN_NAME_REST,COL_GROUP_ID,COLUMN_CLASS,COLUMN_DISP_SEQ,REF_TABLE_NAME,REF_PKEY_NAME,REF_COL_NAME,REF_SORT_CONDITIONS,REF_MULTI_LANG,REFERENCE_ITEM,SENSITIVE_COL_NAME,FILE_UPLOAD_PLACE,BUTTON_ACTION,COL_NAME,SAVE_TYPE,AUTO_INPUT,INPUT_ITEM,VIEW_ITEM,UNIQUE_ITEM,REQUIRED_ITEM,AUTOREG_HIDE_ITEM,AUTOREG_ONLY_ITEM,INITIAL_VALUE,VALIDATE_OPTION,VALIDATE_REG_EXP,BEFORE_VALIDATE_REGISTER,AFTER_VALIDATE_REGISTER,DESCRIPTION_JA,DESCRIPTION_EN,NOTE,DISUSE_FLAG,LAST_UPDATE_TIMESTAMP,LAST_UPDATE_USER) VALUES(11010608,_____DATE_____,'INSERT','11010608','110106','備考','Remarks','remarks',NULL,'12',70,NULL,NULL,NULL,NULL,'0',NULL,NULL,NULL,NULL,'NOTE',NULL,'0','1','1','0','0','1','0',NULL,'{
"min_length": 0,
"max_length": 4000
}',NULL,NULL,NULL,'自由記述欄。レコードの廃止・復活時にも記載可能。','Comments section. Can comment when removing or restoring records.',NULL,'0',_____DATE_____,1);
INSERT INTO T_COMN_MENU_COLUMN_LINK (COLUMN_DEFINITION_ID,MENU_ID,COLUMN_NAME_JA,COLUMN_NAME_EN,COLUMN_NAME_REST,COL_GROUP_ID,COLUMN_CLASS,COLUMN_DISP_SEQ,REF_TABLE_NAME,REF_PKEY_NAME,REF_COL_NAME,REF_SORT_CONDITIONS,REF_MULTI_LANG,REFERENCE_ITEM,SENSITIVE_COL_NAME,FILE_UPLOAD_PLACE,BUTTON_ACTION,COL_NAME,SAVE_TYPE,AUTO_INPUT,INPUT_ITEM,VIEW_ITEM,UNIQUE_ITEM,REQUIRED_ITEM,AUTOREG_HIDE_ITEM,AUTOREG_ONLY_ITEM,INITIAL_VALUE,VALIDATE_OPTION,VALIDATE_REG_EXP,BEFORE_VALIDATE_REGISTER,AFTER_VALIDATE_REGISTER,DESCRIPTION_JA,DESCRIPTION_EN,NOTE,DISUSE_FLAG,LAST_UPDATE_TIMESTAMP,LAST_UPDATE_USER) VALUES('11010609','110106','廃止フラグ','Discard','discard',NULL,'1',80,NULL,NULL,NULL,NULL,'0',NULL,NULL,NULL,NULL,'DISUSE_FLAG',NULL,'1','1','1','0','1','1','0',NULL,NULL,NULL,NULL,NULL,'廃止フラグ。復活以外のオペレーションは不可','Discard flag. Cannot do operation other than restore.',NULL,'0',_____DATE_____,1);
INSERT INTO T_COMN_MENU_COLUMN_LINK_JNL (JOURNAL_SEQ_NO,JOURNAL_REG_DATETIME,JOURNAL_ACTION_CLASS,COLUMN_DEFINITION_ID,MENU_ID,COLUMN_NAME_JA,COLUMN_NAME_EN,COLUMN_NAME_REST,COL_GROUP_ID,COLUMN_CLASS,COLUMN_DISP_SEQ,REF_TABLE_NAME,REF_PKEY_NAME,REF_COL_NAME,REF_SORT_CONDITIONS,REF_MULTI_LANG,REFERENCE_ITEM,SENSITIVE_COL_NAME,FILE_UPLOAD_PLACE,BUTTON_ACTION,COL_NAME,SAVE_TYPE,AUTO_INPUT,INPUT_ITEM,VIEW_ITEM,UNIQUE_ITEM,REQUIRED_ITEM,AUTOREG_HIDE_ITEM,AUTOREG_ONLY_ITEM,INITIAL_VALUE,VALIDATE_OPTION,VALIDATE_REG_EXP,BEFORE_VALIDATE_REGISTER,AFTER_VALIDATE_REGISTER,DESCRIPTION_JA,DESCRIPTION_EN,NOTE,DISUSE_FLAG,LAST_UPDATE_TIMESTAMP,LAST_UPDATE_USER) VALUES(11010609,_____DATE_____,'INSERT','11010609','110106','廃止フラグ','Discard','discard',NULL,'1',80,NULL,NULL,NULL,NULL,'0',NULL,NULL,NULL,NULL,'DISUSE_FLAG',NULL,'1','1','1','0','1','1','0',NULL,NULL,NULL,NULL,NULL,'廃止フラグ。復活以外のオペレーションは不可','Discard flag. Cannot do operation other than restore.',NULL,'0',_____DATE_____,1);
INSERT INTO T_COMN_MENU_COLUMN_LINK (COLUMN_DEFINITION_ID,MENU_ID,COLUMN_NAME_JA,COLUMN_NAME_EN,COLUMN_NAME_REST,COL_GROUP_ID,COLUMN_CLASS,COLUMN_DISP_SEQ,REF_TABLE_NAME,REF_PKEY_NAME,REF_COL_NAME,REF_SORT_CONDITIONS,REF_MULTI_LANG,REFERENCE_ITEM,SENSITIVE_COL_NAME,FILE_UPLOAD_PLACE,BUTTON_ACTION,COL_NAME,SAVE_TYPE,AUTO_INPUT,INPUT_ITEM,VIEW_ITEM,UNIQUE_ITEM,REQUIRED_ITEM,AUTOREG_HIDE_ITEM,AUTOREG_ONLY_ITEM,INITIAL_VALUE,VALIDATE_OPTION,VALIDATE_REG_EXP,BEFORE_VALIDATE_REGISTER,AFTER_VALIDATE_REGISTER,DESCRIPTION_JA,DESCRIPTION_EN,NOTE,DISUSE_FLAG,LAST_UPDATE_TIMESTAMP,LAST_UPDATE_USER) VALUES('11010610','110106','最終更新日時','Last update date/time','last_update_date_time',NULL,'13',90,NULL,NULL,NULL,NULL,'0',NULL,NULL,NULL,NULL,'LAST_UPDATE_TIMESTAMP',NULL,'1','0','1','0','1','1','0',NULL,NULL,NULL,NULL,NULL,'レコードの最終更新日。更新可否判定に使用。自動登録のため編集不可。','Last update date of record. Useful for judging the possibility of an update. Cannot edit because of auto-numbering.',NULL,'0',_____DATE_____,1);
INSERT INTO T_COMN_MENU_COLUMN_LINK_JNL (JOURNAL_SEQ_NO,JOURNAL_REG_DATETIME,JOURNAL_ACTION_CLASS,COLUMN_DEFINITION_ID,MENU_ID,COLUMN_NAME_JA,COLUMN_NAME_EN,COLUMN_NAME_REST,COL_GROUP_ID,COLUMN_CLASS,COLUMN_DISP_SEQ,REF_TABLE_NAME,REF_PKEY_NAME,REF_COL_NAME,REF_SORT_CONDITIONS,REF_MULTI_LANG,REFERENCE_ITEM,SENSITIVE_COL_NAME,FILE_UPLOAD_PLACE,BUTTON_ACTION,COL_NAME,SAVE_TYPE,AUTO_INPUT,INPUT_ITEM,VIEW_ITEM,UNIQUE_ITEM,REQUIRED_ITEM,AUTOREG_HIDE_ITEM,AUTOREG_ONLY_ITEM,INITIAL_VALUE,VALIDATE_OPTION,VALIDATE_REG_EXP,BEFORE_VALIDATE_REGISTER,AFTER_VALIDATE_REGISTER,DESCRIPTION_JA,DESCRIPTION_EN,NOTE,DISUSE_FLAG,LAST_UPDATE_TIMESTAMP,LAST_UPDATE_USER) VALUES(11010610,_____DATE_____,'INSERT','11010610','110106','最終更新日時','Last update date/time','last_update_date_time',NULL,'13',90,NULL,NULL,NULL,NULL,'0',NULL,NULL,NULL,NULL,'LAST_UPDATE_TIMESTAMP',NULL,'1','0','1','0','1','1','0',NULL,NULL,NULL,NULL,NULL,'レコードの最終更新日。更新可否判定に使用。自動登録のため編集不可。','Last update date of record. Useful for judging the possibility of an update. Cannot edit because of auto-numbering.',NULL,'0',_____DATE_____,1);
INSERT INTO T_COMN_MENU_COLUMN_LINK (COLUMN_DEFINITION_ID,MENU_ID,COLUMN_NAME_JA,COLUMN_NAME_EN,COLUMN_NAME_REST,COL_GROUP_ID,COLUMN_CLASS,COLUMN_DISP_SEQ,REF_TABLE_NAME,REF_PKEY_NAME,REF_COL_NAME,REF_SORT_CONDITIONS,REF_MULTI_LANG,REFERENCE_ITEM,SENSITIVE_COL_NAME,FILE_UPLOAD_PLACE,BUTTON_ACTION,COL_NAME,SAVE_TYPE,AUTO_INPUT,INPUT_ITEM,VIEW_ITEM,UNIQUE_ITEM,REQUIRED_ITEM,AUTOREG_HIDE_ITEM,AUTOREG_ONLY_ITEM,INITIAL_VALUE,VALIDATE_OPTION,VALIDATE_REG_EXP,BEFORE_VALIDATE_REGISTER,AFTER_VALIDATE_REGISTER,DESCRIPTION_JA,DESCRIPTION_EN,NOTE,DISUSE_FLAG,LAST_UPDATE_TIMESTAMP,LAST_UPDATE_USER) VALUES('11010611','110106','最終更新者','Last updated by','last_updated_user',NULL,'14',100,NULL,NULL,NULL,NULL,'0',NULL,NULL,NULL,NULL,'LAST_UPDATE_USER',NULL,'1','0','1','0','1','1','0',NULL,NULL,NULL,NULL,NULL,'更新者。ログインユーザのIDが自動的に登録される。編集不可。','Updated by. Login user ID is automatically registered. Cannot edit.',NULL,'0',_____DATE_____,1);
INSERT INTO T_COMN_MENU_COLUMN_LINK_JNL (JOURNAL_SEQ_NO,JOURNAL_REG_DATETIME,JOURNAL_ACTION_CLASS,COLUMN_DEFINITION_ID,MENU_ID,COLUMN_NAME_JA,COLUMN_NAME_EN,COLUMN_NAME_REST,COL_GROUP_ID,COLUMN_CLASS,COLUMN_DISP_SEQ,REF_TABLE_NAME,REF_PKEY_NAME,REF_COL_NAME,REF_SORT_CONDITIONS,REF_MULTI_LANG,REFERENCE_ITEM,SENSITIVE_COL_NAME,FILE_UPLOAD_PLACE,BUTTON_ACTION,COL_NAME,SAVE_TYPE,AUTO_INPUT,INPUT_ITEM,VIEW_ITEM,UNIQUE_ITEM,REQUIRED_ITEM,AUTOREG_HIDE_ITEM,AUTOREG_ONLY_ITEM,INITIAL_VALUE,VALIDATE_OPTION,VALIDATE_REG_EXP,BEFORE_VALIDATE_REGISTER,AFTER_VALIDATE_REGISTER,DESCRIPTION_JA,DESCRIPTION_EN,NOTE,DISUSE_FLAG,LAST_UPDATE_TIMESTAMP,LAST_UPDATE_USER) VALUES(11010611,_____DATE_____,'INSERT','11010611','110106','最終更新者','Last updated by','last_updated_user',NULL,'14',100,NULL,NULL,NULL,NULL,'0',NULL,NULL,NULL,NULL,'LAST_UPDATE_USER',NULL,'1','0','1','0','1','1','0',NULL,NULL,NULL,NULL,NULL,'更新者。ログインユーザのIDが自動的に登録される。編集不可。','Updated by. Login user ID is automatically registered. Cannot edit.',NULL,'0',_____DATE_____,1);
INSERT INTO T_COMN_MENU_COLUMN_LINK (COLUMN_DEFINITION_ID,MENU_ID,COLUMN_NAME_JA,COLUMN_NAME_EN,COLUMN_NAME_REST,COL_GROUP_ID,COLUMN_CLASS,COLUMN_DISP_SEQ,REF_TABLE_NAME,REF_PKEY_NAME,REF_COL_NAME,REF_SORT_CONDITIONS,REF_MULTI_LANG,REFERENCE_ITEM,SENSITIVE_COL_NAME,FILE_UPLOAD_PLACE,BUTTON_ACTION,COL_NAME,SAVE_TYPE,AUTO_INPUT,INPUT_ITEM,VIEW_ITEM,UNIQUE_ITEM,REQUIRED_ITEM,AUTOREG_HIDE_ITEM,AUTOREG_ONLY_ITEM,INITIAL_VALUE,VALIDATE_OPTION,VALIDATE_REG_EXP,BEFORE_VALIDATE_REGISTER,AFTER_VALIDATE_REGISTER,DESCRIPTION_JA,DESCRIPTION_EN,NOTE,DISUSE_FLAG,LAST_UPDATE_TIMESTAMP,LAST_UPDATE_USER) VALUES('11010701','110107','アクションID','Action ID','action_id',NULL,'1',10,NULL,NULL,NULL,NULL,'0',NULL,NULL,NULL,NULL,'ACTION_ID',NULL,'1','1','1','1','1','1','0',NULL,NULL,NULL,NULL,NULL,'自動採番のため編集不可。実行処理種別が【登録】の場合、空白のみ可。','Cannot edit because of auto-numbering. Must be blank when execution process type is [Register].',NULL,'0',_____DATE_____,1);
INSERT INTO T_COMN_MENU_COLUMN_LINK_JNL (JOURNAL_SEQ_NO,JOURNAL_REG_DATETIME,JOURNAL_ACTION_CLASS,COLUMN_DEFINITION_ID,MENU_ID,COLUMN_NAME_JA,COLUMN_NAME_EN,COLUMN_NAME_REST,COL_GROUP_ID,COLUMN_CLASS,COLUMN_DISP_SEQ,REF_TABLE_NAME,REF_PKEY_NAME,REF_COL_NAME,REF_SORT_CONDITIONS,REF_MULTI_LANG,REFERENCE_ITEM,SENSITIVE_COL_NAME,FILE_UPLOAD_PLACE,BUTTON_ACTION,COL_NAME,SAVE_TYPE,AUTO_INPUT,INPUT_ITEM,VIEW_ITEM,UNIQUE_ITEM,REQUIRED_ITEM,AUTOREG_HIDE_ITEM,AUTOREG_ONLY_ITEM,INITIAL_VALUE,VALIDATE_OPTION,VALIDATE_REG_EXP,BEFORE_VALIDATE_REGISTER,AFTER_VALIDATE_REGISTER,DESCRIPTION_JA,DESCRIPTION_EN,NOTE,DISUSE_FLAG,LAST_UPDATE_TIMESTAMP,LAST_UPDATE_USER) VALUES(11010701,_____DATE_____,'INSERT','11010701','110107','アクションID','Action ID','action_id',NULL,'1',10,NULL,NULL,NULL,NULL,'0',NULL,NULL,NULL,NULL,'ACTION_ID',NULL,'1','1','1','1','1','1','0',NULL,NULL,NULL,NULL,NULL,'自動採番のため編集不可。実行処理種別が【登録】の場合、空白のみ可。','Cannot edit because of auto-numbering. Must be blank when execution process type is [Register].',NULL,'0',_____DATE_____,1);
INSERT INTO T_COMN_MENU_COLUMN_LINK (COLUMN_DEFINITION_ID,MENU_ID,COLUMN_NAME_JA,COLUMN_NAME_EN,COLUMN_NAME_REST,COL_GROUP_ID,COLUMN_CLASS,COLUMN_DISP_SEQ,REF_TABLE_NAME,REF_PKEY_NAME,REF_COL_NAME,REF_SORT_CONDITIONS,REF_MULTI_LANG,REFERENCE_ITEM,SENSITIVE_COL_NAME,FILE_UPLOAD_PLACE,BUTTON_ACTION,COL_NAME,SAVE_TYPE,AUTO_INPUT,INPUT_ITEM,VIEW_ITEM,UNIQUE_ITEM,REQUIRED_ITEM,AUTOREG_HIDE_ITEM,AUTOREG_ONLY_ITEM,INITIAL_VALUE,VALIDATE_OPTION,VALIDATE_REG_EXP,BEFORE_VALIDATE_REGISTER,AFTER_VALIDATE_REGISTER,DESCRIPTION_JA,DESCRIPTION_EN,NOTE,DISUSE_FLAG,LAST_UPDATE_TIMESTAMP,LAST_UPDATE_USER) VALUES('11010702','110107','アクション名','Action name','action_name',NULL,'1',20,NULL,NULL,NULL,NULL,'0',NULL,NULL,NULL,NULL,'ACTION_NAME',NULL,'0','1','1','1','1','1','0',NULL,'{
"min_length": 0,
"max_length": 255
}',NULL,NULL,NULL,'[最大長]255バイト','[Maximum length] 255 bytes',NULL,'0',_____DATE_____,1);
INSERT INTO T_COMN_MENU_COLUMN_LINK_JNL (JOURNAL_SEQ_NO,JOURNAL_REG_DATETIME,JOURNAL_ACTION_CLASS,COLUMN_DEFINITION_ID,MENU_ID,COLUMN_NAME_JA,COLUMN_NAME_EN,COLUMN_NAME_REST,COL_GROUP_ID,COLUMN_CLASS,COLUMN_DISP_SEQ,REF_TABLE_NAME,REF_PKEY_NAME,REF_COL_NAME,REF_SORT_CONDITIONS,REF_MULTI_LANG,REFERENCE_ITEM,SENSITIVE_COL_NAME,FILE_UPLOAD_PLACE,BUTTON_ACTION,COL_NAME,SAVE_TYPE,AUTO_INPUT,INPUT_ITEM,VIEW_ITEM,UNIQUE_ITEM,REQUIRED_ITEM,AUTOREG_HIDE_ITEM,AUTOREG_ONLY_ITEM,INITIAL_VALUE,VALIDATE_OPTION,VALIDATE_REG_EXP,BEFORE_VALIDATE_REGISTER,AFTER_VALIDATE_REGISTER,DESCRIPTION_JA,DESCRIPTION_EN,NOTE,DISUSE_FLAG,LAST_UPDATE_TIMESTAMP,LAST_UPDATE_USER) VALUES(11010702,_____DATE_____,'INSERT','11010702','110107','アクション名','Action name','action_name',NULL,'1',20,NULL,NULL,NULL,NULL,'0',NULL,NULL,NULL,NULL,'ACTION_NAME',NULL,'0','1','1','1','1','1','0',NULL,'{
"min_length": 0,
"max_length": 255
}',NULL,NULL,NULL,'[最大長]255バイト','[Maximum length] 255 bytes',NULL,'0',_____DATE_____,1);
INSERT INTO T_COMN_MENU_COLUMN_LINK (COLUMN_DEFINITION_ID,MENU_ID,COLUMN_NAME_JA,COLUMN_NAME_EN,COLUMN_NAME_REST,COL_GROUP_ID,COLUMN_CLASS,COLUMN_DISP_SEQ,REF_TABLE_NAME,REF_PKEY_NAME,REF_COL_NAME,REF_SORT_CONDITIONS,REF_MULTI_LANG,REFERENCE_ITEM,SENSITIVE_COL_NAME,FILE_UPLOAD_PLACE,BUTTON_ACTION,COL_NAME,SAVE_TYPE,AUTO_INPUT,INPUT_ITEM,VIEW_ITEM,UNIQUE_ITEM,REQUIRED_ITEM,AUTOREG_HIDE_ITEM,AUTOREG_ONLY_ITEM,INITIAL_VALUE,VALIDATE_OPTION,VALIDATE_REG_EXP,BEFORE_VALIDATE_REGISTER,AFTER_VALIDATE_REGISTER,DESCRIPTION_JA,DESCRIPTION_EN,NOTE,DISUSE_FLAG,LAST_UPDATE_TIMESTAMP,LAST_UPDATE_USER) VALUES('11010703','110107','オペレーションID','Operation ID','operation_id',NULL,'7',30,'T_COMN_OPERATION','OPERATION_ID','OPERATION_NAME',NULL,'0',NULL,NULL,NULL,NULL,'OPERATION_ID',NULL,'0','1','1','0','1','1','0',NULL,NULL,NULL,NULL,NULL,'実行するオペレーションを選択します。','Select the operation to be executed.',NULL,'0',_____DATE_____,1);
INSERT INTO T_COMN_MENU_COLUMN_LINK_JNL (JOURNAL_SEQ_NO,JOURNAL_REG_DATETIME,JOURNAL_ACTION_CLASS,COLUMN_DEFINITION_ID,MENU_ID,COLUMN_NAME_JA,COLUMN_NAME_EN,COLUMN_NAME_REST,COL_GROUP_ID,COLUMN_CLASS,COLUMN_DISP_SEQ,REF_TABLE_NAME,REF_PKEY_NAME,REF_COL_NAME,REF_SORT_CONDITIONS,REF_MULTI_LANG,REFERENCE_ITEM,SENSITIVE_COL_NAME,FILE_UPLOAD_PLACE,BUTTON_ACTION,COL_NAME,SAVE_TYPE,AUTO_INPUT,INPUT_ITEM,VIEW_ITEM,UNIQUE_ITEM,REQUIRED_ITEM,AUTOREG_HIDE_ITEM,AUTOREG_ONLY_ITEM,INITIAL_VALUE,VALIDATE_OPTION,VALIDATE_REG_EXP,BEFORE_VALIDATE_REGISTER,AFTER_VALIDATE_REGISTER,DESCRIPTION_JA,DESCRIPTION_EN,NOTE,DISUSE_FLAG,LAST_UPDATE_TIMESTAMP,LAST_UPDATE_USER) VALUES(11010703,_____DATE_____,'INSERT','11010703','110107','オペレーションID','Operation ID','operation_id',NULL,'7',30,'T_COMN_OPERATION','OPERATION_ID','OPERATION_NAME',NULL,'0',NULL,NULL,NULL,NULL,'OPERATION_ID',NULL,'0','1','1','0','1','1','0',NULL,NULL,NULL,NULL,NULL,'実行するオペレーションを選択します。','Select the operation to be executed.',NULL,'0',_____DATE_____,1);
INSERT INTO T_COMN_MENU_COLUMN_LINK (COLUMN_DEFINITION_ID,MENU_ID,COLUMN_NAME_JA,COLUMN_NAME_EN,COLUMN_NAME_REST,COL_GROUP_ID,COLUMN_CLASS,COLUMN_DISP_SEQ,REF_TABLE_NAME,REF_PKEY_NAME,REF_COL_NAME,REF_SORT_CONDITIONS,REF_MULTI_LANG,REFERENCE_ITEM,SENSITIVE_COL_NAME,FILE_UPLOAD_PLACE,BUTTON_ACTION,COL_NAME,SAVE_TYPE,AUTO_INPUT,INPUT_ITEM,VIEW_ITEM,UNIQUE_ITEM,REQUIRED_ITEM,AUTOREG_HIDE_ITEM,AUTOREG_ONLY_ITEM,INITIAL_VALUE,VALIDATE_OPTION,VALIDATE_REG_EXP,BEFORE_VALIDATE_REGISTER,AFTER_VALIDATE_REGISTER,DESCRIPTION_JA,DESCRIPTION_EN,NOTE,DISUSE_FLAG,LAST_UPDATE_TIMESTAMP,LAST_UPDATE_USER) VALUES('11010704','110107','ConductorクラスID','Conductor class ID','conductor_class_id',NULL,'7',40,'T_COMN_CONDUCTOR_CLASS','CONDUCTOR_CLASS_ID','CONDUCTOR_NAME',NULL,'0',NULL,NULL,NULL,NULL,'CONDUCTOR_CLASS_ID',NULL,'0','1','1','0','1','1','0',NULL,NULL,NULL,NULL,NULL,'実行するConductorを選択します。','Select the Conductor to be executed.',NULL,'0',_____DATE_____,1);
INSERT INTO T_COMN_MENU_COLUMN_LINK_JNL (JOURNAL_SEQ_NO,JOURNAL_REG_DATETIME,JOURNAL_ACTION_CLASS,COLUMN_DEFINITION_ID,MENU_ID,COLUMN_NAME_JA,COLUMN_NAME_EN,COLUMN_NAME_REST,COL_GROUP_ID,COLUMN_CLASS,COLUMN_DISP_SEQ,REF_TABLE_NAME,REF_PKEY_NAME,REF_COL_NAME,REF_SORT_CONDITIONS,REF_MULTI_LANG,REFERENCE_ITEM,SENSITIVE_COL_NAME,FILE_UPLOAD_PLACE,BUTTON_ACTION,COL_NAME,SAVE_TYPE,AUTO_INPUT,INPUT_ITEM,VIEW_ITEM,UNIQUE_ITEM,REQUIRED_ITEM,AUTOREG_HIDE_ITEM,AUTOREG_ONLY_ITEM,INITIAL_VALUE,VALIDATE_OPTION,VALIDATE_REG_EXP,BEFORE_VALIDATE_REGISTER,AFTER_VALIDATE_REGISTER,DESCRIPTION_JA,DESCRIPTION_EN,NOTE,DISUSE_FLAG,LAST_UPDATE_TIMESTAMP,LAST_UPDATE_USER) VALUES(11010704,_____DATE_____,'INSERT','11010704','110107','ConductorクラスID','Conductor class ID','conductor_class_id',NULL,'7',40,'T_COMN_CONDUCTOR_CLASS','CONDUCTOR_CLASS_ID','CONDUCTOR_NAME',NULL,'0',NULL,NULL,NULL,NULL,'CONDUCTOR_CLASS_ID',NULL,'0','1','1','0','1','1','0',NULL,NULL,NULL,NULL,NULL,'実行するConductorを選択します。','Select the Conductor to be executed.',NULL,'0',_____DATE_____,1);
INSERT INTO T_COMN_MENU_COLUMN_LINK (COLUMN_DEFINITION_ID,MENU_ID,COLUMN_NAME_JA,COLUMN_NAME_EN,COLUMN_NAME_REST,COL_GROUP_ID,COLUMN_CLASS,COLUMN_DISP_SEQ,REF_TABLE_NAME,REF_PKEY_NAME,REF_COL_NAME,REF_SORT_CONDITIONS,REF_MULTI_LANG,REFERENCE_ITEM,SENSITIVE_COL_NAME,FILE_UPLOAD_PLACE,BUTTON_ACTION,COL_NAME,SAVE_TYPE,AUTO_INPUT,INPUT_ITEM,VIEW_ITEM,UNIQUE_ITEM,REQUIRED_ITEM,AUTOREG_HIDE_ITEM,AUTOREG_ONLY_ITEM,INITIAL_VALUE,VALIDATE_OPTION,VALIDATE_REG_EXP,BEFORE_VALIDATE_REGISTER,AFTER_VALIDATE_REGISTER,DESCRIPTION_JA,DESCRIPTION_EN,NOTE,DISUSE_FLAG,LAST_UPDATE_TIMESTAMP,LAST_UPDATE_USER) VALUES('11010705','110107','備考','Remarks','remarks',NULL,'12',50,NULL,NULL,NULL,NULL,'0',NULL,NULL,NULL,NULL,'NOTE',NULL,'0','1','1','0','0','1','0',NULL,'{
"min_length": 0,
"max_length": 4000
}',NULL,NULL,NULL,'自由記述欄。レコードの廃止・復活時にも記載可能。','Comments section. Can comment when removing or restoring records.',NULL,'0',_____DATE_____,1);
INSERT INTO T_COMN_MENU_COLUMN_LINK_JNL (JOURNAL_SEQ_NO,JOURNAL_REG_DATETIME,JOURNAL_ACTION_CLASS,COLUMN_DEFINITION_ID,MENU_ID,COLUMN_NAME_JA,COLUMN_NAME_EN,COLUMN_NAME_REST,COL_GROUP_ID,COLUMN_CLASS,COLUMN_DISP_SEQ,REF_TABLE_NAME,REF_PKEY_NAME,REF_COL_NAME,REF_SORT_CONDITIONS,REF_MULTI_LANG,REFERENCE_ITEM,SENSITIVE_COL_NAME,FILE_UPLOAD_PLACE,BUTTON_ACTION,COL_NAME,SAVE_TYPE,AUTO_INPUT,INPUT_ITEM,VIEW_ITEM,UNIQUE_ITEM,REQUIRED_ITEM,AUTOREG_HIDE_ITEM,AUTOREG_ONLY_ITEM,INITIAL_VALUE,VALIDATE_OPTION,VALIDATE_REG_EXP,BEFORE_VALIDATE_REGISTER,AFTER_VALIDATE_REGISTER,DESCRIPTION_JA,DESCRIPTION_EN,NOTE,DISUSE_FLAG,LAST_UPDATE_TIMESTAMP,LAST_UPDATE_USER) VALUES(11010705,_____DATE_____,'INSERT','11010705','110107','備考','Remarks','remarks',NULL,'12',50,NULL,NULL,NULL,NULL,'0',NULL,NULL,NULL,NULL,'NOTE',NULL,'0','1','1','0','0','1','0',NULL,'{
"min_length": 0,
"max_length": 4000
}',NULL,NULL,NULL,'自由記述欄。レコードの廃止・復活時にも記載可能。','Comments section. Can comment when removing or restoring records.',NULL,'0',_____DATE_____,1);
INSERT INTO T_COMN_MENU_COLUMN_LINK (COLUMN_DEFINITION_ID,MENU_ID,COLUMN_NAME_JA,COLUMN_NAME_EN,COLUMN_NAME_REST,COL_GROUP_ID,COLUMN_CLASS,COLUMN_DISP_SEQ,REF_TABLE_NAME,REF_PKEY_NAME,REF_COL_NAME,REF_SORT_CONDITIONS,REF_MULTI_LANG,REFERENCE_ITEM,SENSITIVE_COL_NAME,FILE_UPLOAD_PLACE,BUTTON_ACTION,COL_NAME,SAVE_TYPE,AUTO_INPUT,INPUT_ITEM,VIEW_ITEM,UNIQUE_ITEM,REQUIRED_ITEM,AUTOREG_HIDE_ITEM,AUTOREG_ONLY_ITEM,INITIAL_VALUE,VALIDATE_OPTION,VALIDATE_REG_EXP,BEFORE_VALIDATE_REGISTER,AFTER_VALIDATE_REGISTER,DESCRIPTION_JA,DESCRIPTION_EN,NOTE,DISUSE_FLAG,LAST_UPDATE_TIMESTAMP,LAST_UPDATE_USER) VALUES('11010706','110107','廃止フラグ','Discard','discard',NULL,'1',60,NULL,NULL,NULL,NULL,'0',NULL,NULL,NULL,NULL,'DISUSE_FLAG',NULL,'1','1','1','0','1','1','0',NULL,NULL,NULL,NULL,NULL,'廃止フラグ。復活以外のオペレーションは不可','Discard flag. Cannot do operation other than restore.',NULL,'0',_____DATE_____,1);
INSERT INTO T_COMN_MENU_COLUMN_LINK_JNL (JOURNAL_SEQ_NO,JOURNAL_REG_DATETIME,JOURNAL_ACTION_CLASS,COLUMN_DEFINITION_ID,MENU_ID,COLUMN_NAME_JA,COLUMN_NAME_EN,COLUMN_NAME_REST,COL_GROUP_ID,COLUMN_CLASS,COLUMN_DISP_SEQ,REF_TABLE_NAME,REF_PKEY_NAME,REF_COL_NAME,REF_SORT_CONDITIONS,REF_MULTI_LANG,REFERENCE_ITEM,SENSITIVE_COL_NAME,FILE_UPLOAD_PLACE,BUTTON_ACTION,COL_NAME,SAVE_TYPE,AUTO_INPUT,INPUT_ITEM,VIEW_ITEM,UNIQUE_ITEM,REQUIRED_ITEM,AUTOREG_HIDE_ITEM,AUTOREG_ONLY_ITEM,INITIAL_VALUE,VALIDATE_OPTION,VALIDATE_REG_EXP,BEFORE_VALIDATE_REGISTER,AFTER_VALIDATE_REGISTER,DESCRIPTION_JA,DESCRIPTION_EN,NOTE,DISUSE_FLAG,LAST_UPDATE_TIMESTAMP,LAST_UPDATE_USER) VALUES(11010706,_____DATE_____,'INSERT','11010706','110107','廃止フラグ','Discard','discard',NULL,'1',60,NULL,NULL,NULL,NULL,'0',NULL,NULL,NULL,NULL,'DISUSE_FLAG',NULL,'1','1','1','0','1','1','0',NULL,NULL,NULL,NULL,NULL,'廃止フラグ。復活以外のオペレーションは不可','Discard flag. Cannot do operation other than restore.',NULL,'0',_____DATE_____,1);
INSERT INTO T_COMN_MENU_COLUMN_LINK (COLUMN_DEFINITION_ID,MENU_ID,COLUMN_NAME_JA,COLUMN_NAME_EN,COLUMN_NAME_REST,COL_GROUP_ID,COLUMN_CLASS,COLUMN_DISP_SEQ,REF_TABLE_NAME,REF_PKEY_NAME,REF_COL_NAME,REF_SORT_CONDITIONS,REF_MULTI_LANG,REFERENCE_ITEM,SENSITIVE_COL_NAME,FILE_UPLOAD_PLACE,BUTTON_ACTION,COL_NAME,SAVE_TYPE,AUTO_INPUT,INPUT_ITEM,VIEW_ITEM,UNIQUE_ITEM,REQUIRED_ITEM,AUTOREG_HIDE_ITEM,AUTOREG_ONLY_ITEM,INITIAL_VALUE,VALIDATE_OPTION,VALIDATE_REG_EXP,BEFORE_VALIDATE_REGISTER,AFTER_VALIDATE_REGISTER,DESCRIPTION_JA,DESCRIPTION_EN,NOTE,DISUSE_FLAG,LAST_UPDATE_TIMESTAMP,LAST_UPDATE_USER) VALUES('11010707','110107','最終更新日時','Last update date/time','last_update_date_time',NULL,'13',70,NULL,NULL,NULL,NULL,'0',NULL,NULL,NULL,NULL,'LAST_UPDATE_TIMESTAMP',NULL,'1','0','1','0','1','1','0',NULL,NULL,NULL,NULL,NULL,'レコードの最終更新日。更新可否判定に使用。自動登録のため編集不可。','Last update date of record. Useful for judging the possibility of an update. Cannot edit because of auto-numbering.',NULL,'0',_____DATE_____,1);
INSERT INTO T_COMN_MENU_COLUMN_LINK_JNL (JOURNAL_SEQ_NO,JOURNAL_REG_DATETIME,JOURNAL_ACTION_CLASS,COLUMN_DEFINITION_ID,MENU_ID,COLUMN_NAME_JA,COLUMN_NAME_EN,COLUMN_NAME_REST,COL_GROUP_ID,COLUMN_CLASS,COLUMN_DISP_SEQ,REF_TABLE_NAME,REF_PKEY_NAME,REF_COL_NAME,REF_SORT_CONDITIONS,REF_MULTI_LANG,REFERENCE_ITEM,SENSITIVE_COL_NAME,FILE_UPLOAD_PLACE,BUTTON_ACTION,COL_NAME,SAVE_TYPE,AUTO_INPUT,INPUT_ITEM,VIEW_ITEM,UNIQUE_ITEM,REQUIRED_ITEM,AUTOREG_HIDE_ITEM,AUTOREG_ONLY_ITEM,INITIAL_VALUE,VALIDATE_OPTION,VALIDATE_REG_EXP,BEFORE_VALIDATE_REGISTER,AFTER_VALIDATE_REGISTER,DESCRIPTION_JA,DESCRIPTION_EN,NOTE,DISUSE_FLAG,LAST_UPDATE_TIMESTAMP,LAST_UPDATE_USER) VALUES(11010707,_____DATE_____,'INSERT','11010707','110107','最終更新日時','Last update date/time','last_update_date_time',NULL,'13',70,NULL,NULL,NULL,NULL,'0',NULL,NULL,NULL,NULL,'LAST_UPDATE_TIMESTAMP',NULL,'1','0','1','0','1','1','0',NULL,NULL,NULL,NULL,NULL,'レコードの最終更新日。更新可否判定に使用。自動登録のため編集不可。','Last update date of record. Useful for judging the possibility of an update. Cannot edit because of auto-numbering.',NULL,'0',_____DATE_____,1);
INSERT INTO T_COMN_MENU_COLUMN_LINK (COLUMN_DEFINITION_ID,MENU_ID,COLUMN_NAME_JA,COLUMN_NAME_EN,COLUMN_NAME_REST,COL_GROUP_ID,COLUMN_CLASS,COLUMN_DISP_SEQ,REF_TABLE_NAME,REF_PKEY_NAME,REF_COL_NAME,REF_SORT_CONDITIONS,REF_MULTI_LANG,REFERENCE_ITEM,SENSITIVE_COL_NAME,FILE_UPLOAD_PLACE,BUTTON_ACTION,COL_NAME,SAVE_TYPE,AUTO_INPUT,INPUT_ITEM,VIEW_ITEM,UNIQUE_ITEM,REQUIRED_ITEM,AUTOREG_HIDE_ITEM,AUTOREG_ONLY_ITEM,INITIAL_VALUE,VALIDATE_OPTION,VALIDATE_REG_EXP,BEFORE_VALIDATE_REGISTER,AFTER_VALIDATE_REGISTER,DESCRIPTION_JA,DESCRIPTION_EN,NOTE,DISUSE_FLAG,LAST_UPDATE_TIMESTAMP,LAST_UPDATE_USER) VALUES('11010708','110107','最終更新者','Last updated by','last_updated_user',NULL,'14',80,NULL,NULL,NULL,NULL,'0',NULL,NULL,NULL,NULL,'LAST_UPDATE_USER',NULL,'1','0','1','0','1','1','0',NULL,NULL,NULL,NULL,NULL,'更新者。ログインユーザのIDが自動的に登録される。編集不可。','Updated by. Login user ID is automatically registered. Cannot edit.',NULL,'0',_____DATE_____,1);
INSERT INTO T_COMN_MENU_COLUMN_LINK_JNL (JOURNAL_SEQ_NO,JOURNAL_REG_DATETIME,JOURNAL_ACTION_CLASS,COLUMN_DEFINITION_ID,MENU_ID,COLUMN_NAME_JA,COLUMN_NAME_EN,COLUMN_NAME_REST,COL_GROUP_ID,COLUMN_CLASS,COLUMN_DISP_SEQ,REF_TABLE_NAME,REF_PKEY_NAME,REF_COL_NAME,REF_SORT_CONDITIONS,REF_MULTI_LANG,REFERENCE_ITEM,SENSITIVE_COL_NAME,FILE_UPLOAD_PLACE,BUTTON_ACTION,COL_NAME,SAVE_TYPE,AUTO_INPUT,INPUT_ITEM,VIEW_ITEM,UNIQUE_ITEM,REQUIRED_ITEM,AUTOREG_HIDE_ITEM,AUTOREG_ONLY_ITEM,INITIAL_VALUE,VALIDATE_OPTION,VALIDATE_REG_EXP,BEFORE_VALIDATE_REGISTER,AFTER_VALIDATE_REGISTER,DESCRIPTION_JA,DESCRIPTION_EN,NOTE,DISUSE_FLAG,LAST_UPDATE_TIMESTAMP,LAST_UPDATE_USER) VALUES(11010708,_____DATE_____,'INSERT','11010708','110107','最終更新者','Last updated by','last_updated_user',NULL,'14',80,NULL,NULL,NULL,NULL,'0',NULL,NULL,NULL,NULL,'LAST_UPDATE_USER',NULL,'1','0','1','0','1','1','0',NULL,NULL,NULL,NULL,NULL,'更新者。ログインユーザのIDが自動的に登録される。編集不可。','Updated by. Login user ID is automatically registered. Cannot edit.',NULL,'0',_____DATE_____,1);
INSERT INTO T_COMN_MENU_COLUMN_LINK (COLUMN_DEFINITION_ID,MENU_ID,COLUMN_NAME_JA,COLUMN_NAME_EN,COLUMN_NAME_REST,COL_GROUP_ID,COLUMN_CLASS,COLUMN_DISP_SEQ,REF_TABLE_NAME,REF_PKEY_NAME,REF_COL_NAME,REF_SORT_CONDITIONS,REF_MULTI_LANG,REFERENCE_ITEM,SENSITIVE_COL_NAME,FILE_UPLOAD_PLACE,BUTTON_ACTION,COL_NAME,SAVE_TYPE,AUTO_INPUT,INPUT_ITEM,VIEW_ITEM,UNIQUE_ITEM,REQUIRED_ITEM,AUTOREG_HIDE_ITEM,AUTOREG_ONLY_ITEM,INITIAL_VALUE,VALIDATE_OPTION,VALIDATE_REG_EXP,BEFORE_VALIDATE_REGISTER,AFTER_VALIDATE_REGISTER,DESCRIPTION_JA,DESCRIPTION_EN,NOTE,DISUSE_FLAG,LAST_UPDATE_TIMESTAMP,LAST_UPDATE_USER) VALUES('11010801','110108','ルールID','Rule ID','rule_id',NULL,'1',10,NULL,NULL,NULL,NULL,'0',NULL,NULL,NULL,NULL,'RULE_ID',NULL,'1','1','1','1','1','0','0',NULL,'{
"min_length": 0,
"max_length": 40
}',NULL,NULL,NULL,NULL,NULL,NULL,'0',_____DATE_____,1);
INSERT INTO T_COMN_MENU_COLUMN_LINK_JNL (JOURNAL_SEQ_NO,JOURNAL_REG_DATETIME,JOURNAL_ACTION_CLASS,COLUMN_DEFINITION_ID,MENU_ID,COLUMN_NAME_JA,COLUMN_NAME_EN,COLUMN_NAME_REST,COL_GROUP_ID,COLUMN_CLASS,COLUMN_DISP_SEQ,REF_TABLE_NAME,REF_PKEY_NAME,REF_COL_NAME,REF_SORT_CONDITIONS,REF_MULTI_LANG,REFERENCE_ITEM,SENSITIVE_COL_NAME,FILE_UPLOAD_PLACE,BUTTON_ACTION,COL_NAME,SAVE_TYPE,AUTO_INPUT,INPUT_ITEM,VIEW_ITEM,UNIQUE_ITEM,REQUIRED_ITEM,AUTOREG_HIDE_ITEM,AUTOREG_ONLY_ITEM,INITIAL_VALUE,VALIDATE_OPTION,VALIDATE_REG_EXP,BEFORE_VALIDATE_REGISTER,AFTER_VALIDATE_REGISTER,DESCRIPTION_JA,DESCRIPTION_EN,NOTE,DISUSE_FLAG,LAST_UPDATE_TIMESTAMP,LAST_UPDATE_USER) VALUES(11010801,_____DATE_____,'INSERT','11010801','110108','ルールID','Rule ID','rule_id',NULL,'1',10,NULL,NULL,NULL,NULL,'0',NULL,NULL,NULL,NULL,'RULE_ID',NULL,'1','1','1','1','1','0','0',NULL,'{
"min_length": 0,
"max_length": 40
}',NULL,NULL,NULL,NULL,NULL,NULL,'0',_____DATE_____,1);
INSERT INTO T_COMN_MENU_COLUMN_LINK (COLUMN_DEFINITION_ID,MENU_ID,COLUMN_NAME_JA,COLUMN_NAME_EN,COLUMN_NAME_REST,COL_GROUP_ID,COLUMN_CLASS,COLUMN_DISP_SEQ,REF_TABLE_NAME,REF_PKEY_NAME,REF_COL_NAME,REF_SORT_CONDITIONS,REF_MULTI_LANG,REFERENCE_ITEM,SENSITIVE_COL_NAME,FILE_UPLOAD_PLACE,BUTTON_ACTION,COL_NAME,SAVE_TYPE,AUTO_INPUT,INPUT_ITEM,VIEW_ITEM,UNIQUE_ITEM,REQUIRED_ITEM,AUTOREG_HIDE_ITEM,AUTOREG_ONLY_ITEM,INITIAL_VALUE,VALIDATE_OPTION,VALIDATE_REG_EXP,BEFORE_VALIDATE_REGISTER,AFTER_VALIDATE_REGISTER,DESCRIPTION_JA,DESCRIPTION_EN,NOTE,DISUSE_FLAG,LAST_UPDATE_TIMESTAMP,LAST_UPDATE_USER) VALUES('11010802','110108','ルール名','Rule name','rule_name',NULL,'1',20,NULL,NULL,NULL,NULL,'0',NULL,NULL,NULL,NULL,'RULE_NAME',NULL,'0','1','1','0','1','0','0',NULL,'{
"min_length": 0,
"max_length": 255
}',NULL,NULL,NULL,NULL,NULL,NULL,'0',_____DATE_____,1);
INSERT INTO T_COMN_MENU_COLUMN_LINK_JNL (JOURNAL_SEQ_NO,JOURNAL_REG_DATETIME,JOURNAL_ACTION_CLASS,COLUMN_DEFINITION_ID,MENU_ID,COLUMN_NAME_JA,COLUMN_NAME_EN,COLUMN_NAME_REST,COL_GROUP_ID,COLUMN_CLASS,COLUMN_DISP_SEQ,REF_TABLE_NAME,REF_PKEY_NAME,REF_COL_NAME,REF_SORT_CONDITIONS,REF_MULTI_LANG,REFERENCE_ITEM,SENSITIVE_COL_NAME,FILE_UPLOAD_PLACE,BUTTON_ACTION,COL_NAME,SAVE_TYPE,AUTO_INPUT,INPUT_ITEM,VIEW_ITEM,UNIQUE_ITEM,REQUIRED_ITEM,AUTOREG_HIDE_ITEM,AUTOREG_ONLY_ITEM,INITIAL_VALUE,VALIDATE_OPTION,VALIDATE_REG_EXP,BEFORE_VALIDATE_REGISTER,AFTER_VALIDATE_REGISTER,DESCRIPTION_JA,DESCRIPTION_EN,NOTE,DISUSE_FLAG,LAST_UPDATE_TIMESTAMP,LAST_UPDATE_USER) VALUES(11010802,_____DATE_____,'INSERT','11010802','110108','ルール名','Rule name','rule_name',NULL,'1',20,NULL,NULL,NULL,NULL,'0',NULL,NULL,NULL,NULL,'RULE_NAME',NULL,'0','1','1','0','1','0','0',NULL,'{
"min_length": 0,
"max_length": 255
}',NULL,NULL,NULL,NULL,NULL,NULL,'0',_____DATE_____,1);
INSERT INTO T_COMN_MENU_COLUMN_LINK (COLUMN_DEFINITION_ID,MENU_ID,COLUMN_NAME_JA,COLUMN_NAME_EN,COLUMN_NAME_REST,COL_GROUP_ID,COLUMN_CLASS,COLUMN_DISP_SEQ,REF_TABLE_NAME,REF_PKEY_NAME,REF_COL_NAME,REF_SORT_CONDITIONS,REF_MULTI_LANG,REFERENCE_ITEM,SENSITIVE_COL_NAME,FILE_UPLOAD_PLACE,BUTTON_ACTION,COL_NAME,SAVE_TYPE,AUTO_INPUT,INPUT_ITEM,VIEW_ITEM,UNIQUE_ITEM,REQUIRED_ITEM,AUTOREG_HIDE_ITEM,AUTOREG_ONLY_ITEM,INITIAL_VALUE,VALIDATE_OPTION,VALIDATE_REG_EXP,BEFORE_VALIDATE_REGISTER,AFTER_VALIDATE_REGISTER,DESCRIPTION_JA,DESCRIPTION_EN,NOTE,DISUSE_FLAG,LAST_UPDATE_TIMESTAMP,LAST_UPDATE_USER) VALUES('11010803','110108','ルールラベル名','Rule Label name','rule_label_name',NULL,'1',30,NULL,NULL,NULL,NULL,'0',NULL,NULL,NULL,NULL,'RULE_LABEL_NAME',NULL,'0','1','1','1','1','0','0',NULL,'{
"min_length": 0,
"max_length": 255
}',NULL,NULL,NULL,NULL,NULL,NULL,'0',_____DATE_____,1);
INSERT INTO T_COMN_MENU_COLUMN_LINK_JNL (JOURNAL_SEQ_NO,JOURNAL_REG_DATETIME,JOURNAL_ACTION_CLASS,COLUMN_DEFINITION_ID,MENU_ID,COLUMN_NAME_JA,COLUMN_NAME_EN,COLUMN_NAME_REST,COL_GROUP_ID,COLUMN_CLASS,COLUMN_DISP_SEQ,REF_TABLE_NAME,REF_PKEY_NAME,REF_COL_NAME,REF_SORT_CONDITIONS,REF_MULTI_LANG,REFERENCE_ITEM,SENSITIVE_COL_NAME,FILE_UPLOAD_PLACE,BUTTON_ACTION,COL_NAME,SAVE_TYPE,AUTO_INPUT,INPUT_ITEM,VIEW_ITEM,UNIQUE_ITEM,REQUIRED_ITEM,AUTOREG_HIDE_ITEM,AUTOREG_ONLY_ITEM,INITIAL_VALUE,VALIDATE_OPTION,VALIDATE_REG_EXP,BEFORE_VALIDATE_REGISTER,AFTER_VALIDATE_REGISTER,DESCRIPTION_JA,DESCRIPTION_EN,NOTE,DISUSE_FLAG,LAST_UPDATE_TIMESTAMP,LAST_UPDATE_USER) VALUES(11010803,_____DATE_____,'INSERT','11010803','110108','ルールラベル名','Rule Label name','rule_label_name',NULL,'1',30,NULL,NULL,NULL,NULL,'0',NULL,NULL,NULL,NULL,'RULE_LABEL_NAME',NULL,'0','1','1','1','1','0','0',NULL,'{
"min_length": 0,
"max_length": 255
}',NULL,NULL,NULL,NULL,NULL,NULL,'0',_____DATE_____,1);
INSERT INTO T_COMN_MENU_COLUMN_LINK (COLUMN_DEFINITION_ID,MENU_ID,COLUMN_NAME_JA,COLUMN_NAME_EN,COLUMN_NAME_REST,COL_GROUP_ID,COLUMN_CLASS,COLUMN_DISP_SEQ,REF_TABLE_NAME,REF_PKEY_NAME,REF_COL_NAME,REF_SORT_CONDITIONS,REF_MULTI_LANG,REFERENCE_ITEM,SENSITIVE_COL_NAME,FILE_UPLOAD_PLACE,BUTTON_ACTION,COL_NAME,SAVE_TYPE,AUTO_INPUT,INPUT_ITEM,VIEW_ITEM,UNIQUE_ITEM,REQUIRED_ITEM,AUTOREG_HIDE_ITEM,AUTOREG_ONLY_ITEM,INITIAL_VALUE,VALIDATE_OPTION,VALIDATE_REG_EXP,BEFORE_VALIDATE_REGISTER,AFTER_VALIDATE_REGISTER,DESCRIPTION_JA,DESCRIPTION_EN,NOTE,DISUSE_FLAG,LAST_UPDATE_TIMESTAMP,LAST_UPDATE_USER) VALUES('11010804','110108','優先順位','Rule priority','rule_priority',NULL,'3',40,NULL,NULL,NULL,NULL,'0',NULL,NULL,NULL,NULL,'RULE_PRIORITY',NULL,'0','1','1','0','1','1','0',NULL,NULL,NULL,NULL,NULL,NULL,NULL,NULL,'0',_____DATE_____,1);
INSERT INTO T_COMN_MENU_COLUMN_LINK_JNL (JOURNAL_SEQ_NO,JOURNAL_REG_DATETIME,JOURNAL_ACTION_CLASS,COLUMN_DEFINITION_ID,MENU_ID,COLUMN_NAME_JA,COLUMN_NAME_EN,COLUMN_NAME_REST,COL_GROUP_ID,COLUMN_CLASS,COLUMN_DISP_SEQ,REF_TABLE_NAME,REF_PKEY_NAME,REF_COL_NAME,REF_SORT_CONDITIONS,REF_MULTI_LANG,REFERENCE_ITEM,SENSITIVE_COL_NAME,FILE_UPLOAD_PLACE,BUTTON_ACTION,COL_NAME,SAVE_TYPE,AUTO_INPUT,INPUT_ITEM,VIEW_ITEM,UNIQUE_ITEM,REQUIRED_ITEM,AUTOREG_HIDE_ITEM,AUTOREG_ONLY_ITEM,INITIAL_VALUE,VALIDATE_OPTION,VALIDATE_REG_EXP,BEFORE_VALIDATE_REGISTER,AFTER_VALIDATE_REGISTER,DESCRIPTION_JA,DESCRIPTION_EN,NOTE,DISUSE_FLAG,LAST_UPDATE_TIMESTAMP,LAST_UPDATE_USER) VALUES(11010804,_____DATE_____,'INSERT','11010804','110108','優先順位','Rule priority','rule_priority',NULL,'3',40,NULL,NULL,NULL,NULL,'0',NULL,NULL,NULL,NULL,'RULE_PRIORITY',NULL,'0','1','1','0','1','1','0',NULL,NULL,NULL,NULL,NULL,NULL,NULL,NULL,'0',_____DATE_____,1);
INSERT INTO T_COMN_MENU_COLUMN_LINK (COLUMN_DEFINITION_ID,MENU_ID,COLUMN_NAME_JA,COLUMN_NAME_EN,COLUMN_NAME_REST,COL_GROUP_ID,COLUMN_CLASS,COLUMN_DISP_SEQ,REF_TABLE_NAME,REF_PKEY_NAME,REF_COL_NAME,REF_SORT_CONDITIONS,REF_MULTI_LANG,REFERENCE_ITEM,SENSITIVE_COL_NAME,FILE_UPLOAD_PLACE,BUTTON_ACTION,COL_NAME,SAVE_TYPE,AUTO_INPUT,INPUT_ITEM,VIEW_ITEM,UNIQUE_ITEM,REQUIRED_ITEM,AUTOREG_HIDE_ITEM,AUTOREG_ONLY_ITEM,INITIAL_VALUE,VALIDATE_OPTION,VALIDATE_REG_EXP,BEFORE_VALIDATE_REGISTER,AFTER_VALIDATE_REGISTER,DESCRIPTION_JA,DESCRIPTION_EN,NOTE,DISUSE_FLAG,LAST_UPDATE_TIMESTAMP,LAST_UPDATE_USER) VALUES('11010805','110108','フィルター名A','Filter name A','filter_name_a','11010701','1',50,'T_OASE_FILTER','FILTER_ID','FILTER_NAME',NULL,'0',NULL,NULL,NULL,NULL,'FILTER_NAME_A',NULL,'0','1','1','0','1','0','0',NULL,'{
"min_length": 0,
"max_length": 40
}',NULL,NULL,NULL,NULL,NULL,NULL,'0',_____DATE_____,1);
INSERT INTO T_COMN_MENU_COLUMN_LINK_JNL (JOURNAL_SEQ_NO,JOURNAL_REG_DATETIME,JOURNAL_ACTION_CLASS,COLUMN_DEFINITION_ID,MENU_ID,COLUMN_NAME_JA,COLUMN_NAME_EN,COLUMN_NAME_REST,COL_GROUP_ID,COLUMN_CLASS,COLUMN_DISP_SEQ,REF_TABLE_NAME,REF_PKEY_NAME,REF_COL_NAME,REF_SORT_CONDITIONS,REF_MULTI_LANG,REFERENCE_ITEM,SENSITIVE_COL_NAME,FILE_UPLOAD_PLACE,BUTTON_ACTION,COL_NAME,SAVE_TYPE,AUTO_INPUT,INPUT_ITEM,VIEW_ITEM,UNIQUE_ITEM,REQUIRED_ITEM,AUTOREG_HIDE_ITEM,AUTOREG_ONLY_ITEM,INITIAL_VALUE,VALIDATE_OPTION,VALIDATE_REG_EXP,BEFORE_VALIDATE_REGISTER,AFTER_VALIDATE_REGISTER,DESCRIPTION_JA,DESCRIPTION_EN,NOTE,DISUSE_FLAG,LAST_UPDATE_TIMESTAMP,LAST_UPDATE_USER) VALUES(11010805,_____DATE_____,'INSERT','11010805','110108','フィルター名A','Filter name A','filter_name_a','11010701','1',50,'T_OASE_FILTER','FILTER_ID','FILTER_NAME',NULL,'0',NULL,NULL,NULL,NULL,'FILTER_NAME_A',NULL,'0','1','1','0','1','0','0',NULL,'{
"min_length": 0,
"max_length": 40
}',NULL,NULL,NULL,NULL,NULL,NULL,'0',_____DATE_____,1);
INSERT INTO T_COMN_MENU_COLUMN_LINK (COLUMN_DEFINITION_ID,MENU_ID,COLUMN_NAME_JA,COLUMN_NAME_EN,COLUMN_NAME_REST,COL_GROUP_ID,COLUMN_CLASS,COLUMN_DISP_SEQ,REF_TABLE_NAME,REF_PKEY_NAME,REF_COL_NAME,REF_SORT_CONDITIONS,REF_MULTI_LANG,REFERENCE_ITEM,SENSITIVE_COL_NAME,FILE_UPLOAD_PLACE,BUTTON_ACTION,COL_NAME,SAVE_TYPE,AUTO_INPUT,INPUT_ITEM,VIEW_ITEM,UNIQUE_ITEM,REQUIRED_ITEM,AUTOREG_HIDE_ITEM,AUTOREG_ONLY_ITEM,INITIAL_VALUE,VALIDATE_OPTION,VALIDATE_REG_EXP,BEFORE_VALIDATE_REGISTER,AFTER_VALIDATE_REGISTER,DESCRIPTION_JA,DESCRIPTION_EN,NOTE,DISUSE_FLAG,LAST_UPDATE_TIMESTAMP,LAST_UPDATE_USER) VALUES('11010806','110108','フィルター演算子','Filter Operator','filter_operator','11010701','1',60,'T_OASE_FILTER_OPERATOR','OPERATION_ID','OPERATION_NAME',NULL,'0',NULL,NULL,NULL,NULL,'FILTER_OPERATOR',NULL,'0','1','1','0','1','0','0',NULL,'{
"min_length": 0,
"max_length": 40
}',NULL,NULL,NULL,NULL,NULL,NULL,'0',_____DATE_____,1);
INSERT INTO T_COMN_MENU_COLUMN_LINK_JNL (JOURNAL_SEQ_NO,JOURNAL_REG_DATETIME,JOURNAL_ACTION_CLASS,COLUMN_DEFINITION_ID,MENU_ID,COLUMN_NAME_JA,COLUMN_NAME_EN,COLUMN_NAME_REST,COL_GROUP_ID,COLUMN_CLASS,COLUMN_DISP_SEQ,REF_TABLE_NAME,REF_PKEY_NAME,REF_COL_NAME,REF_SORT_CONDITIONS,REF_MULTI_LANG,REFERENCE_ITEM,SENSITIVE_COL_NAME,FILE_UPLOAD_PLACE,BUTTON_ACTION,COL_NAME,SAVE_TYPE,AUTO_INPUT,INPUT_ITEM,VIEW_ITEM,UNIQUE_ITEM,REQUIRED_ITEM,AUTOREG_HIDE_ITEM,AUTOREG_ONLY_ITEM,INITIAL_VALUE,VALIDATE_OPTION,VALIDATE_REG_EXP,BEFORE_VALIDATE_REGISTER,AFTER_VALIDATE_REGISTER,DESCRIPTION_JA,DESCRIPTION_EN,NOTE,DISUSE_FLAG,LAST_UPDATE_TIMESTAMP,LAST_UPDATE_USER) VALUES(11010806,_____DATE_____,'INSERT','11010806','110108','フィルター演算子','Filter Operator','filter_operator','11010701','1',60,'T_OASE_FILTER_OPERATOR','OPERATION_ID','OPERATION_NAME',NULL,'0',NULL,NULL,NULL,NULL,'FILTER_OPERATOR',NULL,'0','1','1','0','1','0','0',NULL,'{
"min_length": 0,
"max_length": 40
}',NULL,NULL,NULL,NULL,NULL,NULL,'0',_____DATE_____,1);
INSERT INTO T_COMN_MENU_COLUMN_LINK (COLUMN_DEFINITION_ID,MENU_ID,COLUMN_NAME_JA,COLUMN_NAME_EN,COLUMN_NAME_REST,COL_GROUP_ID,COLUMN_CLASS,COLUMN_DISP_SEQ,REF_TABLE_NAME,REF_PKEY_NAME,REF_COL_NAME,REF_SORT_CONDITIONS,REF_MULTI_LANG,REFERENCE_ITEM,SENSITIVE_COL_NAME,FILE_UPLOAD_PLACE,BUTTON_ACTION,COL_NAME,SAVE_TYPE,AUTO_INPUT,INPUT_ITEM,VIEW_ITEM,UNIQUE_ITEM,REQUIRED_ITEM,AUTOREG_HIDE_ITEM,AUTOREG_ONLY_ITEM,INITIAL_VALUE,VALIDATE_OPTION,VALIDATE_REG_EXP,BEFORE_VALIDATE_REGISTER,AFTER_VALIDATE_REGISTER,DESCRIPTION_JA,DESCRIPTION_EN,NOTE,DISUSE_FLAG,LAST_UPDATE_TIMESTAMP,LAST_UPDATE_USER) VALUES('11010807','110108','フィルター名B','Filter name B','filter_name_b','11010701','1',70,'T_OASE_FILTER','FILTER_ID','FILTER_NAME',NULL,'0',NULL,NULL,NULL,NULL,'FILTER_NAME_B',NULL,'0','1','1','0','1','0','0',NULL,'{
"min_length": 0,
"max_length": 40
}',NULL,NULL,NULL,NULL,NULL,NULL,'0',_____DATE_____,1);
INSERT INTO T_COMN_MENU_COLUMN_LINK_JNL (JOURNAL_SEQ_NO,JOURNAL_REG_DATETIME,JOURNAL_ACTION_CLASS,COLUMN_DEFINITION_ID,MENU_ID,COLUMN_NAME_JA,COLUMN_NAME_EN,COLUMN_NAME_REST,COL_GROUP_ID,COLUMN_CLASS,COLUMN_DISP_SEQ,REF_TABLE_NAME,REF_PKEY_NAME,REF_COL_NAME,REF_SORT_CONDITIONS,REF_MULTI_LANG,REFERENCE_ITEM,SENSITIVE_COL_NAME,FILE_UPLOAD_PLACE,BUTTON_ACTION,COL_NAME,SAVE_TYPE,AUTO_INPUT,INPUT_ITEM,VIEW_ITEM,UNIQUE_ITEM,REQUIRED_ITEM,AUTOREG_HIDE_ITEM,AUTOREG_ONLY_ITEM,INITIAL_VALUE,VALIDATE_OPTION,VALIDATE_REG_EXP,BEFORE_VALIDATE_REGISTER,AFTER_VALIDATE_REGISTER,DESCRIPTION_JA,DESCRIPTION_EN,NOTE,DISUSE_FLAG,LAST_UPDATE_TIMESTAMP,LAST_UPDATE_USER) VALUES(11010807,_____DATE_____,'INSERT','11010807','110108','フィルター名B','Filter name B','filter_name_b','11010701','1',70,'T_OASE_FILTER','FILTER_ID','FILTER_NAME',NULL,'0',NULL,NULL,NULL,NULL,'FILTER_NAME_B',NULL,'0','1','1','0','1','0','0',NULL,'{
"min_length": 0,
"max_length": 40
}',NULL,NULL,NULL,NULL,NULL,NULL,'0',_____DATE_____,1);
INSERT INTO T_COMN_MENU_COLUMN_LINK (COLUMN_DEFINITION_ID,MENU_ID,COLUMN_NAME_JA,COLUMN_NAME_EN,COLUMN_NAME_REST,COL_GROUP_ID,COLUMN_CLASS,COLUMN_DISP_SEQ,REF_TABLE_NAME,REF_PKEY_NAME,REF_COL_NAME,REF_SORT_CONDITIONS,REF_MULTI_LANG,REFERENCE_ITEM,SENSITIVE_COL_NAME,FILE_UPLOAD_PLACE,BUTTON_ACTION,COL_NAME,SAVE_TYPE,AUTO_INPUT,INPUT_ITEM,VIEW_ITEM,UNIQUE_ITEM,REQUIRED_ITEM,AUTOREG_HIDE_ITEM,AUTOREG_ONLY_ITEM,INITIAL_VALUE,VALIDATE_OPTION,VALIDATE_REG_EXP,BEFORE_VALIDATE_REGISTER,AFTER_VALIDATE_REGISTER,DESCRIPTION_JA,DESCRIPTION_EN,NOTE,DISUSE_FLAG,LAST_UPDATE_TIMESTAMP,LAST_UPDATE_USER) VALUES('11010808','110108','通知','Notification','before_notification','11010702','9',80,NULL,NULL,NULL,NULL,'0',NULL,NULL,NULL,NULL,'BEFORE_NOTIFICATION',NULL,'0','1','1','0','1','0','0',NULL,NULL,NULL,NULL,NULL,NULL,NULL,NULL,'0',_____DATE_____,1);
INSERT INTO T_COMN_MENU_COLUMN_LINK_JNL (JOURNAL_SEQ_NO,JOURNAL_REG_DATETIME,JOURNAL_ACTION_CLASS,COLUMN_DEFINITION_ID,MENU_ID,COLUMN_NAME_JA,COLUMN_NAME_EN,COLUMN_NAME_REST,COL_GROUP_ID,COLUMN_CLASS,COLUMN_DISP_SEQ,REF_TABLE_NAME,REF_PKEY_NAME,REF_COL_NAME,REF_SORT_CONDITIONS,REF_MULTI_LANG,REFERENCE_ITEM,SENSITIVE_COL_NAME,FILE_UPLOAD_PLACE,BUTTON_ACTION,COL_NAME,SAVE_TYPE,AUTO_INPUT,INPUT_ITEM,VIEW_ITEM,UNIQUE_ITEM,REQUIRED_ITEM,AUTOREG_HIDE_ITEM,AUTOREG_ONLY_ITEM,INITIAL_VALUE,VALIDATE_OPTION,VALIDATE_REG_EXP,BEFORE_VALIDATE_REGISTER,AFTER_VALIDATE_REGISTER,DESCRIPTION_JA,DESCRIPTION_EN,NOTE,DISUSE_FLAG,LAST_UPDATE_TIMESTAMP,LAST_UPDATE_USER) VALUES(11010808,_____DATE_____,'INSERT','11010808','110108','通知','Notification','before_notification','11010702','9',80,NULL,NULL,NULL,NULL,'0',NULL,NULL,NULL,NULL,'BEFORE_NOTIFICATION',NULL,'0','1','1','0','1','0','0',NULL,NULL,NULL,NULL,NULL,NULL,NULL,NULL,'0',_____DATE_____,1);
INSERT INTO T_COMN_MENU_COLUMN_LINK (COLUMN_DEFINITION_ID,MENU_ID,COLUMN_NAME_JA,COLUMN_NAME_EN,COLUMN_NAME_REST,COL_GROUP_ID,COLUMN_CLASS,COLUMN_DISP_SEQ,REF_TABLE_NAME,REF_PKEY_NAME,REF_COL_NAME,REF_SORT_CONDITIONS,REF_MULTI_LANG,REFERENCE_ITEM,SENSITIVE_COL_NAME,FILE_UPLOAD_PLACE,BUTTON_ACTION,COL_NAME,SAVE_TYPE,AUTO_INPUT,INPUT_ITEM,VIEW_ITEM,UNIQUE_ITEM,REQUIRED_ITEM,AUTOREG_HIDE_ITEM,AUTOREG_ONLY_ITEM,INITIAL_VALUE,VALIDATE_OPTION,VALIDATE_REG_EXP,BEFORE_VALIDATE_REGISTER,AFTER_VALIDATE_REGISTER,DESCRIPTION_JA,DESCRIPTION_EN,NOTE,DISUSE_FLAG,LAST_UPDATE_TIMESTAMP,LAST_UPDATE_USER) VALUES('11010809','110108','承認待ち','Approval Pending','before_approval_pending','11010702','1',90,NULL,NULL,NULL,NULL,'0',NULL,NULL,NULL,NULL,'BEFORE_APPROVAL_PENDING',NULL,'0','0','1','0','1','0','0',NULL,NULL,NULL,NULL,NULL,NULL,NULL,NULL,'0',_____DATE_____,1);
INSERT INTO T_COMN_MENU_COLUMN_LINK_JNL (JOURNAL_SEQ_NO,JOURNAL_REG_DATETIME,JOURNAL_ACTION_CLASS,COLUMN_DEFINITION_ID,MENU_ID,COLUMN_NAME_JA,COLUMN_NAME_EN,COLUMN_NAME_REST,COL_GROUP_ID,COLUMN_CLASS,COLUMN_DISP_SEQ,REF_TABLE_NAME,REF_PKEY_NAME,REF_COL_NAME,REF_SORT_CONDITIONS,REF_MULTI_LANG,REFERENCE_ITEM,SENSITIVE_COL_NAME,FILE_UPLOAD_PLACE,BUTTON_ACTION,COL_NAME,SAVE_TYPE,AUTO_INPUT,INPUT_ITEM,VIEW_ITEM,UNIQUE_ITEM,REQUIRED_ITEM,AUTOREG_HIDE_ITEM,AUTOREG_ONLY_ITEM,INITIAL_VALUE,VALIDATE_OPTION,VALIDATE_REG_EXP,BEFORE_VALIDATE_REGISTER,AFTER_VALIDATE_REGISTER,DESCRIPTION_JA,DESCRIPTION_EN,NOTE,DISUSE_FLAG,LAST_UPDATE_TIMESTAMP,LAST_UPDATE_USER) VALUES(11010809,_____DATE_____,'INSERT','11010809','110108','承認待ち','Approval Pending','before_approval_pending','11010702','1',90,NULL,NULL,NULL,NULL,'0',NULL,NULL,NULL,NULL,'BEFORE_APPROVAL_PENDING',NULL,'0','0','1','0','1','0','0',NULL,NULL,NULL,NULL,NULL,NULL,NULL,NULL,'0',_____DATE_____,1);
INSERT INTO T_COMN_MENU_COLUMN_LINK (COLUMN_DEFINITION_ID,MENU_ID,COLUMN_NAME_JA,COLUMN_NAME_EN,COLUMN_NAME_REST,COL_GROUP_ID,COLUMN_CLASS,COLUMN_DISP_SEQ,REF_TABLE_NAME,REF_PKEY_NAME,REF_COL_NAME,REF_SORT_CONDITIONS,REF_MULTI_LANG,REFERENCE_ITEM,SENSITIVE_COL_NAME,FILE_UPLOAD_PLACE,BUTTON_ACTION,COL_NAME,SAVE_TYPE,AUTO_INPUT,INPUT_ITEM,VIEW_ITEM,UNIQUE_ITEM,REQUIRED_ITEM,AUTOREG_HIDE_ITEM,AUTOREG_ONLY_ITEM,INITIAL_VALUE,VALIDATE_OPTION,VALIDATE_REG_EXP,BEFORE_VALIDATE_REGISTER,AFTER_VALIDATE_REGISTER,DESCRIPTION_JA,DESCRIPTION_EN,NOTE,DISUSE_FLAG,LAST_UPDATE_TIMESTAMP,LAST_UPDATE_USER) VALUES('11010810','110108','通知先','Notification Destination','before_notification_destination','11010702','1',100,NULL,NULL,NULL,NULL,'0',NULL,NULL,NULL,NULL,'BEFORE_NOTIFICATION_DESTINATION',NULL,'0','1','1','0','1','0','0',NULL,'{
"min_length": 0,
"max_length": 255
}',NULL,NULL,NULL,NULL,NULL,NULL,'0',_____DATE_____,1);
INSERT INTO T_COMN_MENU_COLUMN_LINK_JNL (JOURNAL_SEQ_NO,JOURNAL_REG_DATETIME,JOURNAL_ACTION_CLASS,COLUMN_DEFINITION_ID,MENU_ID,COLUMN_NAME_JA,COLUMN_NAME_EN,COLUMN_NAME_REST,COL_GROUP_ID,COLUMN_CLASS,COLUMN_DISP_SEQ,REF_TABLE_NAME,REF_PKEY_NAME,REF_COL_NAME,REF_SORT_CONDITIONS,REF_MULTI_LANG,REFERENCE_ITEM,SENSITIVE_COL_NAME,FILE_UPLOAD_PLACE,BUTTON_ACTION,COL_NAME,SAVE_TYPE,AUTO_INPUT,INPUT_ITEM,VIEW_ITEM,UNIQUE_ITEM,REQUIRED_ITEM,AUTOREG_HIDE_ITEM,AUTOREG_ONLY_ITEM,INITIAL_VALUE,VALIDATE_OPTION,VALIDATE_REG_EXP,BEFORE_VALIDATE_REGISTER,AFTER_VALIDATE_REGISTER,DESCRIPTION_JA,DESCRIPTION_EN,NOTE,DISUSE_FLAG,LAST_UPDATE_TIMESTAMP,LAST_UPDATE_USER) VALUES(11010810,_____DATE_____,'INSERT','11010810','110108','通知先','Notification Destination','before_notification_destination','11010702','1',100,NULL,NULL,NULL,NULL,'0',NULL,NULL,NULL,NULL,'BEFORE_NOTIFICATION_DESTINATION',NULL,'0','1','1','0','1','0','0',NULL,'{
"min_length": 0,
"max_length": 255
}',NULL,NULL,NULL,NULL,NULL,NULL,'0',_____DATE_____,1);
INSERT INTO T_COMN_MENU_COLUMN_LINK (COLUMN_DEFINITION_ID,MENU_ID,COLUMN_NAME_JA,COLUMN_NAME_EN,COLUMN_NAME_REST,COL_GROUP_ID,COLUMN_CLASS,COLUMN_DISP_SEQ,REF_TABLE_NAME,REF_PKEY_NAME,REF_COL_NAME,REF_SORT_CONDITIONS,REF_MULTI_LANG,REFERENCE_ITEM,SENSITIVE_COL_NAME,FILE_UPLOAD_PLACE,BUTTON_ACTION,COL_NAME,SAVE_TYPE,AUTO_INPUT,INPUT_ITEM,VIEW_ITEM,UNIQUE_ITEM,REQUIRED_ITEM,AUTOREG_HIDE_ITEM,AUTOREG_ONLY_ITEM,INITIAL_VALUE,VALIDATE_OPTION,VALIDATE_REG_EXP,BEFORE_VALIDATE_REGISTER,AFTER_VALIDATE_REGISTER,DESCRIPTION_JA,DESCRIPTION_EN,NOTE,DISUSE_FLAG,LAST_UPDATE_TIMESTAMP,LAST_UPDATE_USER) VALUES('11010811','110108','アクションID','Action ID','action_id','11010703','1',110,'T_OASE_ACTION','ACTION_ID','ACTION_NAME',NULL,'0',NULL,NULL,NULL,NULL,'ACTION_ID',NULL,'0','1','1','0','1','0','0',NULL,'{
"min_length": 0,
"max_length": 40
}',NULL,NULL,NULL,NULL,NULL,NULL,'0',_____DATE_____,1);
INSERT INTO T_COMN_MENU_COLUMN_LINK_JNL (JOURNAL_SEQ_NO,JOURNAL_REG_DATETIME,JOURNAL_ACTION_CLASS,COLUMN_DEFINITION_ID,MENU_ID,COLUMN_NAME_JA,COLUMN_NAME_EN,COLUMN_NAME_REST,COL_GROUP_ID,COLUMN_CLASS,COLUMN_DISP_SEQ,REF_TABLE_NAME,REF_PKEY_NAME,REF_COL_NAME,REF_SORT_CONDITIONS,REF_MULTI_LANG,REFERENCE_ITEM,SENSITIVE_COL_NAME,FILE_UPLOAD_PLACE,BUTTON_ACTION,COL_NAME,SAVE_TYPE,AUTO_INPUT,INPUT_ITEM,VIEW_ITEM,UNIQUE_ITEM,REQUIRED_ITEM,AUTOREG_HIDE_ITEM,AUTOREG_ONLY_ITEM,INITIAL_VALUE,VALIDATE_OPTION,VALIDATE_REG_EXP,BEFORE_VALIDATE_REGISTER,AFTER_VALIDATE_REGISTER,DESCRIPTION_JA,DESCRIPTION_EN,NOTE,DISUSE_FLAG,LAST_UPDATE_TIMESTAMP,LAST_UPDATE_USER) VALUES(11010811,_____DATE_____,'INSERT','11010811','110108','アクションID','Action ID','action_id','11010703','1',110,'T_OASE_ACTION','ACTION_ID','ACTION_NAME',NULL,'0',NULL,NULL,NULL,NULL,'ACTION_ID',NULL,'0','1','1','0','1','0','0',NULL,'{
"min_length": 0,
"max_length": 40
}',NULL,NULL,NULL,NULL,NULL,NULL,'0',_____DATE_____,1);
INSERT INTO T_COMN_MENU_COLUMN_LINK (COLUMN_DEFINITION_ID,MENU_ID,COLUMN_NAME_JA,COLUMN_NAME_EN,COLUMN_NAME_REST,COL_GROUP_ID,COLUMN_CLASS,COLUMN_DISP_SEQ,REF_TABLE_NAME,REF_PKEY_NAME,REF_COL_NAME,REF_SORT_CONDITIONS,REF_MULTI_LANG,REFERENCE_ITEM,SENSITIVE_COL_NAME,FILE_UPLOAD_PLACE,BUTTON_ACTION,COL_NAME,SAVE_TYPE,AUTO_INPUT,INPUT_ITEM,VIEW_ITEM,UNIQUE_ITEM,REQUIRED_ITEM,AUTOREG_HIDE_ITEM,AUTOREG_ONLY_ITEM,INITIAL_VALUE,VALIDATE_OPTION,VALIDATE_REG_EXP,BEFORE_VALIDATE_REGISTER,AFTER_VALIDATE_REGISTER,DESCRIPTION_JA,DESCRIPTION_EN,NOTE,DISUSE_FLAG,LAST_UPDATE_TIMESTAMP,LAST_UPDATE_USER) VALUES('11010812','110108','通知','Notification','after_notification','11010704','9',120,NULL,NULL,NULL,NULL,'0',NULL,NULL,NULL,NULL,'AFTER_NOTIFICATION',NULL,'0','1','1','0','1','0','0',NULL,NULL,NULL,NULL,NULL,NULL,NULL,NULL,'0',_____DATE_____,1);
INSERT INTO T_COMN_MENU_COLUMN_LINK_JNL (JOURNAL_SEQ_NO,JOURNAL_REG_DATETIME,JOURNAL_ACTION_CLASS,COLUMN_DEFINITION_ID,MENU_ID,COLUMN_NAME_JA,COLUMN_NAME_EN,COLUMN_NAME_REST,COL_GROUP_ID,COLUMN_CLASS,COLUMN_DISP_SEQ,REF_TABLE_NAME,REF_PKEY_NAME,REF_COL_NAME,REF_SORT_CONDITIONS,REF_MULTI_LANG,REFERENCE_ITEM,SENSITIVE_COL_NAME,FILE_UPLOAD_PLACE,BUTTON_ACTION,COL_NAME,SAVE_TYPE,AUTO_INPUT,INPUT_ITEM,VIEW_ITEM,UNIQUE_ITEM,REQUIRED_ITEM,AUTOREG_HIDE_ITEM,AUTOREG_ONLY_ITEM,INITIAL_VALUE,VALIDATE_OPTION,VALIDATE_REG_EXP,BEFORE_VALIDATE_REGISTER,AFTER_VALIDATE_REGISTER,DESCRIPTION_JA,DESCRIPTION_EN,NOTE,DISUSE_FLAG,LAST_UPDATE_TIMESTAMP,LAST_UPDATE_USER) VALUES(11010812,_____DATE_____,'INSERT','11010812','110108','通知','Notification','after_notification','11010704','9',120,NULL,NULL,NULL,NULL,'0',NULL,NULL,NULL,NULL,'AFTER_NOTIFICATION',NULL,'0','1','1','0','1','0','0',NULL,NULL,NULL,NULL,NULL,NULL,NULL,NULL,'0',_____DATE_____,1);
INSERT INTO T_COMN_MENU_COLUMN_LINK (COLUMN_DEFINITION_ID,MENU_ID,COLUMN_NAME_JA,COLUMN_NAME_EN,COLUMN_NAME_REST,COL_GROUP_ID,COLUMN_CLASS,COLUMN_DISP_SEQ,REF_TABLE_NAME,REF_PKEY_NAME,REF_COL_NAME,REF_SORT_CONDITIONS,REF_MULTI_LANG,REFERENCE_ITEM,SENSITIVE_COL_NAME,FILE_UPLOAD_PLACE,BUTTON_ACTION,COL_NAME,SAVE_TYPE,AUTO_INPUT,INPUT_ITEM,VIEW_ITEM,UNIQUE_ITEM,REQUIRED_ITEM,AUTOREG_HIDE_ITEM,AUTOREG_ONLY_ITEM,INITIAL_VALUE,VALIDATE_OPTION,VALIDATE_REG_EXP,BEFORE_VALIDATE_REGISTER,AFTER_VALIDATE_REGISTER,DESCRIPTION_JA,DESCRIPTION_EN,NOTE,DISUSE_FLAG,LAST_UPDATE_TIMESTAMP,LAST_UPDATE_USER) VALUES('11010813','110108','承認待ち','Approval Pending','after_approval_pending','11010704','1',130,NULL,NULL,NULL,NULL,'0',NULL,NULL,NULL,NULL,'AFTER_APPROVAL_PENDING',NULL,'0','0','1','0','1','0','0',NULL,NULL,NULL,NULL,NULL,NULL,NULL,NULL,'0',_____DATE_____,1);
INSERT INTO T_COMN_MENU_COLUMN_LINK_JNL (JOURNAL_SEQ_NO,JOURNAL_REG_DATETIME,JOURNAL_ACTION_CLASS,COLUMN_DEFINITION_ID,MENU_ID,COLUMN_NAME_JA,COLUMN_NAME_EN,COLUMN_NAME_REST,COL_GROUP_ID,COLUMN_CLASS,COLUMN_DISP_SEQ,REF_TABLE_NAME,REF_PKEY_NAME,REF_COL_NAME,REF_SORT_CONDITIONS,REF_MULTI_LANG,REFERENCE_ITEM,SENSITIVE_COL_NAME,FILE_UPLOAD_PLACE,BUTTON_ACTION,COL_NAME,SAVE_TYPE,AUTO_INPUT,INPUT_ITEM,VIEW_ITEM,UNIQUE_ITEM,REQUIRED_ITEM,AUTOREG_HIDE_ITEM,AUTOREG_ONLY_ITEM,INITIAL_VALUE,VALIDATE_OPTION,VALIDATE_REG_EXP,BEFORE_VALIDATE_REGISTER,AFTER_VALIDATE_REGISTER,DESCRIPTION_JA,DESCRIPTION_EN,NOTE,DISUSE_FLAG,LAST_UPDATE_TIMESTAMP,LAST_UPDATE_USER) VALUES(11010813,_____DATE_____,'INSERT','11010813','110108','承認待ち','Approval Pending','after_approval_pending','11010704','1',130,NULL,NULL,NULL,NULL,'0',NULL,NULL,NULL,NULL,'AFTER_APPROVAL_PENDING',NULL,'0','0','1','0','1','0','0',NULL,NULL,NULL,NULL,NULL,NULL,NULL,NULL,'0',_____DATE_____,1);
INSERT INTO T_COMN_MENU_COLUMN_LINK (COLUMN_DEFINITION_ID,MENU_ID,COLUMN_NAME_JA,COLUMN_NAME_EN,COLUMN_NAME_REST,COL_GROUP_ID,COLUMN_CLASS,COLUMN_DISP_SEQ,REF_TABLE_NAME,REF_PKEY_NAME,REF_COL_NAME,REF_SORT_CONDITIONS,REF_MULTI_LANG,REFERENCE_ITEM,SENSITIVE_COL_NAME,FILE_UPLOAD_PLACE,BUTTON_ACTION,COL_NAME,SAVE_TYPE,AUTO_INPUT,INPUT_ITEM,VIEW_ITEM,UNIQUE_ITEM,REQUIRED_ITEM,AUTOREG_HIDE_ITEM,AUTOREG_ONLY_ITEM,INITIAL_VALUE,VALIDATE_OPTION,VALIDATE_REG_EXP,BEFORE_VALIDATE_REGISTER,AFTER_VALIDATE_REGISTER,DESCRIPTION_JA,DESCRIPTION_EN,NOTE,DISUSE_FLAG,LAST_UPDATE_TIMESTAMP,LAST_UPDATE_USER) VALUES('11010814','110108','通知先','Notification Destination','after_notification_destination','11010704','1',140,NULL,NULL,NULL,NULL,'0',NULL,NULL,NULL,NULL,'AFTER_NOTIFICATION_DESTINATION',NULL,'0','1','1','0','1','0','0',NULL,'{
"min_length": 0,
"max_length": 255
}',NULL,NULL,NULL,NULL,NULL,NULL,'0',_____DATE_____,1);
INSERT INTO T_COMN_MENU_COLUMN_LINK_JNL (JOURNAL_SEQ_NO,JOURNAL_REG_DATETIME,JOURNAL_ACTION_CLASS,COLUMN_DEFINITION_ID,MENU_ID,COLUMN_NAME_JA,COLUMN_NAME_EN,COLUMN_NAME_REST,COL_GROUP_ID,COLUMN_CLASS,COLUMN_DISP_SEQ,REF_TABLE_NAME,REF_PKEY_NAME,REF_COL_NAME,REF_SORT_CONDITIONS,REF_MULTI_LANG,REFERENCE_ITEM,SENSITIVE_COL_NAME,FILE_UPLOAD_PLACE,BUTTON_ACTION,COL_NAME,SAVE_TYPE,AUTO_INPUT,INPUT_ITEM,VIEW_ITEM,UNIQUE_ITEM,REQUIRED_ITEM,AUTOREG_HIDE_ITEM,AUTOREG_ONLY_ITEM,INITIAL_VALUE,VALIDATE_OPTION,VALIDATE_REG_EXP,BEFORE_VALIDATE_REGISTER,AFTER_VALIDATE_REGISTER,DESCRIPTION_JA,DESCRIPTION_EN,NOTE,DISUSE_FLAG,LAST_UPDATE_TIMESTAMP,LAST_UPDATE_USER) VALUES(11010814,_____DATE_____,'INSERT','11010814','110108','通知先','Notification Destination','after_notification_destination','11010704','1',140,NULL,NULL,NULL,NULL,'0',NULL,NULL,NULL,NULL,'AFTER_NOTIFICATION_DESTINATION',NULL,'0','1','1','0','1','0','0',NULL,'{
"min_length": 0,
"max_length": 255
}',NULL,NULL,NULL,NULL,NULL,NULL,'0',_____DATE_____,1);
INSERT INTO T_COMN_MENU_COLUMN_LINK (COLUMN_DEFINITION_ID,MENU_ID,COLUMN_NAME_JA,COLUMN_NAME_EN,COLUMN_NAME_REST,COL_GROUP_ID,COLUMN_CLASS,COLUMN_DISP_SEQ,REF_TABLE_NAME,REF_PKEY_NAME,REF_COL_NAME,REF_SORT_CONDITIONS,REF_MULTI_LANG,REFERENCE_ITEM,SENSITIVE_COL_NAME,FILE_UPLOAD_PLACE,BUTTON_ACTION,COL_NAME,SAVE_TYPE,AUTO_INPUT,INPUT_ITEM,VIEW_ITEM,UNIQUE_ITEM,REQUIRED_ITEM,AUTOREG_HIDE_ITEM,AUTOREG_ONLY_ITEM,INITIAL_VALUE,VALIDATE_OPTION,VALIDATE_REG_EXP,BEFORE_VALIDATE_REGISTER,AFTER_VALIDATE_REGISTER,DESCRIPTION_JA,DESCRIPTION_EN,NOTE,DISUSE_FLAG,LAST_UPDATE_TIMESTAMP,LAST_UPDATE_USER) VALUES('11010815','110108','結論ラベル名','Conclusion Label Name','conclusion_label_name','11010705','7',150,'T_OASE_LABEL_KEY_INPUT','LABEL_KEY_ID','LABEL_KEY',NULL,'0',NULL,NULL,NULL,NULL,'CONCLUSION_LABEL_NAME',NULL,'0','1','1','0','1','0','0',NULL,'{
"min_length": 0,
"max_length": 2
}',NULL,NULL,NULL,NULL,NULL,NULL,'0',_____DATE_____,1);
INSERT INTO T_COMN_MENU_COLUMN_LINK_JNL (JOURNAL_SEQ_NO,JOURNAL_REG_DATETIME,JOURNAL_ACTION_CLASS,COLUMN_DEFINITION_ID,MENU_ID,COLUMN_NAME_JA,COLUMN_NAME_EN,COLUMN_NAME_REST,COL_GROUP_ID,COLUMN_CLASS,COLUMN_DISP_SEQ,REF_TABLE_NAME,REF_PKEY_NAME,REF_COL_NAME,REF_SORT_CONDITIONS,REF_MULTI_LANG,REFERENCE_ITEM,SENSITIVE_COL_NAME,FILE_UPLOAD_PLACE,BUTTON_ACTION,COL_NAME,SAVE_TYPE,AUTO_INPUT,INPUT_ITEM,VIEW_ITEM,UNIQUE_ITEM,REQUIRED_ITEM,AUTOREG_HIDE_ITEM,AUTOREG_ONLY_ITEM,INITIAL_VALUE,VALIDATE_OPTION,VALIDATE_REG_EXP,BEFORE_VALIDATE_REGISTER,AFTER_VALIDATE_REGISTER,DESCRIPTION_JA,DESCRIPTION_EN,NOTE,DISUSE_FLAG,LAST_UPDATE_TIMESTAMP,LAST_UPDATE_USER) VALUES(11010815,_____DATE_____,'INSERT','11010815','110108','結論ラベル名','Conclusion Label Name','conclusion_label_name','11010705','7',150,'T_OASE_LABEL_KEY_INPUT','LABEL_KEY_ID','LABEL_KEY',NULL,'0',NULL,NULL,NULL,NULL,'CONCLUSION_LABEL_NAME',NULL,'0','1','1','0','1','0','0',NULL,'{
"min_length": 0,
"max_length": 2
}',NULL,NULL,NULL,NULL,NULL,NULL,'0',_____DATE_____,1);
INSERT INTO T_COMN_MENU_COLUMN_LINK (COLUMN_DEFINITION_ID,MENU_ID,COLUMN_NAME_JA,COLUMN_NAME_EN,COLUMN_NAME_REST,COL_GROUP_ID,COLUMN_CLASS,COLUMN_DISP_SEQ,REF_TABLE_NAME,REF_PKEY_NAME,REF_COL_NAME,REF_SORT_CONDITIONS,REF_MULTI_LANG,REFERENCE_ITEM,SENSITIVE_COL_NAME,FILE_UPLOAD_PLACE,BUTTON_ACTION,COL_NAME,SAVE_TYPE,AUTO_INPUT,INPUT_ITEM,VIEW_ITEM,UNIQUE_ITEM,REQUIRED_ITEM,AUTOREG_HIDE_ITEM,AUTOREG_ONLY_ITEM,INITIAL_VALUE,VALIDATE_OPTION,VALIDATE_REG_EXP,BEFORE_VALIDATE_REGISTER,AFTER_VALIDATE_REGISTER,DESCRIPTION_JA,DESCRIPTION_EN,NOTE,DISUSE_FLAG,LAST_UPDATE_TIMESTAMP,LAST_UPDATE_USER) VALUES('11010816','110108','結論ラベル値','Conclusion Label Value','conclusion_label_value','11010705','1',160,NULL,NULL,NULL,NULL,'0',NULL,NULL,NULL,NULL,'CONCLUSION_LABEL_VALUE',NULL,'0','1','1','1','1','0','0',NULL,'{
"min_length": 0,
"max_length": 255
}',NULL,NULL,NULL,NULL,NULL,NULL,'0',_____DATE_____,1);
INSERT INTO T_COMN_MENU_COLUMN_LINK_JNL (JOURNAL_SEQ_NO,JOURNAL_REG_DATETIME,JOURNAL_ACTION_CLASS,COLUMN_DEFINITION_ID,MENU_ID,COLUMN_NAME_JA,COLUMN_NAME_EN,COLUMN_NAME_REST,COL_GROUP_ID,COLUMN_CLASS,COLUMN_DISP_SEQ,REF_TABLE_NAME,REF_PKEY_NAME,REF_COL_NAME,REF_SORT_CONDITIONS,REF_MULTI_LANG,REFERENCE_ITEM,SENSITIVE_COL_NAME,FILE_UPLOAD_PLACE,BUTTON_ACTION,COL_NAME,SAVE_TYPE,AUTO_INPUT,INPUT_ITEM,VIEW_ITEM,UNIQUE_ITEM,REQUIRED_ITEM,AUTOREG_HIDE_ITEM,AUTOREG_ONLY_ITEM,INITIAL_VALUE,VALIDATE_OPTION,VALIDATE_REG_EXP,BEFORE_VALIDATE_REGISTER,AFTER_VALIDATE_REGISTER,DESCRIPTION_JA,DESCRIPTION_EN,NOTE,DISUSE_FLAG,LAST_UPDATE_TIMESTAMP,LAST_UPDATE_USER) VALUES(11010816,_____DATE_____,'INSERT','11010816','110108','結論ラベル値','Conclusion Label Value','conclusion_label_value','11010705','1',160,NULL,NULL,NULL,NULL,'0',NULL,NULL,NULL,NULL,'CONCLUSION_LABEL_VALUE',NULL,'0','1','1','1','1','0','0',NULL,'{
"min_length": 0,
"max_length": 255
}',NULL,NULL,NULL,NULL,NULL,NULL,'0',_____DATE_____,1);
INSERT INTO T_COMN_MENU_COLUMN_LINK (COLUMN_DEFINITION_ID,MENU_ID,COLUMN_NAME_JA,COLUMN_NAME_EN,COLUMN_NAME_REST,COL_GROUP_ID,COLUMN_CLASS,COLUMN_DISP_SEQ,REF_TABLE_NAME,REF_PKEY_NAME,REF_COL_NAME,REF_SORT_CONDITIONS,REF_MULTI_LANG,REFERENCE_ITEM,SENSITIVE_COL_NAME,FILE_UPLOAD_PLACE,BUTTON_ACTION,COL_NAME,SAVE_TYPE,AUTO_INPUT,INPUT_ITEM,VIEW_ITEM,UNIQUE_ITEM,REQUIRED_ITEM,AUTOREG_HIDE_ITEM,AUTOREG_ONLY_ITEM,INITIAL_VALUE,VALIDATE_OPTION,VALIDATE_REG_EXP,BEFORE_VALIDATE_REGISTER,AFTER_VALIDATE_REGISTER,DESCRIPTION_JA,DESCRIPTION_EN,NOTE,DISUSE_FLAG,LAST_UPDATE_TIMESTAMP,LAST_UPDATE_USER) VALUES('11010817','110108','再評価用TTL','Reevaluate TTL','reevaluate_ttl','11010705','3',170,NULL,NULL,NULL,NULL,'0',NULL,NULL,NULL,NULL,'REEVALUATE_TTL',NULL,'0','1','1','0','1','0','0',NULL,NULL,NULL,NULL,NULL,NULL,NULL,NULL,'0',_____DATE_____,1);
INSERT INTO T_COMN_MENU_COLUMN_LINK_JNL (JOURNAL_SEQ_NO,JOURNAL_REG_DATETIME,JOURNAL_ACTION_CLASS,COLUMN_DEFINITION_ID,MENU_ID,COLUMN_NAME_JA,COLUMN_NAME_EN,COLUMN_NAME_REST,COL_GROUP_ID,COLUMN_CLASS,COLUMN_DISP_SEQ,REF_TABLE_NAME,REF_PKEY_NAME,REF_COL_NAME,REF_SORT_CONDITIONS,REF_MULTI_LANG,REFERENCE_ITEM,SENSITIVE_COL_NAME,FILE_UPLOAD_PLACE,BUTTON_ACTION,COL_NAME,SAVE_TYPE,AUTO_INPUT,INPUT_ITEM,VIEW_ITEM,UNIQUE_ITEM,REQUIRED_ITEM,AUTOREG_HIDE_ITEM,AUTOREG_ONLY_ITEM,INITIAL_VALUE,VALIDATE_OPTION,VALIDATE_REG_EXP,BEFORE_VALIDATE_REGISTER,AFTER_VALIDATE_REGISTER,DESCRIPTION_JA,DESCRIPTION_EN,NOTE,DISUSE_FLAG,LAST_UPDATE_TIMESTAMP,LAST_UPDATE_USER) VALUES(11010817,_____DATE_____,'INSERT','11010817','110108','再評価用TTL','Reevaluate TTL','reevaluate_ttl','11010705','3',170,NULL,NULL,NULL,NULL,'0',NULL,NULL,NULL,NULL,'REEVALUATE_TTL',NULL,'0','1','1','0','1','0','0',NULL,NULL,NULL,NULL,NULL,NULL,NULL,NULL,'0',_____DATE_____,1);
INSERT INTO T_COMN_MENU_COLUMN_LINK (COLUMN_DEFINITION_ID,MENU_ID,COLUMN_NAME_JA,COLUMN_NAME_EN,COLUMN_NAME_REST,COL_GROUP_ID,COLUMN_CLASS,COLUMN_DISP_SEQ,REF_TABLE_NAME,REF_PKEY_NAME,REF_COL_NAME,REF_SORT_CONDITIONS,REF_MULTI_LANG,REFERENCE_ITEM,SENSITIVE_COL_NAME,FILE_UPLOAD_PLACE,BUTTON_ACTION,COL_NAME,SAVE_TYPE,AUTO_INPUT,INPUT_ITEM,VIEW_ITEM,UNIQUE_ITEM,REQUIRED_ITEM,AUTOREG_HIDE_ITEM,AUTOREG_ONLY_ITEM,INITIAL_VALUE,VALIDATE_OPTION,VALIDATE_REG_EXP,BEFORE_VALIDATE_REGISTER,AFTER_VALIDATE_REGISTER,DESCRIPTION_JA,DESCRIPTION_EN,NOTE,DISUSE_FLAG,LAST_UPDATE_TIMESTAMP,LAST_UPDATE_USER) VALUES('11010818','110108','有効','Available Flag','available_flag',NULL,'7',180,'T_COMN_BOOLEAN_FLAG','FLAG_ID','FLAG_NAME',NULL,'0',NULL,NULL,NULL,NULL,'AVAILABLE_FLAG',NULL,'0','1','1','0','0','1','0',NULL,NULL,NULL,NULL,NULL,NULL,NULL,NULL,'0',_____DATE_____,1);
INSERT INTO T_COMN_MENU_COLUMN_LINK_JNL (JOURNAL_SEQ_NO,JOURNAL_REG_DATETIME,JOURNAL_ACTION_CLASS,COLUMN_DEFINITION_ID,MENU_ID,COLUMN_NAME_JA,COLUMN_NAME_EN,COLUMN_NAME_REST,COL_GROUP_ID,COLUMN_CLASS,COLUMN_DISP_SEQ,REF_TABLE_NAME,REF_PKEY_NAME,REF_COL_NAME,REF_SORT_CONDITIONS,REF_MULTI_LANG,REFERENCE_ITEM,SENSITIVE_COL_NAME,FILE_UPLOAD_PLACE,BUTTON_ACTION,COL_NAME,SAVE_TYPE,AUTO_INPUT,INPUT_ITEM,VIEW_ITEM,UNIQUE_ITEM,REQUIRED_ITEM,AUTOREG_HIDE_ITEM,AUTOREG_ONLY_ITEM,INITIAL_VALUE,VALIDATE_OPTION,VALIDATE_REG_EXP,BEFORE_VALIDATE_REGISTER,AFTER_VALIDATE_REGISTER,DESCRIPTION_JA,DESCRIPTION_EN,NOTE,DISUSE_FLAG,LAST_UPDATE_TIMESTAMP,LAST_UPDATE_USER) VALUES(11010818,_____DATE_____,'INSERT','11010818','110108','有効','Available Flag','available_flag',NULL,'7',180,'T_COMN_BOOLEAN_FLAG','FLAG_ID','FLAG_NAME',NULL,'0',NULL,NULL,NULL,NULL,'AVAILABLE_FLAG',NULL,'0','1','1','0','0','1','0',NULL,NULL,NULL,NULL,NULL,NULL,NULL,NULL,'0',_____DATE_____,1);
INSERT INTO T_COMN_MENU_COLUMN_LINK (COLUMN_DEFINITION_ID,MENU_ID,COLUMN_NAME_JA,COLUMN_NAME_EN,COLUMN_NAME_REST,COL_GROUP_ID,COLUMN_CLASS,COLUMN_DISP_SEQ,REF_TABLE_NAME,REF_PKEY_NAME,REF_COL_NAME,REF_SORT_CONDITIONS,REF_MULTI_LANG,REFERENCE_ITEM,SENSITIVE_COL_NAME,FILE_UPLOAD_PLACE,BUTTON_ACTION,COL_NAME,SAVE_TYPE,AUTO_INPUT,INPUT_ITEM,VIEW_ITEM,UNIQUE_ITEM,REQUIRED_ITEM,AUTOREG_HIDE_ITEM,AUTOREG_ONLY_ITEM,INITIAL_VALUE,VALIDATE_OPTION,VALIDATE_REG_EXP,BEFORE_VALIDATE_REGISTER,AFTER_VALIDATE_REGISTER,DESCRIPTION_JA,DESCRIPTION_EN,NOTE,DISUSE_FLAG,LAST_UPDATE_TIMESTAMP,LAST_UPDATE_USER) VALUES('11010819','110108','フィルター組み合わせ情報用JSON格納用項目','Filter Combination Json','filter_combination_json',NULL,'2',190,NULL,NULL,NULL,NULL,'0',NULL,NULL,NULL,NULL,'FILTER_COMBINATION_JSON',NULL,'0','2','0','0','0','1','0',NULL,'{
"min_length": 0,
"max_length": 4294967296
}',NULL,NULL,NULL,'JSON格納用項目','JSON Storage Item',NULL,'0',_____DATE_____,1);
INSERT INTO T_COMN_MENU_COLUMN_LINK_JNL (JOURNAL_SEQ_NO,JOURNAL_REG_DATETIME,JOURNAL_ACTION_CLASS,COLUMN_DEFINITION_ID,MENU_ID,COLUMN_NAME_JA,COLUMN_NAME_EN,COLUMN_NAME_REST,COL_GROUP_ID,COLUMN_CLASS,COLUMN_DISP_SEQ,REF_TABLE_NAME,REF_PKEY_NAME,REF_COL_NAME,REF_SORT_CONDITIONS,REF_MULTI_LANG,REFERENCE_ITEM,SENSITIVE_COL_NAME,FILE_UPLOAD_PLACE,BUTTON_ACTION,COL_NAME,SAVE_TYPE,AUTO_INPUT,INPUT_ITEM,VIEW_ITEM,UNIQUE_ITEM,REQUIRED_ITEM,AUTOREG_HIDE_ITEM,AUTOREG_ONLY_ITEM,INITIAL_VALUE,VALIDATE_OPTION,VALIDATE_REG_EXP,BEFORE_VALIDATE_REGISTER,AFTER_VALIDATE_REGISTER,DESCRIPTION_JA,DESCRIPTION_EN,NOTE,DISUSE_FLAG,LAST_UPDATE_TIMESTAMP,LAST_UPDATE_USER) VALUES(11010819,_____DATE_____,'INSERT','11010819','110108','フィルター組み合わせ情報用JSON格納用項目','Filter Combination Json','filter_combination_json',NULL,'2',190,NULL,NULL,NULL,NULL,'0',NULL,NULL,NULL,NULL,'FILTER_COMBINATION_JSON',NULL,'0','2','0','0','0','1','0',NULL,'{
"min_length": 0,
"max_length": 4294967296
}',NULL,NULL,NULL,'JSON格納用項目','JSON Storage Item',NULL,'0',_____DATE_____,1);
INSERT INTO T_COMN_MENU_COLUMN_LINK (COLUMN_DEFINITION_ID,MENU_ID,COLUMN_NAME_JA,COLUMN_NAME_EN,COLUMN_NAME_REST,COL_GROUP_ID,COLUMN_CLASS,COLUMN_DISP_SEQ,REF_TABLE_NAME,REF_PKEY_NAME,REF_COL_NAME,REF_SORT_CONDITIONS,REF_MULTI_LANG,REFERENCE_ITEM,SENSITIVE_COL_NAME,FILE_UPLOAD_PLACE,BUTTON_ACTION,COL_NAME,SAVE_TYPE,AUTO_INPUT,INPUT_ITEM,VIEW_ITEM,UNIQUE_ITEM,REQUIRED_ITEM,AUTOREG_HIDE_ITEM,AUTOREG_ONLY_ITEM,INITIAL_VALUE,VALIDATE_OPTION,VALIDATE_REG_EXP,BEFORE_VALIDATE_REGISTER,AFTER_VALIDATE_REGISTER,DESCRIPTION_JA,DESCRIPTION_EN,NOTE,DISUSE_FLAG,LAST_UPDATE_TIMESTAMP,LAST_UPDATE_USER) VALUES('11010820','110108','ラベリング情報用JSON格納用項目','Labeling Information Json','labeling_information_json',NULL,'2',200,NULL,NULL,NULL,NULL,'0',NULL,NULL,NULL,NULL,'LABELING_INFORMATION_JSON',NULL,'0','2','0','0','0','1','0',NULL,'{
"min_length": 0,
"max_length": 4294967296
}',NULL,NULL,NULL,'JSON格納用項目','JSON Storage Item',NULL,'0',_____DATE_____,1);
INSERT INTO T_COMN_MENU_COLUMN_LINK_JNL (JOURNAL_SEQ_NO,JOURNAL_REG_DATETIME,JOURNAL_ACTION_CLASS,COLUMN_DEFINITION_ID,MENU_ID,COLUMN_NAME_JA,COLUMN_NAME_EN,COLUMN_NAME_REST,COL_GROUP_ID,COLUMN_CLASS,COLUMN_DISP_SEQ,REF_TABLE_NAME,REF_PKEY_NAME,REF_COL_NAME,REF_SORT_CONDITIONS,REF_MULTI_LANG,REFERENCE_ITEM,SENSITIVE_COL_NAME,FILE_UPLOAD_PLACE,BUTTON_ACTION,COL_NAME,SAVE_TYPE,AUTO_INPUT,INPUT_ITEM,VIEW_ITEM,UNIQUE_ITEM,REQUIRED_ITEM,AUTOREG_HIDE_ITEM,AUTOREG_ONLY_ITEM,INITIAL_VALUE,VALIDATE_OPTION,VALIDATE_REG_EXP,BEFORE_VALIDATE_REGISTER,AFTER_VALIDATE_REGISTER,DESCRIPTION_JA,DESCRIPTION_EN,NOTE,DISUSE_FLAG,LAST_UPDATE_TIMESTAMP,LAST_UPDATE_USER) VALUES(11010820,_____DATE_____,'INSERT','11010820','110108','ラベリング情報用JSON格納用項目','Labeling Information Json','labeling_information_json',NULL,'2',200,NULL,NULL,NULL,NULL,'0',NULL,NULL,NULL,NULL,'LABELING_INFORMATION_JSON',NULL,'0','2','0','0','0','1','0',NULL,'{
"min_length": 0,
"max_length": 4294967296
}',NULL,NULL,NULL,'JSON格納用項目','JSON Storage Item',NULL,'0',_____DATE_____,1);
INSERT INTO T_COMN_MENU_COLUMN_LINK (COLUMN_DEFINITION_ID,MENU_ID,COLUMN_NAME_JA,COLUMN_NAME_EN,COLUMN_NAME_REST,COL_GROUP_ID,COLUMN_CLASS,COLUMN_DISP_SEQ,REF_TABLE_NAME,REF_PKEY_NAME,REF_COL_NAME,REF_SORT_CONDITIONS,REF_MULTI_LANG,REFERENCE_ITEM,SENSITIVE_COL_NAME,FILE_UPLOAD_PLACE,BUTTON_ACTION,COL_NAME,SAVE_TYPE,AUTO_INPUT,INPUT_ITEM,VIEW_ITEM,UNIQUE_ITEM,REQUIRED_ITEM,AUTOREG_HIDE_ITEM,AUTOREG_ONLY_ITEM,INITIAL_VALUE,VALIDATE_OPTION,VALIDATE_REG_EXP,BEFORE_VALIDATE_REGISTER,AFTER_VALIDATE_REGISTER,DESCRIPTION_JA,DESCRIPTION_EN,NOTE,DISUSE_FLAG,LAST_UPDATE_TIMESTAMP,LAST_UPDATE_USER) VALUES('11010821','110108','備考','Remarks','remarks',NULL,'12',210,NULL,NULL,NULL,NULL,'0',NULL,NULL,NULL,NULL,'NOTE',NULL,'0','1','1','0','0','1','0',NULL,'{
"min_length": 0,
"max_length": 4000
}',NULL,NULL,NULL,'自由記述欄。レコードの廃止・復活時にも記載可能。','Comments section. Can comment when removing or restoring records.',NULL,'0',_____DATE_____,1);
INSERT INTO T_COMN_MENU_COLUMN_LINK_JNL (JOURNAL_SEQ_NO,JOURNAL_REG_DATETIME,JOURNAL_ACTION_CLASS,COLUMN_DEFINITION_ID,MENU_ID,COLUMN_NAME_JA,COLUMN_NAME_EN,COLUMN_NAME_REST,COL_GROUP_ID,COLUMN_CLASS,COLUMN_DISP_SEQ,REF_TABLE_NAME,REF_PKEY_NAME,REF_COL_NAME,REF_SORT_CONDITIONS,REF_MULTI_LANG,REFERENCE_ITEM,SENSITIVE_COL_NAME,FILE_UPLOAD_PLACE,BUTTON_ACTION,COL_NAME,SAVE_TYPE,AUTO_INPUT,INPUT_ITEM,VIEW_ITEM,UNIQUE_ITEM,REQUIRED_ITEM,AUTOREG_HIDE_ITEM,AUTOREG_ONLY_ITEM,INITIAL_VALUE,VALIDATE_OPTION,VALIDATE_REG_EXP,BEFORE_VALIDATE_REGISTER,AFTER_VALIDATE_REGISTER,DESCRIPTION_JA,DESCRIPTION_EN,NOTE,DISUSE_FLAG,LAST_UPDATE_TIMESTAMP,LAST_UPDATE_USER) VALUES(11010821,_____DATE_____,'INSERT','11010821','110108','備考','Remarks','remarks',NULL,'12',210,NULL,NULL,NULL,NULL,'0',NULL,NULL,NULL,NULL,'NOTE',NULL,'0','1','1','0','0','1','0',NULL,'{
"min_length": 0,
"max_length": 4000
}',NULL,NULL,NULL,'自由記述欄。レコードの廃止・復活時にも記載可能。','Comments section. Can comment when removing or restoring records.',NULL,'0',_____DATE_____,1);
INSERT INTO T_COMN_MENU_COLUMN_LINK (COLUMN_DEFINITION_ID,MENU_ID,COLUMN_NAME_JA,COLUMN_NAME_EN,COLUMN_NAME_REST,COL_GROUP_ID,COLUMN_CLASS,COLUMN_DISP_SEQ,REF_TABLE_NAME,REF_PKEY_NAME,REF_COL_NAME,REF_SORT_CONDITIONS,REF_MULTI_LANG,REFERENCE_ITEM,SENSITIVE_COL_NAME,FILE_UPLOAD_PLACE,BUTTON_ACTION,COL_NAME,SAVE_TYPE,AUTO_INPUT,INPUT_ITEM,VIEW_ITEM,UNIQUE_ITEM,REQUIRED_ITEM,AUTOREG_HIDE_ITEM,AUTOREG_ONLY_ITEM,INITIAL_VALUE,VALIDATE_OPTION,VALIDATE_REG_EXP,BEFORE_VALIDATE_REGISTER,AFTER_VALIDATE_REGISTER,DESCRIPTION_JA,DESCRIPTION_EN,NOTE,DISUSE_FLAG,LAST_UPDATE_TIMESTAMP,LAST_UPDATE_USER) VALUES('11010822','110108','廃止フラグ','Discard','discard',NULL,'1',220,NULL,NULL,NULL,NULL,'0',NULL,NULL,NULL,NULL,'DISUSE_FLAG',NULL,'1','1','1','0','1','1','0',NULL,NULL,NULL,NULL,NULL,'廃止フラグ。復活以外のオペレーションは不可','Discard flag. Cannot do operation other than restore.',NULL,'0',_____DATE_____,1);
INSERT INTO T_COMN_MENU_COLUMN_LINK_JNL (JOURNAL_SEQ_NO,JOURNAL_REG_DATETIME,JOURNAL_ACTION_CLASS,COLUMN_DEFINITION_ID,MENU_ID,COLUMN_NAME_JA,COLUMN_NAME_EN,COLUMN_NAME_REST,COL_GROUP_ID,COLUMN_CLASS,COLUMN_DISP_SEQ,REF_TABLE_NAME,REF_PKEY_NAME,REF_COL_NAME,REF_SORT_CONDITIONS,REF_MULTI_LANG,REFERENCE_ITEM,SENSITIVE_COL_NAME,FILE_UPLOAD_PLACE,BUTTON_ACTION,COL_NAME,SAVE_TYPE,AUTO_INPUT,INPUT_ITEM,VIEW_ITEM,UNIQUE_ITEM,REQUIRED_ITEM,AUTOREG_HIDE_ITEM,AUTOREG_ONLY_ITEM,INITIAL_VALUE,VALIDATE_OPTION,VALIDATE_REG_EXP,BEFORE_VALIDATE_REGISTER,AFTER_VALIDATE_REGISTER,DESCRIPTION_JA,DESCRIPTION_EN,NOTE,DISUSE_FLAG,LAST_UPDATE_TIMESTAMP,LAST_UPDATE_USER) VALUES(11010822,_____DATE_____,'INSERT','11010822','110108','廃止フラグ','Discard','discard',NULL,'1',220,NULL,NULL,NULL,NULL,'0',NULL,NULL,NULL,NULL,'DISUSE_FLAG',NULL,'1','1','1','0','1','1','0',NULL,NULL,NULL,NULL,NULL,'廃止フラグ。復活以外のオペレーションは不可','Discard flag. Cannot do operation other than restore.',NULL,'0',_____DATE_____,1);
INSERT INTO T_COMN_MENU_COLUMN_LINK (COLUMN_DEFINITION_ID,MENU_ID,COLUMN_NAME_JA,COLUMN_NAME_EN,COLUMN_NAME_REST,COL_GROUP_ID,COLUMN_CLASS,COLUMN_DISP_SEQ,REF_TABLE_NAME,REF_PKEY_NAME,REF_COL_NAME,REF_SORT_CONDITIONS,REF_MULTI_LANG,REFERENCE_ITEM,SENSITIVE_COL_NAME,FILE_UPLOAD_PLACE,BUTTON_ACTION,COL_NAME,SAVE_TYPE,AUTO_INPUT,INPUT_ITEM,VIEW_ITEM,UNIQUE_ITEM,REQUIRED_ITEM,AUTOREG_HIDE_ITEM,AUTOREG_ONLY_ITEM,INITIAL_VALUE,VALIDATE_OPTION,VALIDATE_REG_EXP,BEFORE_VALIDATE_REGISTER,AFTER_VALIDATE_REGISTER,DESCRIPTION_JA,DESCRIPTION_EN,NOTE,DISUSE_FLAG,LAST_UPDATE_TIMESTAMP,LAST_UPDATE_USER) VALUES('11010823','110108','最終更新日時','Last update date/time','last_update_date_time',NULL,'13',230,NULL,NULL,NULL,NULL,'0',NULL,NULL,NULL,NULL,'LAST_UPDATE_TIMESTAMP',NULL,'1','0','1','0','1','1','0',NULL,NULL,NULL,NULL,NULL,'レコードの最終更新日。自動登録のため編集不可。','Last update date of record. Cannot edit because of auto-registration.',NULL,'0',_____DATE_____,1);
INSERT INTO T_COMN_MENU_COLUMN_LINK_JNL (JOURNAL_SEQ_NO,JOURNAL_REG_DATETIME,JOURNAL_ACTION_CLASS,COLUMN_DEFINITION_ID,MENU_ID,COLUMN_NAME_JA,COLUMN_NAME_EN,COLUMN_NAME_REST,COL_GROUP_ID,COLUMN_CLASS,COLUMN_DISP_SEQ,REF_TABLE_NAME,REF_PKEY_NAME,REF_COL_NAME,REF_SORT_CONDITIONS,REF_MULTI_LANG,REFERENCE_ITEM,SENSITIVE_COL_NAME,FILE_UPLOAD_PLACE,BUTTON_ACTION,COL_NAME,SAVE_TYPE,AUTO_INPUT,INPUT_ITEM,VIEW_ITEM,UNIQUE_ITEM,REQUIRED_ITEM,AUTOREG_HIDE_ITEM,AUTOREG_ONLY_ITEM,INITIAL_VALUE,VALIDATE_OPTION,VALIDATE_REG_EXP,BEFORE_VALIDATE_REGISTER,AFTER_VALIDATE_REGISTER,DESCRIPTION_JA,DESCRIPTION_EN,NOTE,DISUSE_FLAG,LAST_UPDATE_TIMESTAMP,LAST_UPDATE_USER) VALUES(11010823,_____DATE_____,'INSERT','11010823','110108','最終更新日時','Last update date/time','last_update_date_time',NULL,'13',230,NULL,NULL,NULL,NULL,'0',NULL,NULL,NULL,NULL,'LAST_UPDATE_TIMESTAMP',NULL,'1','0','1','0','1','1','0',NULL,NULL,NULL,NULL,NULL,'レコードの最終更新日。自動登録のため編集不可。','Last update date of record. Cannot edit because of auto-registration.',NULL,'0',_____DATE_____,1);
INSERT INTO T_COMN_MENU_COLUMN_LINK (COLUMN_DEFINITION_ID,MENU_ID,COLUMN_NAME_JA,COLUMN_NAME_EN,COLUMN_NAME_REST,COL_GROUP_ID,COLUMN_CLASS,COLUMN_DISP_SEQ,REF_TABLE_NAME,REF_PKEY_NAME,REF_COL_NAME,REF_SORT_CONDITIONS,REF_MULTI_LANG,REFERENCE_ITEM,SENSITIVE_COL_NAME,FILE_UPLOAD_PLACE,BUTTON_ACTION,COL_NAME,SAVE_TYPE,AUTO_INPUT,INPUT_ITEM,VIEW_ITEM,UNIQUE_ITEM,REQUIRED_ITEM,AUTOREG_HIDE_ITEM,AUTOREG_ONLY_ITEM,INITIAL_VALUE,VALIDATE_OPTION,VALIDATE_REG_EXP,BEFORE_VALIDATE_REGISTER,AFTER_VALIDATE_REGISTER,DESCRIPTION_JA,DESCRIPTION_EN,NOTE,DISUSE_FLAG,LAST_UPDATE_TIMESTAMP,LAST_UPDATE_USER) VALUES('11010824','110108','最終更新者','Last updated by','last_updated_user',NULL,'14',240,NULL,NULL,NULL,NULL,'0',NULL,NULL,NULL,NULL,'LAST_UPDATE_USER',NULL,'1','0','1','0','1','1','0',NULL,NULL,NULL,NULL,NULL,'更新者。ログインユーザのIDが自動的に登録される。編集不可。','Updated by. Login user ID is automatically registered. Cannot edit.',NULL,'0',_____DATE_____,1);
INSERT INTO T_COMN_MENU_COLUMN_LINK_JNL (JOURNAL_SEQ_NO,JOURNAL_REG_DATETIME,JOURNAL_ACTION_CLASS,COLUMN_DEFINITION_ID,MENU_ID,COLUMN_NAME_JA,COLUMN_NAME_EN,COLUMN_NAME_REST,COL_GROUP_ID,COLUMN_CLASS,COLUMN_DISP_SEQ,REF_TABLE_NAME,REF_PKEY_NAME,REF_COL_NAME,REF_SORT_CONDITIONS,REF_MULTI_LANG,REFERENCE_ITEM,SENSITIVE_COL_NAME,FILE_UPLOAD_PLACE,BUTTON_ACTION,COL_NAME,SAVE_TYPE,AUTO_INPUT,INPUT_ITEM,VIEW_ITEM,UNIQUE_ITEM,REQUIRED_ITEM,AUTOREG_HIDE_ITEM,AUTOREG_ONLY_ITEM,INITIAL_VALUE,VALIDATE_OPTION,VALIDATE_REG_EXP,BEFORE_VALIDATE_REGISTER,AFTER_VALIDATE_REGISTER,DESCRIPTION_JA,DESCRIPTION_EN,NOTE,DISUSE_FLAG,LAST_UPDATE_TIMESTAMP,LAST_UPDATE_USER) VALUES(11010824,_____DATE_____,'INSERT','11010824','110108','最終更新者','Last updated by','last_updated_user',NULL,'14',240,NULL,NULL,NULL,NULL,'0',NULL,NULL,NULL,NULL,'LAST_UPDATE_USER',NULL,'1','0','1','0','1','1','0',NULL,NULL,NULL,NULL,NULL,'更新者。ログインユーザのIDが自動的に登録される。編集不可。','Updated by. Login user ID is automatically registered. Cannot edit.',NULL,'0',_____DATE_____,1);
INSERT INTO T_COMN_MENU_COLUMN_LINK (COLUMN_DEFINITION_ID,MENU_ID,COLUMN_NAME_JA,COLUMN_NAME_EN,COLUMN_NAME_REST,COL_GROUP_ID,COLUMN_CLASS,COLUMN_DISP_SEQ,REF_TABLE_NAME,REF_PKEY_NAME,REF_COL_NAME,REF_SORT_CONDITIONS,REF_MULTI_LANG,REFERENCE_ITEM,SENSITIVE_COL_NAME,FILE_UPLOAD_PLACE,BUTTON_ACTION,COL_NAME,SAVE_TYPE,AUTO_INPUT,INPUT_ITEM,VIEW_ITEM,UNIQUE_ITEM,REQUIRED_ITEM,AUTOREG_HIDE_ITEM,AUTOREG_ONLY_ITEM,INITIAL_VALUE,VALIDATE_OPTION,VALIDATE_REG_EXP,BEFORE_VALIDATE_REGISTER,AFTER_VALIDATE_REGISTER,DESCRIPTION_JA,DESCRIPTION_EN,NOTE,DISUSE_FLAG,LAST_UPDATE_TIMESTAMP,LAST_UPDATE_USER) VALUES('11010901','110109','アクション履歴ID','Action log ID','action_log_id',NULL,'1',10,NULL,NULL,NULL,NULL,'0',NULL,NULL,NULL,NULL,'ACTION_LOG_ID',NULL,'1','0','1','1','1','1','0',NULL,NULL,NULL,NULL,NULL,'自動採番のため編集不可。実行処理種別が【登録】の場合、空白のみ可。','Cannot edit because of auto-numbering. Must be blank when execution process type is [Register].',NULL,'0',_____DATE_____,1);
INSERT INTO T_COMN_MENU_COLUMN_LINK_JNL (JOURNAL_SEQ_NO,JOURNAL_REG_DATETIME,JOURNAL_ACTION_CLASS,COLUMN_DEFINITION_ID,MENU_ID,COLUMN_NAME_JA,COLUMN_NAME_EN,COLUMN_NAME_REST,COL_GROUP_ID,COLUMN_CLASS,COLUMN_DISP_SEQ,REF_TABLE_NAME,REF_PKEY_NAME,REF_COL_NAME,REF_SORT_CONDITIONS,REF_MULTI_LANG,REFERENCE_ITEM,SENSITIVE_COL_NAME,FILE_UPLOAD_PLACE,BUTTON_ACTION,COL_NAME,SAVE_TYPE,AUTO_INPUT,INPUT_ITEM,VIEW_ITEM,UNIQUE_ITEM,REQUIRED_ITEM,AUTOREG_HIDE_ITEM,AUTOREG_ONLY_ITEM,INITIAL_VALUE,VALIDATE_OPTION,VALIDATE_REG_EXP,BEFORE_VALIDATE_REGISTER,AFTER_VALIDATE_REGISTER,DESCRIPTION_JA,DESCRIPTION_EN,NOTE,DISUSE_FLAG,LAST_UPDATE_TIMESTAMP,LAST_UPDATE_USER) VALUES(11010901,_____DATE_____,'INSERT','11010901','110109','アクション履歴ID','Action log ID','action_log_id',NULL,'1',10,NULL,NULL,NULL,NULL,'0',NULL,NULL,NULL,NULL,'ACTION_LOG_ID',NULL,'1','0','1','1','1','1','0',NULL,NULL,NULL,NULL,NULL,'自動採番のため編集不可。実行処理種別が【登録】の場合、空白のみ可。','Cannot edit because of auto-numbering. Must be blank when execution process type is [Register].',NULL,'0',_____DATE_____,1);
INSERT INTO T_COMN_MENU_COLUMN_LINK (COLUMN_DEFINITION_ID,MENU_ID,COLUMN_NAME_JA,COLUMN_NAME_EN,COLUMN_NAME_REST,COL_GROUP_ID,COLUMN_CLASS,COLUMN_DISP_SEQ,REF_TABLE_NAME,REF_PKEY_NAME,REF_COL_NAME,REF_SORT_CONDITIONS,REF_MULTI_LANG,REFERENCE_ITEM,SENSITIVE_COL_NAME,FILE_UPLOAD_PLACE,BUTTON_ACTION,COL_NAME,SAVE_TYPE,AUTO_INPUT,INPUT_ITEM,VIEW_ITEM,UNIQUE_ITEM,REQUIRED_ITEM,AUTOREG_HIDE_ITEM,AUTOREG_ONLY_ITEM,INITIAL_VALUE,VALIDATE_OPTION,VALIDATE_REG_EXP,BEFORE_VALIDATE_REGISTER,AFTER_VALIDATE_REGISTER,DESCRIPTION_JA,DESCRIPTION_EN,NOTE,DISUSE_FLAG,LAST_UPDATE_TIMESTAMP,LAST_UPDATE_USER) VALUES('11010902','110109','ルールID','Rule ID','rule_id',NULL,'1',20,NULL,NULL,NULL,NULL,'0',NULL,NULL,NULL,NULL,'RULE_ID',NULL,'0','1','1','0','0','1','0',NULL,NULL,NULL,NULL,NULL,'[元データ]ルール管理','[Original data] Rule_management',NULL,'0',_____DATE_____,1);
INSERT INTO T_COMN_MENU_COLUMN_LINK_JNL (JOURNAL_SEQ_NO,JOURNAL_REG_DATETIME,JOURNAL_ACTION_CLASS,COLUMN_DEFINITION_ID,MENU_ID,COLUMN_NAME_JA,COLUMN_NAME_EN,COLUMN_NAME_REST,COL_GROUP_ID,COLUMN_CLASS,COLUMN_DISP_SEQ,REF_TABLE_NAME,REF_PKEY_NAME,REF_COL_NAME,REF_SORT_CONDITIONS,REF_MULTI_LANG,REFERENCE_ITEM,SENSITIVE_COL_NAME,FILE_UPLOAD_PLACE,BUTTON_ACTION,COL_NAME,SAVE_TYPE,AUTO_INPUT,INPUT_ITEM,VIEW_ITEM,UNIQUE_ITEM,REQUIRED_ITEM,AUTOREG_HIDE_ITEM,AUTOREG_ONLY_ITEM,INITIAL_VALUE,VALIDATE_OPTION,VALIDATE_REG_EXP,BEFORE_VALIDATE_REGISTER,AFTER_VALIDATE_REGISTER,DESCRIPTION_JA,DESCRIPTION_EN,NOTE,DISUSE_FLAG,LAST_UPDATE_TIMESTAMP,LAST_UPDATE_USER) VALUES(11010902,_____DATE_____,'INSERT','11010902','110109','ルールID','Rule ID','rule_id',NULL,'1',20,NULL,NULL,NULL,NULL,'0',NULL,NULL,NULL,NULL,'RULE_ID',NULL,'0','1','1','0','0','1','0',NULL,NULL,NULL,NULL,NULL,'[元データ]ルール管理','[Original data] Rule_management',NULL,'0',_____DATE_____,1);
INSERT INTO T_COMN_MENU_COLUMN_LINK (COLUMN_DEFINITION_ID,MENU_ID,COLUMN_NAME_JA,COLUMN_NAME_EN,COLUMN_NAME_REST,COL_GROUP_ID,COLUMN_CLASS,COLUMN_DISP_SEQ,REF_TABLE_NAME,REF_PKEY_NAME,REF_COL_NAME,REF_SORT_CONDITIONS,REF_MULTI_LANG,REFERENCE_ITEM,SENSITIVE_COL_NAME,FILE_UPLOAD_PLACE,BUTTON_ACTION,COL_NAME,SAVE_TYPE,AUTO_INPUT,INPUT_ITEM,VIEW_ITEM,UNIQUE_ITEM,REQUIRED_ITEM,AUTOREG_HIDE_ITEM,AUTOREG_ONLY_ITEM,INITIAL_VALUE,VALIDATE_OPTION,VALIDATE_REG_EXP,BEFORE_VALIDATE_REGISTER,AFTER_VALIDATE_REGISTER,DESCRIPTION_JA,DESCRIPTION_EN,NOTE,DISUSE_FLAG,LAST_UPDATE_TIMESTAMP,LAST_UPDATE_USER) VALUES('11010903','110109','ルール名称','Rule name','rule_name',NULL,'1',30,NULL,NULL,NULL,NULL,'0',NULL,NULL,NULL,NULL,'RULE_NAME',NULL,'0','1','1','0','0','1','0',NULL,NULL,NULL,NULL,NULL,'[元データ]ルール管理','[Original data] Rule_management',NULL,'0',_____DATE_____,1);
INSERT INTO T_COMN_MENU_COLUMN_LINK_JNL (JOURNAL_SEQ_NO,JOURNAL_REG_DATETIME,JOURNAL_ACTION_CLASS,COLUMN_DEFINITION_ID,MENU_ID,COLUMN_NAME_JA,COLUMN_NAME_EN,COLUMN_NAME_REST,COL_GROUP_ID,COLUMN_CLASS,COLUMN_DISP_SEQ,REF_TABLE_NAME,REF_PKEY_NAME,REF_COL_NAME,REF_SORT_CONDITIONS,REF_MULTI_LANG,REFERENCE_ITEM,SENSITIVE_COL_NAME,FILE_UPLOAD_PLACE,BUTTON_ACTION,COL_NAME,SAVE_TYPE,AUTO_INPUT,INPUT_ITEM,VIEW_ITEM,UNIQUE_ITEM,REQUIRED_ITEM,AUTOREG_HIDE_ITEM,AUTOREG_ONLY_ITEM,INITIAL_VALUE,VALIDATE_OPTION,VALIDATE_REG_EXP,BEFORE_VALIDATE_REGISTER,AFTER_VALIDATE_REGISTER,DESCRIPTION_JA,DESCRIPTION_EN,NOTE,DISUSE_FLAG,LAST_UPDATE_TIMESTAMP,LAST_UPDATE_USER) VALUES(11010903,_____DATE_____,'INSERT','11010903','110109','ルール名称','Rule name','rule_name',NULL,'1',30,NULL,NULL,NULL,NULL,'0',NULL,NULL,NULL,NULL,'RULE_NAME',NULL,'0','1','1','0','0','1','0',NULL,NULL,NULL,NULL,NULL,'[元データ]ルール管理','[Original data] Rule_management',NULL,'0',_____DATE_____,1);
INSERT INTO T_COMN_MENU_COLUMN_LINK (COLUMN_DEFINITION_ID,MENU_ID,COLUMN_NAME_JA,COLUMN_NAME_EN,COLUMN_NAME_REST,COL_GROUP_ID,COLUMN_CLASS,COLUMN_DISP_SEQ,REF_TABLE_NAME,REF_PKEY_NAME,REF_COL_NAME,REF_SORT_CONDITIONS,REF_MULTI_LANG,REFERENCE_ITEM,SENSITIVE_COL_NAME,FILE_UPLOAD_PLACE,BUTTON_ACTION,COL_NAME,SAVE_TYPE,AUTO_INPUT,INPUT_ITEM,VIEW_ITEM,UNIQUE_ITEM,REQUIRED_ITEM,AUTOREG_HIDE_ITEM,AUTOREG_ONLY_ITEM,INITIAL_VALUE,VALIDATE_OPTION,VALIDATE_REG_EXP,BEFORE_VALIDATE_REGISTER,AFTER_VALIDATE_REGISTER,DESCRIPTION_JA,DESCRIPTION_EN,NOTE,DISUSE_FLAG,LAST_UPDATE_TIMESTAMP,LAST_UPDATE_USER) VALUES('11010904','110109','ステータス','Status','status',NULL,'7',40,'T_OASE_ACTION_STATUS','ACTION_STASTUS_ID','ACTION_STASTUS_NAME',NULL,'1',NULL,NULL,NULL,NULL,'STATUS_ID',NULL,'0','1','1','0','0','1','0',NULL,NULL,NULL,NULL,NULL,'ステータスには以下の状態が存在します。
・ルールマッチング済み
・アクション登録済み
・承認待ち
・承認済み
・承認却下済み
・完了
・完了（異常）
・完了確認待ち
・完了確認済み
・完了確認却下済み','The following status states exist.
・Rules Matching Already
・Action Registered
・Awaiting Approval
・Approved
・Rejected
・Completed
・Completed (abnormal)
・Waiting for completion confirmation
・Completion Confirmed
・Completion confirmed rejected',NULL,'0',_____DATE_____,1);
INSERT INTO T_COMN_MENU_COLUMN_LINK_JNL (JOURNAL_SEQ_NO,JOURNAL_REG_DATETIME,JOURNAL_ACTION_CLASS,COLUMN_DEFINITION_ID,MENU_ID,COLUMN_NAME_JA,COLUMN_NAME_EN,COLUMN_NAME_REST,COL_GROUP_ID,COLUMN_CLASS,COLUMN_DISP_SEQ,REF_TABLE_NAME,REF_PKEY_NAME,REF_COL_NAME,REF_SORT_CONDITIONS,REF_MULTI_LANG,REFERENCE_ITEM,SENSITIVE_COL_NAME,FILE_UPLOAD_PLACE,BUTTON_ACTION,COL_NAME,SAVE_TYPE,AUTO_INPUT,INPUT_ITEM,VIEW_ITEM,UNIQUE_ITEM,REQUIRED_ITEM,AUTOREG_HIDE_ITEM,AUTOREG_ONLY_ITEM,INITIAL_VALUE,VALIDATE_OPTION,VALIDATE_REG_EXP,BEFORE_VALIDATE_REGISTER,AFTER_VALIDATE_REGISTER,DESCRIPTION_JA,DESCRIPTION_EN,NOTE,DISUSE_FLAG,LAST_UPDATE_TIMESTAMP,LAST_UPDATE_USER) VALUES(11010904,_____DATE_____,'INSERT','11010904','110109','ステータス','Status','status',NULL,'7',40,'T_OASE_ACTION_STATUS','ACTION_STASTUS_ID','ACTION_STASTUS_NAME',NULL,'1',NULL,NULL,NULL,NULL,'STATUS_ID',NULL,'0','1','1','0','0','1','0',NULL,NULL,NULL,NULL,NULL,'ステータスには以下の状態が存在します。
・ルールマッチング済み
・アクション登録済み
・承認待ち
・承認済み
・承認却下済み
・完了
・完了（異常）
・完了確認待ち
・完了確認済み
・完了確認却下済み','The following status states exist.
・Rules Matching Already
・Action Registered
・Awaiting Approval
・Approved
・Rejected
・Completed
・Completed (abnormal)
・Waiting for completion confirmation
・Completion Confirmed
・Completion confirmed rejected',NULL,'0',_____DATE_____,1);
INSERT INTO T_COMN_MENU_COLUMN_LINK (COLUMN_DEFINITION_ID,MENU_ID,COLUMN_NAME_JA,COLUMN_NAME_EN,COLUMN_NAME_REST,COL_GROUP_ID,COLUMN_CLASS,COLUMN_DISP_SEQ,REF_TABLE_NAME,REF_PKEY_NAME,REF_COL_NAME,REF_SORT_CONDITIONS,REF_MULTI_LANG,REFERENCE_ITEM,SENSITIVE_COL_NAME,FILE_UPLOAD_PLACE,BUTTON_ACTION,COL_NAME,SAVE_TYPE,AUTO_INPUT,INPUT_ITEM,VIEW_ITEM,UNIQUE_ITEM,REQUIRED_ITEM,AUTOREG_HIDE_ITEM,AUTOREG_ONLY_ITEM,INITIAL_VALUE,VALIDATE_OPTION,VALIDATE_REG_EXP,BEFORE_VALIDATE_REGISTER,AFTER_VALIDATE_REGISTER,DESCRIPTION_JA,DESCRIPTION_EN,NOTE,DISUSE_FLAG,LAST_UPDATE_TIMESTAMP,LAST_UPDATE_USER) VALUES('11010905','110109','アクションID','Action ID','action_id',NULL,'1',50,NULL,NULL,NULL,NULL,'0',NULL,NULL,NULL,NULL,'ACTION_ID',NULL,'0','1','1','0','0','1','0',NULL,NULL,NULL,NULL,NULL,'[元データ]アクション一覧','[Original data] Action list',NULL,'0',_____DATE_____,1);
INSERT INTO T_COMN_MENU_COLUMN_LINK_JNL (JOURNAL_SEQ_NO,JOURNAL_REG_DATETIME,JOURNAL_ACTION_CLASS,COLUMN_DEFINITION_ID,MENU_ID,COLUMN_NAME_JA,COLUMN_NAME_EN,COLUMN_NAME_REST,COL_GROUP_ID,COLUMN_CLASS,COLUMN_DISP_SEQ,REF_TABLE_NAME,REF_PKEY_NAME,REF_COL_NAME,REF_SORT_CONDITIONS,REF_MULTI_LANG,REFERENCE_ITEM,SENSITIVE_COL_NAME,FILE_UPLOAD_PLACE,BUTTON_ACTION,COL_NAME,SAVE_TYPE,AUTO_INPUT,INPUT_ITEM,VIEW_ITEM,UNIQUE_ITEM,REQUIRED_ITEM,AUTOREG_HIDE_ITEM,AUTOREG_ONLY_ITEM,INITIAL_VALUE,VALIDATE_OPTION,VALIDATE_REG_EXP,BEFORE_VALIDATE_REGISTER,AFTER_VALIDATE_REGISTER,DESCRIPTION_JA,DESCRIPTION_EN,NOTE,DISUSE_FLAG,LAST_UPDATE_TIMESTAMP,LAST_UPDATE_USER) VALUES(11010905,_____DATE_____,'INSERT','11010905','110109','アクションID','Action ID','action_id',NULL,'1',50,NULL,NULL,NULL,NULL,'0',NULL,NULL,NULL,NULL,'ACTION_ID',NULL,'0','1','1','0','0','1','0',NULL,NULL,NULL,NULL,NULL,'[元データ]アクション一覧','[Original data] Action list',NULL,'0',_____DATE_____,1);
INSERT INTO T_COMN_MENU_COLUMN_LINK (COLUMN_DEFINITION_ID,MENU_ID,COLUMN_NAME_JA,COLUMN_NAME_EN,COLUMN_NAME_REST,COL_GROUP_ID,COLUMN_CLASS,COLUMN_DISP_SEQ,REF_TABLE_NAME,REF_PKEY_NAME,REF_COL_NAME,REF_SORT_CONDITIONS,REF_MULTI_LANG,REFERENCE_ITEM,SENSITIVE_COL_NAME,FILE_UPLOAD_PLACE,BUTTON_ACTION,COL_NAME,SAVE_TYPE,AUTO_INPUT,INPUT_ITEM,VIEW_ITEM,UNIQUE_ITEM,REQUIRED_ITEM,AUTOREG_HIDE_ITEM,AUTOREG_ONLY_ITEM,INITIAL_VALUE,VALIDATE_OPTION,VALIDATE_REG_EXP,BEFORE_VALIDATE_REGISTER,AFTER_VALIDATE_REGISTER,DESCRIPTION_JA,DESCRIPTION_EN,NOTE,DISUSE_FLAG,LAST_UPDATE_TIMESTAMP,LAST_UPDATE_USER) VALUES('11010906','110109','アクション名称','Action name','action_name',NULL,'1',60,NULL,NULL,NULL,NULL,'0',NULL,NULL,NULL,NULL,'ACTION_NAME',NULL,'0','1','1','0','0','1','0',NULL,NULL,NULL,NULL,NULL,'[元データ]アクション一覧','[Original data] Action list',NULL,'0',_____DATE_____,1);
INSERT INTO T_COMN_MENU_COLUMN_LINK_JNL (JOURNAL_SEQ_NO,JOURNAL_REG_DATETIME,JOURNAL_ACTION_CLASS,COLUMN_DEFINITION_ID,MENU_ID,COLUMN_NAME_JA,COLUMN_NAME_EN,COLUMN_NAME_REST,COL_GROUP_ID,COLUMN_CLASS,COLUMN_DISP_SEQ,REF_TABLE_NAME,REF_PKEY_NAME,REF_COL_NAME,REF_SORT_CONDITIONS,REF_MULTI_LANG,REFERENCE_ITEM,SENSITIVE_COL_NAME,FILE_UPLOAD_PLACE,BUTTON_ACTION,COL_NAME,SAVE_TYPE,AUTO_INPUT,INPUT_ITEM,VIEW_ITEM,UNIQUE_ITEM,REQUIRED_ITEM,AUTOREG_HIDE_ITEM,AUTOREG_ONLY_ITEM,INITIAL_VALUE,VALIDATE_OPTION,VALIDATE_REG_EXP,BEFORE_VALIDATE_REGISTER,AFTER_VALIDATE_REGISTER,DESCRIPTION_JA,DESCRIPTION_EN,NOTE,DISUSE_FLAG,LAST_UPDATE_TIMESTAMP,LAST_UPDATE_USER) VALUES(11010906,_____DATE_____,'INSERT','11010906','110109','アクション名称','Action name','action_name',NULL,'1',60,NULL,NULL,NULL,NULL,'0',NULL,NULL,NULL,NULL,'ACTION_NAME',NULL,'0','1','1','0','0','1','0',NULL,NULL,NULL,NULL,NULL,'[元データ]アクション一覧','[Original data] Action list',NULL,'0',_____DATE_____,1);
INSERT INTO T_COMN_MENU_COLUMN_LINK (COLUMN_DEFINITION_ID,MENU_ID,COLUMN_NAME_JA,COLUMN_NAME_EN,COLUMN_NAME_REST,COL_GROUP_ID,COLUMN_CLASS,COLUMN_DISP_SEQ,REF_TABLE_NAME,REF_PKEY_NAME,REF_COL_NAME,REF_SORT_CONDITIONS,REF_MULTI_LANG,REFERENCE_ITEM,SENSITIVE_COL_NAME,FILE_UPLOAD_PLACE,BUTTON_ACTION,COL_NAME,SAVE_TYPE,AUTO_INPUT,INPUT_ITEM,VIEW_ITEM,UNIQUE_ITEM,REQUIRED_ITEM,AUTOREG_HIDE_ITEM,AUTOREG_ONLY_ITEM,INITIAL_VALUE,VALIDATE_OPTION,VALIDATE_REG_EXP,BEFORE_VALIDATE_REGISTER,AFTER_VALIDATE_REGISTER,DESCRIPTION_JA,DESCRIPTION_EN,NOTE,DISUSE_FLAG,LAST_UPDATE_TIMESTAMP,LAST_UPDATE_USER) VALUES('11010907','110109','ConductorインスタンスID','Conductor instance ID','conductor_instance_id',NULL,'1',70,NULL,NULL,NULL,NULL,'0',NULL,NULL,NULL,NULL,'CONDUCTOR_INSTANCE_ID',NULL,'0','1','1','0','0','1','0',NULL,NULL,NULL,NULL,NULL,'[元データ]Conductor作業一覧','[Original data] Conductor instance list',NULL,'0',_____DATE_____,1);
INSERT INTO T_COMN_MENU_COLUMN_LINK_JNL (JOURNAL_SEQ_NO,JOURNAL_REG_DATETIME,JOURNAL_ACTION_CLASS,COLUMN_DEFINITION_ID,MENU_ID,COLUMN_NAME_JA,COLUMN_NAME_EN,COLUMN_NAME_REST,COL_GROUP_ID,COLUMN_CLASS,COLUMN_DISP_SEQ,REF_TABLE_NAME,REF_PKEY_NAME,REF_COL_NAME,REF_SORT_CONDITIONS,REF_MULTI_LANG,REFERENCE_ITEM,SENSITIVE_COL_NAME,FILE_UPLOAD_PLACE,BUTTON_ACTION,COL_NAME,SAVE_TYPE,AUTO_INPUT,INPUT_ITEM,VIEW_ITEM,UNIQUE_ITEM,REQUIRED_ITEM,AUTOREG_HIDE_ITEM,AUTOREG_ONLY_ITEM,INITIAL_VALUE,VALIDATE_OPTION,VALIDATE_REG_EXP,BEFORE_VALIDATE_REGISTER,AFTER_VALIDATE_REGISTER,DESCRIPTION_JA,DESCRIPTION_EN,NOTE,DISUSE_FLAG,LAST_UPDATE_TIMESTAMP,LAST_UPDATE_USER) VALUES(11010907,_____DATE_____,'INSERT','11010907','110109','ConductorインスタンスID','Conductor instance ID','conductor_instance_id',NULL,'1',70,NULL,NULL,NULL,NULL,'0',NULL,NULL,NULL,NULL,'CONDUCTOR_INSTANCE_ID',NULL,'0','1','1','0','0','1','0',NULL,NULL,NULL,NULL,NULL,'[元データ]Conductor作業一覧','[Original data] Conductor instance list',NULL,'0',_____DATE_____,1);
INSERT INTO T_COMN_MENU_COLUMN_LINK (COLUMN_DEFINITION_ID,MENU_ID,COLUMN_NAME_JA,COLUMN_NAME_EN,COLUMN_NAME_REST,COL_GROUP_ID,COLUMN_CLASS,COLUMN_DISP_SEQ,REF_TABLE_NAME,REF_PKEY_NAME,REF_COL_NAME,REF_SORT_CONDITIONS,REF_MULTI_LANG,REFERENCE_ITEM,SENSITIVE_COL_NAME,FILE_UPLOAD_PLACE,BUTTON_ACTION,COL_NAME,SAVE_TYPE,AUTO_INPUT,INPUT_ITEM,VIEW_ITEM,UNIQUE_ITEM,REQUIRED_ITEM,AUTOREG_HIDE_ITEM,AUTOREG_ONLY_ITEM,INITIAL_VALUE,VALIDATE_OPTION,VALIDATE_REG_EXP,BEFORE_VALIDATE_REGISTER,AFTER_VALIDATE_REGISTER,DESCRIPTION_JA,DESCRIPTION_EN,NOTE,DISUSE_FLAG,LAST_UPDATE_TIMESTAMP,LAST_UPDATE_USER) VALUES('11010908','110109','詳細','Detail','detail',NULL,'23',80,NULL,NULL,NULL,NULL,NULL,NULL,NULL,NULL,'[["redirect", "menu=conductor_confirmation&conductor_instance_id=", "conductor_instance_id"]]',NULL,NULL,'0','2','1','0','0','1','0',NULL,NULL,NULL,NULL,NULL,NULL,NULL,NULL,'0',_____DATE_____,1);
INSERT INTO T_COMN_MENU_COLUMN_LINK_JNL (JOURNAL_SEQ_NO,JOURNAL_REG_DATETIME,JOURNAL_ACTION_CLASS,COLUMN_DEFINITION_ID,MENU_ID,COLUMN_NAME_JA,COLUMN_NAME_EN,COLUMN_NAME_REST,COL_GROUP_ID,COLUMN_CLASS,COLUMN_DISP_SEQ,REF_TABLE_NAME,REF_PKEY_NAME,REF_COL_NAME,REF_SORT_CONDITIONS,REF_MULTI_LANG,REFERENCE_ITEM,SENSITIVE_COL_NAME,FILE_UPLOAD_PLACE,BUTTON_ACTION,COL_NAME,SAVE_TYPE,AUTO_INPUT,INPUT_ITEM,VIEW_ITEM,UNIQUE_ITEM,REQUIRED_ITEM,AUTOREG_HIDE_ITEM,AUTOREG_ONLY_ITEM,INITIAL_VALUE,VALIDATE_OPTION,VALIDATE_REG_EXP,BEFORE_VALIDATE_REGISTER,AFTER_VALIDATE_REGISTER,DESCRIPTION_JA,DESCRIPTION_EN,NOTE,DISUSE_FLAG,LAST_UPDATE_TIMESTAMP,LAST_UPDATE_USER) VALUES(11010908,_____DATE_____,'INSERT','11010908','110109','詳細','Detail','detail',NULL,'23',80,NULL,NULL,NULL,NULL,NULL,NULL,NULL,NULL,'[["redirect", "menu=conductor_confirmation&conductor_instance_id=", "conductor_instance_id"]]',NULL,NULL,'0','2','1','0','0','1','0',NULL,NULL,NULL,NULL,NULL,NULL,NULL,NULL,'0',_____DATE_____,1);
INSERT INTO T_COMN_MENU_COLUMN_LINK (COLUMN_DEFINITION_ID,MENU_ID,COLUMN_NAME_JA,COLUMN_NAME_EN,COLUMN_NAME_REST,COL_GROUP_ID,COLUMN_CLASS,COLUMN_DISP_SEQ,REF_TABLE_NAME,REF_PKEY_NAME,REF_COL_NAME,REF_SORT_CONDITIONS,REF_MULTI_LANG,REFERENCE_ITEM,SENSITIVE_COL_NAME,FILE_UPLOAD_PLACE,BUTTON_ACTION,COL_NAME,SAVE_TYPE,AUTO_INPUT,INPUT_ITEM,VIEW_ITEM,UNIQUE_ITEM,REQUIRED_ITEM,AUTOREG_HIDE_ITEM,AUTOREG_ONLY_ITEM,INITIAL_VALUE,VALIDATE_OPTION,VALIDATE_REG_EXP,BEFORE_VALIDATE_REGISTER,AFTER_VALIDATE_REGISTER,DESCRIPTION_JA,DESCRIPTION_EN,NOTE,DISUSE_FLAG,LAST_UPDATE_TIMESTAMP,LAST_UPDATE_USER) VALUES('11010909','110109','Conductor名称','Conductor instance name','conductor_instance_name',NULL,'1',90,NULL,NULL,NULL,NULL,'0',NULL,NULL,NULL,NULL,'CONDUCTOR_INSTANCE_NAME',NULL,'0','1','1','0','0','1','0',NULL,NULL,NULL,NULL,NULL,'[元データ]Conductor作業一覧','[Original data] Conductor instance list',NULL,'0',_____DATE_____,1);
INSERT INTO T_COMN_MENU_COLUMN_LINK_JNL (JOURNAL_SEQ_NO,JOURNAL_REG_DATETIME,JOURNAL_ACTION_CLASS,COLUMN_DEFINITION_ID,MENU_ID,COLUMN_NAME_JA,COLUMN_NAME_EN,COLUMN_NAME_REST,COL_GROUP_ID,COLUMN_CLASS,COLUMN_DISP_SEQ,REF_TABLE_NAME,REF_PKEY_NAME,REF_COL_NAME,REF_SORT_CONDITIONS,REF_MULTI_LANG,REFERENCE_ITEM,SENSITIVE_COL_NAME,FILE_UPLOAD_PLACE,BUTTON_ACTION,COL_NAME,SAVE_TYPE,AUTO_INPUT,INPUT_ITEM,VIEW_ITEM,UNIQUE_ITEM,REQUIRED_ITEM,AUTOREG_HIDE_ITEM,AUTOREG_ONLY_ITEM,INITIAL_VALUE,VALIDATE_OPTION,VALIDATE_REG_EXP,BEFORE_VALIDATE_REGISTER,AFTER_VALIDATE_REGISTER,DESCRIPTION_JA,DESCRIPTION_EN,NOTE,DISUSE_FLAG,LAST_UPDATE_TIMESTAMP,LAST_UPDATE_USER) VALUES(11010909,_____DATE_____,'INSERT','11010909','110109','Conductor名称','Conductor instance name','conductor_instance_name',NULL,'1',90,NULL,NULL,NULL,NULL,'0',NULL,NULL,NULL,NULL,'CONDUCTOR_INSTANCE_NAME',NULL,'0','1','1','0','0','1','0',NULL,NULL,NULL,NULL,NULL,'[元データ]Conductor作業一覧','[Original data] Conductor instance list',NULL,'0',_____DATE_____,1);
INSERT INTO T_COMN_MENU_COLUMN_LINK (COLUMN_DEFINITION_ID,MENU_ID,COLUMN_NAME_JA,COLUMN_NAME_EN,COLUMN_NAME_REST,COL_GROUP_ID,COLUMN_CLASS,COLUMN_DISP_SEQ,REF_TABLE_NAME,REF_PKEY_NAME,REF_COL_NAME,REF_SORT_CONDITIONS,REF_MULTI_LANG,REFERENCE_ITEM,SENSITIVE_COL_NAME,FILE_UPLOAD_PLACE,BUTTON_ACTION,COL_NAME,SAVE_TYPE,AUTO_INPUT,INPUT_ITEM,VIEW_ITEM,UNIQUE_ITEM,REQUIRED_ITEM,AUTOREG_HIDE_ITEM,AUTOREG_ONLY_ITEM,INITIAL_VALUE,VALIDATE_OPTION,VALIDATE_REG_EXP,BEFORE_VALIDATE_REGISTER,AFTER_VALIDATE_REGISTER,DESCRIPTION_JA,DESCRIPTION_EN,NOTE,DISUSE_FLAG,LAST_UPDATE_TIMESTAMP,LAST_UPDATE_USER) VALUES('11010910','110109','オペレーションID','Operation id','operation id','0000001','1',100,NULL,NULL,NULL,NULL,'0',NULL,NULL,NULL,NULL,'OPERATION_ID',NULL,'0','1','1','0','0','1','0',NULL,NULL,NULL,NULL,NULL,'[元データ]オペレーション一覧','[Original data] Operation list',NULL,'0',_____DATE_____,1);
INSERT INTO T_COMN_MENU_COLUMN_LINK_JNL (JOURNAL_SEQ_NO,JOURNAL_REG_DATETIME,JOURNAL_ACTION_CLASS,COLUMN_DEFINITION_ID,MENU_ID,COLUMN_NAME_JA,COLUMN_NAME_EN,COLUMN_NAME_REST,COL_GROUP_ID,COLUMN_CLASS,COLUMN_DISP_SEQ,REF_TABLE_NAME,REF_PKEY_NAME,REF_COL_NAME,REF_SORT_CONDITIONS,REF_MULTI_LANG,REFERENCE_ITEM,SENSITIVE_COL_NAME,FILE_UPLOAD_PLACE,BUTTON_ACTION,COL_NAME,SAVE_TYPE,AUTO_INPUT,INPUT_ITEM,VIEW_ITEM,UNIQUE_ITEM,REQUIRED_ITEM,AUTOREG_HIDE_ITEM,AUTOREG_ONLY_ITEM,INITIAL_VALUE,VALIDATE_OPTION,VALIDATE_REG_EXP,BEFORE_VALIDATE_REGISTER,AFTER_VALIDATE_REGISTER,DESCRIPTION_JA,DESCRIPTION_EN,NOTE,DISUSE_FLAG,LAST_UPDATE_TIMESTAMP,LAST_UPDATE_USER) VALUES(11010910,_____DATE_____,'INSERT','11010910','110109','オペレーションID','Operation id','operation id','0000001','1',100,NULL,NULL,NULL,NULL,'0',NULL,NULL,NULL,NULL,'OPERATION_ID',NULL,'0','1','1','0','0','1','0',NULL,NULL,NULL,NULL,NULL,'[元データ]オペレーション一覧','[Original data] Operation list',NULL,'0',_____DATE_____,1);
INSERT INTO T_COMN_MENU_COLUMN_LINK (COLUMN_DEFINITION_ID,MENU_ID,COLUMN_NAME_JA,COLUMN_NAME_EN,COLUMN_NAME_REST,COL_GROUP_ID,COLUMN_CLASS,COLUMN_DISP_SEQ,REF_TABLE_NAME,REF_PKEY_NAME,REF_COL_NAME,REF_SORT_CONDITIONS,REF_MULTI_LANG,REFERENCE_ITEM,SENSITIVE_COL_NAME,FILE_UPLOAD_PLACE,BUTTON_ACTION,COL_NAME,SAVE_TYPE,AUTO_INPUT,INPUT_ITEM,VIEW_ITEM,UNIQUE_ITEM,REQUIRED_ITEM,AUTOREG_HIDE_ITEM,AUTOREG_ONLY_ITEM,INITIAL_VALUE,VALIDATE_OPTION,VALIDATE_REG_EXP,BEFORE_VALIDATE_REGISTER,AFTER_VALIDATE_REGISTER,DESCRIPTION_JA,DESCRIPTION_EN,NOTE,DISUSE_FLAG,LAST_UPDATE_TIMESTAMP,LAST_UPDATE_USER) VALUES('11010911','110109','オペレーション名','Operation name','operation_name','0000001','1',110,NULL,NULL,NULL,NULL,'0',NULL,NULL,NULL,NULL,'OPERATION_NAME',NULL,'0','1','1','0','0','1','0',NULL,NULL,NULL,NULL,NULL,'[元データ]オペレーション一覧','[Original data] Operation list',NULL,'0',_____DATE_____,1);
INSERT INTO T_COMN_MENU_COLUMN_LINK_JNL (JOURNAL_SEQ_NO,JOURNAL_REG_DATETIME,JOURNAL_ACTION_CLASS,COLUMN_DEFINITION_ID,MENU_ID,COLUMN_NAME_JA,COLUMN_NAME_EN,COLUMN_NAME_REST,COL_GROUP_ID,COLUMN_CLASS,COLUMN_DISP_SEQ,REF_TABLE_NAME,REF_PKEY_NAME,REF_COL_NAME,REF_SORT_CONDITIONS,REF_MULTI_LANG,REFERENCE_ITEM,SENSITIVE_COL_NAME,FILE_UPLOAD_PLACE,BUTTON_ACTION,COL_NAME,SAVE_TYPE,AUTO_INPUT,INPUT_ITEM,VIEW_ITEM,UNIQUE_ITEM,REQUIRED_ITEM,AUTOREG_HIDE_ITEM,AUTOREG_ONLY_ITEM,INITIAL_VALUE,VALIDATE_OPTION,VALIDATE_REG_EXP,BEFORE_VALIDATE_REGISTER,AFTER_VALIDATE_REGISTER,DESCRIPTION_JA,DESCRIPTION_EN,NOTE,DISUSE_FLAG,LAST_UPDATE_TIMESTAMP,LAST_UPDATE_USER) VALUES(11010911,_____DATE_____,'INSERT','11010911','110109','オペレーション名','Operation name','operation_name','0000001','1',110,NULL,NULL,NULL,NULL,'0',NULL,NULL,NULL,NULL,'OPERATION_NAME',NULL,'0','1','1','0','0','1','0',NULL,NULL,NULL,NULL,NULL,'[元データ]オペレーション一覧','[Original data] Operation list',NULL,'0',_____DATE_____,1);
INSERT INTO T_COMN_MENU_COLUMN_LINK (COLUMN_DEFINITION_ID,MENU_ID,COLUMN_NAME_JA,COLUMN_NAME_EN,COLUMN_NAME_REST,COL_GROUP_ID,COLUMN_CLASS,COLUMN_DISP_SEQ,REF_TABLE_NAME,REF_PKEY_NAME,REF_COL_NAME,REF_SORT_CONDITIONS,REF_MULTI_LANG,REFERENCE_ITEM,SENSITIVE_COL_NAME,FILE_UPLOAD_PLACE,BUTTON_ACTION,COL_NAME,SAVE_TYPE,AUTO_INPUT,INPUT_ITEM,VIEW_ITEM,UNIQUE_ITEM,REQUIRED_ITEM,AUTOREG_HIDE_ITEM,AUTOREG_ONLY_ITEM,INITIAL_VALUE,VALIDATE_OPTION,VALIDATE_REG_EXP,BEFORE_VALIDATE_REGISTER,AFTER_VALIDATE_REGISTER,DESCRIPTION_JA,DESCRIPTION_EN,NOTE,DISUSE_FLAG,LAST_UPDATE_TIMESTAMP,LAST_UPDATE_USER) VALUES('11010912','110109','利用イベントID','Event ID list','event_id_list',NULL,'2',120,NULL,NULL,NULL,NULL,'0',NULL,NULL,NULL,NULL,'EVENT_ID_LIST',NULL,'0','1','1','0','0','1','0',NULL,'{
"max_length": 4000
}',NULL,NULL,NULL,'アクションを実行するに至ったイベントのID一覧。','A list of IDs of events that led to the execution of actions.',NULL,'0',_____DATE_____,1);
INSERT INTO T_COMN_MENU_COLUMN_LINK_JNL (JOURNAL_SEQ_NO,JOURNAL_REG_DATETIME,JOURNAL_ACTION_CLASS,COLUMN_DEFINITION_ID,MENU_ID,COLUMN_NAME_JA,COLUMN_NAME_EN,COLUMN_NAME_REST,COL_GROUP_ID,COLUMN_CLASS,COLUMN_DISP_SEQ,REF_TABLE_NAME,REF_PKEY_NAME,REF_COL_NAME,REF_SORT_CONDITIONS,REF_MULTI_LANG,REFERENCE_ITEM,SENSITIVE_COL_NAME,FILE_UPLOAD_PLACE,BUTTON_ACTION,COL_NAME,SAVE_TYPE,AUTO_INPUT,INPUT_ITEM,VIEW_ITEM,UNIQUE_ITEM,REQUIRED_ITEM,AUTOREG_HIDE_ITEM,AUTOREG_ONLY_ITEM,INITIAL_VALUE,VALIDATE_OPTION,VALIDATE_REG_EXP,BEFORE_VALIDATE_REGISTER,AFTER_VALIDATE_REGISTER,DESCRIPTION_JA,DESCRIPTION_EN,NOTE,DISUSE_FLAG,LAST_UPDATE_TIMESTAMP,LAST_UPDATE_USER) VALUES(11010912,_____DATE_____,'INSERT','11010912','110109','利用イベントID','Event ID list','event_id_list',NULL,'2',120,NULL,NULL,NULL,NULL,'0',NULL,NULL,NULL,NULL,'EVENT_ID_LIST',NULL,'0','1','1','0','0','1','0',NULL,'{
"max_length": 4000
}',NULL,NULL,NULL,'アクションを実行するに至ったイベントのID一覧。','A list of IDs of events that led to the execution of actions.',NULL,'0',_____DATE_____,1);
INSERT INTO T_COMN_MENU_COLUMN_LINK (COLUMN_DEFINITION_ID,MENU_ID,COLUMN_NAME_JA,COLUMN_NAME_EN,COLUMN_NAME_REST,COL_GROUP_ID,COLUMN_CLASS,COLUMN_DISP_SEQ,REF_TABLE_NAME,REF_PKEY_NAME,REF_COL_NAME,REF_SORT_CONDITIONS,REF_MULTI_LANG,REFERENCE_ITEM,SENSITIVE_COL_NAME,FILE_UPLOAD_PLACE,BUTTON_ACTION,COL_NAME,SAVE_TYPE,AUTO_INPUT,INPUT_ITEM,VIEW_ITEM,UNIQUE_ITEM,REQUIRED_ITEM,AUTOREG_HIDE_ITEM,AUTOREG_ONLY_ITEM,INITIAL_VALUE,VALIDATE_OPTION,VALIDATE_REG_EXP,BEFORE_VALIDATE_REGISTER,AFTER_VALIDATE_REGISTER,DESCRIPTION_JA,DESCRIPTION_EN,NOTE,DISUSE_FLAG,LAST_UPDATE_TIMESTAMP,LAST_UPDATE_USER) VALUES('11010913','110109','登録日時','Register time','register_time',NULL,'5',130,NULL,NULL,NULL,NULL,'0',NULL,NULL,NULL,NULL,'TIME_REGISTER',NULL,'0','1','1','0','1','1','0',NULL,NULL,NULL,NULL,NULL,'登録日時
[形式]YYYY/MM/DD HH:MM:SS','Registered date/time
[Format]YYYY/MM/DD HH:MM:SS',NULL,'0',_____DATE_____,1);
INSERT INTO T_COMN_MENU_COLUMN_LINK_JNL (JOURNAL_SEQ_NO,JOURNAL_REG_DATETIME,JOURNAL_ACTION_CLASS,COLUMN_DEFINITION_ID,MENU_ID,COLUMN_NAME_JA,COLUMN_NAME_EN,COLUMN_NAME_REST,COL_GROUP_ID,COLUMN_CLASS,COLUMN_DISP_SEQ,REF_TABLE_NAME,REF_PKEY_NAME,REF_COL_NAME,REF_SORT_CONDITIONS,REF_MULTI_LANG,REFERENCE_ITEM,SENSITIVE_COL_NAME,FILE_UPLOAD_PLACE,BUTTON_ACTION,COL_NAME,SAVE_TYPE,AUTO_INPUT,INPUT_ITEM,VIEW_ITEM,UNIQUE_ITEM,REQUIRED_ITEM,AUTOREG_HIDE_ITEM,AUTOREG_ONLY_ITEM,INITIAL_VALUE,VALIDATE_OPTION,VALIDATE_REG_EXP,BEFORE_VALIDATE_REGISTER,AFTER_VALIDATE_REGISTER,DESCRIPTION_JA,DESCRIPTION_EN,NOTE,DISUSE_FLAG,LAST_UPDATE_TIMESTAMP,LAST_UPDATE_USER) VALUES(11010913,_____DATE_____,'INSERT','11010913','110109','登録日時','Register time','register_time',NULL,'5',130,NULL,NULL,NULL,NULL,'0',NULL,NULL,NULL,NULL,'TIME_REGISTER',NULL,'0','1','1','0','1','1','0',NULL,NULL,NULL,NULL,NULL,'登録日時
[形式]YYYY/MM/DD HH:MM:SS','Registered date/time
[Format]YYYY/MM/DD HH:MM:SS',NULL,'0',_____DATE_____,1);
INSERT INTO T_COMN_MENU_COLUMN_LINK (COLUMN_DEFINITION_ID,MENU_ID,COLUMN_NAME_JA,COLUMN_NAME_EN,COLUMN_NAME_REST,COL_GROUP_ID,COLUMN_CLASS,COLUMN_DISP_SEQ,REF_TABLE_NAME,REF_PKEY_NAME,REF_COL_NAME,REF_SORT_CONDITIONS,REF_MULTI_LANG,REFERENCE_ITEM,SENSITIVE_COL_NAME,FILE_UPLOAD_PLACE,BUTTON_ACTION,COL_NAME,SAVE_TYPE,AUTO_INPUT,INPUT_ITEM,VIEW_ITEM,UNIQUE_ITEM,REQUIRED_ITEM,AUTOREG_HIDE_ITEM,AUTOREG_ONLY_ITEM,INITIAL_VALUE,VALIDATE_OPTION,VALIDATE_REG_EXP,BEFORE_VALIDATE_REGISTER,AFTER_VALIDATE_REGISTER,DESCRIPTION_JA,DESCRIPTION_EN,NOTE,DISUSE_FLAG,LAST_UPDATE_TIMESTAMP,LAST_UPDATE_USER) VALUES('11010914','110109','備考','Remarks','remarks',NULL,'12',140,NULL,NULL,NULL,NULL,'0',NULL,NULL,NULL,NULL,'NOTE',NULL,'0','1','1','0','0','1','0',NULL,'{
"min_length": 0,
"max_length": 4000
}',NULL,NULL,NULL,'自由記述欄。レコードの廃止・復活時にも記載可能。','Comments section. Can comment when removing or restoring records.',NULL,'0',_____DATE_____,1);
INSERT INTO T_COMN_MENU_COLUMN_LINK_JNL (JOURNAL_SEQ_NO,JOURNAL_REG_DATETIME,JOURNAL_ACTION_CLASS,COLUMN_DEFINITION_ID,MENU_ID,COLUMN_NAME_JA,COLUMN_NAME_EN,COLUMN_NAME_REST,COL_GROUP_ID,COLUMN_CLASS,COLUMN_DISP_SEQ,REF_TABLE_NAME,REF_PKEY_NAME,REF_COL_NAME,REF_SORT_CONDITIONS,REF_MULTI_LANG,REFERENCE_ITEM,SENSITIVE_COL_NAME,FILE_UPLOAD_PLACE,BUTTON_ACTION,COL_NAME,SAVE_TYPE,AUTO_INPUT,INPUT_ITEM,VIEW_ITEM,UNIQUE_ITEM,REQUIRED_ITEM,AUTOREG_HIDE_ITEM,AUTOREG_ONLY_ITEM,INITIAL_VALUE,VALIDATE_OPTION,VALIDATE_REG_EXP,BEFORE_VALIDATE_REGISTER,AFTER_VALIDATE_REGISTER,DESCRIPTION_JA,DESCRIPTION_EN,NOTE,DISUSE_FLAG,LAST_UPDATE_TIMESTAMP,LAST_UPDATE_USER) VALUES(11010914,_____DATE_____,'INSERT','11010914','110109','備考','Remarks','remarks',NULL,'12',140,NULL,NULL,NULL,NULL,'0',NULL,NULL,NULL,NULL,'NOTE',NULL,'0','1','1','0','0','1','0',NULL,'{
"min_length": 0,
"max_length": 4000
}',NULL,NULL,NULL,'自由記述欄。レコードの廃止・復活時にも記載可能。','Comments section. Can comment when removing or restoring records.',NULL,'0',_____DATE_____,1);
INSERT INTO T_COMN_MENU_COLUMN_LINK (COLUMN_DEFINITION_ID,MENU_ID,COLUMN_NAME_JA,COLUMN_NAME_EN,COLUMN_NAME_REST,COL_GROUP_ID,COLUMN_CLASS,COLUMN_DISP_SEQ,REF_TABLE_NAME,REF_PKEY_NAME,REF_COL_NAME,REF_SORT_CONDITIONS,REF_MULTI_LANG,REFERENCE_ITEM,SENSITIVE_COL_NAME,FILE_UPLOAD_PLACE,BUTTON_ACTION,COL_NAME,SAVE_TYPE,AUTO_INPUT,INPUT_ITEM,VIEW_ITEM,UNIQUE_ITEM,REQUIRED_ITEM,AUTOREG_HIDE_ITEM,AUTOREG_ONLY_ITEM,INITIAL_VALUE,VALIDATE_OPTION,VALIDATE_REG_EXP,BEFORE_VALIDATE_REGISTER,AFTER_VALIDATE_REGISTER,DESCRIPTION_JA,DESCRIPTION_EN,NOTE,DISUSE_FLAG,LAST_UPDATE_TIMESTAMP,LAST_UPDATE_USER) VALUES('11010915','110109','廃止フラグ','Discard','discard',NULL,'1',150,NULL,NULL,NULL,NULL,'0',NULL,NULL,NULL,NULL,'DISUSE_FLAG',NULL,'1','1','1','0','1','1','0',NULL,NULL,NULL,NULL,NULL,'廃止フラグ。復活以外のオペレーションは不可','Discard flag. Cannot do operation other than restore.',NULL,'0',_____DATE_____,1);
INSERT INTO T_COMN_MENU_COLUMN_LINK_JNL (JOURNAL_SEQ_NO,JOURNAL_REG_DATETIME,JOURNAL_ACTION_CLASS,COLUMN_DEFINITION_ID,MENU_ID,COLUMN_NAME_JA,COLUMN_NAME_EN,COLUMN_NAME_REST,COL_GROUP_ID,COLUMN_CLASS,COLUMN_DISP_SEQ,REF_TABLE_NAME,REF_PKEY_NAME,REF_COL_NAME,REF_SORT_CONDITIONS,REF_MULTI_LANG,REFERENCE_ITEM,SENSITIVE_COL_NAME,FILE_UPLOAD_PLACE,BUTTON_ACTION,COL_NAME,SAVE_TYPE,AUTO_INPUT,INPUT_ITEM,VIEW_ITEM,UNIQUE_ITEM,REQUIRED_ITEM,AUTOREG_HIDE_ITEM,AUTOREG_ONLY_ITEM,INITIAL_VALUE,VALIDATE_OPTION,VALIDATE_REG_EXP,BEFORE_VALIDATE_REGISTER,AFTER_VALIDATE_REGISTER,DESCRIPTION_JA,DESCRIPTION_EN,NOTE,DISUSE_FLAG,LAST_UPDATE_TIMESTAMP,LAST_UPDATE_USER) VALUES(11010915,_____DATE_____,'INSERT','11010915','110109','廃止フラグ','Discard','discard',NULL,'1',150,NULL,NULL,NULL,NULL,'0',NULL,NULL,NULL,NULL,'DISUSE_FLAG',NULL,'1','1','1','0','1','1','0',NULL,NULL,NULL,NULL,NULL,'廃止フラグ。復活以外のオペレーションは不可','Discard flag. Cannot do operation other than restore.',NULL,'0',_____DATE_____,1);
INSERT INTO T_COMN_MENU_COLUMN_LINK (COLUMN_DEFINITION_ID,MENU_ID,COLUMN_NAME_JA,COLUMN_NAME_EN,COLUMN_NAME_REST,COL_GROUP_ID,COLUMN_CLASS,COLUMN_DISP_SEQ,REF_TABLE_NAME,REF_PKEY_NAME,REF_COL_NAME,REF_SORT_CONDITIONS,REF_MULTI_LANG,REFERENCE_ITEM,SENSITIVE_COL_NAME,FILE_UPLOAD_PLACE,BUTTON_ACTION,COL_NAME,SAVE_TYPE,AUTO_INPUT,INPUT_ITEM,VIEW_ITEM,UNIQUE_ITEM,REQUIRED_ITEM,AUTOREG_HIDE_ITEM,AUTOREG_ONLY_ITEM,INITIAL_VALUE,VALIDATE_OPTION,VALIDATE_REG_EXP,BEFORE_VALIDATE_REGISTER,AFTER_VALIDATE_REGISTER,DESCRIPTION_JA,DESCRIPTION_EN,NOTE,DISUSE_FLAG,LAST_UPDATE_TIMESTAMP,LAST_UPDATE_USER) VALUES('11010916','110109','最終更新日時','Last update date/time','last_update_date_time',NULL,'13',160,NULL,NULL,NULL,NULL,'0',NULL,NULL,NULL,NULL,'LAST_UPDATE_TIMESTAMP',NULL,'1','0','1','0','1','1','0',NULL,NULL,NULL,NULL,NULL,'レコードの最終更新日。更新可否判定に使用。自動登録のため編集不可。','Last update date of record. Useful for judging the possibility of an update. Cannot edit because of auto-numbering.',NULL,'0',_____DATE_____,1);
INSERT INTO T_COMN_MENU_COLUMN_LINK_JNL (JOURNAL_SEQ_NO,JOURNAL_REG_DATETIME,JOURNAL_ACTION_CLASS,COLUMN_DEFINITION_ID,MENU_ID,COLUMN_NAME_JA,COLUMN_NAME_EN,COLUMN_NAME_REST,COL_GROUP_ID,COLUMN_CLASS,COLUMN_DISP_SEQ,REF_TABLE_NAME,REF_PKEY_NAME,REF_COL_NAME,REF_SORT_CONDITIONS,REF_MULTI_LANG,REFERENCE_ITEM,SENSITIVE_COL_NAME,FILE_UPLOAD_PLACE,BUTTON_ACTION,COL_NAME,SAVE_TYPE,AUTO_INPUT,INPUT_ITEM,VIEW_ITEM,UNIQUE_ITEM,REQUIRED_ITEM,AUTOREG_HIDE_ITEM,AUTOREG_ONLY_ITEM,INITIAL_VALUE,VALIDATE_OPTION,VALIDATE_REG_EXP,BEFORE_VALIDATE_REGISTER,AFTER_VALIDATE_REGISTER,DESCRIPTION_JA,DESCRIPTION_EN,NOTE,DISUSE_FLAG,LAST_UPDATE_TIMESTAMP,LAST_UPDATE_USER) VALUES(11010916,_____DATE_____,'INSERT','11010916','110109','最終更新日時','Last update date/time','last_update_date_time',NULL,'13',160,NULL,NULL,NULL,NULL,'0',NULL,NULL,NULL,NULL,'LAST_UPDATE_TIMESTAMP',NULL,'1','0','1','0','1','1','0',NULL,NULL,NULL,NULL,NULL,'レコードの最終更新日。更新可否判定に使用。自動登録のため編集不可。','Last update date of record. Useful for judging the possibility of an update. Cannot edit because of auto-numbering.',NULL,'0',_____DATE_____,1);
INSERT INTO T_COMN_MENU_COLUMN_LINK (COLUMN_DEFINITION_ID,MENU_ID,COLUMN_NAME_JA,COLUMN_NAME_EN,COLUMN_NAME_REST,COL_GROUP_ID,COLUMN_CLASS,COLUMN_DISP_SEQ,REF_TABLE_NAME,REF_PKEY_NAME,REF_COL_NAME,REF_SORT_CONDITIONS,REF_MULTI_LANG,REFERENCE_ITEM,SENSITIVE_COL_NAME,FILE_UPLOAD_PLACE,BUTTON_ACTION,COL_NAME,SAVE_TYPE,AUTO_INPUT,INPUT_ITEM,VIEW_ITEM,UNIQUE_ITEM,REQUIRED_ITEM,AUTOREG_HIDE_ITEM,AUTOREG_ONLY_ITEM,INITIAL_VALUE,VALIDATE_OPTION,VALIDATE_REG_EXP,BEFORE_VALIDATE_REGISTER,AFTER_VALIDATE_REGISTER,DESCRIPTION_JA,DESCRIPTION_EN,NOTE,DISUSE_FLAG,LAST_UPDATE_TIMESTAMP,LAST_UPDATE_USER) VALUES('11010917','110109','最終更新者','Last updated by','last_updated_user',NULL,'14',170,NULL,NULL,NULL,NULL,'0',NULL,NULL,NULL,NULL,'LAST_UPDATE_USER',NULL,'1','0','1','0','1','1','0',NULL,NULL,NULL,NULL,NULL,'更新者。ログインユーザのIDが自動的に登録される。編集不可。','Updated by. Login user ID is automatically registered. Cannot edit.',NULL,'0',_____DATE_____,1);
INSERT INTO T_COMN_MENU_COLUMN_LINK_JNL (JOURNAL_SEQ_NO,JOURNAL_REG_DATETIME,JOURNAL_ACTION_CLASS,COLUMN_DEFINITION_ID,MENU_ID,COLUMN_NAME_JA,COLUMN_NAME_EN,COLUMN_NAME_REST,COL_GROUP_ID,COLUMN_CLASS,COLUMN_DISP_SEQ,REF_TABLE_NAME,REF_PKEY_NAME,REF_COL_NAME,REF_SORT_CONDITIONS,REF_MULTI_LANG,REFERENCE_ITEM,SENSITIVE_COL_NAME,FILE_UPLOAD_PLACE,BUTTON_ACTION,COL_NAME,SAVE_TYPE,AUTO_INPUT,INPUT_ITEM,VIEW_ITEM,UNIQUE_ITEM,REQUIRED_ITEM,AUTOREG_HIDE_ITEM,AUTOREG_ONLY_ITEM,INITIAL_VALUE,VALIDATE_OPTION,VALIDATE_REG_EXP,BEFORE_VALIDATE_REGISTER,AFTER_VALIDATE_REGISTER,DESCRIPTION_JA,DESCRIPTION_EN,NOTE,DISUSE_FLAG,LAST_UPDATE_TIMESTAMP,LAST_UPDATE_USER) VALUES(11010917,_____DATE_____,'INSERT','11010917','110109','最終更新者','Last updated by','last_updated_user',NULL,'14',170,NULL,NULL,NULL,NULL,'0',NULL,NULL,NULL,NULL,'LAST_UPDATE_USER',NULL,'1','0','1','0','1','1','0',NULL,NULL,NULL,NULL,NULL,'更新者。ログインユーザのIDが自動的に登録される。編集不可。','Updated by. Login user ID is automatically registered. Cannot edit.',NULL,'0',_____DATE_____,1);

INSERT INTO T_OASE_CONNECTION_METHOD (CONNECTION_METHOD_ID,CONNECTION_METHOD_NAME_EN,CONNECTION_METHOD_NAME_JA,NOTE,DISUSE_FLAG,LAST_UPDATE_TIMESTAMP,LAST_UPDATE_USER) VALUES('1','Bearer Authentication','Bearer認証',NULL,'0',_____DATE_____,1);

INSERT INTO T_OASE_CONNECTION_METHOD (CONNECTION_METHOD_ID,CONNECTION_METHOD_NAME_EN,CONNECTION_METHOD_NAME_JA,NOTE,DISUSE_FLAG,LAST_UPDATE_TIMESTAMP,LAST_UPDATE_USER) VALUES('2','password authentication','パスワード認証',NULL,'0',_____DATE_____,1);

INSERT INTO T_OASE_CONNECTION_METHOD (CONNECTION_METHOD_ID,CONNECTION_METHOD_NAME_EN,CONNECTION_METHOD_NAME_JA,NOTE,DISUSE_FLAG,LAST_UPDATE_TIMESTAMP,LAST_UPDATE_USER) VALUES('3','Authentication SharedKeyLite','SharedKeyLite認証',NULL,'0',_____DATE_____,1);

INSERT INTO T_OASE_CONNECTION_METHOD (CONNECTION_METHOD_ID,CONNECTION_METHOD_NAME_EN,CONNECTION_METHOD_NAME_JA,NOTE,DISUSE_FLAG,LAST_UPDATE_TIMESTAMP,LAST_UPDATE_USER) VALUES('4','IMAP password authentication','IMAP パスワード認証',NULL,'0',_____DATE_____,1);

INSERT INTO T_OASE_CONNECTION_METHOD (CONNECTION_METHOD_ID,CONNECTION_METHOD_NAME_EN,CONNECTION_METHOD_NAME_JA,NOTE,DISUSE_FLAG,LAST_UPDATE_TIMESTAMP,LAST_UPDATE_USER) VALUES('5','Optional Authentication','任意の認証',NULL,'0',_____DATE_____,1);


INSERT INTO T_OASE_NOTIFICATION_TEMPLATE_COMMON (NOTIFICATION_TEMPLATE_ID,EVENT_TYPE,TEMPLATE_FILE,NOTE,DISUSE_FLAG,LAST_UPDATE_TIMESTAMP,LAST_UPDATE_USER) VALUES('1','新規','新規.json',NULL,'0',_____DATE_____,1);

INSERT INTO T_OASE_NOTIFICATION_TEMPLATE_COMMON (NOTIFICATION_TEMPLATE_ID,EVENT_TYPE,TEMPLATE_FILE,NOTE,DISUSE_FLAG,LAST_UPDATE_TIMESTAMP,LAST_UPDATE_USER) VALUES('2','既知（判定済）',NULL,NULL,'0',_____DATE_____,1);

INSERT INTO T_OASE_NOTIFICATION_TEMPLATE_COMMON (NOTIFICATION_TEMPLATE_ID,EVENT_TYPE,TEMPLATE_FILE,NOTE,DISUSE_FLAG,LAST_UPDATE_TIMESTAMP,LAST_UPDATE_USER) VALUES('3','既知（時間切れ）',NULL,NULL,'0',_____DATE_____,1);

INSERT INTO T_OASE_NOTIFICATION_TEMPLATE_COMMON (NOTIFICATION_TEMPLATE_ID,EVENT_TYPE,TEMPLATE_FILE,NOTE,DISUSE_FLAG,LAST_UPDATE_TIMESTAMP,LAST_UPDATE_USER) VALUES('4','未知',NULL,NULL,'0',_____DATE_____,1);


INSERT INTO T_OASE_REQUEST_METHOD (REQUEST_METHOD_ID,REQUEST_METHOD,NOTE,DISUSE_FLAG,LAST_UPDATE_TIMESTAMP,LAST_UPDATE_USER) VALUES('1','GET',NULL,'0',_____DATE_____,1);

INSERT INTO T_OASE_REQUEST_METHOD (REQUEST_METHOD_ID,REQUEST_METHOD,NOTE,DISUSE_FLAG,LAST_UPDATE_TIMESTAMP,LAST_UPDATE_USER) VALUES('2','POST',NULL,'0',_____DATE_____,1);

INSERT INTO T_OASE_REQUEST_METHOD (REQUEST_METHOD_ID,REQUEST_METHOD,NOTE,DISUSE_FLAG,LAST_UPDATE_TIMESTAMP,LAST_UPDATE_USER) VALUES('3','IMAP: SSL/TLS',NULL,'0',_____DATE_____,1);

INSERT INTO T_OASE_REQUEST_METHOD (REQUEST_METHOD_ID,REQUEST_METHOD,NOTE,DISUSE_FLAG,LAST_UPDATE_TIMESTAMP,LAST_UPDATE_USER) VALUES('4','IMAP: StartTLS',NULL,'0',_____DATE_____,1);

INSERT INTO T_OASE_REQUEST_METHOD (REQUEST_METHOD_ID,REQUEST_METHOD,NOTE,DISUSE_FLAG,LAST_UPDATE_TIMESTAMP,LAST_UPDATE_USER) VALUES('5','IMAP: Plaintext',NULL,'0',_____DATE_____,1);


INSERT INTO T_OASE_LABEL_KEY_FIXED (LABEL_KEY_ID,LABEL_KEY,NOTE,DISUSE_FLAG,LAST_UPDATE_TIMESTAMP,LAST_UPDATE_USER) VALUES('1','_exastro_event_collection_settings_id',NULL,'0',_____DATE_____,1);

INSERT INTO T_OASE_LABEL_KEY_FIXED (LABEL_KEY_ID,LABEL_KEY,NOTE,DISUSE_FLAG,LAST_UPDATE_TIMESTAMP,LAST_UPDATE_USER) VALUES('2','_exastro_fetched_time',NULL,'0',_____DATE_____,1);

INSERT INTO T_OASE_LABEL_KEY_FIXED (LABEL_KEY_ID,LABEL_KEY,NOTE,DISUSE_FLAG,LAST_UPDATE_TIMESTAMP,LAST_UPDATE_USER) VALUES('3','_exastro_end_time',NULL,'0',_____DATE_____,1);

INSERT INTO T_OASE_LABEL_KEY_FIXED (LABEL_KEY_ID,LABEL_KEY,NOTE,DISUSE_FLAG,LAST_UPDATE_TIMESTAMP,LAST_UPDATE_USER) VALUES('4','_exastro_undetected',NULL,'1',_____DATE_____,1);

INSERT INTO T_OASE_LABEL_KEY_FIXED (LABEL_KEY_ID,LABEL_KEY,NOTE,DISUSE_FLAG,LAST_UPDATE_TIMESTAMP,LAST_UPDATE_USER) VALUES('5','_exastro_evaluated',NULL,'1',_____DATE_____,1);

INSERT INTO T_OASE_LABEL_KEY_FIXED (LABEL_KEY_ID,LABEL_KEY,NOTE,DISUSE_FLAG,LAST_UPDATE_TIMESTAMP,LAST_UPDATE_USER) VALUES('6','_exastro_timeout',NULL,'1',_____DATE_____,1);

INSERT INTO T_OASE_LABEL_KEY_FIXED (LABEL_KEY_ID,LABEL_KEY,NOTE,DISUSE_FLAG,LAST_UPDATE_TIMESTAMP,LAST_UPDATE_USER) VALUES('7','_exastro_type',NULL,'1',_____DATE_____,1);

INSERT INTO T_OASE_LABEL_KEY_FIXED (LABEL_KEY_ID,LABEL_KEY,NOTE,DISUSE_FLAG,LAST_UPDATE_TIMESTAMP,LAST_UPDATE_USER) VALUES('8','_exastro_rule_name',NULL,'1',_____DATE_____,1);


INSERT INTO T_OASE_COMPARISON_METHOD (COMPARISON_METHOD_ID,COMPARISON_METHOD_NAME_EN,COMPARISON_METHOD_NAME_JA,COMPARISON_METHOD_SYMBOL,NOTE,DISUSE_FLAG,LAST_UPDATE_TIMESTAMP,LAST_UPDATE_USER) VALUES('1','equals','等しい','==',NULL,'0',_____DATE_____,1);

INSERT INTO T_OASE_COMPARISON_METHOD (COMPARISON_METHOD_ID,COMPARISON_METHOD_NAME_EN,COMPARISON_METHOD_NAME_JA,COMPARISON_METHOD_SYMBOL,NOTE,DISUSE_FLAG,LAST_UPDATE_TIMESTAMP,LAST_UPDATE_USER) VALUES('2','not equal','等しくない','≠',NULL,'0',_____DATE_____,1);

INSERT INTO T_OASE_COMPARISON_METHOD (COMPARISON_METHOD_ID,COMPARISON_METHOD_NAME_EN,COMPARISON_METHOD_NAME_JA,COMPARISON_METHOD_SYMBOL,NOTE,DISUSE_FLAG,LAST_UPDATE_TIMESTAMP,LAST_UPDATE_USER) VALUES('3','less than','より小さい','<',NULL,'0',_____DATE_____,1);

INSERT INTO T_OASE_COMPARISON_METHOD (COMPARISON_METHOD_ID,COMPARISON_METHOD_NAME_EN,COMPARISON_METHOD_NAME_JA,COMPARISON_METHOD_SYMBOL,NOTE,DISUSE_FLAG,LAST_UPDATE_TIMESTAMP,LAST_UPDATE_USER) VALUES('4','less than or equal to','以下','<=',NULL,'0',_____DATE_____,1);

INSERT INTO T_OASE_COMPARISON_METHOD (COMPARISON_METHOD_ID,COMPARISON_METHOD_NAME_EN,COMPARISON_METHOD_NAME_JA,COMPARISON_METHOD_SYMBOL,NOTE,DISUSE_FLAG,LAST_UPDATE_TIMESTAMP,LAST_UPDATE_USER) VALUES('5','greater than','より大きい','>',NULL,'0',_____DATE_____,1);

INSERT INTO T_OASE_COMPARISON_METHOD (COMPARISON_METHOD_ID,COMPARISON_METHOD_NAME_EN,COMPARISON_METHOD_NAME_JA,COMPARISON_METHOD_SYMBOL,NOTE,DISUSE_FLAG,LAST_UPDATE_TIMESTAMP,LAST_UPDATE_USER) VALUES('6','greater than or equal to','以上','>=',NULL,'0',_____DATE_____,1);

INSERT INTO T_OASE_COMPARISON_METHOD (COMPARISON_METHOD_ID,COMPARISON_METHOD_NAME_EN,COMPARISON_METHOD_NAME_JA,COMPARISON_METHOD_SYMBOL,NOTE,DISUSE_FLAG,LAST_UPDATE_TIMESTAMP,LAST_UPDATE_USER) VALUES('7','regular expression','正規表現','RegExp',NULL,'0',_____DATE_____,1);


INSERT INTO T_OASE_TARGET_TYPE (TYPE_ID,TYPE_EN,TYPE_JA,NOTE,DISUSE_FLAG,LAST_UPDATE_TIMESTAMP,LAST_UPDATE_USER) VALUES('1','string','文字列',NULL,'0',_____DATE_____,1);

INSERT INTO T_OASE_TARGET_TYPE (TYPE_ID,TYPE_EN,TYPE_JA,NOTE,DISUSE_FLAG,LAST_UPDATE_TIMESTAMP,LAST_UPDATE_USER) VALUES('2','integer','整数',NULL,'0',_____DATE_____,1);

INSERT INTO T_OASE_TARGET_TYPE (TYPE_ID,TYPE_EN,TYPE_JA,NOTE,DISUSE_FLAG,LAST_UPDATE_TIMESTAMP,LAST_UPDATE_USER) VALUES('3','float','小数',NULL,'0',_____DATE_____,1);

INSERT INTO T_OASE_TARGET_TYPE (TYPE_ID,TYPE_EN,TYPE_JA,NOTE,DISUSE_FLAG,LAST_UPDATE_TIMESTAMP,LAST_UPDATE_USER) VALUES('4','bool','真偽値',NULL,'0',_____DATE_____,1);

INSERT INTO T_OASE_TARGET_TYPE (TYPE_ID,TYPE_EN,TYPE_JA,NOTE,DISUSE_FLAG,LAST_UPDATE_TIMESTAMP,LAST_UPDATE_USER) VALUES('5','object','オブジェクト',NULL,'0',_____DATE_____,1);

INSERT INTO T_OASE_TARGET_TYPE (TYPE_ID,TYPE_EN,TYPE_JA,NOTE,DISUSE_FLAG,LAST_UPDATE_TIMESTAMP,LAST_UPDATE_USER) VALUES('6','array','配列',NULL,'0',_____DATE_____,1);

INSERT INTO T_OASE_TARGET_TYPE (TYPE_ID,TYPE_EN,TYPE_JA,NOTE,DISUSE_FLAG,LAST_UPDATE_TIMESTAMP,LAST_UPDATE_USER) VALUES('7','falsy','空判定',NULL,'0',_____DATE_____,1);

INSERT INTO T_OASE_TARGET_TYPE (TYPE_ID,TYPE_EN,TYPE_JA,NOTE,DISUSE_FLAG,LAST_UPDATE_TIMESTAMP,LAST_UPDATE_USER) VALUES('10','any','その他',NULL,'0',_____DATE_____,1);


INSERT INTO T_OASE_FILTER_OPERATOR (OPERATION_ID,OPERATION_NAME,NOTE,DISUSE_FLAG,LAST_UPDATE_TIMESTAMP,LAST_UPDATE_USER) VALUES('1','A or B',NULL,'0',_____DATE_____,1);

INSERT INTO T_OASE_FILTER_OPERATOR (OPERATION_ID,OPERATION_NAME,NOTE,DISUSE_FLAG,LAST_UPDATE_TIMESTAMP,LAST_UPDATE_USER) VALUES('2','A and B',NULL,'0',_____DATE_____,1);

INSERT INTO T_OASE_FILTER_OPERATOR (OPERATION_ID,OPERATION_NAME,NOTE,DISUSE_FLAG,LAST_UPDATE_TIMESTAMP,LAST_UPDATE_USER) VALUES('3','A -> B',NULL,'0',_____DATE_____,1);


INSERT INTO T_OASE_ACTION_STATUS (ACTION_STASTUS_ID,ACTION_STASTUS_NAME_JA,ACTION_STASTUS_NAME_EN,DISP_SEQ,NOTE,DISUSE_FLAG,LAST_UPDATE_TIMESTAMP,LAST_UPDATE_USER) VALUES('1','ルールマッチング済み','Rules Matching Already',10,NULL,'0',_____DATE_____,1);

INSERT INTO T_OASE_ACTION_STATUS (ACTION_STASTUS_ID,ACTION_STASTUS_NAME_JA,ACTION_STASTUS_NAME_EN,DISP_SEQ,NOTE,DISUSE_FLAG,LAST_UPDATE_TIMESTAMP,LAST_UPDATE_USER) VALUES('2','アクション登録済み','Action Registered',20,NULL,'0',_____DATE_____,1);

INSERT INTO T_OASE_ACTION_STATUS (ACTION_STASTUS_ID,ACTION_STASTUS_NAME_JA,ACTION_STASTUS_NAME_EN,DISP_SEQ,NOTE,DISUSE_FLAG,LAST_UPDATE_TIMESTAMP,LAST_UPDATE_USER) VALUES('3','承認待ち','Awaiting Approval',30,NULL,'0',_____DATE_____,1);

INSERT INTO T_OASE_ACTION_STATUS (ACTION_STASTUS_ID,ACTION_STASTUS_NAME_JA,ACTION_STASTUS_NAME_EN,DISP_SEQ,NOTE,DISUSE_FLAG,LAST_UPDATE_TIMESTAMP,LAST_UPDATE_USER) VALUES('4','承認済み','Approved',40,NULL,'0',_____DATE_____,1);

INSERT INTO T_OASE_ACTION_STATUS (ACTION_STASTUS_ID,ACTION_STASTUS_NAME_JA,ACTION_STASTUS_NAME_EN,DISP_SEQ,NOTE,DISUSE_FLAG,LAST_UPDATE_TIMESTAMP,LAST_UPDATE_USER) VALUES('5','承認却下済み','Rejected',50,NULL,'0',_____DATE_____,1);

INSERT INTO T_OASE_ACTION_STATUS (ACTION_STASTUS_ID,ACTION_STASTUS_NAME_JA,ACTION_STASTUS_NAME_EN,DISP_SEQ,NOTE,DISUSE_FLAG,LAST_UPDATE_TIMESTAMP,LAST_UPDATE_USER) VALUES('6','完了','Completed',60,NULL,'0',_____DATE_____,1);

INSERT INTO T_OASE_ACTION_STATUS (ACTION_STASTUS_ID,ACTION_STASTUS_NAME_JA,ACTION_STASTUS_NAME_EN,DISP_SEQ,NOTE,DISUSE_FLAG,LAST_UPDATE_TIMESTAMP,LAST_UPDATE_USER) VALUES('7','完了（異常）','Completed (abnormal)',70,NULL,'0',_____DATE_____,1);

INSERT INTO T_OASE_ACTION_STATUS (ACTION_STASTUS_ID,ACTION_STASTUS_NAME_JA,ACTION_STASTUS_NAME_EN,DISP_SEQ,NOTE,DISUSE_FLAG,LAST_UPDATE_TIMESTAMP,LAST_UPDATE_USER) VALUES('8','完了確認待ち','Waiting for completion confirmation',80,NULL,'0',_____DATE_____,1);

INSERT INTO T_OASE_ACTION_STATUS (ACTION_STASTUS_ID,ACTION_STASTUS_NAME_JA,ACTION_STASTUS_NAME_EN,DISP_SEQ,NOTE,DISUSE_FLAG,LAST_UPDATE_TIMESTAMP,LAST_UPDATE_USER) VALUES('9','完了確認済み','Completion Confirmed',90,NULL,'0',_____DATE_____,1);

INSERT INTO T_OASE_ACTION_STATUS (ACTION_STASTUS_ID,ACTION_STASTUS_NAME_JA,ACTION_STASTUS_NAME_EN,DISP_SEQ,NOTE,DISUSE_FLAG,LAST_UPDATE_TIMESTAMP,LAST_UPDATE_USER) VALUES('10','完了確認却下済み','Completion confirmed rejected',100,NULL,'0',_____DATE_____,1);


