INSERT INTO T_COMN_COLUMN_GROUP (COL_GROUP_ID,PA_COL_GROUP_ID,COL_GROUP_NAME_JA,COL_GROUP_NAME_EN,FULL_COL_GROUP_NAME_JA,FULL_COL_GROUP_NAME_EN,NOTE,DISUSE_FLAG,LAST_UPDATE_TIMESTAMP,LAST_UPDATE_USER) VALUES('11010701',NULL,'条件','Conditions','条件','Conditions',NULL,'0',_____DATE_____,1);
INSERT INTO T_COMN_COLUMN_GROUP_JNL (JOURNAL_SEQ_NO,JOURNAL_REG_DATETIME,JOURNAL_ACTION_CLASS,COL_GROUP_ID,PA_COL_GROUP_ID,COL_GROUP_NAME_JA,COL_GROUP_NAME_EN,FULL_COL_GROUP_NAME_JA,FULL_COL_GROUP_NAME_EN,NOTE,DISUSE_FLAG,LAST_UPDATE_TIMESTAMP,LAST_UPDATE_USER) VALUES(11010701,_____DATE_____,'INSERT','11010701',NULL,'条件','Conditions','条件','Conditions',NULL,'0',_____DATE_____,1);
INSERT INTO T_COMN_COLUMN_GROUP (COL_GROUP_ID,PA_COL_GROUP_ID,COL_GROUP_NAME_JA,COL_GROUP_NAME_EN,FULL_COL_GROUP_NAME_JA,FULL_COL_GROUP_NAME_EN,NOTE,DISUSE_FLAG,LAST_UPDATE_TIMESTAMP,LAST_UPDATE_USER) VALUES('11010702',NULL,'作業前','Before Work','作業前','Before Work',NULL,'0',_____DATE_____,1);
INSERT INTO T_COMN_COLUMN_GROUP_JNL (JOURNAL_SEQ_NO,JOURNAL_REG_DATETIME,JOURNAL_ACTION_CLASS,COL_GROUP_ID,PA_COL_GROUP_ID,COL_GROUP_NAME_JA,COL_GROUP_NAME_EN,FULL_COL_GROUP_NAME_JA,FULL_COL_GROUP_NAME_EN,NOTE,DISUSE_FLAG,LAST_UPDATE_TIMESTAMP,LAST_UPDATE_USER) VALUES(11010702,_____DATE_____,'INSERT','11010702',NULL,'作業前','Before Work','作業前','Before Work',NULL,'0',_____DATE_____,1);
INSERT INTO T_COMN_COLUMN_GROUP (COL_GROUP_ID,PA_COL_GROUP_ID,COL_GROUP_NAME_JA,COL_GROUP_NAME_EN,FULL_COL_GROUP_NAME_JA,FULL_COL_GROUP_NAME_EN,NOTE,DISUSE_FLAG,LAST_UPDATE_TIMESTAMP,LAST_UPDATE_USER) VALUES('11010703',NULL,'アクション','Action','アクション','Action',NULL,'0',_____DATE_____,1);
INSERT INTO T_COMN_COLUMN_GROUP_JNL (JOURNAL_SEQ_NO,JOURNAL_REG_DATETIME,JOURNAL_ACTION_CLASS,COL_GROUP_ID,PA_COL_GROUP_ID,COL_GROUP_NAME_JA,COL_GROUP_NAME_EN,FULL_COL_GROUP_NAME_JA,FULL_COL_GROUP_NAME_EN,NOTE,DISUSE_FLAG,LAST_UPDATE_TIMESTAMP,LAST_UPDATE_USER) VALUES(11010703,_____DATE_____,'INSERT','11010703',NULL,'アクション','Action','アクション','Action',NULL,'0',_____DATE_____,1);
INSERT INTO T_COMN_COLUMN_GROUP (COL_GROUP_ID,PA_COL_GROUP_ID,COL_GROUP_NAME_JA,COL_GROUP_NAME_EN,FULL_COL_GROUP_NAME_JA,FULL_COL_GROUP_NAME_EN,NOTE,DISUSE_FLAG,LAST_UPDATE_TIMESTAMP,LAST_UPDATE_USER) VALUES('11010704',NULL,'作業後','After Work','作業後','After Work',NULL,'0',_____DATE_____,1);
INSERT INTO T_COMN_COLUMN_GROUP_JNL (JOURNAL_SEQ_NO,JOURNAL_REG_DATETIME,JOURNAL_ACTION_CLASS,COL_GROUP_ID,PA_COL_GROUP_ID,COL_GROUP_NAME_JA,COL_GROUP_NAME_EN,FULL_COL_GROUP_NAME_JA,FULL_COL_GROUP_NAME_EN,NOTE,DISUSE_FLAG,LAST_UPDATE_TIMESTAMP,LAST_UPDATE_USER) VALUES(11010704,_____DATE_____,'INSERT','11010704',NULL,'作業後','After Work','作業後','After Work',NULL,'0',_____DATE_____,1);
INSERT INTO T_COMN_COLUMN_GROUP (COL_GROUP_ID,PA_COL_GROUP_ID,COL_GROUP_NAME_JA,COL_GROUP_NAME_EN,FULL_COL_GROUP_NAME_JA,FULL_COL_GROUP_NAME_EN,NOTE,DISUSE_FLAG,LAST_UPDATE_TIMESTAMP,LAST_UPDATE_USER) VALUES('11010705',NULL,'結論ラベル','Conclusion Label','結論ラベル','Conclusion Label',NULL,'0',_____DATE_____,1);
INSERT INTO T_COMN_COLUMN_GROUP_JNL (JOURNAL_SEQ_NO,JOURNAL_REG_DATETIME,JOURNAL_ACTION_CLASS,COL_GROUP_ID,PA_COL_GROUP_ID,COL_GROUP_NAME_JA,COL_GROUP_NAME_EN,FULL_COL_GROUP_NAME_JA,FULL_COL_GROUP_NAME_EN,NOTE,DISUSE_FLAG,LAST_UPDATE_TIMESTAMP,LAST_UPDATE_USER) VALUES(11010705,_____DATE_____,'INSERT','11010705',NULL,'結論ラベル','Conclusion Label','結論ラベル','Conclusion Label',NULL,'0',_____DATE_____,1);
INSERT INTO T_COMN_COLUMN_GROUP (COL_GROUP_ID,PA_COL_GROUP_ID,COL_GROUP_NAME_JA,COL_GROUP_NAME_EN,FULL_COL_GROUP_NAME_JA,FULL_COL_GROUP_NAME_EN,NOTE,DISUSE_FLAG,LAST_UPDATE_TIMESTAMP,LAST_UPDATE_USER) VALUES('11010101',NULL,'認証情報','Authentication method','認証情報','Authentication method',NULL,'0',_____DATE_____,1);
INSERT INTO T_COMN_COLUMN_GROUP_JNL (JOURNAL_SEQ_NO,JOURNAL_REG_DATETIME,JOURNAL_ACTION_CLASS,COL_GROUP_ID,PA_COL_GROUP_ID,COL_GROUP_NAME_JA,COL_GROUP_NAME_EN,FULL_COL_GROUP_NAME_JA,FULL_COL_GROUP_NAME_EN,NOTE,DISUSE_FLAG,LAST_UPDATE_TIMESTAMP,LAST_UPDATE_USER) VALUES(11010101,_____DATE_____,'INSERT','11010101',NULL,'認証情報','Authentication method','認証情報','Authentication method',NULL,'0',_____DATE_____,1);

INSERT INTO T_COMN_COLUMN_CLASS (COLUMN_CLASS_ID,COLUMN_CLASS_NAME,COLUMN_CLASS_DISP_NAME_JA,COLUMN_CLASS_DISP_NAME_EN,MENU_CREATE_TARGET_FLAG,DISP_SEQ,NOTE,DISUSE_FLAG,LAST_UPDATE_TIMESTAMP,LAST_UPDATE_USER) VALUES(28,'NotificationIDColumn','プルダウン選択(通知先複数選択)','Pulldown selection(Multiple notification)','0',280,NULL,'0',_____DATE_____,1);
INSERT INTO T_COMN_COLUMN_CLASS (COLUMN_CLASS_ID,COLUMN_CLASS_NAME,COLUMN_CLASS_DISP_NAME_JA,COLUMN_CLASS_DISP_NAME_EN,MENU_CREATE_TARGET_FLAG,DISP_SEQ,NOTE,DISUSE_FLAG,LAST_UPDATE_TIMESTAMP,LAST_UPDATE_USER) VALUES(29,'ColorCodeColumn','カラーコード','ColorCode','0',290,NULL,'0',_____DATE_____,1);
INSERT INTO T_COMN_COLUMN_CLASS (COLUMN_CLASS_ID,COLUMN_CLASS_NAME,COLUMN_CLASS_DISP_NAME_JA,COLUMN_CLASS_DISP_NAME_EN,MENU_CREATE_TARGET_FLAG,DISP_SEQ,NOTE,DISUSE_FLAG,LAST_UPDATE_TIMESTAMP,LAST_UPDATE_USER) VALUES(30,'FilterConditionSettingColumn','個別ダイアログ(フィルタ条件設定)','Individual dialog(Filter condition settings)','0',300,NULL,'0',_____DATE_____,1);
INSERT INTO T_COMN_COLUMN_CLASS (COLUMN_CLASS_ID,COLUMN_CLASS_NAME,COLUMN_CLASS_DISP_NAME_JA,COLUMN_CLASS_DISP_NAME_EN,MENU_CREATE_TARGET_FLAG,DISP_SEQ,NOTE,DISUSE_FLAG,LAST_UPDATE_TIMESTAMP,LAST_UPDATE_USER) VALUES(31,'ConclusionEventSettingColumn','個別ダイアログ(結論イベント設定)','Individual dialog(Conclusion event settings)','0',310,NULL,'0',_____DATE_____,1);

INSERT INTO T_COMN_SHEET_TYPE (SHEET_TYPE_NAME_ID,SHEET_TYPE_NAME_JA,SHEET_TYPE_NAME_EN,MENU_CREATE_TARGET_FLAG,DISP_SEQ,NOTE,DISUSE_FLAG,LAST_UPDATE_TIMESTAMP,LAST_UPDATE_USER) VALUES(26,'データシート（NoSQL）','Data Sheet(NoSQL)','0',26,NULL,'0',_____DATE_____,1);
INSERT INTO T_COMN_SHEET_TYPE (SHEET_TYPE_NAME_ID,SHEET_TYPE_NAME_JA,SHEET_TYPE_NAME_EN,MENU_CREATE_TARGET_FLAG,DISP_SEQ,NOTE,DISUSE_FLAG,LAST_UPDATE_TIMESTAMP,LAST_UPDATE_USER) VALUES(27,'イベントフロー','Event flow','0',27,NULL,'0',_____DATE_____,1);

INSERT INTO T_COMN_BACKYARD_USER (USER_ID,USER_NAME_JA,USER_NAME_EN,NOTE,DISUSE_FLAG,LAST_UPDATE_TIMESTAMP,LAST_UPDATE_USER) VALUES(110102,'OASEルールマッチング機能','OASE Conclusion function',NULL,'0',_____DATE_____,1);

