-- ------------------------------------------------------------
-- T_ANSC_LOGIN_AUTH_TYPE: UPDATE
-- ------------------------------------------------------------
-- - 証明書認証(winrm)を追加
NSERT INTO T_ANSC_LOGIN_AUTH_TYPE (LOGIN_AUTH_TYPE_ID,LOGIN_AUTH_TYPE_NAME_JA,LOGIN_AUTH_TYPE_NAME_EN,DISP_SEQ,NOTE,DISUSE_FLAG,LAST_UPDATE_TIMESTAMP,LAST_UPDATE_USER) VALUES('6','証明書認証(winrm)','Certificate authentication (winrm)',6,NULL,'0',_____DATE_____,1);

-- ------------------------------------------------------------
-- T_COMN_MENU_COLUMN_LINK: UPDATE
-- ------------------------------------------------------------
-- - T_ANSC_DEVICE: COLUMN UPDATE
-- - サーバー証明書:WINRM_SSL_CA_FILEを削除
-- - winrm公開鍵ファイル:WINRM_CERT_PEM_FILEを追加
-- - winrm秘密鍵ファイル:WINRM_CERT_KEY_PEM_FILEを追加
-- - VALIDATE_OPTIONのupload_max_size削除
DELETE FROM T_COMN_MENU_COLUMN_LINK WHERE COLUMN_DEFINITION_ID in ('2010112',
                                                                   '2010113',
                                                                   '2010114',
                                                                   '2010115',
                                                                   '2010116',
                                                                   '2010117',
                                                                   '2010118',
                                                                   '2010119',
                                                                   '2010120',
                                                                   '2010121',
                                                                   '2010122',
                                                                   '2010123');
DELETE FROM T_COMN_MENU_COLUMN_LINK_JNL WHERE COLUMN_DEFINITION_ID in ("2010112",
                                                                       '2010113',
                                                                       '2010114',
                                                                       '2010115',
                                                                       '2010116',
                                                                       '2010117',
                                                                       '2010118',
                                                                       '2010119',
                                                                       '2010120',
                                                                       '2010121',
                                                                       '2010122',
                                                                       '2010123');

INSERT INTO T_COMN_MENU_COLUMN_LINK (COLUMN_DEFINITION_ID,MENU_ID,COLUMN_NAME_JA,COLUMN_NAME_EN,COLUMN_NAME_REST,COL_GROUP_ID,COLUMN_CLASS,COLUMN_DISP_SEQ,REF_TABLE_NAME,REF_PKEY_NAME,REF_COL_NAME,REF_SORT_CONDITIONS,REF_MULTI_LANG,REFERENCE_ITEM,SENSITIVE_COL_NAME,FILE_UPLOAD_PLACE,BUTTON_ACTION,COL_NAME,SAVE_TYPE,AUTO_INPUT,INPUT_ITEM,VIEW_ITEM,UNIQUE_ITEM,REQUIRED_ITEM,AUTOREG_HIDE_ITEM,AUTOREG_ONLY_ITEM,INITIAL_VALUE,VALIDATE_OPTION,VALIDATE_REG_EXP,BEFORE_VALIDATE_REGISTER,AFTER_VALIDATE_REGISTER,DESCRIPTION_JA,DESCRIPTION_EN,NOTE,DISUSE_FLAG,LAST_UPDATE_TIMESTAMP,LAST_UPDATE_USER) VALUES('2010112','20101','winrm公開鍵ファイル','winrm public key file','winrm_public_key_file','2010105','20',120,NULL,NULL,NULL,NULL,'0',NULL,NULL,NULL,NULL,'WINRM_CERT_PEM_FILE',NULL,'0','1','1','0','0','1','0',NULL,NULL,NULL,NULL,NULL,'WindowsServerに証明書認証でWinRM接続する場合の公開鍵ファイル「ansible_winrm_cert_pem」を入力します。
Pythonのバージョンが2.7以降で証明書の検証を行わない場合、インベントリファイル追加オプションに下記のパラメータを入力して下さい。
    ansible_winrm_server_cert_validation: ignore','Enter the public key file "ansible_winrm_cert_pem" when connecting to Windows Server with WinRM using certificate authentication.
If the Python version is 2.7 or later and certificate verification is not performed, enter the following parameters in the inventory file addition option.

    ansible_winrm_server_cert_validation=ignore',NULL,'0',_____DATE_____,1);
INSERT INTO T_COMN_MENU_COLUMN_LINK_JNL (JOURNAL_SEQ_NO,JOURNAL_REG_DATETIME,JOURNAL_ACTION_CLASS,COLUMN_DEFINITION_ID,MENU_ID,COLUMN_NAME_JA,COLUMN_NAME_EN,COLUMN_NAME_REST,COL_GROUP_ID,COLUMN_CLASS,COLUMN_DISP_SEQ,REF_TABLE_NAME,REF_PKEY_NAME,REF_COL_NAME,REF_SORT_CONDITIONS,REF_MULTI_LANG,REFERENCE_ITEM,SENSITIVE_COL_NAME,FILE_UPLOAD_PLACE,BUTTON_ACTION,COL_NAME,SAVE_TYPE,AUTO_INPUT,INPUT_ITEM,VIEW_ITEM,UNIQUE_ITEM,REQUIRED_ITEM,AUTOREG_HIDE_ITEM,AUTOREG_ONLY_ITEM,INITIAL_VALUE,VALIDATE_OPTION,VALIDATE_REG_EXP,BEFORE_VALIDATE_REGISTER,AFTER_VALIDATE_REGISTER,DESCRIPTION_JA,DESCRIPTION_EN,NOTE,DISUSE_FLAG,LAST_UPDATE_TIMESTAMP,LAST_UPDATE_USER) VALUES(2010112,_____DATE_____,'INSERT','2010112','20101','winrm公開鍵ファイル','winrm public key file','winrm_public_key_file','2010105','20',120,NULL,NULL,NULL,NULL,'0',NULL,NULL,NULL,NULL,'WINRM_CERT_PEM_FILE',NULL,'0','1','1','0','0','1','0',NULL,NULL,NULL,NULL,NULL,'WindowsServerに証明書認証でWinRM接続する場合の公開鍵ファイル「ansible_winrm_cert_pem」を入力します。
Pythonのバージョンが2.7以降で証明書の検証を行わない場合、インベントリファイル追加オプションに下記のパラメータを入力して下さい。
    ansible_winrm_server_cert_validation: ignore','Enter the public key file "ansible_winrm_cert_pem" when connecting to Windows Server with WinRM using certificate authentication.
If the Python version is 2.7 or later and certificate verification is not performed, enter the following parameters in the inventory file addition option.

    ansible_winrm_server_cert_validation=ignore',NULL,'0',_____DATE_____,1);
INSERT INTO T_COMN_MENU_COLUMN_LINK (COLUMN_DEFINITION_ID,MENU_ID,COLUMN_NAME_JA,COLUMN_NAME_EN,COLUMN_NAME_REST,COL_GROUP_ID,COLUMN_CLASS,COLUMN_DISP_SEQ,REF_TABLE_NAME,REF_PKEY_NAME,REF_COL_NAME,REF_SORT_CONDITIONS,REF_MULTI_LANG,REFERENCE_ITEM,SENSITIVE_COL_NAME,FILE_UPLOAD_PLACE,BUTTON_ACTION,COL_NAME,SAVE_TYPE,AUTO_INPUT,INPUT_ITEM,VIEW_ITEM,UNIQUE_ITEM,REQUIRED_ITEM,AUTOREG_HIDE_ITEM,AUTOREG_ONLY_ITEM,INITIAL_VALUE,VALIDATE_OPTION,VALIDATE_REG_EXP,BEFORE_VALIDATE_REGISTER,AFTER_VALIDATE_REGISTER,DESCRIPTION_JA,DESCRIPTION_EN,NOTE,DISUSE_FLAG,LAST_UPDATE_TIMESTAMP,LAST_UPDATE_USER) VALUES('2010113','20101','winrm秘密鍵ファイル','winrm private key file','winrm_private_key_file','2010105','20',130,NULL,NULL,NULL,NULL,'0',NULL,NULL,NULL,NULL,'WINRM_CERT_KEY_PEM_FILE',NULL,'0','1','1','0','0','1','0',NULL,NULL,NULL,NULL,NULL,'WindowsServerに証明書認証でWinRM接続する場合の秘密鍵ファイル「ansible_winrm_cert_key_pem」を入力します。
Pythonのバージョンが2.7以降で証明書の検証を行わない場合、インベントリファイル追加オプションに下記のパラメータを入力して下さい。
    ansible_winrm_server_cert_validation: ignore','Enter the private key file "ansible_winrm_cert_key_pem" when connecting WinRM to Windows Server using certificate authentication.
If the Python version is 2.7 or later and certificate verification is not performed, enter the following parameters in the inventory file addition option.

    ansible_winrm_server_cert_validation=ignore',NULL,'0',_____DATE_____,1);
INSERT INTO T_COMN_MENU_COLUMN_LINK_JNL (JOURNAL_SEQ_NO,JOURNAL_REG_DATETIME,JOURNAL_ACTION_CLASS,COLUMN_DEFINITION_ID,MENU_ID,COLUMN_NAME_JA,COLUMN_NAME_EN,COLUMN_NAME_REST,COL_GROUP_ID,COLUMN_CLASS,COLUMN_DISP_SEQ,REF_TABLE_NAME,REF_PKEY_NAME,REF_COL_NAME,REF_SORT_CONDITIONS,REF_MULTI_LANG,REFERENCE_ITEM,SENSITIVE_COL_NAME,FILE_UPLOAD_PLACE,BUTTON_ACTION,COL_NAME,SAVE_TYPE,AUTO_INPUT,INPUT_ITEM,VIEW_ITEM,UNIQUE_ITEM,REQUIRED_ITEM,AUTOREG_HIDE_ITEM,AUTOREG_ONLY_ITEM,INITIAL_VALUE,VALIDATE_OPTION,VALIDATE_REG_EXP,BEFORE_VALIDATE_REGISTER,AFTER_VALIDATE_REGISTER,DESCRIPTION_JA,DESCRIPTION_EN,NOTE,DISUSE_FLAG,LAST_UPDATE_TIMESTAMP,LAST_UPDATE_USER) VALUES(2010113,_____DATE_____,'INSERT','2010113','20101','winrm秘密鍵ファイル','winrm private key file','winrm_private_key_file','2010105','20',130,NULL,NULL,NULL,NULL,'0',NULL,NULL,NULL,NULL,'WINRM_CERT_KEY_PEM_FILE',NULL,'0','1','1','0','0','1','0',NULL,NULL,NULL,NULL,NULL,'WindowsServerに証明書認証でWinRM接続する場合の秘密鍵ファイル「ansible_winrm_cert_key_pem」を入力します。
Pythonのバージョンが2.7以降で証明書の検証を行わない場合、インベントリファイル追加オプションに下記のパラメータを入力して下さい。
    ansible_winrm_server_cert_validation: ignore','Enter the private key file "ansible_winrm_cert_key_pem" when connecting WinRM to Windows Server using certificate authentication.
If the Python version is 2.7 or later and certificate verification is not performed, enter the following parameters in the inventory file addition option.

    ansible_winrm_server_cert_validation=ignore',NULL,'0',_____DATE_____,1);
INSERT INTO T_COMN_MENU_COLUMN_LINK (COLUMN_DEFINITION_ID,MENU_ID,COLUMN_NAME_JA,COLUMN_NAME_EN,COLUMN_NAME_REST,COL_GROUP_ID,COLUMN_CLASS,COLUMN_DISP_SEQ,REF_TABLE_NAME,REF_PKEY_NAME,REF_COL_NAME,REF_SORT_CONDITIONS,REF_MULTI_LANG,REFERENCE_ITEM,SENSITIVE_COL_NAME,FILE_UPLOAD_PLACE,BUTTON_ACTION,COL_NAME,SAVE_TYPE,AUTO_INPUT,INPUT_ITEM,VIEW_ITEM,UNIQUE_ITEM,REQUIRED_ITEM,AUTOREG_HIDE_ITEM,AUTOREG_ONLY_ITEM,INITIAL_VALUE,VALIDATE_OPTION,VALIDATE_REG_EXP,BEFORE_VALIDATE_REGISTER,AFTER_VALIDATE_REGISTER,DESCRIPTION_JA,DESCRIPTION_EN,NOTE,DISUSE_FLAG,LAST_UPDATE_TIMESTAMP,LAST_UPDATE_USER) VALUES('2010114','20101','プロトコル','Protocol','protocol','2010106','7',140,'T_ANSC_PIONEER_PROTOCOL_TYPE','PROTOCOL_ID','PROTOCOL_NAME',NULL,'0',NULL,NULL,NULL,NULL,'PROTOCOL_ID',NULL,'0','1','1','0','0','1','0',NULL,NULL,NULL,NULL,NULL,'Ansible-Pioneerにて機器ログインする際のプロトコルです。','Protocol for device login through Ansible-Pioneer.',NULL,'0',_____DATE_____,1);
INSERT INTO T_COMN_MENU_COLUMN_LINK_JNL (JOURNAL_SEQ_NO,JOURNAL_REG_DATETIME,JOURNAL_ACTION_CLASS,COLUMN_DEFINITION_ID,MENU_ID,COLUMN_NAME_JA,COLUMN_NAME_EN,COLUMN_NAME_REST,COL_GROUP_ID,COLUMN_CLASS,COLUMN_DISP_SEQ,REF_TABLE_NAME,REF_PKEY_NAME,REF_COL_NAME,REF_SORT_CONDITIONS,REF_MULTI_LANG,REFERENCE_ITEM,SENSITIVE_COL_NAME,FILE_UPLOAD_PLACE,BUTTON_ACTION,COL_NAME,SAVE_TYPE,AUTO_INPUT,INPUT_ITEM,VIEW_ITEM,UNIQUE_ITEM,REQUIRED_ITEM,AUTOREG_HIDE_ITEM,AUTOREG_ONLY_ITEM,INITIAL_VALUE,VALIDATE_OPTION,VALIDATE_REG_EXP,BEFORE_VALIDATE_REGISTER,AFTER_VALIDATE_REGISTER,DESCRIPTION_JA,DESCRIPTION_EN,NOTE,DISUSE_FLAG,LAST_UPDATE_TIMESTAMP,LAST_UPDATE_USER) VALUES(2010114,_____DATE_____,'INSERT','2010114','20101','プロトコル','Protocol','protocol','2010106','7',140,'T_ANSC_PIONEER_PROTOCOL_TYPE','PROTOCOL_ID','PROTOCOL_NAME',NULL,'0',NULL,NULL,NULL,NULL,'PROTOCOL_ID',NULL,'0','1','1','0','0','1','0',NULL,NULL,NULL,NULL,NULL,'Ansible-Pioneerにて機器ログインする際のプロトコルです。','Protocol for device login through Ansible-Pioneer.',NULL,'0',_____DATE_____,1);
INSERT INTO T_COMN_MENU_COLUMN_LINK (COLUMN_DEFINITION_ID,MENU_ID,COLUMN_NAME_JA,COLUMN_NAME_EN,COLUMN_NAME_REST,COL_GROUP_ID,COLUMN_CLASS,COLUMN_DISP_SEQ,REF_TABLE_NAME,REF_PKEY_NAME,REF_COL_NAME,REF_SORT_CONDITIONS,REF_MULTI_LANG,REFERENCE_ITEM,SENSITIVE_COL_NAME,FILE_UPLOAD_PLACE,BUTTON_ACTION,COL_NAME,SAVE_TYPE,AUTO_INPUT,INPUT_ITEM,VIEW_ITEM,UNIQUE_ITEM,REQUIRED_ITEM,AUTOREG_HIDE_ITEM,AUTOREG_ONLY_ITEM,INITIAL_VALUE,VALIDATE_OPTION,VALIDATE_REG_EXP,BEFORE_VALIDATE_REGISTER,AFTER_VALIDATE_REGISTER,DESCRIPTION_JA,DESCRIPTION_EN,NOTE,DISUSE_FLAG,LAST_UPDATE_TIMESTAMP,LAST_UPDATE_USER) VALUES('2010115','20101','OS種別','OS type','os_type','2010106','7',150,'T_ANSP_OS_TYPE','OS_TYPE_ID','OS_TYPE_NAME',NULL,'0',NULL,NULL,NULL,NULL,'OS_TYPE_ID',NULL,'0','1','1','0','0','1','0',NULL,NULL,NULL,NULL,NULL,'Ansible-Pioneerにて対象機器のOS種別ごとに対話ファイルを使い分けるために利用します。','Used for different dialog files based on OS type of device in Ansible-Pioneer.',NULL,'0',_____DATE_____,1);
INSERT INTO T_COMN_MENU_COLUMN_LINK_JNL (JOURNAL_SEQ_NO,JOURNAL_REG_DATETIME,JOURNAL_ACTION_CLASS,COLUMN_DEFINITION_ID,MENU_ID,COLUMN_NAME_JA,COLUMN_NAME_EN,COLUMN_NAME_REST,COL_GROUP_ID,COLUMN_CLASS,COLUMN_DISP_SEQ,REF_TABLE_NAME,REF_PKEY_NAME,REF_COL_NAME,REF_SORT_CONDITIONS,REF_MULTI_LANG,REFERENCE_ITEM,SENSITIVE_COL_NAME,FILE_UPLOAD_PLACE,BUTTON_ACTION,COL_NAME,SAVE_TYPE,AUTO_INPUT,INPUT_ITEM,VIEW_ITEM,UNIQUE_ITEM,REQUIRED_ITEM,AUTOREG_HIDE_ITEM,AUTOREG_ONLY_ITEM,INITIAL_VALUE,VALIDATE_OPTION,VALIDATE_REG_EXP,BEFORE_VALIDATE_REGISTER,AFTER_VALIDATE_REGISTER,DESCRIPTION_JA,DESCRIPTION_EN,NOTE,DISUSE_FLAG,LAST_UPDATE_TIMESTAMP,LAST_UPDATE_USER) VALUES(2010115,_____DATE_____,'INSERT','2010115','20101','OS種別','OS type','os_type','2010106','7',150,'T_ANSP_OS_TYPE','OS_TYPE_ID','OS_TYPE_NAME',NULL,'0',NULL,NULL,NULL,NULL,'OS_TYPE_ID',NULL,'0','1','1','0','0','1','0',NULL,NULL,NULL,NULL,NULL,'Ansible-Pioneerにて対象機器のOS種別ごとに対話ファイルを使い分けるために利用します。','Used for different dialog files based on OS type of device in Ansible-Pioneer.',NULL,'0',_____DATE_____,1);
INSERT INTO T_COMN_MENU_COLUMN_LINK (COLUMN_DEFINITION_ID,MENU_ID,COLUMN_NAME_JA,COLUMN_NAME_EN,COLUMN_NAME_REST,COL_GROUP_ID,COLUMN_CLASS,COLUMN_DISP_SEQ,REF_TABLE_NAME,REF_PKEY_NAME,REF_COL_NAME,REF_SORT_CONDITIONS,REF_MULTI_LANG,REFERENCE_ITEM,SENSITIVE_COL_NAME,FILE_UPLOAD_PLACE,BUTTON_ACTION,COL_NAME,SAVE_TYPE,AUTO_INPUT,INPUT_ITEM,VIEW_ITEM,UNIQUE_ITEM,REQUIRED_ITEM,AUTOREG_HIDE_ITEM,AUTOREG_ONLY_ITEM,INITIAL_VALUE,VALIDATE_OPTION,VALIDATE_REG_EXP,BEFORE_VALIDATE_REGISTER,AFTER_VALIDATE_REGISTER,DESCRIPTION_JA,DESCRIPTION_EN,NOTE,DISUSE_FLAG,LAST_UPDATE_TIMESTAMP,LAST_UPDATE_USER) VALUES('2010116','20101','LANG','LANG','lang','2010106','7',160,'T_ANSC_PIONEER_LANG','ID','NAME',NULL,'0',NULL,NULL,NULL,NULL,'PIONEER_LANG_ID',NULL,'0','1','1','0','0','1','0',NULL,NULL,NULL,NULL,NULL,'Pioneerの対話ファイルを実行する際の文字エンコード(LANG)を選択します。 空白の場合はutf-8扱いとなります。','Select the character encoding (LANG) when executing the Pioneer dialog file. If it is blank, it will be treated as utf-8.',NULL,'0',_____DATE_____,1);
INSERT INTO T_COMN_MENU_COLUMN_LINK_JNL (JOURNAL_SEQ_NO,JOURNAL_REG_DATETIME,JOURNAL_ACTION_CLASS,COLUMN_DEFINITION_ID,MENU_ID,COLUMN_NAME_JA,COLUMN_NAME_EN,COLUMN_NAME_REST,COL_GROUP_ID,COLUMN_CLASS,COLUMN_DISP_SEQ,REF_TABLE_NAME,REF_PKEY_NAME,REF_COL_NAME,REF_SORT_CONDITIONS,REF_MULTI_LANG,REFERENCE_ITEM,SENSITIVE_COL_NAME,FILE_UPLOAD_PLACE,BUTTON_ACTION,COL_NAME,SAVE_TYPE,AUTO_INPUT,INPUT_ITEM,VIEW_ITEM,UNIQUE_ITEM,REQUIRED_ITEM,AUTOREG_HIDE_ITEM,AUTOREG_ONLY_ITEM,INITIAL_VALUE,VALIDATE_OPTION,VALIDATE_REG_EXP,BEFORE_VALIDATE_REGISTER,AFTER_VALIDATE_REGISTER,DESCRIPTION_JA,DESCRIPTION_EN,NOTE,DISUSE_FLAG,LAST_UPDATE_TIMESTAMP,LAST_UPDATE_USER) VALUES(2010116,_____DATE_____,'INSERT','2010116','20101','LANG','LANG','lang','2010106','7',160,'T_ANSC_PIONEER_LANG','ID','NAME',NULL,'0',NULL,NULL,NULL,NULL,'PIONEER_LANG_ID',NULL,'0','1','1','0','0','1','0',NULL,NULL,NULL,NULL,NULL,'Pioneerの対話ファイルを実行する際の文字エンコード(LANG)を選択します。 空白の場合はutf-8扱いとなります。','Select the character encoding (LANG) when executing the Pioneer dialog file. If it is blank, it will be treated as utf-8.',NULL,'0',_____DATE_____,1);
INSERT INTO T_COMN_MENU_COLUMN_LINK (COLUMN_DEFINITION_ID,MENU_ID,COLUMN_NAME_JA,COLUMN_NAME_EN,COLUMN_NAME_REST,COL_GROUP_ID,COLUMN_CLASS,COLUMN_DISP_SEQ,REF_TABLE_NAME,REF_PKEY_NAME,REF_COL_NAME,REF_SORT_CONDITIONS,REF_MULTI_LANG,REFERENCE_ITEM,SENSITIVE_COL_NAME,FILE_UPLOAD_PLACE,BUTTON_ACTION,COL_NAME,SAVE_TYPE,AUTO_INPUT,INPUT_ITEM,VIEW_ITEM,UNIQUE_ITEM,REQUIRED_ITEM,AUTOREG_HIDE_ITEM,AUTOREG_ONLY_ITEM,INITIAL_VALUE,VALIDATE_OPTION,VALIDATE_REG_EXP,BEFORE_VALIDATE_REGISTER,AFTER_VALIDATE_REGISTER,DESCRIPTION_JA,DESCRIPTION_EN,NOTE,DISUSE_FLAG,LAST_UPDATE_TIMESTAMP,LAST_UPDATE_USER) VALUES('2010117','20101','接続オプション','Connection options','connection_options','1020201','1',170,NULL,NULL,NULL,NULL,'0',NULL,NULL,NULL,NULL,'SSH_EXTRA_ARGS',NULL,'0','1','1','0','0','1','0',NULL,'{
"min_length": 0,
"max_length": 4000
}',NULL,NULL,NULL,'プロトコルがsshの場合
/etc/ansible/ansible.cfgのssh_argsに設定しているsshオプション以外のオプションを設定したい場合>、設定したいオプションを入力します。
(例)
    sshコンフィグファイルを指定する場合
      -F /root/.ssh/ssh_config

プロトコルがtelnetの場合
telnet接続時のオプションを設定したい場合、設定したいオプションを入力します。
(例)
    ポート番号を11123に指定する場合
      11123','When the protocol is ssh
To set options other than the ssh option set in ssh_args in /etc/ansible/ansible.cfg, specify the desired options.
(Example)
    To specify the ssh config file.
      -F /root/.ssh/ssh_config

When the protocol is telnet
To set options for telnet connections, specify the desired options.
(Example)
    To specify 11123 as the port number.
      11123',NULL,'0',_____DATE_____,1);
INSERT INTO T_COMN_MENU_COLUMN_LINK_JNL (JOURNAL_SEQ_NO,JOURNAL_REG_DATETIME,JOURNAL_ACTION_CLASS,COLUMN_DEFINITION_ID,MENU_ID,COLUMN_NAME_JA,COLUMN_NAME_EN,COLUMN_NAME_REST,COL_GROUP_ID,COLUMN_CLASS,COLUMN_DISP_SEQ,REF_TABLE_NAME,REF_PKEY_NAME,REF_COL_NAME,REF_SORT_CONDITIONS,REF_MULTI_LANG,REFERENCE_ITEM,SENSITIVE_COL_NAME,FILE_UPLOAD_PLACE,BUTTON_ACTION,COL_NAME,SAVE_TYPE,AUTO_INPUT,INPUT_ITEM,VIEW_ITEM,UNIQUE_ITEM,REQUIRED_ITEM,AUTOREG_HIDE_ITEM,AUTOREG_ONLY_ITEM,INITIAL_VALUE,VALIDATE_OPTION,VALIDATE_REG_EXP,BEFORE_VALIDATE_REGISTER,AFTER_VALIDATE_REGISTER,DESCRIPTION_JA,DESCRIPTION_EN,NOTE,DISUSE_FLAG,LAST_UPDATE_TIMESTAMP,LAST_UPDATE_USER) VALUES(2010117,_____DATE_____,'INSERT','2010117','20101','接続オプション','Connection options','connection_options','1020201','1',170,NULL,NULL,NULL,NULL,'0',NULL,NULL,NULL,NULL,'SSH_EXTRA_ARGS',NULL,'0','1','1','0','0','1','0',NULL,'{
"min_length": 0,
"max_length": 4000
}',NULL,NULL,NULL,'プロトコルがsshの場合
/etc/ansible/ansible.cfgのssh_argsに設定しているsshオプション以外のオプションを設定したい場合>、設定したいオプションを入力します。
(例)
    sshコンフィグファイルを指定する場合
      -F /root/.ssh/ssh_config

プロトコルがtelnetの場合
telnet接続時のオプションを設定したい場合、設定したいオプションを入力します。
(例)
    ポート番号を11123に指定する場合
      11123','When the protocol is ssh
To set options other than the ssh option set in ssh_args in /etc/ansible/ansible.cfg, specify the desired options.
(Example)
    To specify the ssh config file.
      -F /root/.ssh/ssh_config

When the protocol is telnet
To set options for telnet connections, specify the desired options.
(Example)
    To specify 11123 as the port number.
      11123',NULL,'0',_____DATE_____,1);
INSERT INTO T_COMN_MENU_COLUMN_LINK (COLUMN_DEFINITION_ID,MENU_ID,COLUMN_NAME_JA,COLUMN_NAME_EN,COLUMN_NAME_REST,COL_GROUP_ID,COLUMN_CLASS,COLUMN_DISP_SEQ,REF_TABLE_NAME,REF_PKEY_NAME,REF_COL_NAME,REF_SORT_CONDITIONS,REF_MULTI_LANG,REFERENCE_ITEM,SENSITIVE_COL_NAME,FILE_UPLOAD_PLACE,BUTTON_ACTION,COL_NAME,SAVE_TYPE,AUTO_INPUT,INPUT_ITEM,VIEW_ITEM,UNIQUE_ITEM,REQUIRED_ITEM,AUTOREG_HIDE_ITEM,AUTOREG_ONLY_ITEM,INITIAL_VALUE,VALIDATE_OPTION,VALIDATE_REG_EXP,BEFORE_VALIDATE_REGISTER,AFTER_VALIDATE_REGISTER,DESCRIPTION_JA,DESCRIPTION_EN,NOTE,DISUSE_FLAG,LAST_UPDATE_TIMESTAMP,LAST_UPDATE_USER) VALUES('2010118','20101','インベントリファイル
追加オプション','Inventory file Additional option','inventory_file_additional_option','1020201','2',180,NULL,NULL,NULL,NULL,'0',NULL,NULL,NULL,NULL,'HOSTS_EXTRA_ARGS',NULL,'0','1','1','0','0','1','0',NULL,'{
"min_length": 0,
"max_length": 4000
}',NULL,NULL,NULL,'ITAが設定していないインベントリファイルのオプションパラメータをyaml形式で入力します。
(例)
    ansible_connection: network_cli
    ansible_network_os: nxos','Enter additional options in YAML format to set inventory file options that ITA does not set.
(Example)
    ansible_connection: network_cli
    ansible_network_os: nxos',NULL,'0',_____DATE_____,1);
INSERT INTO T_COMN_MENU_COLUMN_LINK_JNL (JOURNAL_SEQ_NO,JOURNAL_REG_DATETIME,JOURNAL_ACTION_CLASS,COLUMN_DEFINITION_ID,MENU_ID,COLUMN_NAME_JA,COLUMN_NAME_EN,COLUMN_NAME_REST,COL_GROUP_ID,COLUMN_CLASS,COLUMN_DISP_SEQ,REF_TABLE_NAME,REF_PKEY_NAME,REF_COL_NAME,REF_SORT_CONDITIONS,REF_MULTI_LANG,REFERENCE_ITEM,SENSITIVE_COL_NAME,FILE_UPLOAD_PLACE,BUTTON_ACTION,COL_NAME,SAVE_TYPE,AUTO_INPUT,INPUT_ITEM,VIEW_ITEM,UNIQUE_ITEM,REQUIRED_ITEM,AUTOREG_HIDE_ITEM,AUTOREG_ONLY_ITEM,INITIAL_VALUE,VALIDATE_OPTION,VALIDATE_REG_EXP,BEFORE_VALIDATE_REGISTER,AFTER_VALIDATE_REGISTER,DESCRIPTION_JA,DESCRIPTION_EN,NOTE,DISUSE_FLAG,LAST_UPDATE_TIMESTAMP,LAST_UPDATE_USER) VALUES(2010118,_____DATE_____,'INSERT','2010118','20101','インベントリファイル
追加オプション','Inventory file Additional option','inventory_file_additional_option','1020201','2',180,NULL,NULL,NULL,NULL,'0',NULL,NULL,NULL,NULL,'HOSTS_EXTRA_ARGS',NULL,'0','1','1','0','0','1','0',NULL,'{
"min_length": 0,
"max_length": 4000
}',NULL,NULL,NULL,'ITAが設定していないインベントリファイルのオプションパラメータをyaml形式で入力します。
(例)
    ansible_connection: network_cli
    ansible_network_os: nxos','Enter additional options in YAML format to set inventory file options that ITA does not set.
(Example)
    ansible_connection: network_cli
    ansible_network_os: nxos',NULL,'0',_____DATE_____,1);
INSERT INTO T_COMN_MENU_COLUMN_LINK (COLUMN_DEFINITION_ID,MENU_ID,COLUMN_NAME_JA,COLUMN_NAME_EN,COLUMN_NAME_REST,COL_GROUP_ID,COLUMN_CLASS,COLUMN_DISP_SEQ,REF_TABLE_NAME,REF_PKEY_NAME,REF_COL_NAME,REF_SORT_CONDITIONS,REF_MULTI_LANG,REFERENCE_ITEM,SENSITIVE_COL_NAME,FILE_UPLOAD_PLACE,BUTTON_ACTION,COL_NAME,SAVE_TYPE,AUTO_INPUT,INPUT_ITEM,VIEW_ITEM,UNIQUE_ITEM,REQUIRED_ITEM,AUTOREG_HIDE_ITEM,AUTOREG_ONLY_ITEM,INITIAL_VALUE,VALIDATE_OPTION,VALIDATE_REG_EXP,BEFORE_VALIDATE_REGISTER,AFTER_VALIDATE_REGISTER,DESCRIPTION_JA,DESCRIPTION_EN,NOTE,DISUSE_FLAG,LAST_UPDATE_TIMESTAMP,LAST_UPDATE_USER) VALUES('2010119','20101','インスタンスグループ名','Instance group name','instance_group_name','1020204','7',190,'T_ANSC_TWR_INSTANCE_GROUP','INSTANCE_GROUP_NAME','INSTANCE_GROUP_NAME',NULL,'0',NULL,NULL,NULL,NULL,'ANSTWR_INSTANCE_GROUP_NAME',NULL,'0','1','1','0','0','1','0',NULL,NULL,NULL,NULL,NULL,'Ansible Automation Controllerのインベントリに設定するインスタンスグループを指定します。','Specify the instance group to be set as the inventory of Ansible Automation Controller.',NULL,'0',_____DATE_____,1);
INSERT INTO T_COMN_MENU_COLUMN_LINK_JNL (JOURNAL_SEQ_NO,JOURNAL_REG_DATETIME,JOURNAL_ACTION_CLASS,COLUMN_DEFINITION_ID,MENU_ID,COLUMN_NAME_JA,COLUMN_NAME_EN,COLUMN_NAME_REST,COL_GROUP_ID,COLUMN_CLASS,COLUMN_DISP_SEQ,REF_TABLE_NAME,REF_PKEY_NAME,REF_COL_NAME,REF_SORT_CONDITIONS,REF_MULTI_LANG,REFERENCE_ITEM,SENSITIVE_COL_NAME,FILE_UPLOAD_PLACE,BUTTON_ACTION,COL_NAME,SAVE_TYPE,AUTO_INPUT,INPUT_ITEM,VIEW_ITEM,UNIQUE_ITEM,REQUIRED_ITEM,AUTOREG_HIDE_ITEM,AUTOREG_ONLY_ITEM,INITIAL_VALUE,VALIDATE_OPTION,VALIDATE_REG_EXP,BEFORE_VALIDATE_REGISTER,AFTER_VALIDATE_REGISTER,DESCRIPTION_JA,DESCRIPTION_EN,NOTE,DISUSE_FLAG,LAST_UPDATE_TIMESTAMP,LAST_UPDATE_USER) VALUES(2010119,_____DATE_____,'INSERT','2010119','20101','インスタンスグループ名','Instance group name','instance_group_name','1020204','7',190,'T_ANSC_TWR_INSTANCE_GROUP','INSTANCE_GROUP_NAME','INSTANCE_GROUP_NAME',NULL,'0',NULL,NULL,NULL,NULL,'ANSTWR_INSTANCE_GROUP_NAME',NULL,'0','1','1','0','0','1','0',NULL,NULL,NULL,NULL,NULL,'Ansible Automation Controllerのインベントリに設定するインスタンスグループを指定します。','Specify the instance group to be set as the inventory of Ansible Automation Controller.',NULL,'0',_____DATE_____,1);
INSERT INTO T_COMN_MENU_COLUMN_LINK (COLUMN_DEFINITION_ID,MENU_ID,COLUMN_NAME_JA,COLUMN_NAME_EN,COLUMN_NAME_REST,COL_GROUP_ID,COLUMN_CLASS,COLUMN_DISP_SEQ,REF_TABLE_NAME,REF_PKEY_NAME,REF_COL_NAME,REF_SORT_CONDITIONS,REF_MULTI_LANG,REFERENCE_ITEM,SENSITIVE_COL_NAME,FILE_UPLOAD_PLACE,BUTTON_ACTION,COL_NAME,SAVE_TYPE,AUTO_INPUT,INPUT_ITEM,VIEW_ITEM,UNIQUE_ITEM,REQUIRED_ITEM,AUTOREG_HIDE_ITEM,AUTOREG_ONLY_ITEM,INITIAL_VALUE,VALIDATE_OPTION,VALIDATE_REG_EXP,BEFORE_VALIDATE_REGISTER,AFTER_VALIDATE_REGISTER,DESCRIPTION_JA,DESCRIPTION_EN,NOTE,DISUSE_FLAG,LAST_UPDATE_TIMESTAMP,LAST_UPDATE_USER) VALUES('2010120','20101','接続タイプ','Connection type','connection_type','1020204','7',200,'T_ANSC_TWR_CREDENTIAL_TYPE','CREDENTIAL_TYPE_ID','CREDENTIAL_TYPE_NAME',NULL,'0',NULL,NULL,NULL,NULL,'CREDENTIAL_TYPE_ID',NULL,'0','1','1','0','1','1','0','1',NULL,NULL,NULL,NULL,'Ansible Automation Controller認証情報の接続タイプを設定します。通常はmachineを選択します。ansible_connectionをloclaに設定する必要があるネットワーク機器の場合にNetworkを選択します。','Sets the connection type for Ansible Automation Controller credentials. Basically, select machine. Select Network for network devices that require ansible_connection set to locla.',NULL,'0',_____DATE_____,1);
INSERT INTO T_COMN_MENU_COLUMN_LINK_JNL (JOURNAL_SEQ_NO,JOURNAL_REG_DATETIME,JOURNAL_ACTION_CLASS,COLUMN_DEFINITION_ID,MENU_ID,COLUMN_NAME_JA,COLUMN_NAME_EN,COLUMN_NAME_REST,COL_GROUP_ID,COLUMN_CLASS,COLUMN_DISP_SEQ,REF_TABLE_NAME,REF_PKEY_NAME,REF_COL_NAME,REF_SORT_CONDITIONS,REF_MULTI_LANG,REFERENCE_ITEM,SENSITIVE_COL_NAME,FILE_UPLOAD_PLACE,BUTTON_ACTION,COL_NAME,SAVE_TYPE,AUTO_INPUT,INPUT_ITEM,VIEW_ITEM,UNIQUE_ITEM,REQUIRED_ITEM,AUTOREG_HIDE_ITEM,AUTOREG_ONLY_ITEM,INITIAL_VALUE,VALIDATE_OPTION,VALIDATE_REG_EXP,BEFORE_VALIDATE_REGISTER,AFTER_VALIDATE_REGISTER,DESCRIPTION_JA,DESCRIPTION_EN,NOTE,DISUSE_FLAG,LAST_UPDATE_TIMESTAMP,LAST_UPDATE_USER) VALUES(2010120,_____DATE_____,'INSERT','2010120','20101','接続タイプ','Connection type','connection_type','1020204','7',200,'T_ANSC_TWR_CREDENTIAL_TYPE','CREDENTIAL_TYPE_ID','CREDENTIAL_TYPE_NAME',NULL,'0',NULL,NULL,NULL,NULL,'CREDENTIAL_TYPE_ID',NULL,'0','1','1','0','1','1','0','1',NULL,NULL,NULL,NULL,'Ansible Automation Controller認証情報の接続タイプを設定します。通常はmachineを選択します。ansible_connectionをloclaに設定する必要があるネットワーク機器の場合にNetworkを選択します。','Sets the connection type for Ansible Automation Controller credentials. Basically, select machine. Select Network for network devices that require ansible_connection set to locla.',NULL,'0',_____DATE_____,1);
INSERT INTO T_COMN_MENU_COLUMN_LINK (COLUMN_DEFINITION_ID,MENU_ID,COLUMN_NAME_JA,COLUMN_NAME_EN,COLUMN_NAME_REST,COL_GROUP_ID,COLUMN_CLASS,COLUMN_DISP_SEQ,REF_TABLE_NAME,REF_PKEY_NAME,REF_COL_NAME,REF_SORT_CONDITIONS,REF_MULTI_LANG,REFERENCE_ITEM,SENSITIVE_COL_NAME,FILE_UPLOAD_PLACE,BUTTON_ACTION,COL_NAME,SAVE_TYPE,AUTO_INPUT,INPUT_ITEM,VIEW_ITEM,UNIQUE_ITEM,REQUIRED_ITEM,AUTOREG_HIDE_ITEM,AUTOREG_ONLY_ITEM,INITIAL_VALUE,VALIDATE_OPTION,VALIDATE_REG_EXP,BEFORE_VALIDATE_REGISTER,AFTER_VALIDATE_REGISTER,DESCRIPTION_JA,DESCRIPTION_EN,NOTE,DISUSE_FLAG,LAST_UPDATE_TIMESTAMP,LAST_UPDATE_USER) VALUES('2010121','20101','備考','Remarks','remarks',NULL,'12',210,NULL,NULL,NULL,NULL,'0',NULL,NULL,NULL,NULL,'NOTE',NULL,'0','1','1','0','0','1','0',NULL,'{
"min_length": 0,
"max_length": 4000
}',NULL,NULL,NULL,'自由記述欄。レコードの廃止・復活時にも記載可能。','Comments section. Can comment when removing or restoring records.',NULL,'0',_____DATE_____,1);
INSERT INTO T_COMN_MENU_COLUMN_LINK_JNL (JOURNAL_SEQ_NO,JOURNAL_REG_DATETIME,JOURNAL_ACTION_CLASS,COLUMN_DEFINITION_ID,MENU_ID,COLUMN_NAME_JA,COLUMN_NAME_EN,COLUMN_NAME_REST,COL_GROUP_ID,COLUMN_CLASS,COLUMN_DISP_SEQ,REF_TABLE_NAME,REF_PKEY_NAME,REF_COL_NAME,REF_SORT_CONDITIONS,REF_MULTI_LANG,REFERENCE_ITEM,SENSITIVE_COL_NAME,FILE_UPLOAD_PLACE,BUTTON_ACTION,COL_NAME,SAVE_TYPE,AUTO_INPUT,INPUT_ITEM,VIEW_ITEM,UNIQUE_ITEM,REQUIRED_ITEM,AUTOREG_HIDE_ITEM,AUTOREG_ONLY_ITEM,INITIAL_VALUE,VALIDATE_OPTION,VALIDATE_REG_EXP,BEFORE_VALIDATE_REGISTER,AFTER_VALIDATE_REGISTER,DESCRIPTION_JA,DESCRIPTION_EN,NOTE,DISUSE_FLAG,LAST_UPDATE_TIMESTAMP,LAST_UPDATE_USER) VALUES(2010121,_____DATE_____,'INSERT','2010121','20101','備考','Remarks','remarks',NULL,'12',210,NULL,NULL,NULL,NULL,'0',NULL,NULL,NULL,NULL,'NOTE',NULL,'0','1','1','0','0','1','0',NULL,'{
"min_length": 0,
"max_length": 4000
}',NULL,NULL,NULL,'自由記述欄。レコードの廃止・復活時にも記載可能。','Comments section. Can comment when removing or restoring records.',NULL,'0',_____DATE_____,1);
INSERT INTO T_COMN_MENU_COLUMN_LINK (COLUMN_DEFINITION_ID,MENU_ID,COLUMN_NAME_JA,COLUMN_NAME_EN,COLUMN_NAME_REST,COL_GROUP_ID,COLUMN_CLASS,COLUMN_DISP_SEQ,REF_TABLE_NAME,REF_PKEY_NAME,REF_COL_NAME,REF_SORT_CONDITIONS,REF_MULTI_LANG,REFERENCE_ITEM,SENSITIVE_COL_NAME,FILE_UPLOAD_PLACE,BUTTON_ACTION,COL_NAME,SAVE_TYPE,AUTO_INPUT,INPUT_ITEM,VIEW_ITEM,UNIQUE_ITEM,REQUIRED_ITEM,AUTOREG_HIDE_ITEM,AUTOREG_ONLY_ITEM,INITIAL_VALUE,VALIDATE_OPTION,VALIDATE_REG_EXP,BEFORE_VALIDATE_REGISTER,AFTER_VALIDATE_REGISTER,DESCRIPTION_JA,DESCRIPTION_EN,NOTE,DISUSE_FLAG,LAST_UPDATE_TIMESTAMP,LAST_UPDATE_USER) VALUES('2010122','20101','廃止フラグ','Discard','discard',NULL,'1',220,NULL,NULL,NULL,NULL,'0',NULL,NULL,NULL,NULL,'DISUSE_FLAG',NULL,'1','1','1','0','1','1','0',NULL,NULL,NULL,NULL,NULL,'廃止フラグ。復活以外のオペレーションは不可','Discard flag. Cannot do operation other than restore.',NULL,'0',_____DATE_____,1);
INSERT INTO T_COMN_MENU_COLUMN_LINK_JNL (JOURNAL_SEQ_NO,JOURNAL_REG_DATETIME,JOURNAL_ACTION_CLASS,COLUMN_DEFINITION_ID,MENU_ID,COLUMN_NAME_JA,COLUMN_NAME_EN,COLUMN_NAME_REST,COL_GROUP_ID,COLUMN_CLASS,COLUMN_DISP_SEQ,REF_TABLE_NAME,REF_PKEY_NAME,REF_COL_NAME,REF_SORT_CONDITIONS,REF_MULTI_LANG,REFERENCE_ITEM,SENSITIVE_COL_NAME,FILE_UPLOAD_PLACE,BUTTON_ACTION,COL_NAME,SAVE_TYPE,AUTO_INPUT,INPUT_ITEM,VIEW_ITEM,UNIQUE_ITEM,REQUIRED_ITEM,AUTOREG_HIDE_ITEM,AUTOREG_ONLY_ITEM,INITIAL_VALUE,VALIDATE_OPTION,VALIDATE_REG_EXP,BEFORE_VALIDATE_REGISTER,AFTER_VALIDATE_REGISTER,DESCRIPTION_JA,DESCRIPTION_EN,NOTE,DISUSE_FLAG,LAST_UPDATE_TIMESTAMP,LAST_UPDATE_USER) VALUES(2010122,_____DATE_____,'INSERT','2010122','20101','廃止フラグ','Discard','discard',NULL,'1',220,NULL,NULL,NULL,NULL,'0',NULL,NULL,NULL,NULL,'DISUSE_FLAG',NULL,'1','1','1','0','1','1','0',NULL,NULL,NULL,NULL,NULL,'廃止フラグ。復活以外のオペレーションは不可','Discard flag. Cannot do operation other than restore.',NULL,'0',_____DATE_____,1);
INSERT INTO T_COMN_MENU_COLUMN_LINK (COLUMN_DEFINITION_ID,MENU_ID,COLUMN_NAME_JA,COLUMN_NAME_EN,COLUMN_NAME_REST,COL_GROUP_ID,COLUMN_CLASS,COLUMN_DISP_SEQ,REF_TABLE_NAME,REF_PKEY_NAME,REF_COL_NAME,REF_SORT_CONDITIONS,REF_MULTI_LANG,REFERENCE_ITEM,SENSITIVE_COL_NAME,FILE_UPLOAD_PLACE,BUTTON_ACTION,COL_NAME,SAVE_TYPE,AUTO_INPUT,INPUT_ITEM,VIEW_ITEM,UNIQUE_ITEM,REQUIRED_ITEM,AUTOREG_HIDE_ITEM,AUTOREG_ONLY_ITEM,INITIAL_VALUE,VALIDATE_OPTION,VALIDATE_REG_EXP,BEFORE_VALIDATE_REGISTER,AFTER_VALIDATE_REGISTER,DESCRIPTION_JA,DESCRIPTION_EN,NOTE,DISUSE_FLAG,LAST_UPDATE_TIMESTAMP,LAST_UPDATE_USER) VALUES('2010123','20101','最終更新日時','Last update date/time','last_update_date_time',NULL,'13',230,NULL,NULL,NULL,NULL,'0',NULL,NULL,NULL,NULL,'LAST_UPDATE_TIMESTAMP',NULL,'1','0','1','0','1','1','0',NULL,NULL,NULL,NULL,NULL,'レコードの最終更新日。更新可否判定に使用。自動登録のため編集不可。','Last update date of record. Useful for judging the possibility of an update. Cannot edit because of auto-numbering.',NULL,'0',_____DATE_____,1);
INSERT INTO T_COMN_MENU_COLUMN_LINK_JNL (JOURNAL_SEQ_NO,JOURNAL_REG_DATETIME,JOURNAL_ACTION_CLASS,COLUMN_DEFINITION_ID,MENU_ID,COLUMN_NAME_JA,COLUMN_NAME_EN,COLUMN_NAME_REST,COL_GROUP_ID,COLUMN_CLASS,COLUMN_DISP_SEQ,REF_TABLE_NAME,REF_PKEY_NAME,REF_COL_NAME,REF_SORT_CONDITIONS,REF_MULTI_LANG,REFERENCE_ITEM,SENSITIVE_COL_NAME,FILE_UPLOAD_PLACE,BUTTON_ACTION,COL_NAME,SAVE_TYPE,AUTO_INPUT,INPUT_ITEM,VIEW_ITEM,UNIQUE_ITEM,REQUIRED_ITEM,AUTOREG_HIDE_ITEM,AUTOREG_ONLY_ITEM,INITIAL_VALUE,VALIDATE_OPTION,VALIDATE_REG_EXP,BEFORE_VALIDATE_REGISTER,AFTER_VALIDATE_REGISTER,DESCRIPTION_JA,DESCRIPTION_EN,NOTE,DISUSE_FLAG,LAST_UPDATE_TIMESTAMP,LAST_UPDATE_USER) VALUES(2010123,_____DATE_____,'INSERT','2010123','20101','最終更新日時','Last update date/time','last_update_date_time',NULL,'13',230,NULL,NULL,NULL,NULL,'0',NULL,NULL,NULL,NULL,'LAST_UPDATE_TIMESTAMP',NULL,'1','0','1','0','1','1','0',NULL,NULL,NULL,NULL,NULL,'レコードの最終更新日。更新可否判定に使用。自動登録のため編集不可。','Last update date of record. Useful for judging the possibility of an update. Cannot edit because of auto-numbering.',NULL,'0',_____DATE_____,1);
INSERT INTO T_COMN_MENU_COLUMN_LINK (COLUMN_DEFINITION_ID,MENU_ID,COLUMN_NAME_JA,COLUMN_NAME_EN,COLUMN_NAME_REST,COL_GROUP_ID,COLUMN_CLASS,COLUMN_DISP_SEQ,REF_TABLE_NAME,REF_PKEY_NAME,REF_COL_NAME,REF_SORT_CONDITIONS,REF_MULTI_LANG,REFERENCE_ITEM,SENSITIVE_COL_NAME,FILE_UPLOAD_PLACE,BUTTON_ACTION,COL_NAME,SAVE_TYPE,AUTO_INPUT,INPUT_ITEM,VIEW_ITEM,UNIQUE_ITEM,REQUIRED_ITEM,AUTOREG_HIDE_ITEM,AUTOREG_ONLY_ITEM,INITIAL_VALUE,VALIDATE_OPTION,VALIDATE_REG_EXP,BEFORE_VALIDATE_REGISTER,AFTER_VALIDATE_REGISTER,DESCRIPTION_JA,DESCRIPTION_EN,NOTE,DISUSE_FLAG,LAST_UPDATE_TIMESTAMP,LAST_UPDATE_USER) VALUES('2010124','20101','最終更新者','Last updated by','last_updated_user',NULL,'14',240,NULL,NULL,NULL,NULL,'0',NULL,NULL,NULL,NULL,'LAST_UPDATE_USER',NULL,'1','0','1','0','1','1','0',NULL,NULL,NULL,NULL,NULL,'更新者。ログインユーザのIDが自動的に登録される。編集不可。','Updated by. Login user ID is automatically registered. Cannot edit.',NULL,'0',_____DATE_____,1);
INSERT INTO T_COMN_MENU_COLUMN_LINK_JNL (JOURNAL_SEQ_NO,JOURNAL_REG_DATETIME,JOURNAL_ACTION_CLASS,COLUMN_DEFINITION_ID,MENU_ID,COLUMN_NAME_JA,COLUMN_NAME_EN,COLUMN_NAME_REST,COL_GROUP_ID,COLUMN_CLASS,COLUMN_DISP_SEQ,REF_TABLE_NAME,REF_PKEY_NAME,REF_COL_NAME,REF_SORT_CONDITIONS,REF_MULTI_LANG,REFERENCE_ITEM,SENSITIVE_COL_NAME,FILE_UPLOAD_PLACE,BUTTON_ACTION,COL_NAME,SAVE_TYPE,AUTO_INPUT,INPUT_ITEM,VIEW_ITEM,UNIQUE_ITEM,REQUIRED_ITEM,AUTOREG_HIDE_ITEM,AUTOREG_ONLY_ITEM,INITIAL_VALUE,VALIDATE_OPTION,VALIDATE_REG_EXP,BEFORE_VALIDATE_REGISTER,AFTER_VALIDATE_REGISTER,DESCRIPTION_JA,DESCRIPTION_EN,NOTE,DISUSE_FLAG,LAST_UPDATE_TIMESTAMP,LAST_UPDATE_USER) VALUES(2010124,_____DATE_____,'INSERT','2010124','20101','最終更新者','Last updated by','last_updated_user',NULL,'14',240,NULL,NULL,NULL,NULL,'0',NULL,NULL,NULL,NULL,'LAST_UPDATE_USER',NULL,'1','0','1','0','1','1','0',NULL,NULL,NULL,NULL,NULL,'更新者。ログインユーザのIDが自動的に登録される。編集不可。','Updated by. Login user ID is automatically registered. Cannot edit.',NULL,'0',_____DATE_____,1);

UPDATE T_COMN_MENU_COLUMN_LINK SET VALIDATE_OPTION = NULL, LAST_UPDATE_TIMESTAMP = _____DATE_____ WHERE COLUMN_DEFINITION_ID = '2010108';
UPDATE T_COMN_MENU_COLUMN_LINK SET VALIDATE_OPTION = NULL, LAST_UPDATE_TIMESTAMP = _____DATE_____ WHERE COLUMN_DEFINITION_ID = '2010216';
UPDATE T_COMN_MENU_COLUMN_LINK SET VALIDATE_OPTION = NULL, LAST_UPDATE_TIMESTAMP = _____DATE_____ WHERE COLUMN_DEFINITION_ID = '2010306';
UPDATE T_COMN_MENU_COLUMN_LINK SET VALIDATE_OPTION = NULL, LAST_UPDATE_TIMESTAMP = _____DATE_____ WHERE COLUMN_DEFINITION_ID = '2010503';
UPDATE T_COMN_MENU_COLUMN_LINK SET VALIDATE_OPTION = NULL, LAST_UPDATE_TIMESTAMP = _____DATE_____ WHERE COLUMN_DEFINITION_ID = '2010603';
UPDATE T_COMN_MENU_COLUMN_LINK SET VALIDATE_OPTION = NULL, LAST_UPDATE_TIMESTAMP = _____DATE_____ WHERE COLUMN_DEFINITION_ID = '2020110';
UPDATE T_COMN_MENU_COLUMN_LINK SET VALIDATE_OPTION = NULL, LAST_UPDATE_TIMESTAMP = _____DATE_____ WHERE COLUMN_DEFINITION_ID = '2020203';
UPDATE T_COMN_MENU_COLUMN_LINK SET VALIDATE_OPTION = NULL, LAST_UPDATE_TIMESTAMP = _____DATE_____ WHERE COLUMN_DEFINITION_ID = '2020709';
UPDATE T_COMN_MENU_COLUMN_LINK SET VALIDATE_OPTION = NULL, LAST_UPDATE_TIMESTAMP = _____DATE_____ WHERE COLUMN_DEFINITION_ID = '2021016';
UPDATE T_COMN_MENU_COLUMN_LINK SET VALIDATE_OPTION = NULL, LAST_UPDATE_TIMESTAMP = _____DATE_____ WHERE COLUMN_DEFINITION_ID = '2021020';
UPDATE T_COMN_MENU_COLUMN_LINK SET VALIDATE_OPTION = NULL, LAST_UPDATE_TIMESTAMP = _____DATE_____ WHERE COLUMN_DEFINITION_ID = '2021021';
UPDATE T_COMN_MENU_COLUMN_LINK SET VALIDATE_OPTION = NULL, LAST_UPDATE_TIMESTAMP = _____DATE_____ WHERE COLUMN_DEFINITION_ID = '2021026';
UPDATE T_COMN_MENU_COLUMN_LINK SET VALIDATE_OPTION = NULL, LAST_UPDATE_TIMESTAMP = _____DATE_____ WHERE COLUMN_DEFINITION_ID = '2030110';
UPDATE T_COMN_MENU_COLUMN_LINK SET VALIDATE_OPTION = NULL, LAST_UPDATE_TIMESTAMP = _____DATE_____ WHERE COLUMN_DEFINITION_ID = '2030404';
UPDATE T_COMN_MENU_COLUMN_LINK SET VALIDATE_OPTION = NULL, LAST_UPDATE_TIMESTAMP = _____DATE_____ WHERE COLUMN_DEFINITION_ID = '2030909';
UPDATE T_COMN_MENU_COLUMN_LINK SET VALIDATE_OPTION = NULL, LAST_UPDATE_TIMESTAMP = _____DATE_____ WHERE COLUMN_DEFINITION_ID = '2031216';
UPDATE T_COMN_MENU_COLUMN_LINK SET VALIDATE_OPTION = NULL, LAST_UPDATE_TIMESTAMP = _____DATE_____ WHERE COLUMN_DEFINITION_ID = '2031220';
UPDATE T_COMN_MENU_COLUMN_LINK SET VALIDATE_OPTION = NULL, LAST_UPDATE_TIMESTAMP = _____DATE_____ WHERE COLUMN_DEFINITION_ID = '2031221';
UPDATE T_COMN_MENU_COLUMN_LINK SET VALIDATE_OPTION = NULL, LAST_UPDATE_TIMESTAMP = _____DATE_____ WHERE COLUMN_DEFINITION_ID = '2031226';
UPDATE T_COMN_MENU_COLUMN_LINK SET VALIDATE_OPTION = NULL, LAST_UPDATE_TIMESTAMP = _____DATE_____ WHERE COLUMN_DEFINITION_ID = '2040210';
UPDATE T_COMN_MENU_COLUMN_LINK SET VALIDATE_OPTION = NULL, LAST_UPDATE_TIMESTAMP = _____DATE_____ WHERE COLUMN_DEFINITION_ID = '2040303';
UPDATE T_COMN_MENU_COLUMN_LINK SET VALIDATE_OPTION = NULL, LAST_UPDATE_TIMESTAMP = _____DATE_____ WHERE COLUMN_DEFINITION_ID = '2040910';
UPDATE T_COMN_MENU_COLUMN_LINK SET VALIDATE_OPTION = NULL, LAST_UPDATE_TIMESTAMP = _____DATE_____ WHERE COLUMN_DEFINITION_ID = '2041216';
UPDATE T_COMN_MENU_COLUMN_LINK SET VALIDATE_OPTION = NULL, LAST_UPDATE_TIMESTAMP = _____DATE_____ WHERE COLUMN_DEFINITION_ID = '2041220';
UPDATE T_COMN_MENU_COLUMN_LINK SET VALIDATE_OPTION = NULL, LAST_UPDATE_TIMESTAMP = _____DATE_____ WHERE COLUMN_DEFINITION_ID = '2041221';
UPDATE T_COMN_MENU_COLUMN_LINK SET VALIDATE_OPTION = NULL, LAST_UPDATE_TIMESTAMP = _____DATE_____ WHERE COLUMN_DEFINITION_ID = '2041226';

-- ------------------------------------------------------------
-- T_COMN_MENU : UPDATE
-- ------------------------------------------------------------
-- - ソートキーの修正

UPDATE T_COMN_MENU SET SORT_KEY = '[{"ASC":"member_variables"},{"ASC":"variable_name"},{"ASC":"prefix_file_name"}]', LAST_UPDATE_TIMESTAMP = _____DATE_____ WHERE MENU_ID ='20109';
UPDATE T_COMN_MENU_JNL SET SORT_KEY = '[{"ASC":"member_variables"},{"ASC":"variable_name"},{"ASC":"prefix_file_name"}]', LAST_UPDATE_TIMESTAMP = _____DATE_____ WHERE MENU_ID ='20109';

UPDATE T_COMN_MENU SET SORT_KEY = '[{"ASC":"include_order"},{"ASC":"playbook_file"},{"ASC":"movement"}]', LAST_UPDATE_TIMESTAMP = _____DATE_____ WHERE MENU_ID ='20203';
UPDATE T_COMN_MENU_JNL SET SORT_KEY = '[{"ASC":"include_order"},{"ASC":"playbook_file"},{"ASC":"movement"}]', LAST_UPDATE_TIMESTAMP = _____DATE_____ WHERE MENU_ID ='20203';

UPDATE T_COMN_MENU SET SORT_KEY = '[{"ASC":"host"},{"ASC":"movement"},{"ASC":"operation"},{"ASC":"execution_no"},{"ASC":"last_update_date_time"}]', LAST_UPDATE_TIMESTAMP = _____DATE_____ WHERE MENU_ID ='20206';
UPDATE T_COMN_MENU_JNL SET SORT_KEY = '[{"ASC":"host"},{"ASC":"movement"},{"ASC":"operation"},{"ASC":"execution_no"},{"ASC":"last_update_date_time"}]', LAST_UPDATE_TIMESTAMP = _____DATE_____ WHERE MENU_ID ='20206';

UPDATE T_COMN_MENU SET SORT_KEY = '[{"ASC":"substitution_order"},{"ASC":"variable_name"},{"ASC":"host"},{"ASC":"operation"},{"ASC":"execution_no"},{"ASC":"last_update_date_time"}]', LAST_UPDATE_TIMESTAMP = _____DATE_____ WHERE MENU_ID ='20207';
UPDATE T_COMN_MENU_JNL SET SORT_KEY = '[{"ASC":"substitution_order"},{"ASC":"variable_name"},{"ASC":"host"},{"ASC":"operation"},{"ASC":"execution_no"},{"ASC":"last_update_date_time"}]', LAST_UPDATE_TIMESTAMP = _____DATE_____ WHERE MENU_ID ='20207';

UPDATE T_COMN_MENU SET SORT_KEY = '[{"ASC":"include_order"},{"ASC":"dialog_type"},{"ASC":"movement"}]', LAST_UPDATE_TIMESTAMP = _____DATE_____ WHERE MENU_ID ='20305';
UPDATE T_COMN_MENU_JNL SET SORT_KEY = '[{"ASC":"include_order"},{"ASC":"dialog_type"},{"ASC":"movement"}]', LAST_UPDATE_TIMESTAMP = _____DATE_____ WHERE MENU_ID ='20305';

UPDATE T_COMN_MENU SET SORT_KEY = '[{"ASC":"host"},{"ASC":"movement"},{"ASC":"operation"},{"ASC":"execution_no"},{"ASC":"last_update_date_time"}]', LAST_UPDATE_TIMESTAMP = _____DATE_____ WHERE MENU_ID ='20308';
UPDATE T_COMN_MENU_JNL SET SORT_KEY = '[{"ASC":"host"},{"ASC":"movement"},{"ASC":"operation"},{"ASC":"execution_no"},{"ASC":"last_update_date_time"}]', LAST_UPDATE_TIMESTAMP = _____DATE_____ WHERE MENU_ID ='20308';

UPDATE T_COMN_MENU SET SORT_KEY = '[{"ASC":"substitution_order"},{"ASC":"variable_name"},{"ASC":"host"},{"ASC":"operation"},{"ASC":"execution_no"},{"ASC":"last_update_date_time"}]', LAST_UPDATE_TIMESTAMP = _____DATE_____ WHERE MENU_ID ='20309';
UPDATE T_COMN_MENU_JNL SET SORT_KEY = '[{"ASC":"substitution_order"},{"ASC":"variable_name"},{"ASC":"host"},{"ASC":"operation"},{"ASC":"execution_no"},{"ASC":"last_update_date_time"}]', LAST_UPDATE_TIMESTAMP = _____DATE_____ WHERE MENU_ID ='20309';

UPDATE T_COMN_MENU SET SORT_KEY = '[{"ASC":"include_order"},{"ASC":"role_package_name_role_name"},{"ASC":"role_package_name"},{"ASC":"movement"}]', LAST_UPDATE_TIMESTAMP = _____DATE_____ WHERE MENU_ID ='20404';
UPDATE T_COMN_MENU_JNL SET SORT_KEY = '[{"ASC":"include_order"},{"ASC":"role_package_name_role_name"},{"ASC":"role_package_name"},{"ASC":"movement"}]', LAST_UPDATE_TIMESTAMP = _____DATE_____ WHERE MENU_ID ='20404';

UPDATE T_COMN_MENU SET SORT_KEY = '[{"ASC":"iteration_member_variable_name"},{"ASC":"variable_name"},{"ASC":"movement"}]', LAST_UPDATE_TIMESTAMP = _____DATE_____ WHERE MENU_ID ='20406';
UPDATE T_COMN_MENU_JNL SET SORT_KEY = '[{"ASC":"iteration_member_variable_name"},{"ASC":"variable_name"},{"ASC":"movement"}]', LAST_UPDATE_TIMESTAMP = _____DATE_____ WHERE MENU_ID ='20406';

UPDATE T_COMN_MENU SET SORT_KEY = '[{"ASC":"host"},{"ASC":"movement"},{"ASC":"operation"},{"ASC":"execution_no"},{"ASC":"last_update_date_time"}]', LAST_UPDATE_TIMESTAMP = _____DATE_____ WHERE MENU_ID ='20408';
UPDATE T_COMN_MENU_JNL SET SORT_KEY = '[{"ASC":"host"},{"ASC":"movement"},{"ASC":"operation"},{"ASC":"execution_no"},{"ASC":"last_update_date_time"}]', LAST_UPDATE_TIMESTAMP = _____DATE_____ WHERE MENU_ID ='20408';

UPDATE T_COMN_MENU SET SORT_KEY = '[{"ASC":"substitution_order"},{"ASC":"member_variable_name"},{"ASC":"variable_name"},{"ASC":"host"},{"ASC":"operation"},{"ASC":"execution_no"},{"ASC":"last_update_date_time"}]', LAST_UPDATE_TIMESTAMP = _____DATE_____ WHERE MENU_ID ='20409';
UPDATE T_COMN_MENU_JNL SET SORT_KEY = '[{"ASC":"substitution_order"},{"ASC":"member_variable_name"},{"ASC":"variable_name"},{"ASC":"host"},{"ASC":"operation"},{"ASC":"execution_no"},{"ASC":"last_update_date_time"}]', LAST_UPDATE_TIMESTAMP = _____DATE_____ WHERE MENU_ID ='20409';

UPDATE T_COMN_MENU SET SORT_KEY = '[{"ASC":"parent_variable_name"},{"ASC":"movement"}]', LAST_UPDATE_TIMESTAMP = _____DATE_____ WHERE MENU_ID ='20413';
UPDATE T_COMN_MENU_JNL SET SORT_KEY = '[{"ASC":"parent_variable_name"},{"ASC":"movement"}]', LAST_UPDATE_TIMESTAMP = _____DATE_____ WHERE MENU_ID ='20413';

UPDATE T_COMN_MENU SET SORT_KEY = '[{"ASC":"dropdown_display_member_variable"},{"ASC":"variable_name"},{"ASC":"movement"}]', LAST_UPDATE_TIMESTAMP = _____DATE_____ WHERE MENU_ID ='20414';
UPDATE T_COMN_MENU_JNL SET SORT_KEY = '[{"ASC":"dropdown_display_member_variable"},{"ASC":"variable_name"},{"ASC":"movement"}]', LAST_UPDATE_TIMESTAMP = _____DATE_____ WHERE MENU_ID ='20414';

UPDATE T_COMN_MENU SET WEB_PRINT_LIMIT = 10000, WEB_PRINT_CONFIRM = 1000 WHERE MENU_ID IN ('20101','20102','20103','20104','20105','20106','20107','20108','20109','20201','20202','20203','20204','20205','20206','20207','20208','20209',
'20210','20301','20302','20303','20304','20305','20306','20307','20308','20309','20310','20311','20312','20401','20402','20402','20403','20404','20405','20406','20407','20408','20409','20410','20411','20412','20413','20414');
UPDATE T_COMN_MENU_JNL SET WEB_PRINT_LIMIT = 10000, WEB_PRINT_CONFIRM = 1000 WHERE MENU_ID IN ('20101','20102','20103','20104','20105','20106','20107','20108','20109','20201','20202','20203','20204','20205','20206','20207','20208','20209',
'20210','20301','20302','20303','20304','20305','20306','20307','20308','20309','20310','20311','20312','20401','20402','20402','20403','20404','20405','20406','20407','20408','20409','20410','20411','20412','20413','20414');
UPDATE T_COMN_MENU SET INITIAL_FILTER_FLG = 1 WHERE MENU_ID IN ('20101','20103','20104','20105','20106','20108','20109','20205','20302','20303','20304','20305','20307','20407');
UPDATE T_COMN_MENU_JNL SET INITIAL_FILTER_FLG = 1 WHERE MENU_ID IN ('20101','20103','20104','20105','20106','20108','20109','20205','20302','20303','20304','20305','20307','20407');

-- ------------------------------------------------------------
-- - T_COMN_MENU_COLUMN_LINKに
-- - MENU_NAME_REST:メニュー名(Rest)追加
-- - 通番更新の為、T_COMN_MENU_COLUMN_LINKから関連データを削除
-- ------------------------------------------------------------
DELETE FROM T_COMN_MENU_COLUMN_LINK WHERE COLUMN_DEFINITION_ID IN ('2020502',
                                                                   '2020503',
                                                                   '2020504',
                                                                   '2020505',
                                                                   '2020506',
                                                                   '2020507',
                                                                   '2020508',
                                                                   '2020509',
                                                                   '2020510',
                                                                   '2020511',
                                                                   '2020512',
                                                                   '2020513');

DELETE FROM T_COMN_MENU_COLUMN_LINK_JNL WHERE COLUMN_DEFINITION_ID IN ('2020502',
                                                                       '2020503',
                                                                       '2020504',
                                                                       '2020505',
                                                                       '2020506',
                                                                       '2020507',
                                                                       '2020508',
                                                                       '2020509',
                                                                       '2020510',
                                                                       '2020511',
                                                                       '2020512',
                                                                       '2020513');

INSERT INTO T_COMN_MENU_COLUMN_LINK (COLUMN_DEFINITION_ID,MENU_ID,COLUMN_NAME_JA,COLUMN_NAME_EN,COLUMN_NAME_REST,COL_GROUP_ID,COLUMN_CLASS,COLUMN_DISP_SEQ,REF_TABLE_NAME,REF_PKEY_NAME,REF_COL_NAME,REF_SORT_CONDITIONS,REF_MULTI_LANG,REFERENCE_ITEM,SENSITIVE_COL_NAME,FILE_UPLOAD_PLACE,BUTTON_ACTION,COL_NAME,SAVE_TYPE,AUTO_INPUT,INPUT_ITEM,VIEW_ITEM,UNIQUE_ITEM,REQUIRED_ITEM,AUTOREG_HIDE_ITEM,AUTOREG_ONLY_ITEM,INITIAL_VALUE,VALIDATE_OPTION,VALIDATE_REG_EXP,BEFORE_VALIDATE_REGISTER,AFTER_VALIDATE_REGISTER,DESCRIPTION_JA,DESCRIPTION_EN,NOTE,DISUSE_FLAG,LAST_UPDATE_TIMESTAMP,LAST_UPDATE_USER) VALUES('2020502','20205','メニュー名(Rest)','Menu name(rest)','menu_name_rest',NULL,'7',20,'T_COMN_MENU','MENU_ID','MENU_NAME_REST',NULL,'0',NULL,NULL,NULL,NULL,'MENU_NAME_REST',NULL,'0','2','2','0','0','1','0',NULL,NULL,NULL,NULL,NULL,'[元データ]メニュー-カラム紐付管理メニュー・メニュー名(rest)','Original data] menu - Column linking management menu, menu name (rest)',NULL,'0',_____DATE_____,1);
INSERT INTO T_COMN_MENU_COLUMN_LINK_JNL (JOURNAL_SEQ_NO,JOURNAL_REG_DATETIME,JOURNAL_ACTION_CLASS,COLUMN_DEFINITION_ID,MENU_ID,COLUMN_NAME_JA,COLUMN_NAME_EN,COLUMN_NAME_REST,COL_GROUP_ID,COLUMN_CLASS,COLUMN_DISP_SEQ,REF_TABLE_NAME,REF_PKEY_NAME,REF_COL_NAME,REF_SORT_CONDITIONS,REF_MULTI_LANG,REFERENCE_ITEM,SENSITIVE_COL_NAME,FILE_UPLOAD_PLACE,BUTTON_ACTION,COL_NAME,SAVE_TYPE,AUTO_INPUT,INPUT_ITEM,VIEW_ITEM,UNIQUE_ITEM,REQUIRED_ITEM,AUTOREG_HIDE_ITEM,AUTOREG_ONLY_ITEM,INITIAL_VALUE,VALIDATE_OPTION,VALIDATE_REG_EXP,BEFORE_VALIDATE_REGISTER,AFTER_VALIDATE_REGISTER,DESCRIPTION_JA,DESCRIPTION_EN,NOTE,DISUSE_FLAG,LAST_UPDATE_TIMESTAMP,LAST_UPDATE_USER) VALUES(2020502,_____DATE_____,'INSERT','2020502','20205','メニュー名(Rest)','Menu name(rest)','menu_name_rest',NULL,'7',20,'T_COMN_MENU','MENU_ID','MENU_NAME_REST',NULL,'0',NULL,NULL,NULL,NULL,'MENU_NAME_REST',NULL,'0','2','2','0','0','1','0',NULL,NULL,NULL,NULL,NULL,'[元データ]メニュー-カラム紐付管理メニュー・メニュー名(rest)','Original data] menu - Column linking management menu, menu name (rest)',NULL,'0',_____DATE_____,1);
INSERT INTO T_COMN_MENU_COLUMN_LINK (COLUMN_DEFINITION_ID,MENU_ID,COLUMN_NAME_JA,COLUMN_NAME_EN,COLUMN_NAME_REST,COL_GROUP_ID,COLUMN_CLASS,COLUMN_DISP_SEQ,REF_TABLE_NAME,REF_PKEY_NAME,REF_COL_NAME,REF_SORT_CONDITIONS,REF_MULTI_LANG,REFERENCE_ITEM,SENSITIVE_COL_NAME,FILE_UPLOAD_PLACE,BUTTON_ACTION,COL_NAME,SAVE_TYPE,AUTO_INPUT,INPUT_ITEM,VIEW_ITEM,UNIQUE_ITEM,REQUIRED_ITEM,AUTOREG_HIDE_ITEM,AUTOREG_ONLY_ITEM,INITIAL_VALUE,VALIDATE_OPTION,VALIDATE_REG_EXP,BEFORE_VALIDATE_REGISTER,AFTER_VALIDATE_REGISTER,DESCRIPTION_JA,DESCRIPTION_EN,NOTE,DISUSE_FLAG,LAST_UPDATE_TIMESTAMP,LAST_UPDATE_USER) VALUES('2020503','20205','メニュー名','Menu name','menu_name','2040701','7',30,'V_ANSC_MENU','COLUMN_DEFINITION_ID','MENU_NAME',NULL,'1',NULL,NULL,NULL,NULL,'MENU_ID',NULL,'0','2','0','0','0','1','0',NULL,NULL,NULL,NULL,NULL,'登録・更新時は当該項目は更新対象ではない。','This item is not subject to updates when registering/updating.',NULL,'0',_____DATE_____,1);
INSERT INTO T_COMN_MENU_COLUMN_LINK_JNL (JOURNAL_SEQ_NO,JOURNAL_REG_DATETIME,JOURNAL_ACTION_CLASS,COLUMN_DEFINITION_ID,MENU_ID,COLUMN_NAME_JA,COLUMN_NAME_EN,COLUMN_NAME_REST,COL_GROUP_ID,COLUMN_CLASS,COLUMN_DISP_SEQ,REF_TABLE_NAME,REF_PKEY_NAME,REF_COL_NAME,REF_SORT_CONDITIONS,REF_MULTI_LANG,REFERENCE_ITEM,SENSITIVE_COL_NAME,FILE_UPLOAD_PLACE,BUTTON_ACTION,COL_NAME,SAVE_TYPE,AUTO_INPUT,INPUT_ITEM,VIEW_ITEM,UNIQUE_ITEM,REQUIRED_ITEM,AUTOREG_HIDE_ITEM,AUTOREG_ONLY_ITEM,INITIAL_VALUE,VALIDATE_OPTION,VALIDATE_REG_EXP,BEFORE_VALIDATE_REGISTER,AFTER_VALIDATE_REGISTER,DESCRIPTION_JA,DESCRIPTION_EN,NOTE,DISUSE_FLAG,LAST_UPDATE_TIMESTAMP,LAST_UPDATE_USER) VALUES(2020503,_____DATE_____,'INSERT','2020503','20205','メニュー名','Menu name','menu_name','2040701','7',30,'V_ANSC_MENU','COLUMN_DEFINITION_ID','MENU_NAME',NULL,'1',NULL,NULL,NULL,NULL,'MENU_ID',NULL,'0','2','0','0','0','1','0',NULL,NULL,NULL,NULL,NULL,'登録・更新時は当該項目は更新対象ではない。','This item is not subject to updates when registering/updating.',NULL,'0',_____DATE_____,1);
INSERT INTO T_COMN_MENU_COLUMN_LINK (COLUMN_DEFINITION_ID,MENU_ID,COLUMN_NAME_JA,COLUMN_NAME_EN,COLUMN_NAME_REST,COL_GROUP_ID,COLUMN_CLASS,COLUMN_DISP_SEQ,REF_TABLE_NAME,REF_PKEY_NAME,REF_COL_NAME,REF_SORT_CONDITIONS,REF_MULTI_LANG,REFERENCE_ITEM,SENSITIVE_COL_NAME,FILE_UPLOAD_PLACE,BUTTON_ACTION,COL_NAME,SAVE_TYPE,AUTO_INPUT,INPUT_ITEM,VIEW_ITEM,UNIQUE_ITEM,REQUIRED_ITEM,AUTOREG_HIDE_ITEM,AUTOREG_ONLY_ITEM,INITIAL_VALUE,VALIDATE_OPTION,VALIDATE_REG_EXP,BEFORE_VALIDATE_REGISTER,AFTER_VALIDATE_REGISTER,DESCRIPTION_JA,DESCRIPTION_EN,NOTE,DISUSE_FLAG,LAST_UPDATE_TIMESTAMP,LAST_UPDATE_USER) VALUES('2020504','20205','メニューグループ:メニュー:項目','Menu group:Menu:Item','menu_group_menu_item','2040701','7',40,'V_ANSC_COLUMN_LIST','COLUMN_DEFINITION_ID','GROUP_MENU_COLUMN_NAME',NULL,'1',NULL,NULL,NULL,NULL,'COLUMN_LIST_ID',NULL,'0','1','1','0','1','1','0',NULL,NULL,NULL,NULL,NULL,'[元データ]紐付対象メニュー','[Original data] Associated menu',NULL,'0',_____DATE_____,1);
INSERT INTO T_COMN_MENU_COLUMN_LINK_JNL (JOURNAL_SEQ_NO,JOURNAL_REG_DATETIME,JOURNAL_ACTION_CLASS,COLUMN_DEFINITION_ID,MENU_ID,COLUMN_NAME_JA,COLUMN_NAME_EN,COLUMN_NAME_REST,COL_GROUP_ID,COLUMN_CLASS,COLUMN_DISP_SEQ,REF_TABLE_NAME,REF_PKEY_NAME,REF_COL_NAME,REF_SORT_CONDITIONS,REF_MULTI_LANG,REFERENCE_ITEM,SENSITIVE_COL_NAME,FILE_UPLOAD_PLACE,BUTTON_ACTION,COL_NAME,SAVE_TYPE,AUTO_INPUT,INPUT_ITEM,VIEW_ITEM,UNIQUE_ITEM,REQUIRED_ITEM,AUTOREG_HIDE_ITEM,AUTOREG_ONLY_ITEM,INITIAL_VALUE,VALIDATE_OPTION,VALIDATE_REG_EXP,BEFORE_VALIDATE_REGISTER,AFTER_VALIDATE_REGISTER,DESCRIPTION_JA,DESCRIPTION_EN,NOTE,DISUSE_FLAG,LAST_UPDATE_TIMESTAMP,LAST_UPDATE_USER) VALUES(2020504,_____DATE_____,'INSERT','2020504','20205','メニューグループ:メニュー:項目','Menu group:Menu:Item','menu_group_menu_item','2040701','7',40,'V_ANSC_COLUMN_LIST','COLUMN_DEFINITION_ID','GROUP_MENU_COLUMN_NAME',NULL,'1',NULL,NULL,NULL,NULL,'COLUMN_LIST_ID',NULL,'0','1','1','0','1','1','0',NULL,NULL,NULL,NULL,NULL,'[元データ]紐付対象メニュー','[Original data] Associated menu',NULL,'0',_____DATE_____,1);
INSERT INTO T_COMN_MENU_COLUMN_LINK (COLUMN_DEFINITION_ID,MENU_ID,COLUMN_NAME_JA,COLUMN_NAME_EN,COLUMN_NAME_REST,COL_GROUP_ID,COLUMN_CLASS,COLUMN_DISP_SEQ,REF_TABLE_NAME,REF_PKEY_NAME,REF_COL_NAME,REF_SORT_CONDITIONS,REF_MULTI_LANG,REFERENCE_ITEM,SENSITIVE_COL_NAME,FILE_UPLOAD_PLACE,BUTTON_ACTION,COL_NAME,SAVE_TYPE,AUTO_INPUT,INPUT_ITEM,VIEW_ITEM,UNIQUE_ITEM,REQUIRED_ITEM,AUTOREG_HIDE_ITEM,AUTOREG_ONLY_ITEM,INITIAL_VALUE,VALIDATE_OPTION,VALIDATE_REG_EXP,BEFORE_VALIDATE_REGISTER,AFTER_VALIDATE_REGISTER,DESCRIPTION_JA,DESCRIPTION_EN,NOTE,DISUSE_FLAG,LAST_UPDATE_TIMESTAMP,LAST_UPDATE_USER) VALUES('2020505','20205','代入順序','Substitution order','column_substitution_order','2040701','3',50,NULL,NULL,NULL,NULL,'0',NULL,NULL,NULL,NULL,'COLUMN_ASSIGN_SEQ',NULL,'0','1','1','0','0','1','0',NULL,'{
"int_min": 1,
"int_max": 2147483647
}',NULL,NULL,NULL,'紐付対象メニューが縦型メニューの場合、縦型メニューで登録した代入順序を入力します。',NULL,NULL,'0',_____DATE_____,1);
INSERT INTO T_COMN_MENU_COLUMN_LINK_JNL (JOURNAL_SEQ_NO,JOURNAL_REG_DATETIME,JOURNAL_ACTION_CLASS,COLUMN_DEFINITION_ID,MENU_ID,COLUMN_NAME_JA,COLUMN_NAME_EN,COLUMN_NAME_REST,COL_GROUP_ID,COLUMN_CLASS,COLUMN_DISP_SEQ,REF_TABLE_NAME,REF_PKEY_NAME,REF_COL_NAME,REF_SORT_CONDITIONS,REF_MULTI_LANG,REFERENCE_ITEM,SENSITIVE_COL_NAME,FILE_UPLOAD_PLACE,BUTTON_ACTION,COL_NAME,SAVE_TYPE,AUTO_INPUT,INPUT_ITEM,VIEW_ITEM,UNIQUE_ITEM,REQUIRED_ITEM,AUTOREG_HIDE_ITEM,AUTOREG_ONLY_ITEM,INITIAL_VALUE,VALIDATE_OPTION,VALIDATE_REG_EXP,BEFORE_VALIDATE_REGISTER,AFTER_VALIDATE_REGISTER,DESCRIPTION_JA,DESCRIPTION_EN,NOTE,DISUSE_FLAG,LAST_UPDATE_TIMESTAMP,LAST_UPDATE_USER) VALUES(2020505,_____DATE_____,'INSERT','2020505','20205','代入順序','Substitution order','column_substitution_order','2040701','3',50,NULL,NULL,NULL,NULL,'0',NULL,NULL,NULL,NULL,'COLUMN_ASSIGN_SEQ',NULL,'0','1','1','0','0','1','0',NULL,'{
"int_min": 1,
"int_max": 2147483647
}',NULL,NULL,NULL,'紐付対象メニューが縦型メニューの場合、縦型メニューで登録した代入順序を入力します。',NULL,NULL,'0',_____DATE_____,1);
INSERT INTO T_COMN_MENU_COLUMN_LINK (COLUMN_DEFINITION_ID,MENU_ID,COLUMN_NAME_JA,COLUMN_NAME_EN,COLUMN_NAME_REST,COL_GROUP_ID,COLUMN_CLASS,COLUMN_DISP_SEQ,REF_TABLE_NAME,REF_PKEY_NAME,REF_COL_NAME,REF_SORT_CONDITIONS,REF_MULTI_LANG,REFERENCE_ITEM,SENSITIVE_COL_NAME,FILE_UPLOAD_PLACE,BUTTON_ACTION,COL_NAME,SAVE_TYPE,AUTO_INPUT,INPUT_ITEM,VIEW_ITEM,UNIQUE_ITEM,REQUIRED_ITEM,AUTOREG_HIDE_ITEM,AUTOREG_ONLY_ITEM,INITIAL_VALUE,VALIDATE_OPTION,VALIDATE_REG_EXP,BEFORE_VALIDATE_REGISTER,AFTER_VALIDATE_REGISTER,DESCRIPTION_JA,DESCRIPTION_EN,NOTE,DISUSE_FLAG,LAST_UPDATE_TIMESTAMP,LAST_UPDATE_USER) VALUES('2020506','20205','登録方式','Registration method','registration_method',NULL,'7',60,'T_ANSC_AUTOREG_REG_TYPE','TYPE_ID','TYPE_NAME',NULL,'1',NULL,NULL,NULL,NULL,'COL_TYPE',NULL,'0','1','1','0','1','1','0',NULL,NULL,NULL,NULL,NULL,'Value型:紐付対象メニューの項目の設定値を紐付けたValue型変数の具体値として代入値管理に登録されます。
Key型:紐付対象メニューの項目の名称を紐付けたKey変数の具体値として代入値管理に登録されます。項目の設定値が空白の場合に代入値管理に登録されません','Value type: Setting value of item of associated menu is registered in the substitution value list as a specific value of associated Value type variable.
Key type: Item name of associated menu is registered in the substitution value list as a specific value of associated Key variable. When the setting value of the item is blank, it is not registered in the substitution value list',NULL,'0',_____DATE_____,1);
INSERT INTO T_COMN_MENU_COLUMN_LINK_JNL (JOURNAL_SEQ_NO,JOURNAL_REG_DATETIME,JOURNAL_ACTION_CLASS,COLUMN_DEFINITION_ID,MENU_ID,COLUMN_NAME_JA,COLUMN_NAME_EN,COLUMN_NAME_REST,COL_GROUP_ID,COLUMN_CLASS,COLUMN_DISP_SEQ,REF_TABLE_NAME,REF_PKEY_NAME,REF_COL_NAME,REF_SORT_CONDITIONS,REF_MULTI_LANG,REFERENCE_ITEM,SENSITIVE_COL_NAME,FILE_UPLOAD_PLACE,BUTTON_ACTION,COL_NAME,SAVE_TYPE,AUTO_INPUT,INPUT_ITEM,VIEW_ITEM,UNIQUE_ITEM,REQUIRED_ITEM,AUTOREG_HIDE_ITEM,AUTOREG_ONLY_ITEM,INITIAL_VALUE,VALIDATE_OPTION,VALIDATE_REG_EXP,BEFORE_VALIDATE_REGISTER,AFTER_VALIDATE_REGISTER,DESCRIPTION_JA,DESCRIPTION_EN,NOTE,DISUSE_FLAG,LAST_UPDATE_TIMESTAMP,LAST_UPDATE_USER) VALUES(2020506,_____DATE_____,'INSERT','2020506','20205','登録方式','Registration method','registration_method',NULL,'7',60,'T_ANSC_AUTOREG_REG_TYPE','TYPE_ID','TYPE_NAME',NULL,'1',NULL,NULL,NULL,NULL,'COL_TYPE',NULL,'0','1','1','0','1','1','0',NULL,NULL,NULL,NULL,NULL,'Value型:紐付対象メニューの項目の設定値を紐付けたValue型変数の具体値として代入値管理に登録されます。
Key型:紐付対象メニューの項目の名称を紐付けたKey変数の具体値として代入値管理に登録されます。項目の設定値が空白の場合に代入値管理に登録されません','Value type: Setting value of item of associated menu is registered in the substitution value list as a specific value of associated Value type variable.
Key type: Item name of associated menu is registered in the substitution value list as a specific value of associated Key variable. When the setting value of the item is blank, it is not registered in the substitution value list',NULL,'0',_____DATE_____,1);
INSERT INTO T_COMN_MENU_COLUMN_LINK (COLUMN_DEFINITION_ID,MENU_ID,COLUMN_NAME_JA,COLUMN_NAME_EN,COLUMN_NAME_REST,COL_GROUP_ID,COLUMN_CLASS,COLUMN_DISP_SEQ,REF_TABLE_NAME,REF_PKEY_NAME,REF_COL_NAME,REF_SORT_CONDITIONS,REF_MULTI_LANG,REFERENCE_ITEM,SENSITIVE_COL_NAME,FILE_UPLOAD_PLACE,BUTTON_ACTION,COL_NAME,SAVE_TYPE,AUTO_INPUT,INPUT_ITEM,VIEW_ITEM,UNIQUE_ITEM,REQUIRED_ITEM,AUTOREG_HIDE_ITEM,AUTOREG_ONLY_ITEM,INITIAL_VALUE,VALIDATE_OPTION,VALIDATE_REG_EXP,BEFORE_VALIDATE_REGISTER,AFTER_VALIDATE_REGISTER,DESCRIPTION_JA,DESCRIPTION_EN,NOTE,DISUSE_FLAG,LAST_UPDATE_TIMESTAMP,LAST_UPDATE_USER) VALUES('2020507','20205','Movement名','Movement name','movement',NULL,'7',70,'V_ANSL_MOVEMENT','MOVEMENT_ID','MOVEMENT_NAME',NULL,'0',NULL,NULL,NULL,NULL,'MOVEMENT_ID',NULL,'0','1','1','0','1','1','0',NULL,NULL,NULL,NULL,NULL,'[元データ]Movement一覧','[Original data] Movement list',NULL,'0',_____DATE_____,1);
INSERT INTO T_COMN_MENU_COLUMN_LINK_JNL (JOURNAL_SEQ_NO,JOURNAL_REG_DATETIME,JOURNAL_ACTION_CLASS,COLUMN_DEFINITION_ID,MENU_ID,COLUMN_NAME_JA,COLUMN_NAME_EN,COLUMN_NAME_REST,COL_GROUP_ID,COLUMN_CLASS,COLUMN_DISP_SEQ,REF_TABLE_NAME,REF_PKEY_NAME,REF_COL_NAME,REF_SORT_CONDITIONS,REF_MULTI_LANG,REFERENCE_ITEM,SENSITIVE_COL_NAME,FILE_UPLOAD_PLACE,BUTTON_ACTION,COL_NAME,SAVE_TYPE,AUTO_INPUT,INPUT_ITEM,VIEW_ITEM,UNIQUE_ITEM,REQUIRED_ITEM,AUTOREG_HIDE_ITEM,AUTOREG_ONLY_ITEM,INITIAL_VALUE,VALIDATE_OPTION,VALIDATE_REG_EXP,BEFORE_VALIDATE_REGISTER,AFTER_VALIDATE_REGISTER,DESCRIPTION_JA,DESCRIPTION_EN,NOTE,DISUSE_FLAG,LAST_UPDATE_TIMESTAMP,LAST_UPDATE_USER) VALUES(2020507,_____DATE_____,'INSERT','2020507','20205','Movement名','Movement name','movement',NULL,'7',70,'V_ANSL_MOVEMENT','MOVEMENT_ID','MOVEMENT_NAME',NULL,'0',NULL,NULL,NULL,NULL,'MOVEMENT_ID',NULL,'0','1','1','0','1','1','0',NULL,NULL,NULL,NULL,NULL,'[元データ]Movement一覧','[Original data] Movement list',NULL,'0',_____DATE_____,1);
INSERT INTO T_COMN_MENU_COLUMN_LINK (COLUMN_DEFINITION_ID,MENU_ID,COLUMN_NAME_JA,COLUMN_NAME_EN,COLUMN_NAME_REST,COL_GROUP_ID,COLUMN_CLASS,COLUMN_DISP_SEQ,REF_TABLE_NAME,REF_PKEY_NAME,REF_COL_NAME,REF_SORT_CONDITIONS,REF_MULTI_LANG,REFERENCE_ITEM,SENSITIVE_COL_NAME,FILE_UPLOAD_PLACE,BUTTON_ACTION,COL_NAME,SAVE_TYPE,AUTO_INPUT,INPUT_ITEM,VIEW_ITEM,UNIQUE_ITEM,REQUIRED_ITEM,AUTOREG_HIDE_ITEM,AUTOREG_ONLY_ITEM,INITIAL_VALUE,VALIDATE_OPTION,VALIDATE_REG_EXP,BEFORE_VALIDATE_REGISTER,AFTER_VALIDATE_REGISTER,DESCRIPTION_JA,DESCRIPTION_EN,NOTE,DISUSE_FLAG,LAST_UPDATE_TIMESTAMP,LAST_UPDATE_USER) VALUES('2020508','20205','Movement名:変数名','Movement Name:Variable name','variable_name','2040702','7',80,'V_ANSL_VAL_VARS_LINK','MVMT_VAR_LINK_ID','MOVEMENT_VARS_NAME',NULL,'0',NULL,NULL,NULL,NULL,'MVMT_VAR_LINK_ID',NULL,'0','1','1','0','0','1','0',NULL,NULL,NULL,NULL,NULL,'対話ファイル及びテンプレートから自動取得','Auto acquire from Dialog file and template',NULL,'0',_____DATE_____,1);
INSERT INTO T_COMN_MENU_COLUMN_LINK_JNL (JOURNAL_SEQ_NO,JOURNAL_REG_DATETIME,JOURNAL_ACTION_CLASS,COLUMN_DEFINITION_ID,MENU_ID,COLUMN_NAME_JA,COLUMN_NAME_EN,COLUMN_NAME_REST,COL_GROUP_ID,COLUMN_CLASS,COLUMN_DISP_SEQ,REF_TABLE_NAME,REF_PKEY_NAME,REF_COL_NAME,REF_SORT_CONDITIONS,REF_MULTI_LANG,REFERENCE_ITEM,SENSITIVE_COL_NAME,FILE_UPLOAD_PLACE,BUTTON_ACTION,COL_NAME,SAVE_TYPE,AUTO_INPUT,INPUT_ITEM,VIEW_ITEM,UNIQUE_ITEM,REQUIRED_ITEM,AUTOREG_HIDE_ITEM,AUTOREG_ONLY_ITEM,INITIAL_VALUE,VALIDATE_OPTION,VALIDATE_REG_EXP,BEFORE_VALIDATE_REGISTER,AFTER_VALIDATE_REGISTER,DESCRIPTION_JA,DESCRIPTION_EN,NOTE,DISUSE_FLAG,LAST_UPDATE_TIMESTAMP,LAST_UPDATE_USER) VALUES(2020508,_____DATE_____,'INSERT','2020508','20205','Movement名:変数名','Movement Name:Variable name','variable_name','2040702','7',80,'V_ANSL_VAL_VARS_LINK','MVMT_VAR_LINK_ID','MOVEMENT_VARS_NAME',NULL,'0',NULL,NULL,NULL,NULL,'MVMT_VAR_LINK_ID',NULL,'0','1','1','0','0','1','0',NULL,NULL,NULL,NULL,NULL,'対話ファイル及びテンプレートから自動取得','Auto acquire from Dialog file and template',NULL,'0',_____DATE_____,1);
INSERT INTO T_COMN_MENU_COLUMN_LINK (COLUMN_DEFINITION_ID,MENU_ID,COLUMN_NAME_JA,COLUMN_NAME_EN,COLUMN_NAME_REST,COL_GROUP_ID,COLUMN_CLASS,COLUMN_DISP_SEQ,REF_TABLE_NAME,REF_PKEY_NAME,REF_COL_NAME,REF_SORT_CONDITIONS,REF_MULTI_LANG,REFERENCE_ITEM,SENSITIVE_COL_NAME,FILE_UPLOAD_PLACE,BUTTON_ACTION,COL_NAME,SAVE_TYPE,AUTO_INPUT,INPUT_ITEM,VIEW_ITEM,UNIQUE_ITEM,REQUIRED_ITEM,AUTOREG_HIDE_ITEM,AUTOREG_ONLY_ITEM,INITIAL_VALUE,VALIDATE_OPTION,VALIDATE_REG_EXP,BEFORE_VALIDATE_REGISTER,AFTER_VALIDATE_REGISTER,DESCRIPTION_JA,DESCRIPTION_EN,NOTE,DISUSE_FLAG,LAST_UPDATE_TIMESTAMP,LAST_UPDATE_USER) VALUES('2020509','20205','代入順序','Substitution order','substitution_order','2040702','3',90,NULL,NULL,NULL,NULL,'0',NULL,NULL,NULL,NULL,'ASSIGN_SEQ',NULL,'0','1','1','0','0','1','0',NULL,'{
"int_min": 1,
"int_max": 2147483647
}',NULL,NULL,NULL,'変数名で配列変数を指定した場合は入力不可。
その他の場合は正の整数を入力。入力値が昇順で代入されます。
具体値が複数ない場合でも正の整数を入力して下さい。','If array variable is specified in the variable name, input is not allowed.
 Otherwise, enter positive integer. Input value is substituted in ascending order.
 Enter positive integer even if there are no multiple specific values.',NULL,'0',_____DATE_____,1);
INSERT INTO T_COMN_MENU_COLUMN_LINK_JNL (JOURNAL_SEQ_NO,JOURNAL_REG_DATETIME,JOURNAL_ACTION_CLASS,COLUMN_DEFINITION_ID,MENU_ID,COLUMN_NAME_JA,COLUMN_NAME_EN,COLUMN_NAME_REST,COL_GROUP_ID,COLUMN_CLASS,COLUMN_DISP_SEQ,REF_TABLE_NAME,REF_PKEY_NAME,REF_COL_NAME,REF_SORT_CONDITIONS,REF_MULTI_LANG,REFERENCE_ITEM,SENSITIVE_COL_NAME,FILE_UPLOAD_PLACE,BUTTON_ACTION,COL_NAME,SAVE_TYPE,AUTO_INPUT,INPUT_ITEM,VIEW_ITEM,UNIQUE_ITEM,REQUIRED_ITEM,AUTOREG_HIDE_ITEM,AUTOREG_ONLY_ITEM,INITIAL_VALUE,VALIDATE_OPTION,VALIDATE_REG_EXP,BEFORE_VALIDATE_REGISTER,AFTER_VALIDATE_REGISTER,DESCRIPTION_JA,DESCRIPTION_EN,NOTE,DISUSE_FLAG,LAST_UPDATE_TIMESTAMP,LAST_UPDATE_USER) VALUES(2020509,_____DATE_____,'INSERT','2020509','20205','代入順序','Substitution order','substitution_order','2040702','3',90,NULL,NULL,NULL,NULL,'0',NULL,NULL,NULL,NULL,'ASSIGN_SEQ',NULL,'0','1','1','0','0','1','0',NULL,'{
"int_min": 1,
"int_max": 2147483647
}',NULL,NULL,NULL,'変数名で配列変数を指定した場合は入力不可。
その他の場合は正の整数を入力。入力値が昇順で代入されます。
具体値が複数ない場合でも正の整数を入力して下さい。','If array variable is specified in the variable name, input is not allowed.
 Otherwise, enter positive integer. Input value is substituted in ascending order.
 Enter positive integer even if there are no multiple specific values.',NULL,'0',_____DATE_____,1);
INSERT INTO T_COMN_MENU_COLUMN_LINK (COLUMN_DEFINITION_ID,MENU_ID,COLUMN_NAME_JA,COLUMN_NAME_EN,COLUMN_NAME_REST,COL_GROUP_ID,COLUMN_CLASS,COLUMN_DISP_SEQ,REF_TABLE_NAME,REF_PKEY_NAME,REF_COL_NAME,REF_SORT_CONDITIONS,REF_MULTI_LANG,REFERENCE_ITEM,SENSITIVE_COL_NAME,FILE_UPLOAD_PLACE,BUTTON_ACTION,COL_NAME,SAVE_TYPE,AUTO_INPUT,INPUT_ITEM,VIEW_ITEM,UNIQUE_ITEM,REQUIRED_ITEM,AUTOREG_HIDE_ITEM,AUTOREG_ONLY_ITEM,INITIAL_VALUE,VALIDATE_OPTION,VALIDATE_REG_EXP,BEFORE_VALIDATE_REGISTER,AFTER_VALIDATE_REGISTER,DESCRIPTION_JA,DESCRIPTION_EN,NOTE,DISUSE_FLAG,LAST_UPDATE_TIMESTAMP,LAST_UPDATE_USER) VALUES('2020510','20205','NULL連携','NULL link','null_link',NULL,'7',100,'T_COMN_BOOLEAN_FLAG','FLAG_ID','FLAG_NAME',NULL,'0',NULL,NULL,NULL,NULL,'NULL_DATA_HANDLING_FLG',NULL,'0','1','1','0','0','1','0',NULL,NULL,NULL,NULL,NULL,'パラメータシートの具体値がNULL(空白)の場合、代入値管理への登録を有効にするかを設定します。
空白:Ansible共通インターフェース情報のNULL連携に従う。
True:NULLデータを登録する。
False:NULLデータは登録しない。','If specific value of parameter sheet is NULL, set whether to enable Substitution value list registration.
Blank: Follow Null linkage of Ansible common interface information.
True: Register NULL data.
False: Do not register null data.',NULL,'0',_____DATE_____,1);
INSERT INTO T_COMN_MENU_COLUMN_LINK_JNL (JOURNAL_SEQ_NO,JOURNAL_REG_DATETIME,JOURNAL_ACTION_CLASS,COLUMN_DEFINITION_ID,MENU_ID,COLUMN_NAME_JA,COLUMN_NAME_EN,COLUMN_NAME_REST,COL_GROUP_ID,COLUMN_CLASS,COLUMN_DISP_SEQ,REF_TABLE_NAME,REF_PKEY_NAME,REF_COL_NAME,REF_SORT_CONDITIONS,REF_MULTI_LANG,REFERENCE_ITEM,SENSITIVE_COL_NAME,FILE_UPLOAD_PLACE,BUTTON_ACTION,COL_NAME,SAVE_TYPE,AUTO_INPUT,INPUT_ITEM,VIEW_ITEM,UNIQUE_ITEM,REQUIRED_ITEM,AUTOREG_HIDE_ITEM,AUTOREG_ONLY_ITEM,INITIAL_VALUE,VALIDATE_OPTION,VALIDATE_REG_EXP,BEFORE_VALIDATE_REGISTER,AFTER_VALIDATE_REGISTER,DESCRIPTION_JA,DESCRIPTION_EN,NOTE,DISUSE_FLAG,LAST_UPDATE_TIMESTAMP,LAST_UPDATE_USER) VALUES(2020510,_____DATE_____,'INSERT','2020510','20205','NULL連携','NULL link','null_link',NULL,'7',100,'T_COMN_BOOLEAN_FLAG','FLAG_ID','FLAG_NAME',NULL,'0',NULL,NULL,NULL,NULL,'NULL_DATA_HANDLING_FLG',NULL,'0','1','1','0','0','1','0',NULL,NULL,NULL,NULL,NULL,'パラメータシートの具体値がNULL(空白)の場合、代入値管理への登録を有効にするかを設定します。
空白:Ansible共通インターフェース情報のNULL連携に従う。
True:NULLデータを登録する。
False:NULLデータは登録しない。','If specific value of parameter sheet is NULL, set whether to enable Substitution value list registration.
Blank: Follow Null linkage of Ansible common interface information.
True: Register NULL data.
False: Do not register null data.',NULL,'0',_____DATE_____,1);
INSERT INTO T_COMN_MENU_COLUMN_LINK (COLUMN_DEFINITION_ID,MENU_ID,COLUMN_NAME_JA,COLUMN_NAME_EN,COLUMN_NAME_REST,COL_GROUP_ID,COLUMN_CLASS,COLUMN_DISP_SEQ,REF_TABLE_NAME,REF_PKEY_NAME,REF_COL_NAME,REF_SORT_CONDITIONS,REF_MULTI_LANG,REFERENCE_ITEM,SENSITIVE_COL_NAME,FILE_UPLOAD_PLACE,BUTTON_ACTION,COL_NAME,SAVE_TYPE,AUTO_INPUT,INPUT_ITEM,VIEW_ITEM,UNIQUE_ITEM,REQUIRED_ITEM,AUTOREG_HIDE_ITEM,AUTOREG_ONLY_ITEM,INITIAL_VALUE,VALIDATE_OPTION,VALIDATE_REG_EXP,BEFORE_VALIDATE_REGISTER,AFTER_VALIDATE_REGISTER,DESCRIPTION_JA,DESCRIPTION_EN,NOTE,DISUSE_FLAG,LAST_UPDATE_TIMESTAMP,LAST_UPDATE_USER) VALUES('2020511','20205','備考','Remarks','remarks',NULL,'12',110,NULL,NULL,NULL,NULL,'0',NULL,NULL,NULL,NULL,'NOTE',NULL,'0','1','1','0','0','1','0',NULL,'{
"min_length": 0,
"max_length": 4000
}',NULL,NULL,NULL,'自由記述欄。レコードの廃止・復活時にも記載可能。','Comments section. Can comment when removing or restoring records.',NULL,'0',_____DATE_____,1);
INSERT INTO T_COMN_MENU_COLUMN_LINK_JNL (JOURNAL_SEQ_NO,JOURNAL_REG_DATETIME,JOURNAL_ACTION_CLASS,COLUMN_DEFINITION_ID,MENU_ID,COLUMN_NAME_JA,COLUMN_NAME_EN,COLUMN_NAME_REST,COL_GROUP_ID,COLUMN_CLASS,COLUMN_DISP_SEQ,REF_TABLE_NAME,REF_PKEY_NAME,REF_COL_NAME,REF_SORT_CONDITIONS,REF_MULTI_LANG,REFERENCE_ITEM,SENSITIVE_COL_NAME,FILE_UPLOAD_PLACE,BUTTON_ACTION,COL_NAME,SAVE_TYPE,AUTO_INPUT,INPUT_ITEM,VIEW_ITEM,UNIQUE_ITEM,REQUIRED_ITEM,AUTOREG_HIDE_ITEM,AUTOREG_ONLY_ITEM,INITIAL_VALUE,VALIDATE_OPTION,VALIDATE_REG_EXP,BEFORE_VALIDATE_REGISTER,AFTER_VALIDATE_REGISTER,DESCRIPTION_JA,DESCRIPTION_EN,NOTE,DISUSE_FLAG,LAST_UPDATE_TIMESTAMP,LAST_UPDATE_USER) VALUES(2020511,_____DATE_____,'INSERT','2020511','20205','備考','Remarks','remarks',NULL,'12',110,NULL,NULL,NULL,NULL,'0',NULL,NULL,NULL,NULL,'NOTE',NULL,'0','1','1','0','0','1','0',NULL,'{
"min_length": 0,
"max_length": 4000
}',NULL,NULL,NULL,'自由記述欄。レコードの廃止・復活時にも記載可能。','Comments section. Can comment when removing or restoring records.',NULL,'0',_____DATE_____,1);
INSERT INTO T_COMN_MENU_COLUMN_LINK (COLUMN_DEFINITION_ID,MENU_ID,COLUMN_NAME_JA,COLUMN_NAME_EN,COLUMN_NAME_REST,COL_GROUP_ID,COLUMN_CLASS,COLUMN_DISP_SEQ,REF_TABLE_NAME,REF_PKEY_NAME,REF_COL_NAME,REF_SORT_CONDITIONS,REF_MULTI_LANG,REFERENCE_ITEM,SENSITIVE_COL_NAME,FILE_UPLOAD_PLACE,BUTTON_ACTION,COL_NAME,SAVE_TYPE,AUTO_INPUT,INPUT_ITEM,VIEW_ITEM,UNIQUE_ITEM,REQUIRED_ITEM,AUTOREG_HIDE_ITEM,AUTOREG_ONLY_ITEM,INITIAL_VALUE,VALIDATE_OPTION,VALIDATE_REG_EXP,BEFORE_VALIDATE_REGISTER,AFTER_VALIDATE_REGISTER,DESCRIPTION_JA,DESCRIPTION_EN,NOTE,DISUSE_FLAG,LAST_UPDATE_TIMESTAMP,LAST_UPDATE_USER) VALUES('2020512','20205','廃止フラグ','Discard','discard',NULL,'1',120,NULL,NULL,NULL,NULL,'0',NULL,NULL,NULL,NULL,'DISUSE_FLAG',NULL,'1','1','1','0','1','1','0',NULL,NULL,NULL,NULL,NULL,'廃止フラグ。復活以外のオペレーションは不可','Discard flag. Cannot do operation other than restore.',NULL,'0',_____DATE_____,1);
INSERT INTO T_COMN_MENU_COLUMN_LINK_JNL (JOURNAL_SEQ_NO,JOURNAL_REG_DATETIME,JOURNAL_ACTION_CLASS,COLUMN_DEFINITION_ID,MENU_ID,COLUMN_NAME_JA,COLUMN_NAME_EN,COLUMN_NAME_REST,COL_GROUP_ID,COLUMN_CLASS,COLUMN_DISP_SEQ,REF_TABLE_NAME,REF_PKEY_NAME,REF_COL_NAME,REF_SORT_CONDITIONS,REF_MULTI_LANG,REFERENCE_ITEM,SENSITIVE_COL_NAME,FILE_UPLOAD_PLACE,BUTTON_ACTION,COL_NAME,SAVE_TYPE,AUTO_INPUT,INPUT_ITEM,VIEW_ITEM,UNIQUE_ITEM,REQUIRED_ITEM,AUTOREG_HIDE_ITEM,AUTOREG_ONLY_ITEM,INITIAL_VALUE,VALIDATE_OPTION,VALIDATE_REG_EXP,BEFORE_VALIDATE_REGISTER,AFTER_VALIDATE_REGISTER,DESCRIPTION_JA,DESCRIPTION_EN,NOTE,DISUSE_FLAG,LAST_UPDATE_TIMESTAMP,LAST_UPDATE_USER) VALUES(2020512,_____DATE_____,'INSERT','2020512','20205','廃止フラグ','Discard','discard',NULL,'1',120,NULL,NULL,NULL,NULL,'0',NULL,NULL,NULL,NULL,'DISUSE_FLAG',NULL,'1','1','1','0','1','1','0',NULL,NULL,NULL,NULL,NULL,'廃止フラグ。復活以外のオペレーションは不可','Discard flag. Cannot do operation other than restore.',NULL,'0',_____DATE_____,1);
INSERT INTO T_COMN_MENU_COLUMN_LINK (COLUMN_DEFINITION_ID,MENU_ID,COLUMN_NAME_JA,COLUMN_NAME_EN,COLUMN_NAME_REST,COL_GROUP_ID,COLUMN_CLASS,COLUMN_DISP_SEQ,REF_TABLE_NAME,REF_PKEY_NAME,REF_COL_NAME,REF_SORT_CONDITIONS,REF_MULTI_LANG,REFERENCE_ITEM,SENSITIVE_COL_NAME,FILE_UPLOAD_PLACE,BUTTON_ACTION,COL_NAME,SAVE_TYPE,AUTO_INPUT,INPUT_ITEM,VIEW_ITEM,UNIQUE_ITEM,REQUIRED_ITEM,AUTOREG_HIDE_ITEM,AUTOREG_ONLY_ITEM,INITIAL_VALUE,VALIDATE_OPTION,VALIDATE_REG_EXP,BEFORE_VALIDATE_REGISTER,AFTER_VALIDATE_REGISTER,DESCRIPTION_JA,DESCRIPTION_EN,NOTE,DISUSE_FLAG,LAST_UPDATE_TIMESTAMP,LAST_UPDATE_USER) VALUES('2020513','20205','最終更新日時','Last update date/time','last_update_date_time',NULL,'13',130,NULL,NULL,NULL,NULL,'0',NULL,NULL,NULL,NULL,'LAST_UPDATE_TIMESTAMP',NULL,'1','0','1','0','1','1','0',NULL,NULL,NULL,NULL,NULL,'レコードの最終更新日。更新可否判定に使用。自動登録のため編集不可。','Last update date of record. Useful for judging the possibility of an update. Cannot edit because of auto-numbering.',NULL,'0',_____DATE_____,1);
INSERT INTO T_COMN_MENU_COLUMN_LINK_JNL (JOURNAL_SEQ_NO,JOURNAL_REG_DATETIME,JOURNAL_ACTION_CLASS,COLUMN_DEFINITION_ID,MENU_ID,COLUMN_NAME_JA,COLUMN_NAME_EN,COLUMN_NAME_REST,COL_GROUP_ID,COLUMN_CLASS,COLUMN_DISP_SEQ,REF_TABLE_NAME,REF_PKEY_NAME,REF_COL_NAME,REF_SORT_CONDITIONS,REF_MULTI_LANG,REFERENCE_ITEM,SENSITIVE_COL_NAME,FILE_UPLOAD_PLACE,BUTTON_ACTION,COL_NAME,SAVE_TYPE,AUTO_INPUT,INPUT_ITEM,VIEW_ITEM,UNIQUE_ITEM,REQUIRED_ITEM,AUTOREG_HIDE_ITEM,AUTOREG_ONLY_ITEM,INITIAL_VALUE,VALIDATE_OPTION,VALIDATE_REG_EXP,BEFORE_VALIDATE_REGISTER,AFTER_VALIDATE_REGISTER,DESCRIPTION_JA,DESCRIPTION_EN,NOTE,DISUSE_FLAG,LAST_UPDATE_TIMESTAMP,LAST_UPDATE_USER) VALUES(2020513,_____DATE_____,'INSERT','2020513','20205','最終更新日時','Last update date/time','last_update_date_time',NULL,'13',130,NULL,NULL,NULL,NULL,'0',NULL,NULL,NULL,NULL,'LAST_UPDATE_TIMESTAMP',NULL,'1','0','1','0','1','1','0',NULL,NULL,NULL,NULL,NULL,'レコードの最終更新日。更新可否判定に使用。自動登録のため編集不可。','Last update date of record. Useful for judging the possibility of an update. Cannot edit because of auto-numbering.',NULL,'0',_____DATE_____,1);
INSERT INTO T_COMN_MENU_COLUMN_LINK (COLUMN_DEFINITION_ID,MENU_ID,COLUMN_NAME_JA,COLUMN_NAME_EN,COLUMN_NAME_REST,COL_GROUP_ID,COLUMN_CLASS,COLUMN_DISP_SEQ,REF_TABLE_NAME,REF_PKEY_NAME,REF_COL_NAME,REF_SORT_CONDITIONS,REF_MULTI_LANG,REFERENCE_ITEM,SENSITIVE_COL_NAME,FILE_UPLOAD_PLACE,BUTTON_ACTION,COL_NAME,SAVE_TYPE,AUTO_INPUT,INPUT_ITEM,VIEW_ITEM,UNIQUE_ITEM,REQUIRED_ITEM,AUTOREG_HIDE_ITEM,AUTOREG_ONLY_ITEM,INITIAL_VALUE,VALIDATE_OPTION,VALIDATE_REG_EXP,BEFORE_VALIDATE_REGISTER,AFTER_VALIDATE_REGISTER,DESCRIPTION_JA,DESCRIPTION_EN,NOTE,DISUSE_FLAG,LAST_UPDATE_TIMESTAMP,LAST_UPDATE_USER) VALUES('2020514','20205','最終更新者','Last updated by','last_updated_user',NULL,'14',140,NULL,NULL,NULL,NULL,'0',NULL,NULL,NULL,NULL,'LAST_UPDATE_USER',NULL,'1','0','1','0','1','1','0',NULL,NULL,NULL,NULL,NULL,'更新者。ログインユーザのIDが自動的に登録される。編集不可。','Updated by. Login user ID is automatically registered. Cannot edit.',NULL,'0',_____DATE_____,1);
INSERT INTO T_COMN_MENU_COLUMN_LINK_JNL (JOURNAL_SEQ_NO,JOURNAL_REG_DATETIME,JOURNAL_ACTION_CLASS,COLUMN_DEFINITION_ID,MENU_ID,COLUMN_NAME_JA,COLUMN_NAME_EN,COLUMN_NAME_REST,COL_GROUP_ID,COLUMN_CLASS,COLUMN_DISP_SEQ,REF_TABLE_NAME,REF_PKEY_NAME,REF_COL_NAME,REF_SORT_CONDITIONS,REF_MULTI_LANG,REFERENCE_ITEM,SENSITIVE_COL_NAME,FILE_UPLOAD_PLACE,BUTTON_ACTION,COL_NAME,SAVE_TYPE,AUTO_INPUT,INPUT_ITEM,VIEW_ITEM,UNIQUE_ITEM,REQUIRED_ITEM,AUTOREG_HIDE_ITEM,AUTOREG_ONLY_ITEM,INITIAL_VALUE,VALIDATE_OPTION,VALIDATE_REG_EXP,BEFORE_VALIDATE_REGISTER,AFTER_VALIDATE_REGISTER,DESCRIPTION_JA,DESCRIPTION_EN,NOTE,DISUSE_FLAG,LAST_UPDATE_TIMESTAMP,LAST_UPDATE_USER) VALUES(2020514,_____DATE_____,'INSERT','2020514','20205','最終更新者','Last updated by','last_updated_user',NULL,'14',140,NULL,NULL,NULL,NULL,'0',NULL,NULL,NULL,NULL,'LAST_UPDATE_USER',NULL,'1','0','1','0','1','1','0',NULL,NULL,NULL,NULL,NULL,'更新者。ログインユーザのIDが自動的に登録される。編集不可。','Updated by. Login user ID is automatically registered. Cannot edit.',NULL,'0',_____DATE_____,1);

DELETE FROM T_COMN_MENU_COLUMN_LINK WHERE COLUMN_DEFINITION_ID IN ('2030702',
                                                                   '2030703',
                                                                   '2030704',
                                                                   '2030705',
                                                                   '2030706',
                                                                   '2030707',
                                                                   '2030708',
                                                                   '2030709',
                                                                   '2030710',
                                                                   '2030711',
                                                                   '2030712',
                                                                   '2030713');

DELETE FROM T_COMN_MENU_COLUMN_LINK_JNL WHERE COLUMN_DEFINITION_ID IN ('2030702',
                                                                       '2030703',
                                                                       '2030704',
                                                                       '2030705',
                                                                       '2030706',
                                                                       '2030707',
                                                                       '2030708',
                                                                       '2030709',
                                                                       '2030710',
                                                                       '2030711',
                                                                       '2030712',
                                                                       '2030713');

INSERT INTO T_COMN_MENU_COLUMN_LINK (COLUMN_DEFINITION_ID,MENU_ID,COLUMN_NAME_JA,COLUMN_NAME_EN,COLUMN_NAME_REST,COL_GROUP_ID,COLUMN_CLASS,COLUMN_DISP_SEQ,REF_TABLE_NAME,REF_PKEY_NAME,REF_COL_NAME,REF_SORT_CONDITIONS,REF_MULTI_LANG,REFERENCE_ITEM,SENSITIVE_COL_NAME,FILE_UPLOAD_PLACE,BUTTON_ACTION,COL_NAME,SAVE_TYPE,AUTO_INPUT,INPUT_ITEM,VIEW_ITEM,UNIQUE_ITEM,REQUIRED_ITEM,AUTOREG_HIDE_ITEM,AUTOREG_ONLY_ITEM,INITIAL_VALUE,VALIDATE_OPTION,VALIDATE_REG_EXP,BEFORE_VALIDATE_REGISTER,AFTER_VALIDATE_REGISTER,DESCRIPTION_JA,DESCRIPTION_EN,NOTE,DISUSE_FLAG,LAST_UPDATE_TIMESTAMP,LAST_UPDATE_USER) VALUES('2030702','20307','メニュー名(Rest)','Menu name(rest)','menu_name_rest',NULL,'7',20,'T_COMN_MENU','MENU_ID','MENU_NAME_REST',NULL,'0',NULL,NULL,NULL,NULL,'MENU_NAME_REST',NULL,'0','2','2','0','0','1','0',NULL,NULL,NULL,NULL,NULL,'[元データ]メニュー-カラム紐付管理メニュー・メニュー名(rest)','Original data] menu - Column linking management menu, menu name (rest)',NULL,'0',_____DATE_____,1);
INSERT INTO T_COMN_MENU_COLUMN_LINK_JNL (JOURNAL_SEQ_NO,JOURNAL_REG_DATETIME,JOURNAL_ACTION_CLASS,COLUMN_DEFINITION_ID,MENU_ID,COLUMN_NAME_JA,COLUMN_NAME_EN,COLUMN_NAME_REST,COL_GROUP_ID,COLUMN_CLASS,COLUMN_DISP_SEQ,REF_TABLE_NAME,REF_PKEY_NAME,REF_COL_NAME,REF_SORT_CONDITIONS,REF_MULTI_LANG,REFERENCE_ITEM,SENSITIVE_COL_NAME,FILE_UPLOAD_PLACE,BUTTON_ACTION,COL_NAME,SAVE_TYPE,AUTO_INPUT,INPUT_ITEM,VIEW_ITEM,UNIQUE_ITEM,REQUIRED_ITEM,AUTOREG_HIDE_ITEM,AUTOREG_ONLY_ITEM,INITIAL_VALUE,VALIDATE_OPTION,VALIDATE_REG_EXP,BEFORE_VALIDATE_REGISTER,AFTER_VALIDATE_REGISTER,DESCRIPTION_JA,DESCRIPTION_EN,NOTE,DISUSE_FLAG,LAST_UPDATE_TIMESTAMP,LAST_UPDATE_USER) VALUES(2030702,_____DATE_____,'INSERT','2030702','20307','メニュー名(Rest)','Menu name(rest)','menu_name_rest',NULL,'7',20,'T_COMN_MENU','MENU_ID','MENU_NAME_REST',NULL,'0',NULL,NULL,NULL,NULL,'MENU_NAME_REST',NULL,'0','2','2','0','0','1','0',NULL,NULL,NULL,NULL,NULL,'[元データ]メニュー-カラム紐付管理メニュー・メニュー名(rest)','Original data] menu - Column linking management menu, menu name (rest)',NULL,'0',_____DATE_____,1);
INSERT INTO T_COMN_MENU_COLUMN_LINK (COLUMN_DEFINITION_ID,MENU_ID,COLUMN_NAME_JA,COLUMN_NAME_EN,COLUMN_NAME_REST,COL_GROUP_ID,COLUMN_CLASS,COLUMN_DISP_SEQ,REF_TABLE_NAME,REF_PKEY_NAME,REF_COL_NAME,REF_SORT_CONDITIONS,REF_MULTI_LANG,REFERENCE_ITEM,SENSITIVE_COL_NAME,FILE_UPLOAD_PLACE,BUTTON_ACTION,COL_NAME,SAVE_TYPE,AUTO_INPUT,INPUT_ITEM,VIEW_ITEM,UNIQUE_ITEM,REQUIRED_ITEM,AUTOREG_HIDE_ITEM,AUTOREG_ONLY_ITEM,INITIAL_VALUE,VALIDATE_OPTION,VALIDATE_REG_EXP,BEFORE_VALIDATE_REGISTER,AFTER_VALIDATE_REGISTER,DESCRIPTION_JA,DESCRIPTION_EN,NOTE,DISUSE_FLAG,LAST_UPDATE_TIMESTAMP,LAST_UPDATE_USER) VALUES('2030703','20307','メニュー名','Menu name','menu_name','2040701','7',30,'V_ANSC_MENU','COLUMN_DEFINITION_ID','MENU_NAME',NULL,'1',NULL,NULL,NULL,NULL,'MENU_ID',NULL,'0','2','0','0','0','1','0',NULL,NULL,NULL,NULL,NULL,'登録・更新時は当該項目は更新対象ではない。','This item is not subject to updates when registering/updating.',NULL,'0',_____DATE_____,1);
INSERT INTO T_COMN_MENU_COLUMN_LINK_JNL (JOURNAL_SEQ_NO,JOURNAL_REG_DATETIME,JOURNAL_ACTION_CLASS,COLUMN_DEFINITION_ID,MENU_ID,COLUMN_NAME_JA,COLUMN_NAME_EN,COLUMN_NAME_REST,COL_GROUP_ID,COLUMN_CLASS,COLUMN_DISP_SEQ,REF_TABLE_NAME,REF_PKEY_NAME,REF_COL_NAME,REF_SORT_CONDITIONS,REF_MULTI_LANG,REFERENCE_ITEM,SENSITIVE_COL_NAME,FILE_UPLOAD_PLACE,BUTTON_ACTION,COL_NAME,SAVE_TYPE,AUTO_INPUT,INPUT_ITEM,VIEW_ITEM,UNIQUE_ITEM,REQUIRED_ITEM,AUTOREG_HIDE_ITEM,AUTOREG_ONLY_ITEM,INITIAL_VALUE,VALIDATE_OPTION,VALIDATE_REG_EXP,BEFORE_VALIDATE_REGISTER,AFTER_VALIDATE_REGISTER,DESCRIPTION_JA,DESCRIPTION_EN,NOTE,DISUSE_FLAG,LAST_UPDATE_TIMESTAMP,LAST_UPDATE_USER) VALUES(2030703,_____DATE_____,'INSERT','2030703','20307','メニュー名','Menu name','menu_name','2040701','7',30,'V_ANSC_MENU','COLUMN_DEFINITION_ID','MENU_NAME',NULL,'1',NULL,NULL,NULL,NULL,'MENU_ID',NULL,'0','2','0','0','0','1','0',NULL,NULL,NULL,NULL,NULL,'登録・更新時は当該項目は更新対象ではない。','This item is not subject to updates when registering/updating.',NULL,'0',_____DATE_____,1);
INSERT INTO T_COMN_MENU_COLUMN_LINK (COLUMN_DEFINITION_ID,MENU_ID,COLUMN_NAME_JA,COLUMN_NAME_EN,COLUMN_NAME_REST,COL_GROUP_ID,COLUMN_CLASS,COLUMN_DISP_SEQ,REF_TABLE_NAME,REF_PKEY_NAME,REF_COL_NAME,REF_SORT_CONDITIONS,REF_MULTI_LANG,REFERENCE_ITEM,SENSITIVE_COL_NAME,FILE_UPLOAD_PLACE,BUTTON_ACTION,COL_NAME,SAVE_TYPE,AUTO_INPUT,INPUT_ITEM,VIEW_ITEM,UNIQUE_ITEM,REQUIRED_ITEM,AUTOREG_HIDE_ITEM,AUTOREG_ONLY_ITEM,INITIAL_VALUE,VALIDATE_OPTION,VALIDATE_REG_EXP,BEFORE_VALIDATE_REGISTER,AFTER_VALIDATE_REGISTER,DESCRIPTION_JA,DESCRIPTION_EN,NOTE,DISUSE_FLAG,LAST_UPDATE_TIMESTAMP,LAST_UPDATE_USER) VALUES('2030704','20307','メニューグループ:メニュー:項目','Menu group:Menu:Item','menu_group_menu_item','2040701','7',40,'V_ANSP_COLUMN_LIST','COLUMN_DEFINITION_ID','GROUP_MENU_COLUMN_NAME',NULL,'1',NULL,NULL,NULL,NULL,'COLUMN_LIST_ID',NULL,'0','1','1','0','1','1','0',NULL,NULL,NULL,NULL,NULL,'[元データ]紐付対象メニュー','[Original data] Associated menu',NULL,'0',_____DATE_____,1);
INSERT INTO T_COMN_MENU_COLUMN_LINK_JNL (JOURNAL_SEQ_NO,JOURNAL_REG_DATETIME,JOURNAL_ACTION_CLASS,COLUMN_DEFINITION_ID,MENU_ID,COLUMN_NAME_JA,COLUMN_NAME_EN,COLUMN_NAME_REST,COL_GROUP_ID,COLUMN_CLASS,COLUMN_DISP_SEQ,REF_TABLE_NAME,REF_PKEY_NAME,REF_COL_NAME,REF_SORT_CONDITIONS,REF_MULTI_LANG,REFERENCE_ITEM,SENSITIVE_COL_NAME,FILE_UPLOAD_PLACE,BUTTON_ACTION,COL_NAME,SAVE_TYPE,AUTO_INPUT,INPUT_ITEM,VIEW_ITEM,UNIQUE_ITEM,REQUIRED_ITEM,AUTOREG_HIDE_ITEM,AUTOREG_ONLY_ITEM,INITIAL_VALUE,VALIDATE_OPTION,VALIDATE_REG_EXP,BEFORE_VALIDATE_REGISTER,AFTER_VALIDATE_REGISTER,DESCRIPTION_JA,DESCRIPTION_EN,NOTE,DISUSE_FLAG,LAST_UPDATE_TIMESTAMP,LAST_UPDATE_USER) VALUES(2030704,_____DATE_____,'INSERT','2030704','20307','メニューグループ:メニュー:項目','Menu group:Menu:Item','menu_group_menu_item','2040701','7',40,'V_ANSP_COLUMN_LIST','COLUMN_DEFINITION_ID','GROUP_MENU_COLUMN_NAME',NULL,'1',NULL,NULL,NULL,NULL,'COLUMN_LIST_ID',NULL,'0','1','1','0','1','1','0',NULL,NULL,NULL,NULL,NULL,'[元データ]紐付対象メニュー','[Original data] Associated menu',NULL,'0',_____DATE_____,1);
INSERT INTO T_COMN_MENU_COLUMN_LINK (COLUMN_DEFINITION_ID,MENU_ID,COLUMN_NAME_JA,COLUMN_NAME_EN,COLUMN_NAME_REST,COL_GROUP_ID,COLUMN_CLASS,COLUMN_DISP_SEQ,REF_TABLE_NAME,REF_PKEY_NAME,REF_COL_NAME,REF_SORT_CONDITIONS,REF_MULTI_LANG,REFERENCE_ITEM,SENSITIVE_COL_NAME,FILE_UPLOAD_PLACE,BUTTON_ACTION,COL_NAME,SAVE_TYPE,AUTO_INPUT,INPUT_ITEM,VIEW_ITEM,UNIQUE_ITEM,REQUIRED_ITEM,AUTOREG_HIDE_ITEM,AUTOREG_ONLY_ITEM,INITIAL_VALUE,VALIDATE_OPTION,VALIDATE_REG_EXP,BEFORE_VALIDATE_REGISTER,AFTER_VALIDATE_REGISTER,DESCRIPTION_JA,DESCRIPTION_EN,NOTE,DISUSE_FLAG,LAST_UPDATE_TIMESTAMP,LAST_UPDATE_USER) VALUES('2030705','20307','代入順序','Substitution order','column_substitution_order','2040701','3',50,NULL,NULL,NULL,NULL,'0',NULL,NULL,NULL,NULL,'COLUMN_ASSIGN_SEQ',NULL,'0','1','1','0','0','1','0',NULL,'{
"int_min": 1,
"int_max": 2147483647
}',NULL,NULL,NULL,'紐付対象メニューが縦型メニューの場合、縦型メニューで登録した代入順序を入力します。',NULL,NULL,'0',_____DATE_____,1);
INSERT INTO T_COMN_MENU_COLUMN_LINK_JNL (JOURNAL_SEQ_NO,JOURNAL_REG_DATETIME,JOURNAL_ACTION_CLASS,COLUMN_DEFINITION_ID,MENU_ID,COLUMN_NAME_JA,COLUMN_NAME_EN,COLUMN_NAME_REST,COL_GROUP_ID,COLUMN_CLASS,COLUMN_DISP_SEQ,REF_TABLE_NAME,REF_PKEY_NAME,REF_COL_NAME,REF_SORT_CONDITIONS,REF_MULTI_LANG,REFERENCE_ITEM,SENSITIVE_COL_NAME,FILE_UPLOAD_PLACE,BUTTON_ACTION,COL_NAME,SAVE_TYPE,AUTO_INPUT,INPUT_ITEM,VIEW_ITEM,UNIQUE_ITEM,REQUIRED_ITEM,AUTOREG_HIDE_ITEM,AUTOREG_ONLY_ITEM,INITIAL_VALUE,VALIDATE_OPTION,VALIDATE_REG_EXP,BEFORE_VALIDATE_REGISTER,AFTER_VALIDATE_REGISTER,DESCRIPTION_JA,DESCRIPTION_EN,NOTE,DISUSE_FLAG,LAST_UPDATE_TIMESTAMP,LAST_UPDATE_USER) VALUES(2030705,_____DATE_____,'INSERT','2030705','20307','代入順序','Substitution order','column_substitution_order','2040701','3',50,NULL,NULL,NULL,NULL,'0',NULL,NULL,NULL,NULL,'COLUMN_ASSIGN_SEQ',NULL,'0','1','1','0','0','1','0',NULL,'{
"int_min": 1,
"int_max": 2147483647
}',NULL,NULL,NULL,'紐付対象メニューが縦型メニューの場合、縦型メニューで登録した代入順序を入力します。',NULL,NULL,'0',_____DATE_____,1);
INSERT INTO T_COMN_MENU_COLUMN_LINK (COLUMN_DEFINITION_ID,MENU_ID,COLUMN_NAME_JA,COLUMN_NAME_EN,COLUMN_NAME_REST,COL_GROUP_ID,COLUMN_CLASS,COLUMN_DISP_SEQ,REF_TABLE_NAME,REF_PKEY_NAME,REF_COL_NAME,REF_SORT_CONDITIONS,REF_MULTI_LANG,REFERENCE_ITEM,SENSITIVE_COL_NAME,FILE_UPLOAD_PLACE,BUTTON_ACTION,COL_NAME,SAVE_TYPE,AUTO_INPUT,INPUT_ITEM,VIEW_ITEM,UNIQUE_ITEM,REQUIRED_ITEM,AUTOREG_HIDE_ITEM,AUTOREG_ONLY_ITEM,INITIAL_VALUE,VALIDATE_OPTION,VALIDATE_REG_EXP,BEFORE_VALIDATE_REGISTER,AFTER_VALIDATE_REGISTER,DESCRIPTION_JA,DESCRIPTION_EN,NOTE,DISUSE_FLAG,LAST_UPDATE_TIMESTAMP,LAST_UPDATE_USER) VALUES('2030706','20307','登録方式','Registration method','registration_method',NULL,'7',60,'T_ANSC_AUTOREG_REG_TYPE','TYPE_ID','TYPE_NAME',NULL,'1',NULL,NULL,NULL,NULL,'COL_TYPE',NULL,'0','1','1','0','1','1','0',NULL,NULL,NULL,NULL,NULL,'Value型:紐付対象メニューの項目の設定値を紐付けたValue型変数の具体値として代入値管理に登録されます。
Key型:紐付対象メニューの項目の名称を紐付けたKey変数の具体値として代入値管理に登録されます。項目の設定値が空白の場合に代入値管理に登録されません','Value type: Setting value of item of associated menu is registered in the substitution value list as a specific value of associated Value type variable.
Key type: Item name of associated menu is registered in the substitution value list as a specific value of associated Key variable. When the setting value of the item is blank, it is not registered in the substitution value list',NULL,'0',_____DATE_____,1);
INSERT INTO T_COMN_MENU_COLUMN_LINK_JNL (JOURNAL_SEQ_NO,JOURNAL_REG_DATETIME,JOURNAL_ACTION_CLASS,COLUMN_DEFINITION_ID,MENU_ID,COLUMN_NAME_JA,COLUMN_NAME_EN,COLUMN_NAME_REST,COL_GROUP_ID,COLUMN_CLASS,COLUMN_DISP_SEQ,REF_TABLE_NAME,REF_PKEY_NAME,REF_COL_NAME,REF_SORT_CONDITIONS,REF_MULTI_LANG,REFERENCE_ITEM,SENSITIVE_COL_NAME,FILE_UPLOAD_PLACE,BUTTON_ACTION,COL_NAME,SAVE_TYPE,AUTO_INPUT,INPUT_ITEM,VIEW_ITEM,UNIQUE_ITEM,REQUIRED_ITEM,AUTOREG_HIDE_ITEM,AUTOREG_ONLY_ITEM,INITIAL_VALUE,VALIDATE_OPTION,VALIDATE_REG_EXP,BEFORE_VALIDATE_REGISTER,AFTER_VALIDATE_REGISTER,DESCRIPTION_JA,DESCRIPTION_EN,NOTE,DISUSE_FLAG,LAST_UPDATE_TIMESTAMP,LAST_UPDATE_USER) VALUES(2030706,_____DATE_____,'INSERT','2030706','20307','登録方式','Registration method','registration_method',NULL,'7',60,'T_ANSC_AUTOREG_REG_TYPE','TYPE_ID','TYPE_NAME',NULL,'1',NULL,NULL,NULL,NULL,'COL_TYPE',NULL,'0','1','1','0','1','1','0',NULL,NULL,NULL,NULL,NULL,'Value型:紐付対象メニューの項目の設定値を紐付けたValue型変数の具体値として代入値管理に登録されます。
Key型:紐付対象メニューの項目の名称を紐付けたKey変数の具体値として代入値管理に登録されます。項目の設定値が空白の場合に代入値管理に登録されません','Value type: Setting value of item of associated menu is registered in the substitution value list as a specific value of associated Value type variable.
Key type: Item name of associated menu is registered in the substitution value list as a specific value of associated Key variable. When the setting value of the item is blank, it is not registered in the substitution value list',NULL,'0',_____DATE_____,1);
INSERT INTO T_COMN_MENU_COLUMN_LINK (COLUMN_DEFINITION_ID,MENU_ID,COLUMN_NAME_JA,COLUMN_NAME_EN,COLUMN_NAME_REST,COL_GROUP_ID,COLUMN_CLASS,COLUMN_DISP_SEQ,REF_TABLE_NAME,REF_PKEY_NAME,REF_COL_NAME,REF_SORT_CONDITIONS,REF_MULTI_LANG,REFERENCE_ITEM,SENSITIVE_COL_NAME,FILE_UPLOAD_PLACE,BUTTON_ACTION,COL_NAME,SAVE_TYPE,AUTO_INPUT,INPUT_ITEM,VIEW_ITEM,UNIQUE_ITEM,REQUIRED_ITEM,AUTOREG_HIDE_ITEM,AUTOREG_ONLY_ITEM,INITIAL_VALUE,VALIDATE_OPTION,VALIDATE_REG_EXP,BEFORE_VALIDATE_REGISTER,AFTER_VALIDATE_REGISTER,DESCRIPTION_JA,DESCRIPTION_EN,NOTE,DISUSE_FLAG,LAST_UPDATE_TIMESTAMP,LAST_UPDATE_USER) VALUES('2030707','20307','Movement名','Movement name','movement',NULL,'7',70,'V_ANSP_MOVEMENT','MOVEMENT_ID','MOVEMENT_NAME',NULL,'0',NULL,NULL,NULL,NULL,'MOVEMENT_ID',NULL,'0','1','1','0','1','1','0',NULL,NULL,NULL,NULL,NULL,'[元データ]Movement一覧','[Original data] Movement list',NULL,'0',_____DATE_____,1);
INSERT INTO T_COMN_MENU_COLUMN_LINK_JNL (JOURNAL_SEQ_NO,JOURNAL_REG_DATETIME,JOURNAL_ACTION_CLASS,COLUMN_DEFINITION_ID,MENU_ID,COLUMN_NAME_JA,COLUMN_NAME_EN,COLUMN_NAME_REST,COL_GROUP_ID,COLUMN_CLASS,COLUMN_DISP_SEQ,REF_TABLE_NAME,REF_PKEY_NAME,REF_COL_NAME,REF_SORT_CONDITIONS,REF_MULTI_LANG,REFERENCE_ITEM,SENSITIVE_COL_NAME,FILE_UPLOAD_PLACE,BUTTON_ACTION,COL_NAME,SAVE_TYPE,AUTO_INPUT,INPUT_ITEM,VIEW_ITEM,UNIQUE_ITEM,REQUIRED_ITEM,AUTOREG_HIDE_ITEM,AUTOREG_ONLY_ITEM,INITIAL_VALUE,VALIDATE_OPTION,VALIDATE_REG_EXP,BEFORE_VALIDATE_REGISTER,AFTER_VALIDATE_REGISTER,DESCRIPTION_JA,DESCRIPTION_EN,NOTE,DISUSE_FLAG,LAST_UPDATE_TIMESTAMP,LAST_UPDATE_USER) VALUES(2030707,_____DATE_____,'INSERT','2030707','20307','Movement名','Movement name','movement',NULL,'7',70,'V_ANSP_MOVEMENT','MOVEMENT_ID','MOVEMENT_NAME',NULL,'0',NULL,NULL,NULL,NULL,'MOVEMENT_ID',NULL,'0','1','1','0','1','1','0',NULL,NULL,NULL,NULL,NULL,'[元データ]Movement一覧','[Original data] Movement list',NULL,'0',_____DATE_____,1);
INSERT INTO T_COMN_MENU_COLUMN_LINK (COLUMN_DEFINITION_ID,MENU_ID,COLUMN_NAME_JA,COLUMN_NAME_EN,COLUMN_NAME_REST,COL_GROUP_ID,COLUMN_CLASS,COLUMN_DISP_SEQ,REF_TABLE_NAME,REF_PKEY_NAME,REF_COL_NAME,REF_SORT_CONDITIONS,REF_MULTI_LANG,REFERENCE_ITEM,SENSITIVE_COL_NAME,FILE_UPLOAD_PLACE,BUTTON_ACTION,COL_NAME,SAVE_TYPE,AUTO_INPUT,INPUT_ITEM,VIEW_ITEM,UNIQUE_ITEM,REQUIRED_ITEM,AUTOREG_HIDE_ITEM,AUTOREG_ONLY_ITEM,INITIAL_VALUE,VALIDATE_OPTION,VALIDATE_REG_EXP,BEFORE_VALIDATE_REGISTER,AFTER_VALIDATE_REGISTER,DESCRIPTION_JA,DESCRIPTION_EN,NOTE,DISUSE_FLAG,LAST_UPDATE_TIMESTAMP,LAST_UPDATE_USER) VALUES('2030708','20307','Movement名:変数名','Movement Name:Variable name','variable_name','2040702','7',80,'V_ANSP_VAL_VARS_LINK','MVMT_VAR_LINK_ID','MOVEMENT_VARS_NAME',NULL,'0',NULL,NULL,NULL,NULL,'MVMT_VAR_LINK_ID',NULL,'0','1','1','0','0','1','0',NULL,NULL,NULL,NULL,NULL,'対話ファイル及びテンプレートから自動取得','Auto acquire from Dialog file and template',NULL,'0',_____DATE_____,1);
INSERT INTO T_COMN_MENU_COLUMN_LINK_JNL (JOURNAL_SEQ_NO,JOURNAL_REG_DATETIME,JOURNAL_ACTION_CLASS,COLUMN_DEFINITION_ID,MENU_ID,COLUMN_NAME_JA,COLUMN_NAME_EN,COLUMN_NAME_REST,COL_GROUP_ID,COLUMN_CLASS,COLUMN_DISP_SEQ,REF_TABLE_NAME,REF_PKEY_NAME,REF_COL_NAME,REF_SORT_CONDITIONS,REF_MULTI_LANG,REFERENCE_ITEM,SENSITIVE_COL_NAME,FILE_UPLOAD_PLACE,BUTTON_ACTION,COL_NAME,SAVE_TYPE,AUTO_INPUT,INPUT_ITEM,VIEW_ITEM,UNIQUE_ITEM,REQUIRED_ITEM,AUTOREG_HIDE_ITEM,AUTOREG_ONLY_ITEM,INITIAL_VALUE,VALIDATE_OPTION,VALIDATE_REG_EXP,BEFORE_VALIDATE_REGISTER,AFTER_VALIDATE_REGISTER,DESCRIPTION_JA,DESCRIPTION_EN,NOTE,DISUSE_FLAG,LAST_UPDATE_TIMESTAMP,LAST_UPDATE_USER) VALUES(2030708,_____DATE_____,'INSERT','2030708','20307','Movement名:変数名','Movement Name:Variable name','variable_name','2040702','7',80,'V_ANSP_VAL_VARS_LINK','MVMT_VAR_LINK_ID','MOVEMENT_VARS_NAME',NULL,'0',NULL,NULL,NULL,NULL,'MVMT_VAR_LINK_ID',NULL,'0','1','1','0','0','1','0',NULL,NULL,NULL,NULL,NULL,'対話ファイル及びテンプレートから自動取得','Auto acquire from Dialog file and template',NULL,'0',_____DATE_____,1);
INSERT INTO T_COMN_MENU_COLUMN_LINK (COLUMN_DEFINITION_ID,MENU_ID,COLUMN_NAME_JA,COLUMN_NAME_EN,COLUMN_NAME_REST,COL_GROUP_ID,COLUMN_CLASS,COLUMN_DISP_SEQ,REF_TABLE_NAME,REF_PKEY_NAME,REF_COL_NAME,REF_SORT_CONDITIONS,REF_MULTI_LANG,REFERENCE_ITEM,SENSITIVE_COL_NAME,FILE_UPLOAD_PLACE,BUTTON_ACTION,COL_NAME,SAVE_TYPE,AUTO_INPUT,INPUT_ITEM,VIEW_ITEM,UNIQUE_ITEM,REQUIRED_ITEM,AUTOREG_HIDE_ITEM,AUTOREG_ONLY_ITEM,INITIAL_VALUE,VALIDATE_OPTION,VALIDATE_REG_EXP,BEFORE_VALIDATE_REGISTER,AFTER_VALIDATE_REGISTER,DESCRIPTION_JA,DESCRIPTION_EN,NOTE,DISUSE_FLAG,LAST_UPDATE_TIMESTAMP,LAST_UPDATE_USER) VALUES('2030709','20307','代入順序','Substitution order','substitution_order','2040702','3',90,NULL,NULL,NULL,NULL,'0',NULL,NULL,NULL,NULL,'ASSIGN_SEQ',NULL,'0','1','1','0','0','1','0',NULL,'{
"int_min": 1,
"int_max": 2147483647
}',NULL,NULL,NULL,'変数名で配列変数を指定した場合は入力不可。
その他の場合は正の整数を入力。入力値が昇順で代入されます。
具体値が複数ない場合でも正の整数を入力して下さい。','If array variable is specified in the variable name, input is not allowed.
 Otherwise, enter positive integer. Input value is substituted in ascending order.
 Enter positive integer even if there are no multiple specific values.',NULL,'0',_____DATE_____,1);
INSERT INTO T_COMN_MENU_COLUMN_LINK_JNL (JOURNAL_SEQ_NO,JOURNAL_REG_DATETIME,JOURNAL_ACTION_CLASS,COLUMN_DEFINITION_ID,MENU_ID,COLUMN_NAME_JA,COLUMN_NAME_EN,COLUMN_NAME_REST,COL_GROUP_ID,COLUMN_CLASS,COLUMN_DISP_SEQ,REF_TABLE_NAME,REF_PKEY_NAME,REF_COL_NAME,REF_SORT_CONDITIONS,REF_MULTI_LANG,REFERENCE_ITEM,SENSITIVE_COL_NAME,FILE_UPLOAD_PLACE,BUTTON_ACTION,COL_NAME,SAVE_TYPE,AUTO_INPUT,INPUT_ITEM,VIEW_ITEM,UNIQUE_ITEM,REQUIRED_ITEM,AUTOREG_HIDE_ITEM,AUTOREG_ONLY_ITEM,INITIAL_VALUE,VALIDATE_OPTION,VALIDATE_REG_EXP,BEFORE_VALIDATE_REGISTER,AFTER_VALIDATE_REGISTER,DESCRIPTION_JA,DESCRIPTION_EN,NOTE,DISUSE_FLAG,LAST_UPDATE_TIMESTAMP,LAST_UPDATE_USER) VALUES(2030709,_____DATE_____,'INSERT','2030709','20307','代入順序','Substitution order','substitution_order','2040702','3',90,NULL,NULL,NULL,NULL,'0',NULL,NULL,NULL,NULL,'ASSIGN_SEQ',NULL,'0','1','1','0','0','1','0',NULL,'{
"int_min": 1,
"int_max": 2147483647
}',NULL,NULL,NULL,'変数名で配列変数を指定した場合は入力不可。
その他の場合は正の整数を入力。入力値が昇順で代入されます。
具体値が複数ない場合でも正の整数を入力して下さい。','If array variable is specified in the variable name, input is not allowed.
 Otherwise, enter positive integer. Input value is substituted in ascending order.
 Enter positive integer even if there are no multiple specific values.',NULL,'0',_____DATE_____,1);
INSERT INTO T_COMN_MENU_COLUMN_LINK (COLUMN_DEFINITION_ID,MENU_ID,COLUMN_NAME_JA,COLUMN_NAME_EN,COLUMN_NAME_REST,COL_GROUP_ID,COLUMN_CLASS,COLUMN_DISP_SEQ,REF_TABLE_NAME,REF_PKEY_NAME,REF_COL_NAME,REF_SORT_CONDITIONS,REF_MULTI_LANG,REFERENCE_ITEM,SENSITIVE_COL_NAME,FILE_UPLOAD_PLACE,BUTTON_ACTION,COL_NAME,SAVE_TYPE,AUTO_INPUT,INPUT_ITEM,VIEW_ITEM,UNIQUE_ITEM,REQUIRED_ITEM,AUTOREG_HIDE_ITEM,AUTOREG_ONLY_ITEM,INITIAL_VALUE,VALIDATE_OPTION,VALIDATE_REG_EXP,BEFORE_VALIDATE_REGISTER,AFTER_VALIDATE_REGISTER,DESCRIPTION_JA,DESCRIPTION_EN,NOTE,DISUSE_FLAG,LAST_UPDATE_TIMESTAMP,LAST_UPDATE_USER) VALUES('2030710','20307','NULL連携','NULL link','null_link',NULL,'7',100,'T_COMN_BOOLEAN_FLAG','FLAG_ID','FLAG_NAME',NULL,'0',NULL,NULL,NULL,NULL,'NULL_DATA_HANDLING_FLG',NULL,'0','1','1','0','0','1','0',NULL,NULL,NULL,NULL,NULL,'パラメータシートの具体値がNULL(空白)の場合、代入値管理への登録を有効にするかを設定します。
空白:Ansible共通インターフェース情報のNULL連携に従う。
True:NULLデータを登録する。
False:NULLデータは登録しない。','If specific value of parameter sheet is NULL, set whether to enable Substitution value list registration.
Blank: Follow Null linkage of Ansible common interface information.
True: Register NULL data.
False: Do not register null data.',NULL,'0',_____DATE_____,1);
INSERT INTO T_COMN_MENU_COLUMN_LINK_JNL (JOURNAL_SEQ_NO,JOURNAL_REG_DATETIME,JOURNAL_ACTION_CLASS,COLUMN_DEFINITION_ID,MENU_ID,COLUMN_NAME_JA,COLUMN_NAME_EN,COLUMN_NAME_REST,COL_GROUP_ID,COLUMN_CLASS,COLUMN_DISP_SEQ,REF_TABLE_NAME,REF_PKEY_NAME,REF_COL_NAME,REF_SORT_CONDITIONS,REF_MULTI_LANG,REFERENCE_ITEM,SENSITIVE_COL_NAME,FILE_UPLOAD_PLACE,BUTTON_ACTION,COL_NAME,SAVE_TYPE,AUTO_INPUT,INPUT_ITEM,VIEW_ITEM,UNIQUE_ITEM,REQUIRED_ITEM,AUTOREG_HIDE_ITEM,AUTOREG_ONLY_ITEM,INITIAL_VALUE,VALIDATE_OPTION,VALIDATE_REG_EXP,BEFORE_VALIDATE_REGISTER,AFTER_VALIDATE_REGISTER,DESCRIPTION_JA,DESCRIPTION_EN,NOTE,DISUSE_FLAG,LAST_UPDATE_TIMESTAMP,LAST_UPDATE_USER) VALUES(2030710,_____DATE_____,'INSERT','2030710','20307','NULL連携','NULL link','null_link',NULL,'7',100,'T_COMN_BOOLEAN_FLAG','FLAG_ID','FLAG_NAME',NULL,'0',NULL,NULL,NULL,NULL,'NULL_DATA_HANDLING_FLG',NULL,'0','1','1','0','0','1','0',NULL,NULL,NULL,NULL,NULL,'パラメータシートの具体値がNULL(空白)の場合、代入値管理への登録を有効にするかを設定します。
空白:Ansible共通インターフェース情報のNULL連携に従う。
True:NULLデータを登録する。
False:NULLデータは登録しない。','If specific value of parameter sheet is NULL, set whether to enable Substitution value list registration.
Blank: Follow Null linkage of Ansible common interface information.
True: Register NULL data.
False: Do not register null data.',NULL,'0',_____DATE_____,1);
INSERT INTO T_COMN_MENU_COLUMN_LINK (COLUMN_DEFINITION_ID,MENU_ID,COLUMN_NAME_JA,COLUMN_NAME_EN,COLUMN_NAME_REST,COL_GROUP_ID,COLUMN_CLASS,COLUMN_DISP_SEQ,REF_TABLE_NAME,REF_PKEY_NAME,REF_COL_NAME,REF_SORT_CONDITIONS,REF_MULTI_LANG,REFERENCE_ITEM,SENSITIVE_COL_NAME,FILE_UPLOAD_PLACE,BUTTON_ACTION,COL_NAME,SAVE_TYPE,AUTO_INPUT,INPUT_ITEM,VIEW_ITEM,UNIQUE_ITEM,REQUIRED_ITEM,AUTOREG_HIDE_ITEM,AUTOREG_ONLY_ITEM,INITIAL_VALUE,VALIDATE_OPTION,VALIDATE_REG_EXP,BEFORE_VALIDATE_REGISTER,AFTER_VALIDATE_REGISTER,DESCRIPTION_JA,DESCRIPTION_EN,NOTE,DISUSE_FLAG,LAST_UPDATE_TIMESTAMP,LAST_UPDATE_USER) VALUES('2030711','20307','備考','Remarks','remarks',NULL,'12',110,NULL,NULL,NULL,NULL,'0',NULL,NULL,NULL,NULL,'NOTE',NULL,'0','1','1','0','0','1','0',NULL,'{
"min_length": 0,
"max_length": 4000
}',NULL,NULL,NULL,'自由記述欄。レコードの廃止・復活時にも記載可能。','Comments section. Can comment when removing or restoring records.',NULL,'0',_____DATE_____,1);
INSERT INTO T_COMN_MENU_COLUMN_LINK_JNL (JOURNAL_SEQ_NO,JOURNAL_REG_DATETIME,JOURNAL_ACTION_CLASS,COLUMN_DEFINITION_ID,MENU_ID,COLUMN_NAME_JA,COLUMN_NAME_EN,COLUMN_NAME_REST,COL_GROUP_ID,COLUMN_CLASS,COLUMN_DISP_SEQ,REF_TABLE_NAME,REF_PKEY_NAME,REF_COL_NAME,REF_SORT_CONDITIONS,REF_MULTI_LANG,REFERENCE_ITEM,SENSITIVE_COL_NAME,FILE_UPLOAD_PLACE,BUTTON_ACTION,COL_NAME,SAVE_TYPE,AUTO_INPUT,INPUT_ITEM,VIEW_ITEM,UNIQUE_ITEM,REQUIRED_ITEM,AUTOREG_HIDE_ITEM,AUTOREG_ONLY_ITEM,INITIAL_VALUE,VALIDATE_OPTION,VALIDATE_REG_EXP,BEFORE_VALIDATE_REGISTER,AFTER_VALIDATE_REGISTER,DESCRIPTION_JA,DESCRIPTION_EN,NOTE,DISUSE_FLAG,LAST_UPDATE_TIMESTAMP,LAST_UPDATE_USER) VALUES(2030711,_____DATE_____,'INSERT','2030711','20307','備考','Remarks','remarks',NULL,'12',110,NULL,NULL,NULL,NULL,'0',NULL,NULL,NULL,NULL,'NOTE',NULL,'0','1','1','0','0','1','0',NULL,'{
"min_length": 0,
"max_length": 4000
}',NULL,NULL,NULL,'自由記述欄。レコードの廃止・復活時にも記載可能。','Comments section. Can comment when removing or restoring records.',NULL,'0',_____DATE_____,1);
INSERT INTO T_COMN_MENU_COLUMN_LINK (COLUMN_DEFINITION_ID,MENU_ID,COLUMN_NAME_JA,COLUMN_NAME_EN,COLUMN_NAME_REST,COL_GROUP_ID,COLUMN_CLASS,COLUMN_DISP_SEQ,REF_TABLE_NAME,REF_PKEY_NAME,REF_COL_NAME,REF_SORT_CONDITIONS,REF_MULTI_LANG,REFERENCE_ITEM,SENSITIVE_COL_NAME,FILE_UPLOAD_PLACE,BUTTON_ACTION,COL_NAME,SAVE_TYPE,AUTO_INPUT,INPUT_ITEM,VIEW_ITEM,UNIQUE_ITEM,REQUIRED_ITEM,AUTOREG_HIDE_ITEM,AUTOREG_ONLY_ITEM,INITIAL_VALUE,VALIDATE_OPTION,VALIDATE_REG_EXP,BEFORE_VALIDATE_REGISTER,AFTER_VALIDATE_REGISTER,DESCRIPTION_JA,DESCRIPTION_EN,NOTE,DISUSE_FLAG,LAST_UPDATE_TIMESTAMP,LAST_UPDATE_USER) VALUES('2030712','20307','廃止フラグ','Discard','discard',NULL,'1',120,NULL,NULL,NULL,NULL,'0',NULL,NULL,NULL,NULL,'DISUSE_FLAG',NULL,'1','1','1','0','1','1','0',NULL,NULL,NULL,NULL,NULL,'廃止フラグ。復活以外のオペレーションは不可','Discard flag. Cannot do operation other than restore.',NULL,'0',_____DATE_____,1);
INSERT INTO T_COMN_MENU_COLUMN_LINK_JNL (JOURNAL_SEQ_NO,JOURNAL_REG_DATETIME,JOURNAL_ACTION_CLASS,COLUMN_DEFINITION_ID,MENU_ID,COLUMN_NAME_JA,COLUMN_NAME_EN,COLUMN_NAME_REST,COL_GROUP_ID,COLUMN_CLASS,COLUMN_DISP_SEQ,REF_TABLE_NAME,REF_PKEY_NAME,REF_COL_NAME,REF_SORT_CONDITIONS,REF_MULTI_LANG,REFERENCE_ITEM,SENSITIVE_COL_NAME,FILE_UPLOAD_PLACE,BUTTON_ACTION,COL_NAME,SAVE_TYPE,AUTO_INPUT,INPUT_ITEM,VIEW_ITEM,UNIQUE_ITEM,REQUIRED_ITEM,AUTOREG_HIDE_ITEM,AUTOREG_ONLY_ITEM,INITIAL_VALUE,VALIDATE_OPTION,VALIDATE_REG_EXP,BEFORE_VALIDATE_REGISTER,AFTER_VALIDATE_REGISTER,DESCRIPTION_JA,DESCRIPTION_EN,NOTE,DISUSE_FLAG,LAST_UPDATE_TIMESTAMP,LAST_UPDATE_USER) VALUES(2030712,_____DATE_____,'INSERT','2030712','20307','廃止フラグ','Discard','discard',NULL,'1',120,NULL,NULL,NULL,NULL,'0',NULL,NULL,NULL,NULL,'DISUSE_FLAG',NULL,'1','1','1','0','1','1','0',NULL,NULL,NULL,NULL,NULL,'廃止フラグ。復活以外のオペレーションは不可','Discard flag. Cannot do operation other than restore.',NULL,'0',_____DATE_____,1);
INSERT INTO T_COMN_MENU_COLUMN_LINK (COLUMN_DEFINITION_ID,MENU_ID,COLUMN_NAME_JA,COLUMN_NAME_EN,COLUMN_NAME_REST,COL_GROUP_ID,COLUMN_CLASS,COLUMN_DISP_SEQ,REF_TABLE_NAME,REF_PKEY_NAME,REF_COL_NAME,REF_SORT_CONDITIONS,REF_MULTI_LANG,REFERENCE_ITEM,SENSITIVE_COL_NAME,FILE_UPLOAD_PLACE,BUTTON_ACTION,COL_NAME,SAVE_TYPE,AUTO_INPUT,INPUT_ITEM,VIEW_ITEM,UNIQUE_ITEM,REQUIRED_ITEM,AUTOREG_HIDE_ITEM,AUTOREG_ONLY_ITEM,INITIAL_VALUE,VALIDATE_OPTION,VALIDATE_REG_EXP,BEFORE_VALIDATE_REGISTER,AFTER_VALIDATE_REGISTER,DESCRIPTION_JA,DESCRIPTION_EN,NOTE,DISUSE_FLAG,LAST_UPDATE_TIMESTAMP,LAST_UPDATE_USER) VALUES('2030713','20307','最終更新日時','Last update date/time','last_update_date_time',NULL,'13',130,NULL,NULL,NULL,NULL,'0',NULL,NULL,NULL,NULL,'LAST_UPDATE_TIMESTAMP',NULL,'1','0','1','0','1','1','0',NULL,NULL,NULL,NULL,NULL,'レコードの最終更新日。更新可否判定に使用。自動登録のため編集不可。','Last update date of record. Useful for judging the possibility of an update. Cannot edit because of auto-numbering.',NULL,'0',_____DATE_____,1);
INSERT INTO T_COMN_MENU_COLUMN_LINK_JNL (JOURNAL_SEQ_NO,JOURNAL_REG_DATETIME,JOURNAL_ACTION_CLASS,COLUMN_DEFINITION_ID,MENU_ID,COLUMN_NAME_JA,COLUMN_NAME_EN,COLUMN_NAME_REST,COL_GROUP_ID,COLUMN_CLASS,COLUMN_DISP_SEQ,REF_TABLE_NAME,REF_PKEY_NAME,REF_COL_NAME,REF_SORT_CONDITIONS,REF_MULTI_LANG,REFERENCE_ITEM,SENSITIVE_COL_NAME,FILE_UPLOAD_PLACE,BUTTON_ACTION,COL_NAME,SAVE_TYPE,AUTO_INPUT,INPUT_ITEM,VIEW_ITEM,UNIQUE_ITEM,REQUIRED_ITEM,AUTOREG_HIDE_ITEM,AUTOREG_ONLY_ITEM,INITIAL_VALUE,VALIDATE_OPTION,VALIDATE_REG_EXP,BEFORE_VALIDATE_REGISTER,AFTER_VALIDATE_REGISTER,DESCRIPTION_JA,DESCRIPTION_EN,NOTE,DISUSE_FLAG,LAST_UPDATE_TIMESTAMP,LAST_UPDATE_USER) VALUES(2030713,_____DATE_____,'INSERT','2030713','20307','最終更新日時','Last update date/time','last_update_date_time',NULL,'13',130,NULL,NULL,NULL,NULL,'0',NULL,NULL,NULL,NULL,'LAST_UPDATE_TIMESTAMP',NULL,'1','0','1','0','1','1','0',NULL,NULL,NULL,NULL,NULL,'レコードの最終更新日。更新可否判定に使用。自動登録のため編集不可。','Last update date of record. Useful for judging the possibility of an update. Cannot edit because of auto-numbering.',NULL,'0',_____DATE_____,1);
INSERT INTO T_COMN_MENU_COLUMN_LINK (COLUMN_DEFINITION_ID,MENU_ID,COLUMN_NAME_JA,COLUMN_NAME_EN,COLUMN_NAME_REST,COL_GROUP_ID,COLUMN_CLASS,COLUMN_DISP_SEQ,REF_TABLE_NAME,REF_PKEY_NAME,REF_COL_NAME,REF_SORT_CONDITIONS,REF_MULTI_LANG,REFERENCE_ITEM,SENSITIVE_COL_NAME,FILE_UPLOAD_PLACE,BUTTON_ACTION,COL_NAME,SAVE_TYPE,AUTO_INPUT,INPUT_ITEM,VIEW_ITEM,UNIQUE_ITEM,REQUIRED_ITEM,AUTOREG_HIDE_ITEM,AUTOREG_ONLY_ITEM,INITIAL_VALUE,VALIDATE_OPTION,VALIDATE_REG_EXP,BEFORE_VALIDATE_REGISTER,AFTER_VALIDATE_REGISTER,DESCRIPTION_JA,DESCRIPTION_EN,NOTE,DISUSE_FLAG,LAST_UPDATE_TIMESTAMP,LAST_UPDATE_USER) VALUES('2030714','20307','最終更新者','Last updated by','last_updated_user',NULL,'14',140,NULL,NULL,NULL,NULL,'0',NULL,NULL,NULL,NULL,'LAST_UPDATE_USER',NULL,'1','0','1','0','1','1','0',NULL,NULL,NULL,NULL,NULL,'更新者。ログインユーザのIDが自動的に登録される。編集不可。','Updated by. Login user ID is automatically registered. Cannot edit.',NULL,'0',_____DATE_____,1);
INSERT INTO T_COMN_MENU_COLUMN_LINK_JNL (JOURNAL_SEQ_NO,JOURNAL_REG_DATETIME,JOURNAL_ACTION_CLASS,COLUMN_DEFINITION_ID,MENU_ID,COLUMN_NAME_JA,COLUMN_NAME_EN,COLUMN_NAME_REST,COL_GROUP_ID,COLUMN_CLASS,COLUMN_DISP_SEQ,REF_TABLE_NAME,REF_PKEY_NAME,REF_COL_NAME,REF_SORT_CONDITIONS,REF_MULTI_LANG,REFERENCE_ITEM,SENSITIVE_COL_NAME,FILE_UPLOAD_PLACE,BUTTON_ACTION,COL_NAME,SAVE_TYPE,AUTO_INPUT,INPUT_ITEM,VIEW_ITEM,UNIQUE_ITEM,REQUIRED_ITEM,AUTOREG_HIDE_ITEM,AUTOREG_ONLY_ITEM,INITIAL_VALUE,VALIDATE_OPTION,VALIDATE_REG_EXP,BEFORE_VALIDATE_REGISTER,AFTER_VALIDATE_REGISTER,DESCRIPTION_JA,DESCRIPTION_EN,NOTE,DISUSE_FLAG,LAST_UPDATE_TIMESTAMP,LAST_UPDATE_USER) VALUES(2030714,_____DATE_____,'INSERT','2030714','20307','最終更新者','Last updated by','last_updated_user',NULL,'14',140,NULL,NULL,NULL,NULL,'0',NULL,NULL,NULL,NULL,'LAST_UPDATE_USER',NULL,'1','0','1','0','1','1','0',NULL,NULL,NULL,NULL,NULL,'更新者。ログインユーザのIDが自動的に登録される。編集不可。','Updated by. Login user ID is automatically registered. Cannot edit.',NULL,'0',_____DATE_____,1);

DELETE FROM T_COMN_MENU_COLUMN_LINK WHERE COLUMN_DEFINITION_ID IN ('2040702',
                                                                   '2040703',
                                                                   '2040704',
                                                                   '2040705',
                                                                   '2040706',
                                                                   '2040707',
                                                                   '2040708',
                                                                   '2040709',
                                                                   '2040710',
                                                                   '2040711',
                                                                   '2040712',
                                                                   '2040713',
                                                                   '2040714');

DELETE FROM T_COMN_MENU_COLUMN_LINK_JNL WHERE COLUMN_DEFINITION_ID IN ('2040702',
                                                                       '2040703',
                                                                       '2040704',
                                                                       '2040705',
                                                                       '2040706',
                                                                       '2040707',
                                                                       '2040708',
                                                                       '2040709',
                                                                       '2040710',
                                                                       '2040711',
                                                                       '2040712',
                                                                       '2040713',
                                                                       '2040714');

INSERT INTO T_COMN_MENU_COLUMN_LINK (COLUMN_DEFINITION_ID,MENU_ID,COLUMN_NAME_JA,COLUMN_NAME_EN,COLUMN_NAME_REST,COL_GROUP_ID,COLUMN_CLASS,COLUMN_DISP_SEQ,REF_TABLE_NAME,REF_PKEY_NAME,REF_COL_NAME,REF_SORT_CONDITIONS,REF_MULTI_LANG,REFERENCE_ITEM,SENSITIVE_COL_NAME,FILE_UPLOAD_PLACE,BUTTON_ACTION,COL_NAME,SAVE_TYPE,AUTO_INPUT,INPUT_ITEM,VIEW_ITEM,UNIQUE_ITEM,REQUIRED_ITEM,AUTOREG_HIDE_ITEM,AUTOREG_ONLY_ITEM,INITIAL_VALUE,VALIDATE_OPTION,VALIDATE_REG_EXP,BEFORE_VALIDATE_REGISTER,AFTER_VALIDATE_REGISTER,DESCRIPTION_JA,DESCRIPTION_EN,NOTE,DISUSE_FLAG,LAST_UPDATE_TIMESTAMP,LAST_UPDATE_USER) VALUES('2040702','20407','メニュー名(Rest)','Menu name(rest)','menu_name_rest',NULL,'7',20,'T_COMN_MENU','MENU_ID','MENU_NAME_REST',NULL,'0',NULL,NULL,NULL,NULL,'MENU_NAME_REST',NULL,'0','2','2','0','0','1','0',NULL,NULL,NULL,NULL,NULL,'[元データ]メニュー-カラム紐付管理メニュー・メニュー名(rest)','Original data] menu - Column linking management menu, menu name (rest)',NULL,'0',_____DATE_____,1);
INSERT INTO T_COMN_MENU_COLUMN_LINK_JNL (JOURNAL_SEQ_NO,JOURNAL_REG_DATETIME,JOURNAL_ACTION_CLASS,COLUMN_DEFINITION_ID,MENU_ID,COLUMN_NAME_JA,COLUMN_NAME_EN,COLUMN_NAME_REST,COL_GROUP_ID,COLUMN_CLASS,COLUMN_DISP_SEQ,REF_TABLE_NAME,REF_PKEY_NAME,REF_COL_NAME,REF_SORT_CONDITIONS,REF_MULTI_LANG,REFERENCE_ITEM,SENSITIVE_COL_NAME,FILE_UPLOAD_PLACE,BUTTON_ACTION,COL_NAME,SAVE_TYPE,AUTO_INPUT,INPUT_ITEM,VIEW_ITEM,UNIQUE_ITEM,REQUIRED_ITEM,AUTOREG_HIDE_ITEM,AUTOREG_ONLY_ITEM,INITIAL_VALUE,VALIDATE_OPTION,VALIDATE_REG_EXP,BEFORE_VALIDATE_REGISTER,AFTER_VALIDATE_REGISTER,DESCRIPTION_JA,DESCRIPTION_EN,NOTE,DISUSE_FLAG,LAST_UPDATE_TIMESTAMP,LAST_UPDATE_USER) VALUES(2040702,_____DATE_____,'INSERT','2040702','20407','メニュー名(Rest)','Menu name(rest)','menu_name_rest',NULL,'7',20,'T_COMN_MENU','MENU_ID','MENU_NAME_REST',NULL,'0',NULL,NULL,NULL,NULL,'MENU_NAME_REST',NULL,'0','2','2','0','0','1','0',NULL,NULL,NULL,NULL,NULL,'[元データ]メニュー-カラム紐付管理メニュー・メニュー名(rest)','Original data] menu - Column linking management menu, menu name (rest)',NULL,'0',_____DATE_____,1);
INSERT INTO T_COMN_MENU_COLUMN_LINK (COLUMN_DEFINITION_ID,MENU_ID,COLUMN_NAME_JA,COLUMN_NAME_EN,COLUMN_NAME_REST,COL_GROUP_ID,COLUMN_CLASS,COLUMN_DISP_SEQ,REF_TABLE_NAME,REF_PKEY_NAME,REF_COL_NAME,REF_SORT_CONDITIONS,REF_MULTI_LANG,REFERENCE_ITEM,SENSITIVE_COL_NAME,FILE_UPLOAD_PLACE,BUTTON_ACTION,COL_NAME,SAVE_TYPE,AUTO_INPUT,INPUT_ITEM,VIEW_ITEM,UNIQUE_ITEM,REQUIRED_ITEM,AUTOREG_HIDE_ITEM,AUTOREG_ONLY_ITEM,INITIAL_VALUE,VALIDATE_OPTION,VALIDATE_REG_EXP,BEFORE_VALIDATE_REGISTER,AFTER_VALIDATE_REGISTER,DESCRIPTION_JA,DESCRIPTION_EN,NOTE,DISUSE_FLAG,LAST_UPDATE_TIMESTAMP,LAST_UPDATE_USER) VALUES('2040703','20407','メニュー名','Menu name','menu_name','2040701','7',30,'V_ANSC_MENU','COLUMN_DEFINITION_ID','MENU_NAME',NULL,'1',NULL,NULL,NULL,NULL,'MENU_ID',NULL,'0','2','0','0','0','1','0',NULL,NULL,NULL,NULL,NULL,'登録・更新時は当該項目は更新対象ではない。','This item is not subject to updates when registering/updating.',NULL,'0',_____DATE_____,1);
INSERT INTO T_COMN_MENU_COLUMN_LINK_JNL (JOURNAL_SEQ_NO,JOURNAL_REG_DATETIME,JOURNAL_ACTION_CLASS,COLUMN_DEFINITION_ID,MENU_ID,COLUMN_NAME_JA,COLUMN_NAME_EN,COLUMN_NAME_REST,COL_GROUP_ID,COLUMN_CLASS,COLUMN_DISP_SEQ,REF_TABLE_NAME,REF_PKEY_NAME,REF_COL_NAME,REF_SORT_CONDITIONS,REF_MULTI_LANG,REFERENCE_ITEM,SENSITIVE_COL_NAME,FILE_UPLOAD_PLACE,BUTTON_ACTION,COL_NAME,SAVE_TYPE,AUTO_INPUT,INPUT_ITEM,VIEW_ITEM,UNIQUE_ITEM,REQUIRED_ITEM,AUTOREG_HIDE_ITEM,AUTOREG_ONLY_ITEM,INITIAL_VALUE,VALIDATE_OPTION,VALIDATE_REG_EXP,BEFORE_VALIDATE_REGISTER,AFTER_VALIDATE_REGISTER,DESCRIPTION_JA,DESCRIPTION_EN,NOTE,DISUSE_FLAG,LAST_UPDATE_TIMESTAMP,LAST_UPDATE_USER) VALUES(2040703,_____DATE_____,'INSERT','2040703','20407','メニュー名','Menu name','menu_name','2040701','7',30,'V_ANSC_MENU','COLUMN_DEFINITION_ID','MENU_NAME',NULL,'1',NULL,NULL,NULL,NULL,'MENU_ID',NULL,'0','2','0','0','0','1','0',NULL,NULL,NULL,NULL,NULL,'登録・更新時は当該項目は更新対象ではない。','This item is not subject to updates when registering/updating.',NULL,'0',_____DATE_____,1);
INSERT INTO T_COMN_MENU_COLUMN_LINK (COLUMN_DEFINITION_ID,MENU_ID,COLUMN_NAME_JA,COLUMN_NAME_EN,COLUMN_NAME_REST,COL_GROUP_ID,COLUMN_CLASS,COLUMN_DISP_SEQ,REF_TABLE_NAME,REF_PKEY_NAME,REF_COL_NAME,REF_SORT_CONDITIONS,REF_MULTI_LANG,REFERENCE_ITEM,SENSITIVE_COL_NAME,FILE_UPLOAD_PLACE,BUTTON_ACTION,COL_NAME,SAVE_TYPE,AUTO_INPUT,INPUT_ITEM,VIEW_ITEM,UNIQUE_ITEM,REQUIRED_ITEM,AUTOREG_HIDE_ITEM,AUTOREG_ONLY_ITEM,INITIAL_VALUE,VALIDATE_OPTION,VALIDATE_REG_EXP,BEFORE_VALIDATE_REGISTER,AFTER_VALIDATE_REGISTER,DESCRIPTION_JA,DESCRIPTION_EN,NOTE,DISUSE_FLAG,LAST_UPDATE_TIMESTAMP,LAST_UPDATE_USER) VALUES('2040704','20407','メニューグループ:メニュー:項目','Menu group:Menu:Item','menu_group_menu_item','2040701','7',40,'V_ANSC_COLUMN_LIST','COLUMN_DEFINITION_ID','GROUP_MENU_COLUMN_NAME',NULL,'1',NULL,NULL,NULL,NULL,'COLUMN_LIST_ID',NULL,'0','1','1','0','1','1','0',NULL,NULL,NULL,NULL,NULL,'[元データ]紐付対象メニュー','[Original data] Associated menu',NULL,'0',_____DATE_____,1);
INSERT INTO T_COMN_MENU_COLUMN_LINK_JNL (JOURNAL_SEQ_NO,JOURNAL_REG_DATETIME,JOURNAL_ACTION_CLASS,COLUMN_DEFINITION_ID,MENU_ID,COLUMN_NAME_JA,COLUMN_NAME_EN,COLUMN_NAME_REST,COL_GROUP_ID,COLUMN_CLASS,COLUMN_DISP_SEQ,REF_TABLE_NAME,REF_PKEY_NAME,REF_COL_NAME,REF_SORT_CONDITIONS,REF_MULTI_LANG,REFERENCE_ITEM,SENSITIVE_COL_NAME,FILE_UPLOAD_PLACE,BUTTON_ACTION,COL_NAME,SAVE_TYPE,AUTO_INPUT,INPUT_ITEM,VIEW_ITEM,UNIQUE_ITEM,REQUIRED_ITEM,AUTOREG_HIDE_ITEM,AUTOREG_ONLY_ITEM,INITIAL_VALUE,VALIDATE_OPTION,VALIDATE_REG_EXP,BEFORE_VALIDATE_REGISTER,AFTER_VALIDATE_REGISTER,DESCRIPTION_JA,DESCRIPTION_EN,NOTE,DISUSE_FLAG,LAST_UPDATE_TIMESTAMP,LAST_UPDATE_USER) VALUES(2040704,_____DATE_____,'INSERT','2040704','20407','メニューグループ:メニュー:項目','Menu group:Menu:Item','menu_group_menu_item','2040701','7',40,'V_ANSC_COLUMN_LIST','COLUMN_DEFINITION_ID','GROUP_MENU_COLUMN_NAME',NULL,'1',NULL,NULL,NULL,NULL,'COLUMN_LIST_ID',NULL,'0','1','1','0','1','1','0',NULL,NULL,NULL,NULL,NULL,'[元データ]紐付対象メニュー','[Original data] Associated menu',NULL,'0',_____DATE_____,1);
INSERT INTO T_COMN_MENU_COLUMN_LINK (COLUMN_DEFINITION_ID,MENU_ID,COLUMN_NAME_JA,COLUMN_NAME_EN,COLUMN_NAME_REST,COL_GROUP_ID,COLUMN_CLASS,COLUMN_DISP_SEQ,REF_TABLE_NAME,REF_PKEY_NAME,REF_COL_NAME,REF_SORT_CONDITIONS,REF_MULTI_LANG,REFERENCE_ITEM,SENSITIVE_COL_NAME,FILE_UPLOAD_PLACE,BUTTON_ACTION,COL_NAME,SAVE_TYPE,AUTO_INPUT,INPUT_ITEM,VIEW_ITEM,UNIQUE_ITEM,REQUIRED_ITEM,AUTOREG_HIDE_ITEM,AUTOREG_ONLY_ITEM,INITIAL_VALUE,VALIDATE_OPTION,VALIDATE_REG_EXP,BEFORE_VALIDATE_REGISTER,AFTER_VALIDATE_REGISTER,DESCRIPTION_JA,DESCRIPTION_EN,NOTE,DISUSE_FLAG,LAST_UPDATE_TIMESTAMP,LAST_UPDATE_USER) VALUES('2040705','20407','代入順序','Substitution order','column_substitution_order','2040701','3',50,NULL,NULL,NULL,NULL,'0',NULL,NULL,NULL,NULL,'COLUMN_ASSIGN_SEQ',NULL,'0','1','1','0','0','1','0',NULL,'{
"int_min": 1,
"int_max": 2147483647
}',NULL,NULL,NULL,'紐付対象メニューが縦型メニューの場合、縦型メニューで登録した代入順序を入力します。',NULL,NULL,'0',_____DATE_____,1);
INSERT INTO T_COMN_MENU_COLUMN_LINK_JNL (JOURNAL_SEQ_NO,JOURNAL_REG_DATETIME,JOURNAL_ACTION_CLASS,COLUMN_DEFINITION_ID,MENU_ID,COLUMN_NAME_JA,COLUMN_NAME_EN,COLUMN_NAME_REST,COL_GROUP_ID,COLUMN_CLASS,COLUMN_DISP_SEQ,REF_TABLE_NAME,REF_PKEY_NAME,REF_COL_NAME,REF_SORT_CONDITIONS,REF_MULTI_LANG,REFERENCE_ITEM,SENSITIVE_COL_NAME,FILE_UPLOAD_PLACE,BUTTON_ACTION,COL_NAME,SAVE_TYPE,AUTO_INPUT,INPUT_ITEM,VIEW_ITEM,UNIQUE_ITEM,REQUIRED_ITEM,AUTOREG_HIDE_ITEM,AUTOREG_ONLY_ITEM,INITIAL_VALUE,VALIDATE_OPTION,VALIDATE_REG_EXP,BEFORE_VALIDATE_REGISTER,AFTER_VALIDATE_REGISTER,DESCRIPTION_JA,DESCRIPTION_EN,NOTE,DISUSE_FLAG,LAST_UPDATE_TIMESTAMP,LAST_UPDATE_USER) VALUES(2040705,_____DATE_____,'INSERT','2040705','20407','代入順序','Substitution order','column_substitution_order','2040701','3',50,NULL,NULL,NULL,NULL,'0',NULL,NULL,NULL,NULL,'COLUMN_ASSIGN_SEQ',NULL,'0','1','1','0','0','1','0',NULL,'{
"int_min": 1,
"int_max": 2147483647
}',NULL,NULL,NULL,'紐付対象メニューが縦型メニューの場合、縦型メニューで登録した代入順序を入力します。',NULL,NULL,'0',_____DATE_____,1);
INSERT INTO T_COMN_MENU_COLUMN_LINK (COLUMN_DEFINITION_ID,MENU_ID,COLUMN_NAME_JA,COLUMN_NAME_EN,COLUMN_NAME_REST,COL_GROUP_ID,COLUMN_CLASS,COLUMN_DISP_SEQ,REF_TABLE_NAME,REF_PKEY_NAME,REF_COL_NAME,REF_SORT_CONDITIONS,REF_MULTI_LANG,REFERENCE_ITEM,SENSITIVE_COL_NAME,FILE_UPLOAD_PLACE,BUTTON_ACTION,COL_NAME,SAVE_TYPE,AUTO_INPUT,INPUT_ITEM,VIEW_ITEM,UNIQUE_ITEM,REQUIRED_ITEM,AUTOREG_HIDE_ITEM,AUTOREG_ONLY_ITEM,INITIAL_VALUE,VALIDATE_OPTION,VALIDATE_REG_EXP,BEFORE_VALIDATE_REGISTER,AFTER_VALIDATE_REGISTER,DESCRIPTION_JA,DESCRIPTION_EN,NOTE,DISUSE_FLAG,LAST_UPDATE_TIMESTAMP,LAST_UPDATE_USER) VALUES('2040706','20407','登録方式','Registration method','registration_method',NULL,'7',60,'T_ANSC_AUTOREG_REG_TYPE','TYPE_ID','TYPE_NAME',NULL,'1',NULL,NULL,NULL,NULL,'COL_TYPE',NULL,'0','1','1','0','1','1','0',NULL,NULL,NULL,NULL,NULL,'Value型:紐付対象メニューの項目の設定値を紐付けたValue型変数の具体値として代入値管理に登録されます。
Key型:紐付対象メニューの項目の名称を紐付けたKey変数の具体値として代入値管理に登録されます。項目の設定値が空白の場合に代入値管理に登録されません','Value type: Setting value of item of associated menu is registered in the substitution value list as a specific value of associated Value type variable.
Key type: Item name of associated menu is registered in the substitution value list as a specific value of associated Key variable. When the setting value of the item is blank, it is not registered in the substitution value list',NULL,'0',_____DATE_____,1);
INSERT INTO T_COMN_MENU_COLUMN_LINK_JNL (JOURNAL_SEQ_NO,JOURNAL_REG_DATETIME,JOURNAL_ACTION_CLASS,COLUMN_DEFINITION_ID,MENU_ID,COLUMN_NAME_JA,COLUMN_NAME_EN,COLUMN_NAME_REST,COL_GROUP_ID,COLUMN_CLASS,COLUMN_DISP_SEQ,REF_TABLE_NAME,REF_PKEY_NAME,REF_COL_NAME,REF_SORT_CONDITIONS,REF_MULTI_LANG,REFERENCE_ITEM,SENSITIVE_COL_NAME,FILE_UPLOAD_PLACE,BUTTON_ACTION,COL_NAME,SAVE_TYPE,AUTO_INPUT,INPUT_ITEM,VIEW_ITEM,UNIQUE_ITEM,REQUIRED_ITEM,AUTOREG_HIDE_ITEM,AUTOREG_ONLY_ITEM,INITIAL_VALUE,VALIDATE_OPTION,VALIDATE_REG_EXP,BEFORE_VALIDATE_REGISTER,AFTER_VALIDATE_REGISTER,DESCRIPTION_JA,DESCRIPTION_EN,NOTE,DISUSE_FLAG,LAST_UPDATE_TIMESTAMP,LAST_UPDATE_USER) VALUES(2040706,_____DATE_____,'INSERT','2040706','20407','登録方式','Registration method','registration_method',NULL,'7',60,'T_ANSC_AUTOREG_REG_TYPE','TYPE_ID','TYPE_NAME',NULL,'1',NULL,NULL,NULL,NULL,'COL_TYPE',NULL,'0','1','1','0','1','1','0',NULL,NULL,NULL,NULL,NULL,'Value型:紐付対象メニューの項目の設定値を紐付けたValue型変数の具体値として代入値管理に登録されます。
Key型:紐付対象メニューの項目の名称を紐付けたKey変数の具体値として代入値管理に登録されます。項目の設定値が空白の場合に代入値管理に登録されません','Value type: Setting value of item of associated menu is registered in the substitution value list as a specific value of associated Value type variable.
Key type: Item name of associated menu is registered in the substitution value list as a specific value of associated Key variable. When the setting value of the item is blank, it is not registered in the substitution value list',NULL,'0',_____DATE_____,1);
INSERT INTO T_COMN_MENU_COLUMN_LINK (COLUMN_DEFINITION_ID,MENU_ID,COLUMN_NAME_JA,COLUMN_NAME_EN,COLUMN_NAME_REST,COL_GROUP_ID,COLUMN_CLASS,COLUMN_DISP_SEQ,REF_TABLE_NAME,REF_PKEY_NAME,REF_COL_NAME,REF_SORT_CONDITIONS,REF_MULTI_LANG,REFERENCE_ITEM,SENSITIVE_COL_NAME,FILE_UPLOAD_PLACE,BUTTON_ACTION,COL_NAME,SAVE_TYPE,AUTO_INPUT,INPUT_ITEM,VIEW_ITEM,UNIQUE_ITEM,REQUIRED_ITEM,AUTOREG_HIDE_ITEM,AUTOREG_ONLY_ITEM,INITIAL_VALUE,VALIDATE_OPTION,VALIDATE_REG_EXP,BEFORE_VALIDATE_REGISTER,AFTER_VALIDATE_REGISTER,DESCRIPTION_JA,DESCRIPTION_EN,NOTE,DISUSE_FLAG,LAST_UPDATE_TIMESTAMP,LAST_UPDATE_USER) VALUES('2040707','20407','Movement名','Movement name','movement',NULL,'7',70,'V_ANSR_MOVEMENT','MOVEMENT_ID','MOVEMENT_NAME',NULL,'0',NULL,NULL,NULL,NULL,'MOVEMENT_ID',NULL,'0','1','1','0','1','1','0',NULL,NULL,NULL,NULL,NULL,'[元データ]Movement一覧','[Original data] Movement list',NULL,'0',_____DATE_____,1);
INSERT INTO T_COMN_MENU_COLUMN_LINK_JNL (JOURNAL_SEQ_NO,JOURNAL_REG_DATETIME,JOURNAL_ACTION_CLASS,COLUMN_DEFINITION_ID,MENU_ID,COLUMN_NAME_JA,COLUMN_NAME_EN,COLUMN_NAME_REST,COL_GROUP_ID,COLUMN_CLASS,COLUMN_DISP_SEQ,REF_TABLE_NAME,REF_PKEY_NAME,REF_COL_NAME,REF_SORT_CONDITIONS,REF_MULTI_LANG,REFERENCE_ITEM,SENSITIVE_COL_NAME,FILE_UPLOAD_PLACE,BUTTON_ACTION,COL_NAME,SAVE_TYPE,AUTO_INPUT,INPUT_ITEM,VIEW_ITEM,UNIQUE_ITEM,REQUIRED_ITEM,AUTOREG_HIDE_ITEM,AUTOREG_ONLY_ITEM,INITIAL_VALUE,VALIDATE_OPTION,VALIDATE_REG_EXP,BEFORE_VALIDATE_REGISTER,AFTER_VALIDATE_REGISTER,DESCRIPTION_JA,DESCRIPTION_EN,NOTE,DISUSE_FLAG,LAST_UPDATE_TIMESTAMP,LAST_UPDATE_USER) VALUES(2040707,_____DATE_____,'INSERT','2040707','20407','Movement名','Movement name','movement',NULL,'7',70,'V_ANSR_MOVEMENT','MOVEMENT_ID','MOVEMENT_NAME',NULL,'0',NULL,NULL,NULL,NULL,'MOVEMENT_ID',NULL,'0','1','1','0','1','1','0',NULL,NULL,NULL,NULL,NULL,'[元データ]Movement一覧','[Original data] Movement list',NULL,'0',_____DATE_____,1);
INSERT INTO T_COMN_MENU_COLUMN_LINK (COLUMN_DEFINITION_ID,MENU_ID,COLUMN_NAME_JA,COLUMN_NAME_EN,COLUMN_NAME_REST,COL_GROUP_ID,COLUMN_CLASS,COLUMN_DISP_SEQ,REF_TABLE_NAME,REF_PKEY_NAME,REF_COL_NAME,REF_SORT_CONDITIONS,REF_MULTI_LANG,REFERENCE_ITEM,SENSITIVE_COL_NAME,FILE_UPLOAD_PLACE,BUTTON_ACTION,COL_NAME,SAVE_TYPE,AUTO_INPUT,INPUT_ITEM,VIEW_ITEM,UNIQUE_ITEM,REQUIRED_ITEM,AUTOREG_HIDE_ITEM,AUTOREG_ONLY_ITEM,INITIAL_VALUE,VALIDATE_OPTION,VALIDATE_REG_EXP,BEFORE_VALIDATE_REGISTER,AFTER_VALIDATE_REGISTER,DESCRIPTION_JA,DESCRIPTION_EN,NOTE,DISUSE_FLAG,LAST_UPDATE_TIMESTAMP,LAST_UPDATE_USER) VALUES('2040708','20407','Movement名:変数名','Movement Name:Variable name','variable_name','2040702','7',80,'V_ANSR_VAL_VARS_LINK','MVMT_VAR_LINK_ID','MOVEMENT_VARS_NAME',NULL,'0',NULL,NULL,NULL,NULL,'MVMT_VAR_LINK_ID',NULL,'0','1','1','0','0','1','0',NULL,NULL,NULL,NULL,NULL,'対話ファイル及びテンプレートから自動取得','Auto acquire from Dialog file and template',NULL,'0',_____DATE_____,1);
INSERT INTO T_COMN_MENU_COLUMN_LINK_JNL (JOURNAL_SEQ_NO,JOURNAL_REG_DATETIME,JOURNAL_ACTION_CLASS,COLUMN_DEFINITION_ID,MENU_ID,COLUMN_NAME_JA,COLUMN_NAME_EN,COLUMN_NAME_REST,COL_GROUP_ID,COLUMN_CLASS,COLUMN_DISP_SEQ,REF_TABLE_NAME,REF_PKEY_NAME,REF_COL_NAME,REF_SORT_CONDITIONS,REF_MULTI_LANG,REFERENCE_ITEM,SENSITIVE_COL_NAME,FILE_UPLOAD_PLACE,BUTTON_ACTION,COL_NAME,SAVE_TYPE,AUTO_INPUT,INPUT_ITEM,VIEW_ITEM,UNIQUE_ITEM,REQUIRED_ITEM,AUTOREG_HIDE_ITEM,AUTOREG_ONLY_ITEM,INITIAL_VALUE,VALIDATE_OPTION,VALIDATE_REG_EXP,BEFORE_VALIDATE_REGISTER,AFTER_VALIDATE_REGISTER,DESCRIPTION_JA,DESCRIPTION_EN,NOTE,DISUSE_FLAG,LAST_UPDATE_TIMESTAMP,LAST_UPDATE_USER) VALUES(2040708,_____DATE_____,'INSERT','2040708','20407','Movement名:変数名','Movement Name:Variable name','variable_name','2040702','7',80,'V_ANSR_VAL_VARS_LINK','MVMT_VAR_LINK_ID','MOVEMENT_VARS_NAME',NULL,'0',NULL,NULL,NULL,NULL,'MVMT_VAR_LINK_ID',NULL,'0','1','1','0','0','1','0',NULL,NULL,NULL,NULL,NULL,'対話ファイル及びテンプレートから自動取得','Auto acquire from Dialog file and template',NULL,'0',_____DATE_____,1);
INSERT INTO T_COMN_MENU_COLUMN_LINK (COLUMN_DEFINITION_ID,MENU_ID,COLUMN_NAME_JA,COLUMN_NAME_EN,COLUMN_NAME_REST,COL_GROUP_ID,COLUMN_CLASS,COLUMN_DISP_SEQ,REF_TABLE_NAME,REF_PKEY_NAME,REF_COL_NAME,REF_SORT_CONDITIONS,REF_MULTI_LANG,REFERENCE_ITEM,SENSITIVE_COL_NAME,FILE_UPLOAD_PLACE,BUTTON_ACTION,COL_NAME,SAVE_TYPE,AUTO_INPUT,INPUT_ITEM,VIEW_ITEM,UNIQUE_ITEM,REQUIRED_ITEM,AUTOREG_HIDE_ITEM,AUTOREG_ONLY_ITEM,INITIAL_VALUE,VALIDATE_OPTION,VALIDATE_REG_EXP,BEFORE_VALIDATE_REGISTER,AFTER_VALIDATE_REGISTER,DESCRIPTION_JA,DESCRIPTION_EN,NOTE,DISUSE_FLAG,LAST_UPDATE_TIMESTAMP,LAST_UPDATE_USER) VALUES('2040709','20407','Movement名:変数名:メンバー変数','Movement Name:Member variable name','member_variable_name','2040702','7',90,'V_ANSR_VAL_COL_SEQ_COMBINATION','COL_SEQ_COMBINATION_ID','MOVEMENT_VARS_COL_COMBINATION_MEMBER',NULL,'0',NULL,NULL,NULL,NULL,'COL_SEQ_COMBINATION_ID',NULL,'0','1','1','0',NULL,'1','0',NULL,NULL,NULL,NULL,NULL,'変数名で配列変数を指定した場合は入力必須。その他の場合は入力不可。','If array variable is specified in the variable name, input is required. Otherwise, input is not allowed.',NULL,'0',_____DATE_____,1);
INSERT INTO T_COMN_MENU_COLUMN_LINK_JNL (JOURNAL_SEQ_NO,JOURNAL_REG_DATETIME,JOURNAL_ACTION_CLASS,COLUMN_DEFINITION_ID,MENU_ID,COLUMN_NAME_JA,COLUMN_NAME_EN,COLUMN_NAME_REST,COL_GROUP_ID,COLUMN_CLASS,COLUMN_DISP_SEQ,REF_TABLE_NAME,REF_PKEY_NAME,REF_COL_NAME,REF_SORT_CONDITIONS,REF_MULTI_LANG,REFERENCE_ITEM,SENSITIVE_COL_NAME,FILE_UPLOAD_PLACE,BUTTON_ACTION,COL_NAME,SAVE_TYPE,AUTO_INPUT,INPUT_ITEM,VIEW_ITEM,UNIQUE_ITEM,REQUIRED_ITEM,AUTOREG_HIDE_ITEM,AUTOREG_ONLY_ITEM,INITIAL_VALUE,VALIDATE_OPTION,VALIDATE_REG_EXP,BEFORE_VALIDATE_REGISTER,AFTER_VALIDATE_REGISTER,DESCRIPTION_JA,DESCRIPTION_EN,NOTE,DISUSE_FLAG,LAST_UPDATE_TIMESTAMP,LAST_UPDATE_USER) VALUES(2040709,_____DATE_____,'INSERT','2040709','20407','Movement名:変数名:メンバー変数','Movement Name:Member variable name','member_variable_name','2040702','7',90,'V_ANSR_VAL_COL_SEQ_COMBINATION','COL_SEQ_COMBINATION_ID','MOVEMENT_VARS_COL_COMBINATION_MEMBER',NULL,'0',NULL,NULL,NULL,NULL,'COL_SEQ_COMBINATION_ID',NULL,'0','1','1','0',NULL,'1','0',NULL,NULL,NULL,NULL,NULL,'変数名で配列変数を指定した場合は入力必須。その他の場合は入力不可。','If array variable is specified in the variable name, input is required. Otherwise, input is not allowed.',NULL,'0',_____DATE_____,1);
INSERT INTO T_COMN_MENU_COLUMN_LINK (COLUMN_DEFINITION_ID,MENU_ID,COLUMN_NAME_JA,COLUMN_NAME_EN,COLUMN_NAME_REST,COL_GROUP_ID,COLUMN_CLASS,COLUMN_DISP_SEQ,REF_TABLE_NAME,REF_PKEY_NAME,REF_COL_NAME,REF_SORT_CONDITIONS,REF_MULTI_LANG,REFERENCE_ITEM,SENSITIVE_COL_NAME,FILE_UPLOAD_PLACE,BUTTON_ACTION,COL_NAME,SAVE_TYPE,AUTO_INPUT,INPUT_ITEM,VIEW_ITEM,UNIQUE_ITEM,REQUIRED_ITEM,AUTOREG_HIDE_ITEM,AUTOREG_ONLY_ITEM,INITIAL_VALUE,VALIDATE_OPTION,VALIDATE_REG_EXP,BEFORE_VALIDATE_REGISTER,AFTER_VALIDATE_REGISTER,DESCRIPTION_JA,DESCRIPTION_EN,NOTE,DISUSE_FLAG,LAST_UPDATE_TIMESTAMP,LAST_UPDATE_USER) VALUES('2040710','20407','代入順序','Substitution order','substitution_order','2040702','3',100,NULL,NULL,NULL,NULL,'0',NULL,NULL,NULL,NULL,'ASSIGN_SEQ',NULL,'0','1','1','0','0','1','0',NULL,'{
"int_min": 1,
"int_max": 2147483647
}',NULL,NULL,NULL,'変数名で配列変数を指定した場合は入力不可。
その他の場合は正の整数を入力。入力値が昇順で代入されます。
具体値が複数ない場合でも正の整数を入力して下さい。','If array variable is specified in the variable name, input is not allowed.
 Otherwise, enter positive integer. Input value is substituted in ascending order.
 Enter positive integer even if there are no multiple specific values.',NULL,'0',_____DATE_____,1);
INSERT INTO T_COMN_MENU_COLUMN_LINK_JNL (JOURNAL_SEQ_NO,JOURNAL_REG_DATETIME,JOURNAL_ACTION_CLASS,COLUMN_DEFINITION_ID,MENU_ID,COLUMN_NAME_JA,COLUMN_NAME_EN,COLUMN_NAME_REST,COL_GROUP_ID,COLUMN_CLASS,COLUMN_DISP_SEQ,REF_TABLE_NAME,REF_PKEY_NAME,REF_COL_NAME,REF_SORT_CONDITIONS,REF_MULTI_LANG,REFERENCE_ITEM,SENSITIVE_COL_NAME,FILE_UPLOAD_PLACE,BUTTON_ACTION,COL_NAME,SAVE_TYPE,AUTO_INPUT,INPUT_ITEM,VIEW_ITEM,UNIQUE_ITEM,REQUIRED_ITEM,AUTOREG_HIDE_ITEM,AUTOREG_ONLY_ITEM,INITIAL_VALUE,VALIDATE_OPTION,VALIDATE_REG_EXP,BEFORE_VALIDATE_REGISTER,AFTER_VALIDATE_REGISTER,DESCRIPTION_JA,DESCRIPTION_EN,NOTE,DISUSE_FLAG,LAST_UPDATE_TIMESTAMP,LAST_UPDATE_USER) VALUES(2040710,_____DATE_____,'INSERT','2040710','20407','代入順序','Substitution order','substitution_order','2040702','3',100,NULL,NULL,NULL,NULL,'0',NULL,NULL,NULL,NULL,'ASSIGN_SEQ',NULL,'0','1','1','0','0','1','0',NULL,'{
"int_min": 1,
"int_max": 2147483647
}',NULL,NULL,NULL,'変数名で配列変数を指定した場合は入力不可。
その他の場合は正の整数を入力。入力値が昇順で代入されます。
具体値が複数ない場合でも正の整数を入力して下さい。','If array variable is specified in the variable name, input is not allowed.
 Otherwise, enter positive integer. Input value is substituted in ascending order.
 Enter positive integer even if there are no multiple specific values.',NULL,'0',_____DATE_____,1);
INSERT INTO T_COMN_MENU_COLUMN_LINK (COLUMN_DEFINITION_ID,MENU_ID,COLUMN_NAME_JA,COLUMN_NAME_EN,COLUMN_NAME_REST,COL_GROUP_ID,COLUMN_CLASS,COLUMN_DISP_SEQ,REF_TABLE_NAME,REF_PKEY_NAME,REF_COL_NAME,REF_SORT_CONDITIONS,REF_MULTI_LANG,REFERENCE_ITEM,SENSITIVE_COL_NAME,FILE_UPLOAD_PLACE,BUTTON_ACTION,COL_NAME,SAVE_TYPE,AUTO_INPUT,INPUT_ITEM,VIEW_ITEM,UNIQUE_ITEM,REQUIRED_ITEM,AUTOREG_HIDE_ITEM,AUTOREG_ONLY_ITEM,INITIAL_VALUE,VALIDATE_OPTION,VALIDATE_REG_EXP,BEFORE_VALIDATE_REGISTER,AFTER_VALIDATE_REGISTER,DESCRIPTION_JA,DESCRIPTION_EN,NOTE,DISUSE_FLAG,LAST_UPDATE_TIMESTAMP,LAST_UPDATE_USER) VALUES('2040711','20407','NULL連携','NULL link','null_link',NULL,'7',110,'T_COMN_BOOLEAN_FLAG','FLAG_ID','FLAG_NAME',NULL,'0',NULL,NULL,NULL,NULL,'NULL_DATA_HANDLING_FLG',NULL,'0','1','1','0','0','1','0',NULL,NULL,NULL,NULL,NULL,'パラメータシートの具体値がNULL(空白)の場合、代入値管理への登録を有効にするかを設定します。
空白:Ansible共通インターフェース情報のNULL連携に従う。
True:NULLデータを登録する。
False:NULLデータは登録しない。','If specific value of parameter sheet is NULL, set whether to enable Substitution value list registration.
Blank: Follow Null linkage of Ansible common interface information.
True: Register NULL data.
False: Do not register null data.',NULL,'0',_____DATE_____,1);
INSERT INTO T_COMN_MENU_COLUMN_LINK_JNL (JOURNAL_SEQ_NO,JOURNAL_REG_DATETIME,JOURNAL_ACTION_CLASS,COLUMN_DEFINITION_ID,MENU_ID,COLUMN_NAME_JA,COLUMN_NAME_EN,COLUMN_NAME_REST,COL_GROUP_ID,COLUMN_CLASS,COLUMN_DISP_SEQ,REF_TABLE_NAME,REF_PKEY_NAME,REF_COL_NAME,REF_SORT_CONDITIONS,REF_MULTI_LANG,REFERENCE_ITEM,SENSITIVE_COL_NAME,FILE_UPLOAD_PLACE,BUTTON_ACTION,COL_NAME,SAVE_TYPE,AUTO_INPUT,INPUT_ITEM,VIEW_ITEM,UNIQUE_ITEM,REQUIRED_ITEM,AUTOREG_HIDE_ITEM,AUTOREG_ONLY_ITEM,INITIAL_VALUE,VALIDATE_OPTION,VALIDATE_REG_EXP,BEFORE_VALIDATE_REGISTER,AFTER_VALIDATE_REGISTER,DESCRIPTION_JA,DESCRIPTION_EN,NOTE,DISUSE_FLAG,LAST_UPDATE_TIMESTAMP,LAST_UPDATE_USER) VALUES(2040711,_____DATE_____,'INSERT','2040711','20407','NULL連携','NULL link','null_link',NULL,'7',110,'T_COMN_BOOLEAN_FLAG','FLAG_ID','FLAG_NAME',NULL,'0',NULL,NULL,NULL,NULL,'NULL_DATA_HANDLING_FLG',NULL,'0','1','1','0','0','1','0',NULL,NULL,NULL,NULL,NULL,'パラメータシートの具体値がNULL(空白)の場合、代入値管理への登録を有効にするかを設定します。
空白:Ansible共通インターフェース情報のNULL連携に従う。
True:NULLデータを登録する。
False:NULLデータは登録しない。','If specific value of parameter sheet is NULL, set whether to enable Substitution value list registration.
Blank: Follow Null linkage of Ansible common interface information.
True: Register NULL data.
False: Do not register null data.',NULL,'0',_____DATE_____,1);
INSERT INTO T_COMN_MENU_COLUMN_LINK (COLUMN_DEFINITION_ID,MENU_ID,COLUMN_NAME_JA,COLUMN_NAME_EN,COLUMN_NAME_REST,COL_GROUP_ID,COLUMN_CLASS,COLUMN_DISP_SEQ,REF_TABLE_NAME,REF_PKEY_NAME,REF_COL_NAME,REF_SORT_CONDITIONS,REF_MULTI_LANG,REFERENCE_ITEM,SENSITIVE_COL_NAME,FILE_UPLOAD_PLACE,BUTTON_ACTION,COL_NAME,SAVE_TYPE,AUTO_INPUT,INPUT_ITEM,VIEW_ITEM,UNIQUE_ITEM,REQUIRED_ITEM,AUTOREG_HIDE_ITEM,AUTOREG_ONLY_ITEM,INITIAL_VALUE,VALIDATE_OPTION,VALIDATE_REG_EXP,BEFORE_VALIDATE_REGISTER,AFTER_VALIDATE_REGISTER,DESCRIPTION_JA,DESCRIPTION_EN,NOTE,DISUSE_FLAG,LAST_UPDATE_TIMESTAMP,LAST_UPDATE_USER) VALUES('2040712','20407','備考','Remarks','remarks',NULL,'12',120,NULL,NULL,NULL,NULL,'0',NULL,NULL,NULL,NULL,'NOTE',NULL,'0','1','1','0','0','1','0',NULL,'{
"min_length": 0,
"max_length": 4000
}',NULL,NULL,NULL,'自由記述欄。レコードの廃止・復活時にも記載可能。','Comments section. Can comment when removing or restoring records.',NULL,'0',_____DATE_____,1);
INSERT INTO T_COMN_MENU_COLUMN_LINK_JNL (JOURNAL_SEQ_NO,JOURNAL_REG_DATETIME,JOURNAL_ACTION_CLASS,COLUMN_DEFINITION_ID,MENU_ID,COLUMN_NAME_JA,COLUMN_NAME_EN,COLUMN_NAME_REST,COL_GROUP_ID,COLUMN_CLASS,COLUMN_DISP_SEQ,REF_TABLE_NAME,REF_PKEY_NAME,REF_COL_NAME,REF_SORT_CONDITIONS,REF_MULTI_LANG,REFERENCE_ITEM,SENSITIVE_COL_NAME,FILE_UPLOAD_PLACE,BUTTON_ACTION,COL_NAME,SAVE_TYPE,AUTO_INPUT,INPUT_ITEM,VIEW_ITEM,UNIQUE_ITEM,REQUIRED_ITEM,AUTOREG_HIDE_ITEM,AUTOREG_ONLY_ITEM,INITIAL_VALUE,VALIDATE_OPTION,VALIDATE_REG_EXP,BEFORE_VALIDATE_REGISTER,AFTER_VALIDATE_REGISTER,DESCRIPTION_JA,DESCRIPTION_EN,NOTE,DISUSE_FLAG,LAST_UPDATE_TIMESTAMP,LAST_UPDATE_USER) VALUES(2040712,_____DATE_____,'INSERT','2040712','20407','備考','Remarks','remarks',NULL,'12',120,NULL,NULL,NULL,NULL,'0',NULL,NULL,NULL,NULL,'NOTE',NULL,'0','1','1','0','0','1','0',NULL,'{
"min_length": 0,
"max_length": 4000
}',NULL,NULL,NULL,'自由記述欄。レコードの廃止・復活時にも記載可能。','Comments section. Can comment when removing or restoring records.',NULL,'0',_____DATE_____,1);
INSERT INTO T_COMN_MENU_COLUMN_LINK (COLUMN_DEFINITION_ID,MENU_ID,COLUMN_NAME_JA,COLUMN_NAME_EN,COLUMN_NAME_REST,COL_GROUP_ID,COLUMN_CLASS,COLUMN_DISP_SEQ,REF_TABLE_NAME,REF_PKEY_NAME,REF_COL_NAME,REF_SORT_CONDITIONS,REF_MULTI_LANG,REFERENCE_ITEM,SENSITIVE_COL_NAME,FILE_UPLOAD_PLACE,BUTTON_ACTION,COL_NAME,SAVE_TYPE,AUTO_INPUT,INPUT_ITEM,VIEW_ITEM,UNIQUE_ITEM,REQUIRED_ITEM,AUTOREG_HIDE_ITEM,AUTOREG_ONLY_ITEM,INITIAL_VALUE,VALIDATE_OPTION,VALIDATE_REG_EXP,BEFORE_VALIDATE_REGISTER,AFTER_VALIDATE_REGISTER,DESCRIPTION_JA,DESCRIPTION_EN,NOTE,DISUSE_FLAG,LAST_UPDATE_TIMESTAMP,LAST_UPDATE_USER) VALUES('2040713','20407','廃止フラグ','Discard','discard',NULL,'1',130,NULL,NULL,NULL,NULL,'0',NULL,NULL,NULL,NULL,'DISUSE_FLAG',NULL,'1','1','1','0','1','1','0',NULL,NULL,NULL,NULL,NULL,'廃止フラグ。復活以外のオペレーションは不可','Discard flag. Cannot do operation other than restore.',NULL,'0',_____DATE_____,1);
INSERT INTO T_COMN_MENU_COLUMN_LINK_JNL (JOURNAL_SEQ_NO,JOURNAL_REG_DATETIME,JOURNAL_ACTION_CLASS,COLUMN_DEFINITION_ID,MENU_ID,COLUMN_NAME_JA,COLUMN_NAME_EN,COLUMN_NAME_REST,COL_GROUP_ID,COLUMN_CLASS,COLUMN_DISP_SEQ,REF_TABLE_NAME,REF_PKEY_NAME,REF_COL_NAME,REF_SORT_CONDITIONS,REF_MULTI_LANG,REFERENCE_ITEM,SENSITIVE_COL_NAME,FILE_UPLOAD_PLACE,BUTTON_ACTION,COL_NAME,SAVE_TYPE,AUTO_INPUT,INPUT_ITEM,VIEW_ITEM,UNIQUE_ITEM,REQUIRED_ITEM,AUTOREG_HIDE_ITEM,AUTOREG_ONLY_ITEM,INITIAL_VALUE,VALIDATE_OPTION,VALIDATE_REG_EXP,BEFORE_VALIDATE_REGISTER,AFTER_VALIDATE_REGISTER,DESCRIPTION_JA,DESCRIPTION_EN,NOTE,DISUSE_FLAG,LAST_UPDATE_TIMESTAMP,LAST_UPDATE_USER) VALUES(2040713,_____DATE_____,'INSERT','2040713','20407','廃止フラグ','Discard','discard',NULL,'1',130,NULL,NULL,NULL,NULL,'0',NULL,NULL,NULL,NULL,'DISUSE_FLAG',NULL,'1','1','1','0','1','1','0',NULL,NULL,NULL,NULL,NULL,'廃止フラグ。復活以外のオペレーションは不可','Discard flag. Cannot do operation other than restore.',NULL,'0',_____DATE_____,1);
INSERT INTO T_COMN_MENU_COLUMN_LINK (COLUMN_DEFINITION_ID,MENU_ID,COLUMN_NAME_JA,COLUMN_NAME_EN,COLUMN_NAME_REST,COL_GROUP_ID,COLUMN_CLASS,COLUMN_DISP_SEQ,REF_TABLE_NAME,REF_PKEY_NAME,REF_COL_NAME,REF_SORT_CONDITIONS,REF_MULTI_LANG,REFERENCE_ITEM,SENSITIVE_COL_NAME,FILE_UPLOAD_PLACE,BUTTON_ACTION,COL_NAME,SAVE_TYPE,AUTO_INPUT,INPUT_ITEM,VIEW_ITEM,UNIQUE_ITEM,REQUIRED_ITEM,AUTOREG_HIDE_ITEM,AUTOREG_ONLY_ITEM,INITIAL_VALUE,VALIDATE_OPTION,VALIDATE_REG_EXP,BEFORE_VALIDATE_REGISTER,AFTER_VALIDATE_REGISTER,DESCRIPTION_JA,DESCRIPTION_EN,NOTE,DISUSE_FLAG,LAST_UPDATE_TIMESTAMP,LAST_UPDATE_USER) VALUES('2040714','20407','最終更新日時','Last update date/time','last_update_date_time',NULL,'13',140,NULL,NULL,NULL,NULL,'0',NULL,NULL,NULL,NULL,'LAST_UPDATE_TIMESTAMP',NULL,'1','0','1','0','1','1','0',NULL,NULL,NULL,NULL,NULL,'レコードの最終更新日。更新可否判定に使用。自動登録のため編集不可。','Last update date of record. Useful for judging the possibility of an update. Cannot edit because of auto-numbering.',NULL,'0',_____DATE_____,1);
INSERT INTO T_COMN_MENU_COLUMN_LINK_JNL (JOURNAL_SEQ_NO,JOURNAL_REG_DATETIME,JOURNAL_ACTION_CLASS,COLUMN_DEFINITION_ID,MENU_ID,COLUMN_NAME_JA,COLUMN_NAME_EN,COLUMN_NAME_REST,COL_GROUP_ID,COLUMN_CLASS,COLUMN_DISP_SEQ,REF_TABLE_NAME,REF_PKEY_NAME,REF_COL_NAME,REF_SORT_CONDITIONS,REF_MULTI_LANG,REFERENCE_ITEM,SENSITIVE_COL_NAME,FILE_UPLOAD_PLACE,BUTTON_ACTION,COL_NAME,SAVE_TYPE,AUTO_INPUT,INPUT_ITEM,VIEW_ITEM,UNIQUE_ITEM,REQUIRED_ITEM,AUTOREG_HIDE_ITEM,AUTOREG_ONLY_ITEM,INITIAL_VALUE,VALIDATE_OPTION,VALIDATE_REG_EXP,BEFORE_VALIDATE_REGISTER,AFTER_VALIDATE_REGISTER,DESCRIPTION_JA,DESCRIPTION_EN,NOTE,DISUSE_FLAG,LAST_UPDATE_TIMESTAMP,LAST_UPDATE_USER) VALUES(2040714,_____DATE_____,'INSERT','2040714','20407','最終更新日時','Last update date/time','last_update_date_time',NULL,'13',140,NULL,NULL,NULL,NULL,'0',NULL,NULL,NULL,NULL,'LAST_UPDATE_TIMESTAMP',NULL,'1','0','1','0','1','1','0',NULL,NULL,NULL,NULL,NULL,'レコードの最終更新日。更新可否判定に使用。自動登録のため編集不可。','Last update date of record. Useful for judging the possibility of an update. Cannot edit because of auto-numbering.',NULL,'0',_____DATE_____,1);
INSERT INTO T_COMN_MENU_COLUMN_LINK (COLUMN_DEFINITION_ID,MENU_ID,COLUMN_NAME_JA,COLUMN_NAME_EN,COLUMN_NAME_REST,COL_GROUP_ID,COLUMN_CLASS,COLUMN_DISP_SEQ,REF_TABLE_NAME,REF_PKEY_NAME,REF_COL_NAME,REF_SORT_CONDITIONS,REF_MULTI_LANG,REFERENCE_ITEM,SENSITIVE_COL_NAME,FILE_UPLOAD_PLACE,BUTTON_ACTION,COL_NAME,SAVE_TYPE,AUTO_INPUT,INPUT_ITEM,VIEW_ITEM,UNIQUE_ITEM,REQUIRED_ITEM,AUTOREG_HIDE_ITEM,AUTOREG_ONLY_ITEM,INITIAL_VALUE,VALIDATE_OPTION,VALIDATE_REG_EXP,BEFORE_VALIDATE_REGISTER,AFTER_VALIDATE_REGISTER,DESCRIPTION_JA,DESCRIPTION_EN,NOTE,DISUSE_FLAG,LAST_UPDATE_TIMESTAMP,LAST_UPDATE_USER) VALUES('2040715','20407','最終更新者','Last updated by','last_updated_user',NULL,'14',150,NULL,NULL,NULL,NULL,'0',NULL,NULL,NULL,NULL,'LAST_UPDATE_USER',NULL,'1','0','1','0','1','1','0',NULL,NULL,NULL,NULL,NULL,'更新者。ログインユーザのIDが自動的に登録される。編集不可。','Updated by. Login user ID is automatically registered. Cannot edit.',NULL,'0',_____DATE_____,1);
INSERT INTO T_COMN_MENU_COLUMN_LINK_JNL (JOURNAL_SEQ_NO,JOURNAL_REG_DATETIME,JOURNAL_ACTION_CLASS,COLUMN_DEFINITION_ID,MENU_ID,COLUMN_NAME_JA,COLUMN_NAME_EN,COLUMN_NAME_REST,COL_GROUP_ID,COLUMN_CLASS,COLUMN_DISP_SEQ,REF_TABLE_NAME,REF_PKEY_NAME,REF_COL_NAME,REF_SORT_CONDITIONS,REF_MULTI_LANG,REFERENCE_ITEM,SENSITIVE_COL_NAME,FILE_UPLOAD_PLACE,BUTTON_ACTION,COL_NAME,SAVE_TYPE,AUTO_INPUT,INPUT_ITEM,VIEW_ITEM,UNIQUE_ITEM,REQUIRED_ITEM,AUTOREG_HIDE_ITEM,AUTOREG_ONLY_ITEM,INITIAL_VALUE,VALIDATE_OPTION,VALIDATE_REG_EXP,BEFORE_VALIDATE_REGISTER,AFTER_VALIDATE_REGISTER,DESCRIPTION_JA,DESCRIPTION_EN,NOTE,DISUSE_FLAG,LAST_UPDATE_TIMESTAMP,LAST_UPDATE_USER) VALUES(2040715,_____DATE_____,'INSERT','2040715','20407','最終更新者','Last updated by','last_updated_user',NULL,'14',150,NULL,NULL,NULL,NULL,'0',NULL,NULL,NULL,NULL,'LAST_UPDATE_USER',NULL,'1','0','1','0','1','1','0',NULL,NULL,NULL,NULL,NULL,'更新者。ログインユーザのIDが自動的に登録される。編集不可。','Updated by. Login user ID is automatically registered. Cannot edit.',NULL,'0',_____DATE_____,1);

UPDATE T_COMN_MENU_COLUMN_LINK SET COLUMN_CLASS = '3', VALIDATE_OPTION = '{
"int_min": 0,
"int_max": 1000
}', LAST_UPDATE_TIMESTAMP = _____DATE_____ WHERE COLUMN_DEFINITION_ID = '2020106';
UPDATE T_COMN_MENU_COLUMN_LINK_JNL SET COLUMN_CLASS = '3', VALIDATE_OPTION = '{
"int_min": 0,
"int_max": 1000
}', LAST_UPDATE_TIMESTAMP = _____DATE_____ WHERE COLUMN_DEFINITION_ID = '2020106';

UPDATE T_COMN_MENU_COLUMN_LINK SET COLUMN_CLASS = '3', VALIDATE_OPTION = '{
"int_min": 0,
"int_max": 1000
}', LAST_UPDATE_TIMESTAMP = _____DATE_____ WHERE COLUMN_DEFINITION_ID = '2030106';
UPDATE T_COMN_MENU_COLUMN_LINK_JNL SET COLUMN_CLASS = '3', VALIDATE_OPTION = '{
"int_min": 0,
"int_max": 1000
}', LAST_UPDATE_TIMESTAMP = _____DATE_____ WHERE COLUMN_DEFINITION_ID = '2030106';

UPDATE T_COMN_MENU_COLUMN_LINK SET COLUMN_CLASS = '3', VALIDATE_OPTION = '{
"int_min": 0,
"int_max": 1000
}', LAST_UPDATE_TIMESTAMP = _____DATE_____ WHERE COLUMN_DEFINITION_ID = '2040206';
UPDATE T_COMN_MENU_COLUMN_LINK_JNL SET COLUMN_CLASS = '3', VALIDATE_OPTION = '{
"int_min": 0,
"int_max": 1000
}', LAST_UPDATE_TIMESTAMP = _____DATE_____ WHERE COLUMN_DEFINITION_ID = '2040206';

-- ---------------------------------------------------
-- - メニュー・カラム紐づけ
-- - Movement一覧
-- - ANS_VENT_PATH: 仮想環境パス　追加
-- ---------------------------------------------------
INSERT INTO T_COMN_MENU_COLUMN_LINK (COLUMN_DEFINITION_ID,MENU_ID,COLUMN_NAME_JA,COLUMN_NAME_EN,COLUMN_NAME_REST,COL_GROUP_ID,COLUMN_CLASS,COLUMN_DISP_SEQ,REF_TABLE_NAME,REF_PKEY_NAME,REF_COL_NAME,REF_SORT_CONDITIONS,REF_MULTI_LANG,REFERENCE_ITEM,SENSITIVE_COL_NAME,FILE_UPLOAD_PLACE,BUTTON_ACTION,COL_NAME,SAVE_TYPE,AUTO_INPUT,INPUT_ITEM,VIEW_ITEM,UNIQUE_ITEM,REQUIRED_ITEM,AUTOREG_HIDE_ITEM,AUTOREG_ONLY_ITEM,INITIAL_VALUE,VALIDATE_OPTION,VALIDATE_REG_EXP,BEFORE_VALIDATE_REGISTER,AFTER_VALIDATE_REGISTER,DESCRIPTION_JA,DESCRIPTION_EN,NOTE,DISUSE_FLAG,LAST_UPDATE_TIMESTAMP,LAST_UPDATE_USER) VALUES('1020218','10202','仮想環境パス','Venv path','venv_path','1020202','1',105,NULL,NULL,NULL,NULL,'0',NULL,NULL,NULL,NULL,'ANS_VENV_PATH',NULL,'0','1','1','0','0','1','0',NULL,'{
"min_length": 0,
"max_length": 255
}',NULL,NULL,NULL,'Ansible agentサーバにvenv環境で構築したansible実行環境で作業実行したい場合に、venv環境の絶対パスを入力します。
未入力の場合は、Ansible agentサーバにインストール済みのAnsible実行環境が使用されます。','If you want to perform operations in an ansible execution environment built in a venv environment on the Ansible agent server, enter the absolute path to the venv environment.
If left blank, the Ansible execution environment installed on the Ansible agent server will be used.',NULL,'0',_____DATE_____,1);
INSERT INTO T_COMN_MENU_COLUMN_LINK_JNL (JOURNAL_SEQ_NO,JOURNAL_REG_DATETIME,JOURNAL_ACTION_CLASS,COLUMN_DEFINITION_ID,MENU_ID,COLUMN_NAME_JA,COLUMN_NAME_EN,COLUMN_NAME_REST,COL_GROUP_ID,COLUMN_CLASS,COLUMN_DISP_SEQ,REF_TABLE_NAME,REF_PKEY_NAME,REF_COL_NAME,REF_SORT_CONDITIONS,REF_MULTI_LANG,REFERENCE_ITEM,SENSITIVE_COL_NAME,FILE_UPLOAD_PLACE,BUTTON_ACTION,COL_NAME,SAVE_TYPE,AUTO_INPUT,INPUT_ITEM,VIEW_ITEM,UNIQUE_ITEM,REQUIRED_ITEM,AUTOREG_HIDE_ITEM,AUTOREG_ONLY_ITEM,INITIAL_VALUE,VALIDATE_OPTION,VALIDATE_REG_EXP,BEFORE_VALIDATE_REGISTER,AFTER_VALIDATE_REGISTER,DESCRIPTION_JA,DESCRIPTION_EN,NOTE,DISUSE_FLAG,LAST_UPDATE_TIMESTAMP,LAST_UPDATE_USER) VALUES(1020218,_____DATE_____,'INSERT','1020218','10202','仮想環境パス','Venv path','venv_path','1020202','1',105,NULL,NULL,NULL,NULL,'0',NULL,NULL,NULL,NULL,'ANS_VENV_PATH',NULL,'0','1','1','0','0','1','0',NULL,'{
"min_length": 0,
"max_length": 255
}',NULL,NULL,NULL,'Ansible agentサーバにvenv環境で構築したansible実行環境で作業実行したい場合に、venv環境の絶対パスを入力します。
未入力の場合は、Ansible agentサーバにインストール済みのAnsible実行環境が使用されます。','If you want to perform operations in an ansible execution environment built in a venv environment on the Ansible agent server, enter the absolute path to the venv environment.
If left blank, the Ansible execution environment installed on the Ansible agent server will be used.',NULL,'0',_____DATE_____,1);

-- ---------------------------------------------------
-- - ▼メニュー・カラム紐づけ
-- -   Lgacy Movement一覧
-- -     ANS_VENT_PATH: 仮想環境パス　追加
-- ---------------------------------------------------
INSERT INTO T_COMN_MENU_COLUMN_LINK (COLUMN_DEFINITION_ID,MENU_ID,COLUMN_NAME_JA,COLUMN_NAME_EN,COLUMN_NAME_REST,COL_GROUP_ID,COLUMN_CLASS,COLUMN_DISP_SEQ,REF_TABLE_NAME,REF_PKEY_NAME,REF_COL_NAME,REF_SORT_CONDITIONS,REF_MULTI_LANG,REFERENCE_ITEM,SENSITIVE_COL_NAME,FILE_UPLOAD_PLACE,BUTTON_ACTION,COL_NAME,SAVE_TYPE,AUTO_INPUT,INPUT_ITEM,VIEW_ITEM,UNIQUE_ITEM,REQUIRED_ITEM,AUTOREG_HIDE_ITEM,AUTOREG_ONLY_ITEM,INITIAL_VALUE,VALIDATE_OPTION,VALIDATE_REG_EXP,BEFORE_VALIDATE_REGISTER,AFTER_VALIDATE_REGISTER,DESCRIPTION_JA,DESCRIPTION_EN,NOTE,DISUSE_FLAG,LAST_UPDATE_TIMESTAMP,LAST_UPDATE_USER) VALUES('2020116','20201','仮想環境パス','Venv path','venv_path','1020202','1',110,NULL,NULL,NULL,NULL,'0',NULL,NULL,NULL,NULL,'ANS_VENV_PATH',NULL,'0','1','1','0','0','1','0',NULL,'{
"min_length": 0,
"max_length": 255
}',NULL,NULL,NULL,'Ansible agentサーバにvenv環境で構築したansible実行環境で作業実行したい場合に、venv環境の絶対パスを入力します。
未入力の場合は、Ansible agentサーバにインストール済みのAnsible実行環境が使用されます。','If you want to perform operations in an ansible execution environment built in a venv environment on the Ansible agent server, enter the absolute path to the venv environment.
If left blank, the Ansible execution environment installed on the Ansible agent server will be used.',NULL,'0',_____DATE_____,1);
INSERT INTO T_COMN_MENU_COLUMN_LINK_JNL (JOURNAL_SEQ_NO,JOURNAL_REG_DATETIME,JOURNAL_ACTION_CLASS,COLUMN_DEFINITION_ID,MENU_ID,COLUMN_NAME_JA,COLUMN_NAME_EN,COLUMN_NAME_REST,COL_GROUP_ID,COLUMN_CLASS,COLUMN_DISP_SEQ,REF_TABLE_NAME,REF_PKEY_NAME,REF_COL_NAME,REF_SORT_CONDITIONS,REF_MULTI_LANG,REFERENCE_ITEM,SENSITIVE_COL_NAME,FILE_UPLOAD_PLACE,BUTTON_ACTION,COL_NAME,SAVE_TYPE,AUTO_INPUT,INPUT_ITEM,VIEW_ITEM,UNIQUE_ITEM,REQUIRED_ITEM,AUTOREG_HIDE_ITEM,AUTOREG_ONLY_ITEM,INITIAL_VALUE,VALIDATE_OPTION,VALIDATE_REG_EXP,BEFORE_VALIDATE_REGISTER,AFTER_VALIDATE_REGISTER,DESCRIPTION_JA,DESCRIPTION_EN,NOTE,DISUSE_FLAG,LAST_UPDATE_TIMESTAMP,LAST_UPDATE_USER) VALUES(2020116,_____DATE_____,'INSERT','2020116','20201','仮想環境パス','Venv path','venv_path','1020202','1',110,NULL,NULL,NULL,NULL,'0',NULL,NULL,NULL,NULL,'ANS_VENV_PATH',NULL,'0','1','1','0','0','1','0',NULL,'{
"min_length": 0,
"max_length": 255
}',NULL,NULL,NULL,'Ansible agentサーバにvenv環境で構築したansible実行環境で作業実行したい場合に、venv環境の絶対パスを入力します。
未入力の場合は、Ansible agentサーバにインストール済みのAnsible実行環境が使用されます。','If you want to perform operations in an ansible execution environment built in a venv environment on the Ansible agent server, enter the absolute path to the venv environment.
If left blank, the Ansible execution environment installed on the Ansible agent server will be used.',NULL,'0',_____DATE_____,1);

-- ---------------------------------------------------
-- - ▼メニュー・カラム紐づけ
-- -   Legacy 作業管理
-- -     ABORT_EXECUTE_FLAG: 緊急停止フラグ　追加
-- -     I_ANS_VENT_PATH: 仮想環境パス　追加
-- ---------------------------------------------------
INSERT INTO T_COMN_MENU_COLUMN_LINK (COLUMN_DEFINITION_ID,MENU_ID,COLUMN_NAME_JA,COLUMN_NAME_EN,COLUMN_NAME_REST,COL_GROUP_ID,COLUMN_CLASS,COLUMN_DISP_SEQ,REF_TABLE_NAME,REF_PKEY_NAME,REF_COL_NAME,REF_SORT_CONDITIONS,REF_MULTI_LANG,REFERENCE_ITEM,SENSITIVE_COL_NAME,FILE_UPLOAD_PLACE,BUTTON_ACTION,COL_NAME,SAVE_TYPE,AUTO_INPUT,INPUT_ITEM,VIEW_ITEM,UNIQUE_ITEM,REQUIRED_ITEM,AUTOREG_HIDE_ITEM,AUTOREG_ONLY_ITEM,INITIAL_VALUE,VALIDATE_OPTION,VALIDATE_REG_EXP,BEFORE_VALIDATE_REGISTER,AFTER_VALIDATE_REGISTER,DESCRIPTION_JA,DESCRIPTION_EN,NOTE,DISUSE_FLAG,LAST_UPDATE_TIMESTAMP,LAST_UPDATE_USER) VALUES('2021035','20210','緊急停止フラグ','Abort execute flag','abort_execute_flag',NULL,'7',45,'T_COMN_BOOLEAN_FLAG','FLAG_ID','FLAG_NAME',NULL,'0',NULL,NULL,NULL,NULL,'ABORT_EXECUTE_FLAG',NULL,'0','1','1','0','0','1','0',NULL,NULL,NULL,NULL,NULL,'緊急停止発令
True:発令済み
False:未発令','Emergency stop issued
  True: Issued
  False: not issued',NULL,'0',_____DATE_____,1);
INSERT INTO T_COMN_MENU_COLUMN_LINK_JNL (JOURNAL_SEQ_NO,JOURNAL_REG_DATETIME,JOURNAL_ACTION_CLASS,COLUMN_DEFINITION_ID,MENU_ID,COLUMN_NAME_JA,COLUMN_NAME_EN,COLUMN_NAME_REST,COL_GROUP_ID,COLUMN_CLASS,COLUMN_DISP_SEQ,REF_TABLE_NAME,REF_PKEY_NAME,REF_COL_NAME,REF_SORT_CONDITIONS,REF_MULTI_LANG,REFERENCE_ITEM,SENSITIVE_COL_NAME,FILE_UPLOAD_PLACE,BUTTON_ACTION,COL_NAME,SAVE_TYPE,AUTO_INPUT,INPUT_ITEM,VIEW_ITEM,UNIQUE_ITEM,REQUIRED_ITEM,AUTOREG_HIDE_ITEM,AUTOREG_ONLY_ITEM,INITIAL_VALUE,VALIDATE_OPTION,VALIDATE_REG_EXP,BEFORE_VALIDATE_REGISTER,AFTER_VALIDATE_REGISTER,DESCRIPTION_JA,DESCRIPTION_EN,NOTE,DISUSE_FLAG,LAST_UPDATE_TIMESTAMP,LAST_UPDATE_USER) VALUES(2021035,_____DATE_____,'INSERT','2021035','20210','緊急停止フラグ','Abort execute flag','abort_execute_flag',NULL,'7',45,'T_COMN_BOOLEAN_FLAG','FLAG_ID','FLAG_NAME',NULL,'0',NULL,NULL,NULL,NULL,'ABORT_EXECUTE_FLAG',NULL,'0','1','1','0','0','1','0',NULL,NULL,NULL,NULL,NULL,'緊急停止発令
True:発令済み
False:未発令','Emergency stop issued
  True: Issued
  False: not issued',NULL,'0',_____DATE_____,1);
INSERT INTO T_COMN_MENU_COLUMN_LINK (COLUMN_DEFINITION_ID,MENU_ID,COLUMN_NAME_JA,COLUMN_NAME_EN,COLUMN_NAME_REST,COL_GROUP_ID,COLUMN_CLASS,COLUMN_DISP_SEQ,REF_TABLE_NAME,REF_PKEY_NAME,REF_COL_NAME,REF_SORT_CONDITIONS,REF_MULTI_LANG,REFERENCE_ITEM,SENSITIVE_COL_NAME,FILE_UPLOAD_PLACE,BUTTON_ACTION,COL_NAME,SAVE_TYPE,AUTO_INPUT,INPUT_ITEM,VIEW_ITEM,UNIQUE_ITEM,REQUIRED_ITEM,AUTOREG_HIDE_ITEM,AUTOREG_ONLY_ITEM,INITIAL_VALUE,VALIDATE_OPTION,VALIDATE_REG_EXP,BEFORE_VALIDATE_REGISTER,AFTER_VALIDATE_REGISTER,DESCRIPTION_JA,DESCRIPTION_EN,NOTE,DISUSE_FLAG,LAST_UPDATE_TIMESTAMP,LAST_UPDATE_USER) VALUES('2021036','20210','仮想環境パス','Venv path','venv_path','2041203','1',170,NULL,NULL,NULL,NULL,'0',NULL,NULL,NULL,NULL,'I_ANS_VENV_PATH',NULL,'0','1','1','0','0','1','0',NULL,'{
"min_length": 0,
"max_length": 255
}',NULL,NULL,NULL,'Ansible agentサーバにvenv環境で構築したansible実行環境で作業実行したい場合に、venv環境の絶対パスを入力します。
未入力の場合は、Ansible agentサーバにインストール済みのAnsible実行環境が使用されます。','If you want to perform operations in an ansible execution environment built in a venv environment on the Ansible agent server, enter the absolute path to the venv environment.
If left blank, the Ansible execution environment installed on the Ansible agent server will be used.',NULL,'0',_____DATE_____,1);
INSERT INTO T_COMN_MENU_COLUMN_LINK_JNL (JOURNAL_SEQ_NO,JOURNAL_REG_DATETIME,JOURNAL_ACTION_CLASS,COLUMN_DEFINITION_ID,MENU_ID,COLUMN_NAME_JA,COLUMN_NAME_EN,COLUMN_NAME_REST,COL_GROUP_ID,COLUMN_CLASS,COLUMN_DISP_SEQ,REF_TABLE_NAME,REF_PKEY_NAME,REF_COL_NAME,REF_SORT_CONDITIONS,REF_MULTI_LANG,REFERENCE_ITEM,SENSITIVE_COL_NAME,FILE_UPLOAD_PLACE,BUTTON_ACTION,COL_NAME,SAVE_TYPE,AUTO_INPUT,INPUT_ITEM,VIEW_ITEM,UNIQUE_ITEM,REQUIRED_ITEM,AUTOREG_HIDE_ITEM,AUTOREG_ONLY_ITEM,INITIAL_VALUE,VALIDATE_OPTION,VALIDATE_REG_EXP,BEFORE_VALIDATE_REGISTER,AFTER_VALIDATE_REGISTER,DESCRIPTION_JA,DESCRIPTION_EN,NOTE,DISUSE_FLAG,LAST_UPDATE_TIMESTAMP,LAST_UPDATE_USER) VALUES(2021036,_____DATE_____,'INSERT','2021036','20210','仮想環境パス','Venv path','venv_path','2041203','1',170,NULL,NULL,NULL,NULL,'0',NULL,NULL,NULL,NULL,'I_ANS_VENV_PATH',NULL,'0','1','1','0','0','1','0',NULL,'{
"min_length": 0,
"max_length": 255
}',NULL,NULL,NULL,'Ansible agentサーバにvenv環境で構築したansible実行環境で作業実行したい場合に、venv環境の絶対パスを入力します。
未入力の場合は、Ansible agentサーバにインストール済みのAnsible実行環境が使用されます。','If you want to perform operations in an ansible execution environment built in a venv environment on the Ansible agent server, enter the absolute path to the venv environment.
If left blank, the Ansible execution environment installed on the Ansible agent server will be used.',NULL,'0',_____DATE_____,1);

-- ---------------------------------------------------
-- - ▼メニュー・カラム紐づけ
-- -   Pioneer Movement一覧
-- -     ANS_VENT_PATH: 仮想環境パス　追加
-- ---------------------------------------------------
INSERT INTO T_COMN_MENU_COLUMN_LINK (COLUMN_DEFINITION_ID,MENU_ID,COLUMN_NAME_JA,COLUMN_NAME_EN,COLUMN_NAME_REST,COL_GROUP_ID,COLUMN_CLASS,COLUMN_DISP_SEQ,REF_TABLE_NAME,REF_PKEY_NAME,REF_COL_NAME,REF_SORT_CONDITIONS,REF_MULTI_LANG,REFERENCE_ITEM,SENSITIVE_COL_NAME,FILE_UPLOAD_PLACE,BUTTON_ACTION,COL_NAME,SAVE_TYPE,AUTO_INPUT,INPUT_ITEM,VIEW_ITEM,UNIQUE_ITEM,REQUIRED_ITEM,AUTOREG_HIDE_ITEM,AUTOREG_ONLY_ITEM,INITIAL_VALUE,VALIDATE_OPTION,VALIDATE_REG_EXP,BEFORE_VALIDATE_REGISTER,AFTER_VALIDATE_REGISTER,DESCRIPTION_JA,DESCRIPTION_EN,NOTE,DISUSE_FLAG,LAST_UPDATE_TIMESTAMP,LAST_UPDATE_USER) VALUES('2030116','20301','仮想環境パス','Venv path','venv_path','1020202','1',105,NULL,NULL,NULL,NULL,'0',NULL,NULL,NULL,NULL,'ANS_VENV_PATH',NULL,'0','1','1','0','0','1','0',NULL,'{
"min_length": 0,
"max_length": 255
}',NULL,NULL,NULL,'Ansible agentサーバにvenv環境で構築したansible実行環境で作業実行したい場合に、venv環境の絶対パスを入力します。
未入力の場合は、Ansible agentサーバにインストール済みのAnsible実行環境が使用されます。','If you want to perform operations in an ansible execution environment built in a venv environment on the Ansible agent server, enter the absolute path to the venv environment.
If left blank, the Ansible execution environment installed on the Ansible agent server will be used.',NULL,'0',_____DATE_____,1);
INSERT INTO T_COMN_MENU_COLUMN_LINK_JNL (JOURNAL_SEQ_NO,JOURNAL_REG_DATETIME,JOURNAL_ACTION_CLASS,COLUMN_DEFINITION_ID,MENU_ID,COLUMN_NAME_JA,COLUMN_NAME_EN,COLUMN_NAME_REST,COL_GROUP_ID,COLUMN_CLASS,COLUMN_DISP_SEQ,REF_TABLE_NAME,REF_PKEY_NAME,REF_COL_NAME,REF_SORT_CONDITIONS,REF_MULTI_LANG,REFERENCE_ITEM,SENSITIVE_COL_NAME,FILE_UPLOAD_PLACE,BUTTON_ACTION,COL_NAME,SAVE_TYPE,AUTO_INPUT,INPUT_ITEM,VIEW_ITEM,UNIQUE_ITEM,REQUIRED_ITEM,AUTOREG_HIDE_ITEM,AUTOREG_ONLY_ITEM,INITIAL_VALUE,VALIDATE_OPTION,VALIDATE_REG_EXP,BEFORE_VALIDATE_REGISTER,AFTER_VALIDATE_REGISTER,DESCRIPTION_JA,DESCRIPTION_EN,NOTE,DISUSE_FLAG,LAST_UPDATE_TIMESTAMP,LAST_UPDATE_USER) VALUES(2030116,_____DATE_____,'INSERT','2030116','20301','仮想環境パス','Venv path','venv_path','1020202','1',105,NULL,NULL,NULL,NULL,'0',NULL,NULL,NULL,NULL,'ANS_VENV_PATH',NULL,'0','1','1','0','0','1','0',NULL,'{
"min_length": 0,
"max_length": 255
}',NULL,NULL,NULL,'Ansible agentサーバにvenv環境で構築したansible実行環境で作業実行したい場合に、venv環境の絶対パスを入力します。
未入力の場合は、Ansible agentサーバにインストール済みのAnsible実行環境が使用されます。','If you want to perform operations in an ansible execution environment built in a venv environment on the Ansible agent server, enter the absolute path to the venv environment.
If left blank, the Ansible execution environment installed on the Ansible agent server will be used.',NULL,'0',_____DATE_____,1);

-- ---------------------------------------------------
-- - ▼メニュー・カラム紐づけ
-- -   Pioneer 作業管理
-- -     ABORT_EXECUTE_FLAG: 緊急停止フラグ　追加
-- -     I_ANS_VENT_PATH: 仮想環境パス　追加
-- ---------------------------------------------------
INSERT INTO T_COMN_MENU_COLUMN_LINK (COLUMN_DEFINITION_ID,MENU_ID,COLUMN_NAME_JA,COLUMN_NAME_EN,COLUMN_NAME_REST,COL_GROUP_ID,COLUMN_CLASS,COLUMN_DISP_SEQ,REF_TABLE_NAME,REF_PKEY_NAME,REF_COL_NAME,REF_SORT_CONDITIONS,REF_MULTI_LANG,REFERENCE_ITEM,SENSITIVE_COL_NAME,FILE_UPLOAD_PLACE,BUTTON_ACTION,COL_NAME,SAVE_TYPE,AUTO_INPUT,INPUT_ITEM,VIEW_ITEM,UNIQUE_ITEM,REQUIRED_ITEM,AUTOREG_HIDE_ITEM,AUTOREG_ONLY_ITEM,INITIAL_VALUE,VALIDATE_OPTION,VALIDATE_REG_EXP,BEFORE_VALIDATE_REGISTER,AFTER_VALIDATE_REGISTER,DESCRIPTION_JA,DESCRIPTION_EN,NOTE,DISUSE_FLAG,LAST_UPDATE_TIMESTAMP,LAST_UPDATE_USER) VALUES('2031235','20312','緊急停止フラグ','Abort execute flag','abort_execute_flag',NULL,'7',45,'T_COMN_BOOLEAN_FLAG','FLAG_ID','FLAG_NAME',NULL,'0',NULL,NULL,NULL,NULL,'ABORT_EXECUTE_FLAG',NULL,'0','1','1','0','0','1','0',NULL,NULL,NULL,NULL,NULL,'緊急停止発令
True:発令済み
False:未発令','Emergency stop issued
  True: Issued
  False: not issued',NULL,'0',_____DATE_____,1);
INSERT INTO T_COMN_MENU_COLUMN_LINK_JNL (JOURNAL_SEQ_NO,JOURNAL_REG_DATETIME,JOURNAL_ACTION_CLASS,COLUMN_DEFINITION_ID,MENU_ID,COLUMN_NAME_JA,COLUMN_NAME_EN,COLUMN_NAME_REST,COL_GROUP_ID,COLUMN_CLASS,COLUMN_DISP_SEQ,REF_TABLE_NAME,REF_PKEY_NAME,REF_COL_NAME,REF_SORT_CONDITIONS,REF_MULTI_LANG,REFERENCE_ITEM,SENSITIVE_COL_NAME,FILE_UPLOAD_PLACE,BUTTON_ACTION,COL_NAME,SAVE_TYPE,AUTO_INPUT,INPUT_ITEM,VIEW_ITEM,UNIQUE_ITEM,REQUIRED_ITEM,AUTOREG_HIDE_ITEM,AUTOREG_ONLY_ITEM,INITIAL_VALUE,VALIDATE_OPTION,VALIDATE_REG_EXP,BEFORE_VALIDATE_REGISTER,AFTER_VALIDATE_REGISTER,DESCRIPTION_JA,DESCRIPTION_EN,NOTE,DISUSE_FLAG,LAST_UPDATE_TIMESTAMP,LAST_UPDATE_USER) VALUES(2031235,_____DATE_____,'INSERT','2031235','20312','緊急停止フラグ','Abort execute flag','abort_execute_flag',NULL,'7',45,'T_COMN_BOOLEAN_FLAG','FLAG_ID','FLAG_NAME',NULL,'0',NULL,NULL,NULL,NULL,'ABORT_EXECUTE_FLAG',NULL,'0','1','1','0','0','1','0',NULL,NULL,NULL,NULL,NULL,'緊急停止発令
True:発令済み
False:未発令','Emergency stop issued
  True: Issued
  False: not issued',NULL,'0',_____DATE_____,1);
INSERT INTO T_COMN_MENU_COLUMN_LINK (COLUMN_DEFINITION_ID,MENU_ID,COLUMN_NAME_JA,COLUMN_NAME_EN,COLUMN_NAME_REST,COL_GROUP_ID,COLUMN_CLASS,COLUMN_DISP_SEQ,REF_TABLE_NAME,REF_PKEY_NAME,REF_COL_NAME,REF_SORT_CONDITIONS,REF_MULTI_LANG,REFERENCE_ITEM,SENSITIVE_COL_NAME,FILE_UPLOAD_PLACE,BUTTON_ACTION,COL_NAME,SAVE_TYPE,AUTO_INPUT,INPUT_ITEM,VIEW_ITEM,UNIQUE_ITEM,REQUIRED_ITEM,AUTOREG_HIDE_ITEM,AUTOREG_ONLY_ITEM,INITIAL_VALUE,VALIDATE_OPTION,VALIDATE_REG_EXP,BEFORE_VALIDATE_REGISTER,AFTER_VALIDATE_REGISTER,DESCRIPTION_JA,DESCRIPTION_EN,NOTE,DISUSE_FLAG,LAST_UPDATE_TIMESTAMP,LAST_UPDATE_USER) VALUES('2031236','20312','仮想環境パス','Venv path','venv_path','2041203','1',170,NULL,NULL,NULL,NULL,'0',NULL,NULL,NULL,NULL,'i_ANS_VENV_PATH',NULL,'0','1','1','0','0','1','0',NULL,'{
"min_length": 0,
"max_length": 255
}',NULL,NULL,NULL,'Ansible agentサーバにvenv環境で構築したansible実行環境で作業実行したい場合に、venv環境の絶対パスを入力します。
未入力の場合は、Ansible agentサーバにインストール済みのAnsible実行環境が使用されます。','If you want to perform operations in an ansible execution environment built in a venv environment on the Ansible agent server, enter the absolute path to the venv environment.
If left blank, the Ansible execution environment installed on the Ansible agent server will be used.',NULL,'0',_____DATE_____,1);
INSERT INTO T_COMN_MENU_COLUMN_LINK_JNL (JOURNAL_SEQ_NO,JOURNAL_REG_DATETIME,JOURNAL_ACTION_CLASS,COLUMN_DEFINITION_ID,MENU_ID,COLUMN_NAME_JA,COLUMN_NAME_EN,COLUMN_NAME_REST,COL_GROUP_ID,COLUMN_CLASS,COLUMN_DISP_SEQ,REF_TABLE_NAME,REF_PKEY_NAME,REF_COL_NAME,REF_SORT_CONDITIONS,REF_MULTI_LANG,REFERENCE_ITEM,SENSITIVE_COL_NAME,FILE_UPLOAD_PLACE,BUTTON_ACTION,COL_NAME,SAVE_TYPE,AUTO_INPUT,INPUT_ITEM,VIEW_ITEM,UNIQUE_ITEM,REQUIRED_ITEM,AUTOREG_HIDE_ITEM,AUTOREG_ONLY_ITEM,INITIAL_VALUE,VALIDATE_OPTION,VALIDATE_REG_EXP,BEFORE_VALIDATE_REGISTER,AFTER_VALIDATE_REGISTER,DESCRIPTION_JA,DESCRIPTION_EN,NOTE,DISUSE_FLAG,LAST_UPDATE_TIMESTAMP,LAST_UPDATE_USER) VALUES(2031236,_____DATE_____,'INSERT','2031236','20312','仮想環境パス','Venv path','venv_path','2041203','1',170,NULL,NULL,NULL,NULL,'0',NULL,NULL,NULL,NULL,'i_ANS_VENV_PATH',NULL,'0','1','1','0','0','1','0',NULL,'{
"min_length": 0,
"max_length": 255
}',NULL,NULL,NULL,'Ansible agentサーバにvenv環境で構築したansible実行環境で作業実行したい場合に、venv環境の絶対パスを入力します。
未入力の場合は、Ansible agentサーバにインストール済みのAnsible実行環境が使用されます。','If you want to perform operations in an ansible execution environment built in a venv environment on the Ansible agent server, enter the absolute path to the venv environment.
If left blank, the Ansible execution environment installed on the Ansible agent server will be used.',NULL,'0',_____DATE_____,1);

-- ---------------------------------------------------
-- - ▼メニュー・カラム紐づけ
-- -   Legacy role Movement一覧
-- -     ANS_VENT_PATH: 仮想環境パス　追加
-- ---------------------------------------------------
INSERT INTO T_COMN_MENU_COLUMN_LINK (COLUMN_DEFINITION_ID,MENU_ID,COLUMN_NAME_JA,COLUMN_NAME_EN,COLUMN_NAME_REST,COL_GROUP_ID,COLUMN_CLASS,COLUMN_DISP_SEQ,REF_TABLE_NAME,REF_PKEY_NAME,REF_COL_NAME,REF_SORT_CONDITIONS,REF_MULTI_LANG,REFERENCE_ITEM,SENSITIVE_COL_NAME,FILE_UPLOAD_PLACE,BUTTON_ACTION,COL_NAME,SAVE_TYPE,AUTO_INPUT,INPUT_ITEM,VIEW_ITEM,UNIQUE_ITEM,REQUIRED_ITEM,AUTOREG_HIDE_ITEM,AUTOREG_ONLY_ITEM,INITIAL_VALUE,VALIDATE_OPTION,VALIDATE_REG_EXP,BEFORE_VALIDATE_REGISTER,AFTER_VALIDATE_REGISTER,DESCRIPTION_JA,DESCRIPTION_EN,NOTE,DISUSE_FLAG,LAST_UPDATE_TIMESTAMP,LAST_UPDATE_USER) VALUES('2040216','20402','仮想環境パス','Venv path','venv_path','1020202','1',110,NULL,NULL,NULL,NULL,'0',NULL,NULL,NULL,NULL,'ANS_VENV_PATH',NULL,'0','1','1','0','0','1','0',NULL,'{
"min_length": 0,
"max_length": 255
}',NULL,NULL,NULL,'Ansible agentサーバにvenv環境で構築したansible実行環境で作業実行したい場合に、venv環境の絶対パスを入力します。
未入力の場合は、Ansible agentサーバにインストール済みのAnsible実行環境が使用されます。','If you want to perform operations in an ansible execution environment built in a venv environment on the Ansible agent server, enter the absolute path to the venv environment.
If left blank, the Ansible execution environment installed on the Ansible agent server will be used.',NULL,'0',_____DATE_____,1);
INSERT INTO T_COMN_MENU_COLUMN_LINK_JNL (JOURNAL_SEQ_NO,JOURNAL_REG_DATETIME,JOURNAL_ACTION_CLASS,COLUMN_DEFINITION_ID,MENU_ID,COLUMN_NAME_JA,COLUMN_NAME_EN,COLUMN_NAME_REST,COL_GROUP_ID,COLUMN_CLASS,COLUMN_DISP_SEQ,REF_TABLE_NAME,REF_PKEY_NAME,REF_COL_NAME,REF_SORT_CONDITIONS,REF_MULTI_LANG,REFERENCE_ITEM,SENSITIVE_COL_NAME,FILE_UPLOAD_PLACE,BUTTON_ACTION,COL_NAME,SAVE_TYPE,AUTO_INPUT,INPUT_ITEM,VIEW_ITEM,UNIQUE_ITEM,REQUIRED_ITEM,AUTOREG_HIDE_ITEM,AUTOREG_ONLY_ITEM,INITIAL_VALUE,VALIDATE_OPTION,VALIDATE_REG_EXP,BEFORE_VALIDATE_REGISTER,AFTER_VALIDATE_REGISTER,DESCRIPTION_JA,DESCRIPTION_EN,NOTE,DISUSE_FLAG,LAST_UPDATE_TIMESTAMP,LAST_UPDATE_USER) VALUES(2040216,_____DATE_____,'INSERT','2040216','20402','仮想環境パス','Venv path','venv_path','1020202','1',110,NULL,NULL,NULL,NULL,'0',NULL,NULL,NULL,NULL,'ANS_VENV_PATH',NULL,'0','1','1','0','0','1','0',NULL,'{
"min_length": 0,
"max_length": 255
}',NULL,NULL,NULL,'Ansible agentサーバにvenv環境で構築したansible実行環境で作業実行したい場合に、venv環境の絶対パスを入力します。
未入力の場合は、Ansible agentサーバにインストール済みのAnsible実行環境が使用されます。','If you want to perform operations in an ansible execution environment built in a venv environment on the Ansible agent server, enter the absolute path to the venv environment.
If left blank, the Ansible execution environment installed on the Ansible agent server will be used.',NULL,'0',_____DATE_____,1);

-- ---------------------------------------------------
-- - ▼メニュー・カラム紐づけ
-- -   Regacy role 作業管理
-- -     ABORT_EXECUTE_FLAG: 緊急停止フラグ　追加
-- -     I_ANS_VENT_PATH: 仮想環境パス　追加
-- ---------------------------------------------------
INSERT INTO T_COMN_MENU_COLUMN_LINK (COLUMN_DEFINITION_ID,MENU_ID,COLUMN_NAME_JA,COLUMN_NAME_EN,COLUMN_NAME_REST,COL_GROUP_ID,COLUMN_CLASS,COLUMN_DISP_SEQ,REF_TABLE_NAME,REF_PKEY_NAME,REF_COL_NAME,REF_SORT_CONDITIONS,REF_MULTI_LANG,REFERENCE_ITEM,SENSITIVE_COL_NAME,FILE_UPLOAD_PLACE,BUTTON_ACTION,COL_NAME,SAVE_TYPE,AUTO_INPUT,INPUT_ITEM,VIEW_ITEM,UNIQUE_ITEM,REQUIRED_ITEM,AUTOREG_HIDE_ITEM,AUTOREG_ONLY_ITEM,INITIAL_VALUE,VALIDATE_OPTION,VALIDATE_REG_EXP,BEFORE_VALIDATE_REGISTER,AFTER_VALIDATE_REGISTER,DESCRIPTION_JA,DESCRIPTION_EN,NOTE,DISUSE_FLAG,LAST_UPDATE_TIMESTAMP,LAST_UPDATE_USER) VALUES('2041235','20412','緊急停止フラグ','Abort execute flag','abort_execute_flag',NULL,'7',45,'T_COMN_BOOLEAN_FLAG','FLAG_ID','FLAG_NAME',NULL,'0',NULL,NULL,NULL,NULL,'ABORT_EXECUTE_FLAG',NULL,'0','1','1','0','0','1','0',NULL,NULL,NULL,NULL,NULL,'緊急停止発令
True:発令済み
False:未発令','Emergency stop issued
  True: Issued
  False: not issued',NULL,'0',_____DATE_____,1);
INSERT INTO T_COMN_MENU_COLUMN_LINK_JNL (JOURNAL_SEQ_NO,JOURNAL_REG_DATETIME,JOURNAL_ACTION_CLASS,COLUMN_DEFINITION_ID,MENU_ID,COLUMN_NAME_JA,COLUMN_NAME_EN,COLUMN_NAME_REST,COL_GROUP_ID,COLUMN_CLASS,COLUMN_DISP_SEQ,REF_TABLE_NAME,REF_PKEY_NAME,REF_COL_NAME,REF_SORT_CONDITIONS,REF_MULTI_LANG,REFERENCE_ITEM,SENSITIVE_COL_NAME,FILE_UPLOAD_PLACE,BUTTON_ACTION,COL_NAME,SAVE_TYPE,AUTO_INPUT,INPUT_ITEM,VIEW_ITEM,UNIQUE_ITEM,REQUIRED_ITEM,AUTOREG_HIDE_ITEM,AUTOREG_ONLY_ITEM,INITIAL_VALUE,VALIDATE_OPTION,VALIDATE_REG_EXP,BEFORE_VALIDATE_REGISTER,AFTER_VALIDATE_REGISTER,DESCRIPTION_JA,DESCRIPTION_EN,NOTE,DISUSE_FLAG,LAST_UPDATE_TIMESTAMP,LAST_UPDATE_USER) VALUES(2041235,_____DATE_____,'INSERT','2041235','20412','緊急停止フラグ','Abort execute flag','abort_execute_flag',NULL,'7',45,'T_COMN_BOOLEAN_FLAG','FLAG_ID','FLAG_NAME',NULL,'0',NULL,NULL,NULL,NULL,'ABORT_EXECUTE_FLAG',NULL,'0','1','1','0','0','1','0',NULL,NULL,NULL,NULL,NULL,'緊急停止発令
True:発令済み
False:未発令','Emergency stop issued
  True: Issued
  False: not issued',NULL,'0',_____DATE_____,1);
INSERT INTO T_COMN_MENU_COLUMN_LINK (COLUMN_DEFINITION_ID,MENU_ID,COLUMN_NAME_JA,COLUMN_NAME_EN,COLUMN_NAME_REST,COL_GROUP_ID,COLUMN_CLASS,COLUMN_DISP_SEQ,REF_TABLE_NAME,REF_PKEY_NAME,REF_COL_NAME,REF_SORT_CONDITIONS,REF_MULTI_LANG,REFERENCE_ITEM,SENSITIVE_COL_NAME,FILE_UPLOAD_PLACE,BUTTON_ACTION,COL_NAME,SAVE_TYPE,AUTO_INPUT,INPUT_ITEM,VIEW_ITEM,UNIQUE_ITEM,REQUIRED_ITEM,AUTOREG_HIDE_ITEM,AUTOREG_ONLY_ITEM,INITIAL_VALUE,VALIDATE_OPTION,VALIDATE_REG_EXP,BEFORE_VALIDATE_REGISTER,AFTER_VALIDATE_REGISTER,DESCRIPTION_JA,DESCRIPTION_EN,NOTE,DISUSE_FLAG,LAST_UPDATE_TIMESTAMP,LAST_UPDATE_USER) VALUES('2041236','20412','仮想環境パス','Venv path','venv_path','2041203','1',170,NULL,NULL,NULL,NULL,'0',NULL,NULL,NULL,NULL,'i_ANS_VENV_PATH',NULL,'0','1','1','0','0','1','0',NULL,'{
"min_length": 0,
"max_length": 255
}',NULL,NULL,NULL,'Ansible agentサーバにvenv環境で構築したansible実行環境で作業実行したい場合に、venv環境の絶対パスを入力します。
未入力の場合は、Ansible agentサーバにインストール済みのAnsible実行環境が使用されます。','If you want to perform operations in an ansible execution environment built in a venv environment on the Ansible agent server, enter the absolute path to the venv environment.
If left blank, the Ansible execution environment installed on the Ansible agent server will be used.',NULL,'0',_____DATE_____,1);
INSERT INTO T_COMN_MENU_COLUMN_LINK_JNL (JOURNAL_SEQ_NO,JOURNAL_REG_DATETIME,JOURNAL_ACTION_CLASS,COLUMN_DEFINITION_ID,MENU_ID,COLUMN_NAME_JA,COLUMN_NAME_EN,COLUMN_NAME_REST,COL_GROUP_ID,COLUMN_CLASS,COLUMN_DISP_SEQ,REF_TABLE_NAME,REF_PKEY_NAME,REF_COL_NAME,REF_SORT_CONDITIONS,REF_MULTI_LANG,REFERENCE_ITEM,SENSITIVE_COL_NAME,FILE_UPLOAD_PLACE,BUTTON_ACTION,COL_NAME,SAVE_TYPE,AUTO_INPUT,INPUT_ITEM,VIEW_ITEM,UNIQUE_ITEM,REQUIRED_ITEM,AUTOREG_HIDE_ITEM,AUTOREG_ONLY_ITEM,INITIAL_VALUE,VALIDATE_OPTION,VALIDATE_REG_EXP,BEFORE_VALIDATE_REGISTER,AFTER_VALIDATE_REGISTER,DESCRIPTION_JA,DESCRIPTION_EN,NOTE,DISUSE_FLAG,LAST_UPDATE_TIMESTAMP,LAST_UPDATE_USER) VALUES(2041236,_____DATE_____,'INSERT','2041236','20412','仮想環境パス','Venv path','venv_path','2041203','1',170,NULL,NULL,NULL,NULL,'0',NULL,NULL,NULL,NULL,'i_ANS_VENV_PATH',NULL,'0','1','1','0','0','1','0',NULL,'{
"min_length": 0,
"max_length": 255
}',NULL,NULL,NULL,'Ansible agentサーバにvenv環境で構築したansible実行環境で作業実行したい場合に、venv環境の絶対パスを入力します。
未入力の場合は、Ansible agentサーバにインストール済みのAnsible実行環境が使用されます。','If you want to perform operations in an ansible execution environment built in a venv environment on the Ansible agent server, enter the absolute path to the venv environment.
If left blank, the Ansible execution environment installed on the Ansible agent server will be used.',NULL,'0',_____DATE_____,1);

-- ----------------------------------------------------
-- - ▼Ansibleステータスマスタ
-- -   状態: 準備完了、実行待ち　追加
-- ---------------------------------------------------
INSERT INTO T_ANSC_EXEC_STATUS (EXEC_STATUS_ID,EXEC_STATUS_NAME_JA,EXEC_STATUS_NAME_EN,DISP_SEQ,NOTE,DISUSE_FLAG,LAST_UPDATE_TIMESTAMP,LAST_UPDATE_USER) VALUES('11','準備完了','Preparing　Completed',11,NULL,'0',_____DATE_____,1);
INSERT INTO T_ANSC_EXEC_STATUS (EXEC_STATUS_ID,EXEC_STATUS_NAME_JA,EXEC_STATUS_NAME_EN,DISP_SEQ,NOTE,DISUSE_FLAG,LAST_UPDATE_TIMESTAMP,LAST_UPDATE_USER) VALUES('12','実行待ち','Executing　wiat',12,NULL,'0',_____DATE_____,1);
