-- INSERT/UPDATE: 2.5.0
    -- T_COMN_MENU : UPDATE

UPDATE T_COMN_MENU SET SORT_KEY = '[{"ASC":"display_order"},{"ASC":"menu_name"}]', LAST_UPDATE_TIMESTAMP = _____DATE_____ WHERE MENU_ID ='10204';
UPDATE T_COMN_MENU_JNL SET SORT_KEY = '[{"ASC":"display_order"},{"ASC":"menu_name"}]', LAST_UPDATE_TIMESTAMP = _____DATE_____ WHERE MENU_ID ='10204';

UPDATE T_COMN_MENU SET WEB_PRINT_LIMIT = 10000, WEB_PRINT_CONFIRM = 1000 WHERE MENU_ID IN ('10101','10102','10103','10104','10105','10106','10201','10202','10203','10204','10205');
UPDATE T_COMN_MENU_JNL SET WEB_PRINT_LIMIT = 10000, WEB_PRINT_CONFIRM = 1000 WHERE MENU_ID IN ('10101','10102','10103','10104','10105','10106','10201','10202','10203','10204','10205');
UPDATE T_COMN_MENU SET INITIAL_FILTER_FLG = 1 WHERE MENU_ID IN ('10201');
UPDATE T_COMN_MENU_JNL SET INITIAL_FILTER_FLG = 1 WHERE MENU_ID IN ('10201');

    -- T_COMN_MENU_COLUMN_LINK : UPDATE

UPDATE T_COMN_MENU_COLUMN_LINK SET VALIDATE_OPTION = '{
"int_min": 0,
"int_max": 1000000
}', DESCRIPTION_JA = '数値のみ入力可　
0～1000000', DESCRIPTION_EN = 'Only numerical values can be entered
0～1000000' WHERE COLUMN_DEFINITION_ID IN ('1010310','1010311','1010312');
UPDATE T_COMN_MENU_COLUMN_LINK_JNL SET VALIDATE_OPTION = '{
"int_min": 0,
"int_max": 1000000
}', DESCRIPTION_JA = '数値のみ入力可　
0～1000000', DESCRIPTION_EN = 'Only numerical values can be entered
0～1000000' WHERE COLUMN_DEFINITION_ID IN ('1010310','1010311','1010312');

UPDATE T_COMN_MENU_COLUMN_LINK SET VALIDATE_OPTION = NULL, LAST_UPDATE_TIMESTAMP = _____DATE_____ WHERE COLUMN_DEFINITION_ID = '1010205';
UPDATE T_COMN_MENU_COLUMN_LINK SET VALIDATE_OPTION = NULL, LAST_UPDATE_TIMESTAMP = _____DATE_____ WHERE COLUMN_DEFINITION_ID = '1020210';
UPDATE T_COMN_MENU_COLUMN_LINK_JNL SET VALIDATE_OPTION = NULL, LAST_UPDATE_TIMESTAMP = _____DATE_____ WHERE COLUMN_DEFINITION_ID = '1010205';
UPDATE T_COMN_MENU_COLUMN_LINK_JNL SET VALIDATE_OPTION = NULL, LAST_UPDATE_TIMESTAMP = _____DATE_____ WHERE COLUMN_DEFINITION_ID = '1020210';

UPDATE T_COMN_MENU_COLUMN_LINK SET COLUMN_CLASS = '3',  LAST_UPDATE_TIMESTAMP = _____DATE_____ WHERE COLUMN_DEFINITION_ID = '1020206';
UPDATE T_COMN_MENU_COLUMN_LINK_JNL SET COLUMN_CLASS = '3',  LAST_UPDATE_TIMESTAMP = _____DATE_____ WHERE COLUMN_DEFINITION_ID = '1020206';

-- ------------------------------------------------------------
-- - ▼ 10205_カラムグループ管理
-- -    Ansible利用情報/Ansible Execution Agent利用情報  追加
-- -    Redhat利用情報                                   追加
-- -    Redhat利用情報/アカウント情報                    追加
-- -    Movement/Ansible Execution Agent利用情報         追加
-- ------------------------------------------------------------
INSERT INTO T_COMN_COLUMN_GROUP (COL_GROUP_ID,PA_COL_GROUP_ID,COL_GROUP_NAME_JA,COL_GROUP_NAME_EN,FULL_COL_GROUP_NAME_JA,FULL_COL_GROUP_NAME_EN,NOTE,DISUSE_FLAG,LAST_UPDATE_TIMESTAMP,LAST_UPDATE_USER) VALUES('1020205','1020201','Ansible Execution Agent利用情報','Ansible Execution Agent dedicated information','Ansible利用情報/Ansible Execution Agent利用情報','Ansible Dedicated information/Ansible Execution Agent dedicated information',NULL,'0',_____DATE_____,1);
INSERT INTO T_COMN_COLUMN_GROUP_JNL (JOURNAL_SEQ_NO,JOURNAL_REG_DATETIME,JOURNAL_ACTION_CLASS,COL_GROUP_ID,PA_COL_GROUP_ID,COL_GROUP_NAME_JA,COL_GROUP_NAME_EN,FULL_COL_GROUP_NAME_JA,FULL_COL_GROUP_NAME_EN,NOTE,DISUSE_FLAG,LAST_UPDATE_TIMESTAMP,LAST_UPDATE_USER) VALUES(1020205,_____DATE_____,'INSERT','1020205','1020201','Ansible Execution Agent利用情報','Ansible Execution Agent dedicated information','Ansible利用情報/Ansible Execution Agent利用情報','Ansible Dedicated information/Ansible Execution Agent dedicated information',NULL,'0',_____DATE_____,1);

INSERT INTO T_COMN_COLUMN_GROUP (COL_GROUP_ID,PA_COL_GROUP_ID,COL_GROUP_NAME_JA,COL_GROUP_NAME_EN,FULL_COL_GROUP_NAME_JA,FULL_COL_GROUP_NAME_EN,NOTE,DISUSE_FLAG,LAST_UPDATE_TIMESTAMP,LAST_UPDATE_USER) VALUES('2010301',NULL,'Redhat利用情報','Redhat usage information','Redhat利用情報','Redhat usage information',NULL,'0',_____DATE_____,1);
INSERT INTO T_COMN_COLUMN_GROUP_JNL (JOURNAL_SEQ_NO,JOURNAL_REG_DATETIME,JOURNAL_ACTION_CLASS,COL_GROUP_ID,PA_COL_GROUP_ID,COL_GROUP_NAME_JA,COL_GROUP_NAME_EN,FULL_COL_GROUP_NAME_JA,FULL_COL_GROUP_NAME_EN,NOTE,DISUSE_FLAG,LAST_UPDATE_TIMESTAMP,LAST_UPDATE_USER) VALUES(2010301,_____DATE_____,'INSERT','2010301',NULL,'Redhat利用情報','Redhat usage information','Redhat利用情報','Redhat usage information',NULL,'0',_____DATE_____,1);
INSERT INTO T_COMN_COLUMN_GROUP (COL_GROUP_ID,PA_COL_GROUP_ID,COL_GROUP_NAME_JA,COL_GROUP_NAME_EN,FULL_COL_GROUP_NAME_JA,FULL_COL_GROUP_NAME_EN,NOTE,DISUSE_FLAG,LAST_UPDATE_TIMESTAMP,LAST_UPDATE_USER) VALUES('2010302','2010301','アカウント情報','Account information','Redhat利用情報/アカウント情報','Redhat usage information/Account information',NULL,'0',_____DATE_____,1);
INSERT INTO T_COMN_COLUMN_GROUP_JNL (JOURNAL_SEQ_NO,JOURNAL_REG_DATETIME,JOURNAL_ACTION_CLASS,COL_GROUP_ID,PA_COL_GROUP_ID,COL_GROUP_NAME_JA,COL_GROUP_NAME_EN,FULL_COL_GROUP_NAME_JA,FULL_COL_GROUP_NAME_EN,NOTE,DISUSE_FLAG,LAST_UPDATE_TIMESTAMP,LAST_UPDATE_USER) VALUES(2010302,_____DATE_____,'INSERT','2010302','2010301','アカウント情報','Account information','Redhat利用情報/アカウント情報','Redhat usage information/Account information',NULL,'0',_____DATE_____,1);

INSERT INTO T_COMN_COLUMN_GROUP (COL_GROUP_ID,PA_COL_GROUP_ID,COL_GROUP_NAME_JA,COL_GROUP_NAME_EN,FULL_COL_GROUP_NAME_JA,FULL_COL_GROUP_NAME_EN,NOTE,DISUSE_FLAG,LAST_UPDATE_TIMESTAMP,LAST_UPDATE_USER) VALUES('2041207','2041201','Ansible Execution Agent利用情報','Ansible Execution Agent dedicated information','Movement/Ansible Execution Agent利用情報','Movement/Ansible Execution Agent dedicated information',NULL,'0',_____DATE_____,1);
INSERT INTO T_COMN_COLUMN_GROUP_JNL (JOURNAL_SEQ_NO,JOURNAL_REG_DATETIME,JOURNAL_ACTION_CLASS,COL_GROUP_ID,PA_COL_GROUP_ID,COL_GROUP_NAME_JA,COL_GROUP_NAME_EN,FULL_COL_GROUP_NAME_JA,FULL_COL_GROUP_NAME_EN,NOTE,DISUSE_FLAG,LAST_UPDATE_TIMESTAMP,LAST_UPDATE_USER) VALUES(2041207,_____DATE_____,'INSERT','2041207','2041201','Ansible Execution Agent利用情報','Ansible Execution Agent dedicated information','Movement/Ansible Execution Agent利用情報','Movement/Ansible Execution Agent dedicated information',NULL,'0',_____DATE_____,1);


-- ------------------------------------------------------------
-- - ▼ カラムクラス管理
-- -    ExecutionEnvironmentDefinitionIDColumn  追加
-- ------------------------------------------------------------
INSERT INTO T_COMN_COLUMN_CLASS (COLUMN_CLASS_ID,COLUMN_CLASS_NAME,COLUMN_CLASS_DISP_NAME_JA,COLUMN_CLASS_DISP_NAME_EN,MENU_CREATE_TARGET_FLAG,DISP_SEQ,NOTE,DISUSE_FLAG,LAST_UPDATE_TIMESTAMP,LAST_UPDATE_USER) VALUES(32,'ExecutionEnvironmentDefinitionIDColumn','プルダウン選択(実行環境定義)','Pulldown selection(Execution environment definition)','0',320,NULL,'0',_____DATE_____,1);

-- ------------------------------------------------------------
-- - ▼ メニュー・カラム紐づけ
-- -   Movement一覧
-- -   AG_EXECUTION_ENVIRONMENT_NAME  実行環境                    追加
-- -   AG_BUILDER_OPTIONS             ansible-builder パラメータ  追加
-- ------------------------------------------------------------
INSERT INTO T_COMN_MENU_COLUMN_LINK (COLUMN_DEFINITION_ID,MENU_ID,COLUMN_NAME_JA,COLUMN_NAME_EN,COLUMN_NAME_REST,COL_GROUP_ID,COLUMN_CLASS,COLUMN_DISP_SEQ,REF_TABLE_NAME,REF_PKEY_NAME,REF_COL_NAME,REF_SORT_CONDITIONS,REF_MULTI_LANG,REFERENCE_ITEM,SENSITIVE_COL_NAME,FILE_UPLOAD_PLACE,BUTTON_ACTION,COL_NAME,SAVE_TYPE,AUTO_INPUT,INPUT_ITEM,VIEW_ITEM,UNIQUE_ITEM,REQUIRED_ITEM,AUTOREG_HIDE_ITEM,AUTOREG_ONLY_ITEM,INITIAL_VALUE,VALIDATE_OPTION,VALIDATE_REG_EXP,BEFORE_VALIDATE_REGISTER,AFTER_VALIDATE_REGISTER,DESCRIPTION_JA,DESCRIPTION_EN,NOTE,DISUSE_FLAG,LAST_UPDATE_TIMESTAMP,LAST_UPDATE_USER) VALUES('1020218','10202','実行環境','Ansible agent execution environment','ansible_agent_execution_environment','1020205','7',105,'T_ANSC_EXECDEV','ROW_ID','EXECUTION_ENVIRONMENT_NAME',NULL,'0',NULL,NULL,NULL,NULL,'AG_EXECUTION_ENVIRONMENT_NAME',NULL,'0','1','1','0','0','1','0',NULL,'{
"min_length": 0,
"max_length": 255
}',NULL,NULL,NULL,'Ansible Agentサーバに構築した実行環境が表示されています。
作業実行する実行環境を選択して下さい。','The execution environment built on the Ansible Agent server is displayed.
Please select the execution environment in which you want to perform the work.',NULL,'0',_____DATE_____,1);
INSERT INTO T_COMN_MENU_COLUMN_LINK_JNL (JOURNAL_SEQ_NO,JOURNAL_REG_DATETIME,JOURNAL_ACTION_CLASS,COLUMN_DEFINITION_ID,MENU_ID,COLUMN_NAME_JA,COLUMN_NAME_EN,COLUMN_NAME_REST,COL_GROUP_ID,COLUMN_CLASS,COLUMN_DISP_SEQ,REF_TABLE_NAME,REF_PKEY_NAME,REF_COL_NAME,REF_SORT_CONDITIONS,REF_MULTI_LANG,REFERENCE_ITEM,SENSITIVE_COL_NAME,FILE_UPLOAD_PLACE,BUTTON_ACTION,COL_NAME,SAVE_TYPE,AUTO_INPUT,INPUT_ITEM,VIEW_ITEM,UNIQUE_ITEM,REQUIRED_ITEM,AUTOREG_HIDE_ITEM,AUTOREG_ONLY_ITEM,INITIAL_VALUE,VALIDATE_OPTION,VALIDATE_REG_EXP,BEFORE_VALIDATE_REGISTER,AFTER_VALIDATE_REGISTER,DESCRIPTION_JA,DESCRIPTION_EN,NOTE,DISUSE_FLAG,LAST_UPDATE_TIMESTAMP,LAST_UPDATE_USER) VALUES(1020218,_____DATE_____,'INSERT','1020218','10202','実行環境','Ansible agent execution environment','ansible_agent_execution_environment','1020205','7',105,'T_ANSC_EXECDEV','ROW_ID','EXECUTION_ENVIRONMENT_NAME',NULL,'0',NULL,NULL,NULL,NULL,'AG_EXECUTION_ENVIRONMENT_NAME',NULL,'0','1','1','0','0','1','0',NULL,'{
"min_length": 0,
"max_length": 255
}',NULL,NULL,NULL,'Ansible Agentサーバに構築した実行環境が表示されています。
作業実行する実行環境を選択して下さい。','The execution environment built on the Ansible Agent server is displayed.
Please select the execution environment in which you want to perform the work.',NULL,'0',_____DATE_____,1);
INSERT INTO T_COMN_MENU_COLUMN_LINK (COLUMN_DEFINITION_ID,MENU_ID,COLUMN_NAME_JA,COLUMN_NAME_EN,COLUMN_NAME_REST,COL_GROUP_ID,COLUMN_CLASS,COLUMN_DISP_SEQ,REF_TABLE_NAME,REF_PKEY_NAME,REF_COL_NAME,REF_SORT_CONDITIONS,REF_MULTI_LANG,REFERENCE_ITEM,SENSITIVE_COL_NAME,FILE_UPLOAD_PLACE,BUTTON_ACTION,COL_NAME,SAVE_TYPE,AUTO_INPUT,INPUT_ITEM,VIEW_ITEM,UNIQUE_ITEM,REQUIRED_ITEM,AUTOREG_HIDE_ITEM,AUTOREG_ONLY_ITEM,INITIAL_VALUE,VALIDATE_OPTION,VALIDATE_REG_EXP,BEFORE_VALIDATE_REGISTER,AFTER_VALIDATE_REGISTER,DESCRIPTION_JA,DESCRIPTION_EN,NOTE,DISUSE_FLAG,LAST_UPDATE_TIMESTAMP,LAST_UPDATE_USER) VALUES('1020219','10202','ansible-builder パラメータ','Ansibel builder options','ansibel_builder_options','1020205','1',106,NULL,NULL,NULL,NULL,'0',NULL,NULL,NULL,NULL,'AG_BUILDER_OPTIONS',NULL,'0','1','1','0','0','1','0',NULL,'{
"min_length": 0,
"max_length": 4000
}',NULL,NULL,NULL,'ansible-builderコマンドのパラメータを入力します。
--tagはITAで指定します。','Enter the parameters for the ansible-builder command.
--tag will be specified by ITA.',NULL,'0',_____DATE_____,1);
INSERT INTO T_COMN_MENU_COLUMN_LINK_JNL (JOURNAL_SEQ_NO,JOURNAL_REG_DATETIME,JOURNAL_ACTION_CLASS,COLUMN_DEFINITION_ID,MENU_ID,COLUMN_NAME_JA,COLUMN_NAME_EN,COLUMN_NAME_REST,COL_GROUP_ID,COLUMN_CLASS,COLUMN_DISP_SEQ,REF_TABLE_NAME,REF_PKEY_NAME,REF_COL_NAME,REF_SORT_CONDITIONS,REF_MULTI_LANG,REFERENCE_ITEM,SENSITIVE_COL_NAME,FILE_UPLOAD_PLACE,BUTTON_ACTION,COL_NAME,SAVE_TYPE,AUTO_INPUT,INPUT_ITEM,VIEW_ITEM,UNIQUE_ITEM,REQUIRED_ITEM,AUTOREG_HIDE_ITEM,AUTOREG_ONLY_ITEM,INITIAL_VALUE,VALIDATE_OPTION,VALIDATE_REG_EXP,BEFORE_VALIDATE_REGISTER,AFTER_VALIDATE_REGISTER,DESCRIPTION_JA,DESCRIPTION_EN,NOTE,DISUSE_FLAG,LAST_UPDATE_TIMESTAMP,LAST_UPDATE_USER) VALUES(1020219,_____DATE_____,'INSERT','1020219','10202','ansible-builder パラメータ','Ansibel builder options','ansibel_builder_options','1020205','1',106,NULL,NULL,NULL,NULL,'0',NULL,NULL,NULL,NULL,'AG_BUILDER_OPTIONS',NULL,'0','1','1','0','0','1','0',NULL,'{
"min_length": 0,
"max_length": 4000
}',NULL,NULL,NULL,'ansible-builderコマンドのパラメータを入力します。
--tagはITAで指定します。','Enter the parameters for the ansible-builder command.
--tag will be specified by ITA.',NULL,'0',_____DATE_____,1);

-- ------------------------------------------------------------
-- - ▼ バックヤードマスタ
-- -   Ansible実行エージェント　追加
-- -----------------------------------------------------------
INSERT INTO T_COMN_BACKYARD_USER (USER_ID,USER_NAME_JA,USER_NAME_EN,NOTE,DISUSE_FLAG,LAST_UPDATE_TIMESTAMP,LAST_UPDATE_USER) VALUES(110103,'Ansible実行エージェント','Ansible execution agent',NULL,'0',_____DATE_____,1);


