-- INSERT/UPDATE: -2.2.0
    -- T_COMN_DEL_OPERATION_LIST: UPDATE
    -- T_COMN_MENU_COLUMN_LINK: UPDATE
    -- T_COMN_SYSTEM_CONFIG: INSERT
    -- T_COMN_MENU_TABLE_LINK: UPDATE
    -- T_COMN_SHEET_TYPE: INSERT

-- T_COMN_DEL_OPERATION_LIST: UPDATE
UPDATE T_COMN_DEL_OPERATION_LIST SET DATA_STORAGE_PATH = "/driver/ansible/legacy_role",LAST_UPDATE_TIMESTAMP = _____DATE_____ WHERE ROW_ID = "9";
UPDATE T_COMN_DEL_OPERATION_LIST_JNL SET DATA_STORAGE_PATH = "/driver/ansible/legacy_role",LAST_UPDATE_TIMESTAMP = _____DATE_____ WHERE ROW_ID = "9";

-- T_COMN_MENU_COLUMN_LINK: UPDATE
UPDATE T_COMN_MENU_COLUMN_LINK SET DESCRIPTION_JA = "データストレージパス(省略可能)
データストレージパスで管理しているファイルがある場合、そのパスを入力します。
/storage/<<organization>>/<<workspace>>/配下のパスの場合は、/storage/<<organization>>/<<workspace>>からの相対パスを記載します。
exp)
 Ansible-Legacy
  /driver/ansible/legacy 
 Ansible-Pioneer
  /driver/ansible/pioneer",LAST_UPDATE_TIMESTAMP = _____DATE_____ WHERE COLUMN_DEFINITION_ID = "1010505";
UPDATE T_COMN_MENU_COLUMN_LINK_JNL SET DESCRIPTION_JA = "データストレージパス(省略可能)
データストレージパスで管理しているファイルがある場合、そのパスを入力します。
/storage/<<organization>>/<<workspace>>/配下のパスの場合は、/storage/<<organization>>/<<workspace>>からの相対パスを記載します。
exp)
 Ansible-Legacy
  /driver/ansible/legacy 
 Ansible-Pioneer
  /driver/ansible/pioneer",LAST_UPDATE_TIMESTAMP = _____DATE_____ WHERE COLUMN_DEFINITION_ID = "1010505";

UPDATE T_COMN_MENU_COLUMN_LINK SET DESCRIPTION_EN = "Data storage path (Can be abbreviated)
If there are files that are managed in a Data storage path, input said path.For paths under /storage/<<organization>>/<<workspace>>/, input a relative path from /storage/<<organization>>/<<workspace>>. 
exp)
 Ansible-Legacy 
  /driver/ansible/legacy 
 Ansible-Pioneer 
  /driver/ansible/pioneer",LAST_UPDATE_TIMESTAMP = _____DATE_____ WHERE COLUMN_DEFINITION_ID = "1010505";
UPDATE T_COMN_MENU_COLUMN_LINK_JNL SET DESCRIPTION_EN = "Data storage path (Can be abbreviated)
If there are files that are managed in a Data storage path, input said path.For paths under /storage/<<organization>>/<<workspace>>/, input a relative path from /storage/<<organization>>/<<workspace>>. 
exp)
 Ansible-Legacy 
  /driver/ansible/legacy 
 Ansible-Pioneer 
  /driver/ansible/pioneer",LAST_UPDATE_TIMESTAMP = _____DATE_____ WHERE COLUMN_DEFINITION_ID = "1010505";

-- 10103 メニュー管理: 独自メニュー用素材 追加
DELETE FROM T_COMN_MENU_COLUMN_LINK WHERE COLUMN_DEFINITION_ID in ("1010309",
                                                                   "1010310",
                                                                   "1010311",
                                                                   "1010312",
                                                                   "1010313",
                                                                   "1010314",
                                                                   "1010315",
                                                                   "1010316");
DELETE FROM T_COMN_MENU_COLUMN_LINK_JNL WHERE COLUMN_DEFINITION_ID in ("1010309",
                                                                       "1010310",
                                                                       "1010311",
                                                                       "1010312",
                                                                       "1010313",
                                                                       "1010314",
                                                                       "1010315",
                                                                       "1010316");

INSERT INTO T_COMN_MENU_COLUMN_LINK (COLUMN_DEFINITION_ID,MENU_ID,COLUMN_NAME_JA,COLUMN_NAME_EN,COLUMN_NAME_REST,COL_GROUP_ID,COLUMN_CLASS,COLUMN_DISP_SEQ,REF_TABLE_NAME,REF_PKEY_NAME,REF_COL_NAME,REF_SORT_CONDITIONS,REF_MULTI_LANG,REFERENCE_ITEM,SENSITIVE_COL_NAME,FILE_UPLOAD_PLACE,BUTTON_ACTION,COL_NAME,SAVE_TYPE,AUTO_INPUT,INPUT_ITEM,VIEW_ITEM,UNIQUE_ITEM,REQUIRED_ITEM,AUTOREG_HIDE_ITEM,AUTOREG_ONLY_ITEM,INITIAL_VALUE,VALIDATE_OPTION,VALIDATE_REG_EXP,BEFORE_VALIDATE_REGISTER,AFTER_VALIDATE_REGISTER,DESCRIPTION_JA,DESCRIPTION_EN,NOTE,DISUSE_FLAG,LAST_UPDATE_TIMESTAMP,LAST_UPDATE_USER) VALUES('1010309','10103','独自メニュー用素材','CUSTOM_MENU_ITEM','custom_menu_item',NULL,'9',90,NULL,NULL,NULL,NULL,'0',NULL,NULL,NULL,NULL,'CUSTOM_MENU_ITEM',NULL,'0','1','1','0','0','1','0',NULL,NULL,NULL,NULL,NULL,'「メニュー管理」メニューでメニューを直接登録した場合に使用される素材です。
既存メニューやパラメータシート作成機能で作成したメニューには登録しても使用されません。
メニュー上に表示させたいHTML、Javascript、CSS等をZIPで圧縮して登録してください。
メインで表示されるHTMLは「main.html」というファイル名固定で必須です。
「main.html」内で使用されるその他のファイル名は任意です。','This material is used when the menu is registered directly in "Menu list".
It will not be used even if registered to an existing menu or the parameter sheet creation.
Zip and register the HTML, Javascript, CSS, etc. you wish to display on the menu.
The HTML to be displayed on the main page is fixed with the file name "main.html" and is required.
Other file names used in "main.html" are optional.',NULL,'0',_____DATE_____,1);
INSERT INTO T_COMN_MENU_COLUMN_LINK_JNL (JOURNAL_SEQ_NO,JOURNAL_REG_DATETIME,JOURNAL_ACTION_CLASS,COLUMN_DEFINITION_ID,MENU_ID,COLUMN_NAME_JA,COLUMN_NAME_EN,COLUMN_NAME_REST,COL_GROUP_ID,COLUMN_CLASS,COLUMN_DISP_SEQ,REF_TABLE_NAME,REF_PKEY_NAME,REF_COL_NAME,REF_SORT_CONDITIONS,REF_MULTI_LANG,REFERENCE_ITEM,SENSITIVE_COL_NAME,FILE_UPLOAD_PLACE,BUTTON_ACTION,COL_NAME,SAVE_TYPE,AUTO_INPUT,INPUT_ITEM,VIEW_ITEM,UNIQUE_ITEM,REQUIRED_ITEM,AUTOREG_HIDE_ITEM,AUTOREG_ONLY_ITEM,INITIAL_VALUE,VALIDATE_OPTION,VALIDATE_REG_EXP,BEFORE_VALIDATE_REGISTER,AFTER_VALIDATE_REGISTER,DESCRIPTION_JA,DESCRIPTION_EN,NOTE,DISUSE_FLAG,LAST_UPDATE_TIMESTAMP,LAST_UPDATE_USER) VALUES(1010309,_____DATE_____,'INSERT','1010309','10103','独自メニュー用素材','CUSTOM_MENU_ITEM','custom_menu_item',NULL,'9',90,NULL,NULL,NULL,NULL,'0',NULL,NULL,NULL,NULL,'CUSTOM_MENU_ITEM',NULL,'0','1','1','0','0','1','0',NULL,NULL,NULL,NULL,NULL,'「メニュー管理」メニューでメニューを直接登録した場合に使用される素材です。
既存メニューやパラメータシート作成機能で作成したメニューには登録しても使用されません。
メニュー上に表示させたいHTML、Javascript、CSS等をZIPで圧縮して登録してください。
メインで表示されるHTMLは「main.html」というファイル名固定で必須です。
「main.html」内で使用されるその他のファイル名は任意です。','This material is used when the menu is registered directly in "Menu list".
It will not be used even if registered to an existing menu or the parameter sheet creation.
Zip and register the HTML, Javascript, CSS, etc. you wish to display on the menu.
The HTML to be displayed on the main page is fixed with the file name "main.html" and is required.
Other file names used in "main.html" are optional.',NULL,'0',_____DATE_____,1);
INSERT INTO T_COMN_MENU_COLUMN_LINK (COLUMN_DEFINITION_ID,MENU_ID,COLUMN_NAME_JA,COLUMN_NAME_EN,COLUMN_NAME_REST,COL_GROUP_ID,COLUMN_CLASS,COLUMN_DISP_SEQ,REF_TABLE_NAME,REF_PKEY_NAME,REF_COL_NAME,REF_SORT_CONDITIONS,REF_MULTI_LANG,REFERENCE_ITEM,SENSITIVE_COL_NAME,FILE_UPLOAD_PLACE,BUTTON_ACTION,COL_NAME,SAVE_TYPE,AUTO_INPUT,INPUT_ITEM,VIEW_ITEM,UNIQUE_ITEM,REQUIRED_ITEM,AUTOREG_HIDE_ITEM,AUTOREG_ONLY_ITEM,INITIAL_VALUE,VALIDATE_OPTION,VALIDATE_REG_EXP,BEFORE_VALIDATE_REGISTER,AFTER_VALIDATE_REGISTER,DESCRIPTION_JA,DESCRIPTION_EN,NOTE,DISUSE_FLAG,LAST_UPDATE_TIMESTAMP,LAST_UPDATE_USER) VALUES('1010310','10103','Web表示最大行数','WEB_PRINT_LIMIT','web_print_limit',NULL,'3',100,NULL,NULL,NULL,NULL,'0',NULL,NULL,NULL,NULL,'WEB_PRINT_LIMIT',NULL,'0','1','1','0','0','1','0',NULL,'{
"int_min": 0,
"int_max": 2147483647
}',NULL,NULL,NULL,'数値のみ入力可　
0～2147483647','Only numerical values can be entered
0～2147483647',NULL,'0',_____DATE_____,1);
INSERT INTO T_COMN_MENU_COLUMN_LINK_JNL (JOURNAL_SEQ_NO,JOURNAL_REG_DATETIME,JOURNAL_ACTION_CLASS,COLUMN_DEFINITION_ID,MENU_ID,COLUMN_NAME_JA,COLUMN_NAME_EN,COLUMN_NAME_REST,COL_GROUP_ID,COLUMN_CLASS,COLUMN_DISP_SEQ,REF_TABLE_NAME,REF_PKEY_NAME,REF_COL_NAME,REF_SORT_CONDITIONS,REF_MULTI_LANG,REFERENCE_ITEM,SENSITIVE_COL_NAME,FILE_UPLOAD_PLACE,BUTTON_ACTION,COL_NAME,SAVE_TYPE,AUTO_INPUT,INPUT_ITEM,VIEW_ITEM,UNIQUE_ITEM,REQUIRED_ITEM,AUTOREG_HIDE_ITEM,AUTOREG_ONLY_ITEM,INITIAL_VALUE,VALIDATE_OPTION,VALIDATE_REG_EXP,BEFORE_VALIDATE_REGISTER,AFTER_VALIDATE_REGISTER,DESCRIPTION_JA,DESCRIPTION_EN,NOTE,DISUSE_FLAG,LAST_UPDATE_TIMESTAMP,LAST_UPDATE_USER) VALUES(1010310,_____DATE_____,'INSERT','1010310','10103','Web表示最大行数','WEB_PRINT_LIMIT','web_print_limit',NULL,'3',100,NULL,NULL,NULL,NULL,'0',NULL,NULL,NULL,NULL,'WEB_PRINT_LIMIT',NULL,'0','1','1','0','0','1','0',NULL,'{
"int_min": 0,
"int_max": 2147483647
}',NULL,NULL,NULL,'数値のみ入力可　
0～2147483647','Only numerical values can be entered
0～2147483647',NULL,'0',_____DATE_____,1);
INSERT INTO T_COMN_MENU_COLUMN_LINK (COLUMN_DEFINITION_ID,MENU_ID,COLUMN_NAME_JA,COLUMN_NAME_EN,COLUMN_NAME_REST,COL_GROUP_ID,COLUMN_CLASS,COLUMN_DISP_SEQ,REF_TABLE_NAME,REF_PKEY_NAME,REF_COL_NAME,REF_SORT_CONDITIONS,REF_MULTI_LANG,REFERENCE_ITEM,SENSITIVE_COL_NAME,FILE_UPLOAD_PLACE,BUTTON_ACTION,COL_NAME,SAVE_TYPE,AUTO_INPUT,INPUT_ITEM,VIEW_ITEM,UNIQUE_ITEM,REQUIRED_ITEM,AUTOREG_HIDE_ITEM,AUTOREG_ONLY_ITEM,INITIAL_VALUE,VALIDATE_OPTION,VALIDATE_REG_EXP,BEFORE_VALIDATE_REGISTER,AFTER_VALIDATE_REGISTER,DESCRIPTION_JA,DESCRIPTION_EN,NOTE,DISUSE_FLAG,LAST_UPDATE_TIMESTAMP,LAST_UPDATE_USER) VALUES('1010311','10103','Web表示前確認行数','WEB_PRINT_CONFIRM','web_print_confirm',NULL,'3',110,NULL,NULL,NULL,NULL,'0',NULL,NULL,NULL,NULL,'WEB_PRINT_CONFIRM',NULL,'0','1','1','0','0','1','0',NULL,'{
"int_min": 0,
"int_max": 2147483647
}',NULL,NULL,NULL,'数値のみ入力可　
0～2147483647','Only numerical values can be entered
0～2147483647',NULL,'0',_____DATE_____,1);
INSERT INTO T_COMN_MENU_COLUMN_LINK_JNL (JOURNAL_SEQ_NO,JOURNAL_REG_DATETIME,JOURNAL_ACTION_CLASS,COLUMN_DEFINITION_ID,MENU_ID,COLUMN_NAME_JA,COLUMN_NAME_EN,COLUMN_NAME_REST,COL_GROUP_ID,COLUMN_CLASS,COLUMN_DISP_SEQ,REF_TABLE_NAME,REF_PKEY_NAME,REF_COL_NAME,REF_SORT_CONDITIONS,REF_MULTI_LANG,REFERENCE_ITEM,SENSITIVE_COL_NAME,FILE_UPLOAD_PLACE,BUTTON_ACTION,COL_NAME,SAVE_TYPE,AUTO_INPUT,INPUT_ITEM,VIEW_ITEM,UNIQUE_ITEM,REQUIRED_ITEM,AUTOREG_HIDE_ITEM,AUTOREG_ONLY_ITEM,INITIAL_VALUE,VALIDATE_OPTION,VALIDATE_REG_EXP,BEFORE_VALIDATE_REGISTER,AFTER_VALIDATE_REGISTER,DESCRIPTION_JA,DESCRIPTION_EN,NOTE,DISUSE_FLAG,LAST_UPDATE_TIMESTAMP,LAST_UPDATE_USER) VALUES(1010311,_____DATE_____,'INSERT','1010311','10103','Web表示前確認行数','WEB_PRINT_CONFIRM','web_print_confirm',NULL,'3',110,NULL,NULL,NULL,NULL,'0',NULL,NULL,NULL,NULL,'WEB_PRINT_CONFIRM',NULL,'0','1','1','0','0','1','0',NULL,'{
"int_min": 0,
"int_max": 2147483647
}',NULL,NULL,NULL,'数値のみ入力可　
0～2147483647','Only numerical values can be entered
0～2147483647',NULL,'0',_____DATE_____,1);
INSERT INTO T_COMN_MENU_COLUMN_LINK (COLUMN_DEFINITION_ID,MENU_ID,COLUMN_NAME_JA,COLUMN_NAME_EN,COLUMN_NAME_REST,COL_GROUP_ID,COLUMN_CLASS,COLUMN_DISP_SEQ,REF_TABLE_NAME,REF_PKEY_NAME,REF_COL_NAME,REF_SORT_CONDITIONS,REF_MULTI_LANG,REFERENCE_ITEM,SENSITIVE_COL_NAME,FILE_UPLOAD_PLACE,BUTTON_ACTION,COL_NAME,SAVE_TYPE,AUTO_INPUT,INPUT_ITEM,VIEW_ITEM,UNIQUE_ITEM,REQUIRED_ITEM,AUTOREG_HIDE_ITEM,AUTOREG_ONLY_ITEM,INITIAL_VALUE,VALIDATE_OPTION,VALIDATE_REG_EXP,BEFORE_VALIDATE_REGISTER,AFTER_VALIDATE_REGISTER,DESCRIPTION_JA,DESCRIPTION_EN,NOTE,DISUSE_FLAG,LAST_UPDATE_TIMESTAMP,LAST_UPDATE_USER) VALUES('1010312','10103','Excel出力最大行数','XLS_PRINT_LIMIT','xls_print_limit',NULL,'3',120,NULL,NULL,NULL,NULL,'0',NULL,NULL,NULL,NULL,'XLS_PRINT_LIMIT',NULL,'0','1','1','0','0','1','0',NULL,'{
"int_min": 0,
"int_max": 1048576
}',NULL,NULL,NULL,'数値のみ入力可　
0～1048576','Only numerical values can be entered
0～1048576',NULL,'0',_____DATE_____,1);
INSERT INTO T_COMN_MENU_COLUMN_LINK_JNL (JOURNAL_SEQ_NO,JOURNAL_REG_DATETIME,JOURNAL_ACTION_CLASS,COLUMN_DEFINITION_ID,MENU_ID,COLUMN_NAME_JA,COLUMN_NAME_EN,COLUMN_NAME_REST,COL_GROUP_ID,COLUMN_CLASS,COLUMN_DISP_SEQ,REF_TABLE_NAME,REF_PKEY_NAME,REF_COL_NAME,REF_SORT_CONDITIONS,REF_MULTI_LANG,REFERENCE_ITEM,SENSITIVE_COL_NAME,FILE_UPLOAD_PLACE,BUTTON_ACTION,COL_NAME,SAVE_TYPE,AUTO_INPUT,INPUT_ITEM,VIEW_ITEM,UNIQUE_ITEM,REQUIRED_ITEM,AUTOREG_HIDE_ITEM,AUTOREG_ONLY_ITEM,INITIAL_VALUE,VALIDATE_OPTION,VALIDATE_REG_EXP,BEFORE_VALIDATE_REGISTER,AFTER_VALIDATE_REGISTER,DESCRIPTION_JA,DESCRIPTION_EN,NOTE,DISUSE_FLAG,LAST_UPDATE_TIMESTAMP,LAST_UPDATE_USER) VALUES(1010312,_____DATE_____,'INSERT','1010312','10103','Excel出力最大行数','XLS_PRINT_LIMIT','xls_print_limit',NULL,'3',120,NULL,NULL,NULL,NULL,'0',NULL,NULL,NULL,NULL,'XLS_PRINT_LIMIT',NULL,'0','1','1','0','0','1','0',NULL,'{
"int_min": 0,
"int_max": 1048576
}',NULL,NULL,NULL,'数値のみ入力可　
0～1048576','Only numerical values can be entered
0～1048576',NULL,'0',_____DATE_____,1);
INSERT INTO T_COMN_MENU_COLUMN_LINK (COLUMN_DEFINITION_ID,MENU_ID,COLUMN_NAME_JA,COLUMN_NAME_EN,COLUMN_NAME_REST,COL_GROUP_ID,COLUMN_CLASS,COLUMN_DISP_SEQ,REF_TABLE_NAME,REF_PKEY_NAME,REF_COL_NAME,REF_SORT_CONDITIONS,REF_MULTI_LANG,REFERENCE_ITEM,SENSITIVE_COL_NAME,FILE_UPLOAD_PLACE,BUTTON_ACTION,COL_NAME,SAVE_TYPE,AUTO_INPUT,INPUT_ITEM,VIEW_ITEM,UNIQUE_ITEM,REQUIRED_ITEM,AUTOREG_HIDE_ITEM,AUTOREG_ONLY_ITEM,INITIAL_VALUE,VALIDATE_OPTION,VALIDATE_REG_EXP,BEFORE_VALIDATE_REGISTER,AFTER_VALIDATE_REGISTER,DESCRIPTION_JA,DESCRIPTION_EN,NOTE,DISUSE_FLAG,LAST_UPDATE_TIMESTAMP,LAST_UPDATE_USER) VALUES('1010313','10103','ソートキー','SORT_KEY','sort_key',NULL,'2',130,NULL,NULL,NULL,NULL,'0',NULL,NULL,NULL,NULL,'SORT_KEY',NULL,'0','1','1','0','0','1','0',NULL,'{
"min_length": 0,
"max_length": 4000
}',NULL,NULL,NULL,'最大文字数4000バイト','Maximum number of characters 4000 bytes',NULL,'0',_____DATE_____,1);
INSERT INTO T_COMN_MENU_COLUMN_LINK_JNL (JOURNAL_SEQ_NO,JOURNAL_REG_DATETIME,JOURNAL_ACTION_CLASS,COLUMN_DEFINITION_ID,MENU_ID,COLUMN_NAME_JA,COLUMN_NAME_EN,COLUMN_NAME_REST,COL_GROUP_ID,COLUMN_CLASS,COLUMN_DISP_SEQ,REF_TABLE_NAME,REF_PKEY_NAME,REF_COL_NAME,REF_SORT_CONDITIONS,REF_MULTI_LANG,REFERENCE_ITEM,SENSITIVE_COL_NAME,FILE_UPLOAD_PLACE,BUTTON_ACTION,COL_NAME,SAVE_TYPE,AUTO_INPUT,INPUT_ITEM,VIEW_ITEM,UNIQUE_ITEM,REQUIRED_ITEM,AUTOREG_HIDE_ITEM,AUTOREG_ONLY_ITEM,INITIAL_VALUE,VALIDATE_OPTION,VALIDATE_REG_EXP,BEFORE_VALIDATE_REGISTER,AFTER_VALIDATE_REGISTER,DESCRIPTION_JA,DESCRIPTION_EN,NOTE,DISUSE_FLAG,LAST_UPDATE_TIMESTAMP,LAST_UPDATE_USER) VALUES(1010313,_____DATE_____,'INSERT','1010313','10103','ソートキー','SORT_KEY','sort_key',NULL,'2',130,NULL,NULL,NULL,NULL,'0',NULL,NULL,NULL,NULL,'SORT_KEY',NULL,'0','1','1','0','0','1','0',NULL,'{
"min_length": 0,
"max_length": 4000
}',NULL,NULL,NULL,'最大文字数4000バイト','Maximum number of characters 4000 bytes',NULL,'0',_____DATE_____,1);
INSERT INTO T_COMN_MENU_COLUMN_LINK (COLUMN_DEFINITION_ID,MENU_ID,COLUMN_NAME_JA,COLUMN_NAME_EN,COLUMN_NAME_REST,COL_GROUP_ID,COLUMN_CLASS,COLUMN_DISP_SEQ,REF_TABLE_NAME,REF_PKEY_NAME,REF_COL_NAME,REF_SORT_CONDITIONS,REF_MULTI_LANG,REFERENCE_ITEM,SENSITIVE_COL_NAME,FILE_UPLOAD_PLACE,BUTTON_ACTION,COL_NAME,SAVE_TYPE,AUTO_INPUT,INPUT_ITEM,VIEW_ITEM,UNIQUE_ITEM,REQUIRED_ITEM,AUTOREG_HIDE_ITEM,AUTOREG_ONLY_ITEM,INITIAL_VALUE,VALIDATE_OPTION,VALIDATE_REG_EXP,BEFORE_VALIDATE_REGISTER,AFTER_VALIDATE_REGISTER,DESCRIPTION_JA,DESCRIPTION_EN,NOTE,DISUSE_FLAG,LAST_UPDATE_TIMESTAMP,LAST_UPDATE_USER) VALUES('1010314','10103','備考','Remarks','remarks',NULL,'12',140,NULL,NULL,NULL,NULL,'0',NULL,NULL,NULL,NULL,'NOTE',NULL,'0','1','1','0','0','1','0',NULL,'{
"min_length": 0,
"max_length": 4000
}',NULL,NULL,NULL,'自由記述欄。レコードの廃止・復活時にも記載可能。','Comments section. Can comment when removing or restoring records.',NULL,'0',_____DATE_____,1);
INSERT INTO T_COMN_MENU_COLUMN_LINK_JNL (JOURNAL_SEQ_NO,JOURNAL_REG_DATETIME,JOURNAL_ACTION_CLASS,COLUMN_DEFINITION_ID,MENU_ID,COLUMN_NAME_JA,COLUMN_NAME_EN,COLUMN_NAME_REST,COL_GROUP_ID,COLUMN_CLASS,COLUMN_DISP_SEQ,REF_TABLE_NAME,REF_PKEY_NAME,REF_COL_NAME,REF_SORT_CONDITIONS,REF_MULTI_LANG,REFERENCE_ITEM,SENSITIVE_COL_NAME,FILE_UPLOAD_PLACE,BUTTON_ACTION,COL_NAME,SAVE_TYPE,AUTO_INPUT,INPUT_ITEM,VIEW_ITEM,UNIQUE_ITEM,REQUIRED_ITEM,AUTOREG_HIDE_ITEM,AUTOREG_ONLY_ITEM,INITIAL_VALUE,VALIDATE_OPTION,VALIDATE_REG_EXP,BEFORE_VALIDATE_REGISTER,AFTER_VALIDATE_REGISTER,DESCRIPTION_JA,DESCRIPTION_EN,NOTE,DISUSE_FLAG,LAST_UPDATE_TIMESTAMP,LAST_UPDATE_USER) VALUES(1010314,_____DATE_____,'INSERT','1010314','10103','備考','Remarks','remarks',NULL,'12',140,NULL,NULL,NULL,NULL,'0',NULL,NULL,NULL,NULL,'NOTE',NULL,'0','1','1','0','0','1','0',NULL,'{
"min_length": 0,
"max_length": 4000
}',NULL,NULL,NULL,'自由記述欄。レコードの廃止・復活時にも記載可能。','Comments section. Can comment when removing or restoring records.',NULL,'0',_____DATE_____,1);
INSERT INTO T_COMN_MENU_COLUMN_LINK (COLUMN_DEFINITION_ID,MENU_ID,COLUMN_NAME_JA,COLUMN_NAME_EN,COLUMN_NAME_REST,COL_GROUP_ID,COLUMN_CLASS,COLUMN_DISP_SEQ,REF_TABLE_NAME,REF_PKEY_NAME,REF_COL_NAME,REF_SORT_CONDITIONS,REF_MULTI_LANG,REFERENCE_ITEM,SENSITIVE_COL_NAME,FILE_UPLOAD_PLACE,BUTTON_ACTION,COL_NAME,SAVE_TYPE,AUTO_INPUT,INPUT_ITEM,VIEW_ITEM,UNIQUE_ITEM,REQUIRED_ITEM,AUTOREG_HIDE_ITEM,AUTOREG_ONLY_ITEM,INITIAL_VALUE,VALIDATE_OPTION,VALIDATE_REG_EXP,BEFORE_VALIDATE_REGISTER,AFTER_VALIDATE_REGISTER,DESCRIPTION_JA,DESCRIPTION_EN,NOTE,DISUSE_FLAG,LAST_UPDATE_TIMESTAMP,LAST_UPDATE_USER) VALUES('1010315','10103','廃止フラグ','Discard','discard',NULL,'1',150,NULL,NULL,NULL,NULL,'0',NULL,NULL,NULL,NULL,'DISUSE_FLAG',NULL,'1','1','1','0','1','1','0',NULL,NULL,NULL,NULL,NULL,'廃止フラグ。復活以外のオペレーションは不可','Discard flag. Cannot do operation other than restore.',NULL,'0',_____DATE_____,1);
INSERT INTO T_COMN_MENU_COLUMN_LINK_JNL (JOURNAL_SEQ_NO,JOURNAL_REG_DATETIME,JOURNAL_ACTION_CLASS,COLUMN_DEFINITION_ID,MENU_ID,COLUMN_NAME_JA,COLUMN_NAME_EN,COLUMN_NAME_REST,COL_GROUP_ID,COLUMN_CLASS,COLUMN_DISP_SEQ,REF_TABLE_NAME,REF_PKEY_NAME,REF_COL_NAME,REF_SORT_CONDITIONS,REF_MULTI_LANG,REFERENCE_ITEM,SENSITIVE_COL_NAME,FILE_UPLOAD_PLACE,BUTTON_ACTION,COL_NAME,SAVE_TYPE,AUTO_INPUT,INPUT_ITEM,VIEW_ITEM,UNIQUE_ITEM,REQUIRED_ITEM,AUTOREG_HIDE_ITEM,AUTOREG_ONLY_ITEM,INITIAL_VALUE,VALIDATE_OPTION,VALIDATE_REG_EXP,BEFORE_VALIDATE_REGISTER,AFTER_VALIDATE_REGISTER,DESCRIPTION_JA,DESCRIPTION_EN,NOTE,DISUSE_FLAG,LAST_UPDATE_TIMESTAMP,LAST_UPDATE_USER) VALUES(1010315,_____DATE_____,'INSERT','1010315','10103','廃止フラグ','Discard','discard',NULL,'1',150,NULL,NULL,NULL,NULL,'0',NULL,NULL,NULL,NULL,'DISUSE_FLAG',NULL,'1','1','1','0','1','1','0',NULL,NULL,NULL,NULL,NULL,'廃止フラグ。復活以外のオペレーションは不可','Discard flag. Cannot do operation other than restore.',NULL,'0',_____DATE_____,1);
INSERT INTO T_COMN_MENU_COLUMN_LINK (COLUMN_DEFINITION_ID,MENU_ID,COLUMN_NAME_JA,COLUMN_NAME_EN,COLUMN_NAME_REST,COL_GROUP_ID,COLUMN_CLASS,COLUMN_DISP_SEQ,REF_TABLE_NAME,REF_PKEY_NAME,REF_COL_NAME,REF_SORT_CONDITIONS,REF_MULTI_LANG,REFERENCE_ITEM,SENSITIVE_COL_NAME,FILE_UPLOAD_PLACE,BUTTON_ACTION,COL_NAME,SAVE_TYPE,AUTO_INPUT,INPUT_ITEM,VIEW_ITEM,UNIQUE_ITEM,REQUIRED_ITEM,AUTOREG_HIDE_ITEM,AUTOREG_ONLY_ITEM,INITIAL_VALUE,VALIDATE_OPTION,VALIDATE_REG_EXP,BEFORE_VALIDATE_REGISTER,AFTER_VALIDATE_REGISTER,DESCRIPTION_JA,DESCRIPTION_EN,NOTE,DISUSE_FLAG,LAST_UPDATE_TIMESTAMP,LAST_UPDATE_USER) VALUES('1010316','10103','最終更新日時','Last update date/time','last_update_date_time',NULL,'13',160,NULL,NULL,NULL,NULL,'0',NULL,NULL,NULL,NULL,'LAST_UPDATE_TIMESTAMP',NULL,'1','0','1','0','1','1','0',NULL,NULL,NULL,NULL,NULL,'レコードの最終更新日。自動登録のため編集不可。','Last update date of record. Cannot edit because of auto-registration.',NULL,'0',_____DATE_____,1);
INSERT INTO T_COMN_MENU_COLUMN_LINK_JNL (JOURNAL_SEQ_NO,JOURNAL_REG_DATETIME,JOURNAL_ACTION_CLASS,COLUMN_DEFINITION_ID,MENU_ID,COLUMN_NAME_JA,COLUMN_NAME_EN,COLUMN_NAME_REST,COL_GROUP_ID,COLUMN_CLASS,COLUMN_DISP_SEQ,REF_TABLE_NAME,REF_PKEY_NAME,REF_COL_NAME,REF_SORT_CONDITIONS,REF_MULTI_LANG,REFERENCE_ITEM,SENSITIVE_COL_NAME,FILE_UPLOAD_PLACE,BUTTON_ACTION,COL_NAME,SAVE_TYPE,AUTO_INPUT,INPUT_ITEM,VIEW_ITEM,UNIQUE_ITEM,REQUIRED_ITEM,AUTOREG_HIDE_ITEM,AUTOREG_ONLY_ITEM,INITIAL_VALUE,VALIDATE_OPTION,VALIDATE_REG_EXP,BEFORE_VALIDATE_REGISTER,AFTER_VALIDATE_REGISTER,DESCRIPTION_JA,DESCRIPTION_EN,NOTE,DISUSE_FLAG,LAST_UPDATE_TIMESTAMP,LAST_UPDATE_USER) VALUES(1010316,_____DATE_____,'INSERT','1010316','10103','最終更新日時','Last update date/time','last_update_date_time',NULL,'13',160,NULL,NULL,NULL,NULL,'0',NULL,NULL,NULL,NULL,'LAST_UPDATE_TIMESTAMP',NULL,'1','0','1','0','1','1','0',NULL,NULL,NULL,NULL,NULL,'レコードの最終更新日。自動登録のため編集不可。','Last update date of record. Cannot edit because of auto-registration.',NULL,'0',_____DATE_____,1);
INSERT INTO T_COMN_MENU_COLUMN_LINK (COLUMN_DEFINITION_ID,MENU_ID,COLUMN_NAME_JA,COLUMN_NAME_EN,COLUMN_NAME_REST,COL_GROUP_ID,COLUMN_CLASS,COLUMN_DISP_SEQ,REF_TABLE_NAME,REF_PKEY_NAME,REF_COL_NAME,REF_SORT_CONDITIONS,REF_MULTI_LANG,REFERENCE_ITEM,SENSITIVE_COL_NAME,FILE_UPLOAD_PLACE,BUTTON_ACTION,COL_NAME,SAVE_TYPE,AUTO_INPUT,INPUT_ITEM,VIEW_ITEM,UNIQUE_ITEM,REQUIRED_ITEM,AUTOREG_HIDE_ITEM,AUTOREG_ONLY_ITEM,INITIAL_VALUE,VALIDATE_OPTION,VALIDATE_REG_EXP,BEFORE_VALIDATE_REGISTER,AFTER_VALIDATE_REGISTER,DESCRIPTION_JA,DESCRIPTION_EN,NOTE,DISUSE_FLAG,LAST_UPDATE_TIMESTAMP,LAST_UPDATE_USER) VALUES('1010317','10103','最終更新者','Last updated by','last_updated_user',NULL,'14',170,NULL,NULL,NULL,NULL,'0',NULL,NULL,NULL,NULL,'LAST_UPDATE_USER',NULL,'1','0','1','0','1','1','0',NULL,NULL,NULL,NULL,NULL,'更新者。ログインユーザのIDが自動的に登録される。編集不可。','Updated by. Login user ID is automatically registered. Cannot edit.',NULL,'0',_____DATE_____,1);
INSERT INTO T_COMN_MENU_COLUMN_LINK_JNL (JOURNAL_SEQ_NO,JOURNAL_REG_DATETIME,JOURNAL_ACTION_CLASS,COLUMN_DEFINITION_ID,MENU_ID,COLUMN_NAME_JA,COLUMN_NAME_EN,COLUMN_NAME_REST,COL_GROUP_ID,COLUMN_CLASS,COLUMN_DISP_SEQ,REF_TABLE_NAME,REF_PKEY_NAME,REF_COL_NAME,REF_SORT_CONDITIONS,REF_MULTI_LANG,REFERENCE_ITEM,SENSITIVE_COL_NAME,FILE_UPLOAD_PLACE,BUTTON_ACTION,COL_NAME,SAVE_TYPE,AUTO_INPUT,INPUT_ITEM,VIEW_ITEM,UNIQUE_ITEM,REQUIRED_ITEM,AUTOREG_HIDE_ITEM,AUTOREG_ONLY_ITEM,INITIAL_VALUE,VALIDATE_OPTION,VALIDATE_REG_EXP,BEFORE_VALIDATE_REGISTER,AFTER_VALIDATE_REGISTER,DESCRIPTION_JA,DESCRIPTION_EN,NOTE,DISUSE_FLAG,LAST_UPDATE_TIMESTAMP,LAST_UPDATE_USER) VALUES(1010317,_____DATE_____,'INSERT','1010317','10103','最終更新者','Last updated by','last_updated_user',NULL,'14',170,NULL,NULL,NULL,NULL,'0',NULL,NULL,NULL,NULL,'LAST_UPDATE_USER',NULL,'1','0','1','0','1','1','0',NULL,NULL,NULL,NULL,NULL,'更新者。ログインユーザのIDが自動的に登録される。編集不可。','Updated by. Login user ID is automatically registered. Cannot edit.',NULL,'0',_____DATE_____,1);

-- T_COMN_SYSTEM_CONFIG: INSERT
INSERT INTO T_COMN_SYSTEM_CONFIG (ITEM_ID, CONFIG_ID, CONFIG_NAME, VALUE, NOTE, DISUSE_FLAG, LAST_UPDATE_TIMESTAMP, LAST_UPDATE_USER) VALUES("3", "MAXIMUM_ITERATION_ANSIBLE-LEGACYROLE", "Maximum iteration count of Ansible-LegacyRole", "1024", "Ansible-LegacyRole：変数ネスト管理における最大繰返数の上限値
1～1024の間で設定可能
1～1024：設定した値
上記以外：1024

Ansible-LegacyRole：Maximum iteration counts upper limit in Nested variable list
Can be set between 1 and 1024
Configured value: 1 ~ 1024
Other than the above: 1024", "0", _____DATE_____, "1");
INSERT INTO T_COMN_SYSTEM_CONFIG_JNL (JOURNAL_SEQ_NO, JOURNAL_REG_DATETIME, JOURNAL_ACTION_CLASS, ITEM_ID, CONFIG_ID, CONFIG_NAME, VALUE, NOTE, DISUSE_FLAG, LAST_UPDATE_TIMESTAMP, LAST_UPDATE_USER) VALUES ("3", _____DATE_____, "INSERT", "3", "MAXIMUM_ITERATION_ANSIBLE-LEGACYROLE", "Maximum iteration count of Ansible-LegacyRole", "1024", "Ansible-LegacyRole：変数ネスト管理における最大繰返数の上限値
1～1024の間で設定可能
1～1024：設定した値
上記以外：1024

Ansible-LegacyRole：Maximum iteration counts upper limit in Nested variable list
Can be set between 1 and 1024
Configured value: 1 ~ 1024
Other than the above: 1024", "0", _____DATE_____, "1");

INSERT INTO T_COMN_SYSTEM_CONFIG (ITEM_ID, CONFIG_ID, CONFIG_NAME, VALUE, NOTE, DISUSE_FLAG, LAST_UPDATE_TIMESTAMP, LAST_UPDATE_USER) VALUES ("4", "MAXIMUM_ITERATION_TERRAFORM-CLOUD-EP", "Maximum iteration count of Terraform-Cloud/EP", "1024", "Terraform-Cloud/EP：変数ネスト管理における最大繰返数の上限値
1～1024の間で設定可能
1～1024：設定した値
上記以外：1024

Terraform-Cloud/EP：Maximum iteration counts upper limit in Nested variable list
Can be set between 1 and 1024
Configured value: 1 ~ 1024
Other than the above: 1024", "0", _____DATE_____, "1");
INSERT INTO T_COMN_SYSTEM_CONFIG_JNL (JOURNAL_SEQ_NO, JOURNAL_REG_DATETIME, JOURNAL_ACTION_CLASS, ITEM_ID, CONFIG_ID, CONFIG_NAME, VALUE, NOTE, DISUSE_FLAG, LAST_UPDATE_TIMESTAMP, LAST_UPDATE_USER) VALUES ("4", _____DATE_____, "INSERT", "4", "MAXIMUM_ITERATION_TERRAFORM-CLOUD-EP", "Maximum iteration count of Terraform-Cloud/EP", "1024", "Terraform-Cloud/EP：変数ネスト管理における最大繰返数の上限値
1～1024の間で設定可能
1～1024：設定した値
上記以外：1024

Terraform-Cloud/EP：Maximum iteration counts upper limit in Nested variable list
Can be set between 1 and 1024
Configured value: 1 ~ 1024
Other than the above: 1024", "0", _____DATE_____, "1");

INSERT INTO T_COMN_SYSTEM_CONFIG (ITEM_ID, CONFIG_ID, CONFIG_NAME, VALUE, NOTE, DISUSE_FLAG, LAST_UPDATE_TIMESTAMP, LAST_UPDATE_USER) VALUES ("5", "MAXIMUM_ITERATION_TERRAFORM-CLI", "Maximum iteration count of Terraform-CLI", "1024", "Terraform-CLI：変数ネスト管理における最大繰返数の上限値
1～1024の間で設定可能
1～1024：設定した値
上記以外：1024

Terraform-CLI：Maximum iteration counts upper limit in Nested variable list
Can be set between 1 and 1024
Configured value: 1 ~ 1024
Other than the above: 1024", "0", _____DATE_____, "1");
INSERT INTO T_COMN_SYSTEM_CONFIG_JNL (JOURNAL_SEQ_NO, JOURNAL_REG_DATETIME, JOURNAL_ACTION_CLASS, ITEM_ID, CONFIG_ID, CONFIG_NAME, VALUE, NOTE, DISUSE_FLAG, LAST_UPDATE_TIMESTAMP, LAST_UPDATE_USER) VALUES ("5", _____DATE_____, "INSERT", "5", "MAXIMUM_ITERATION_TERRAFORM-CLI", "Maximum iteration count of Terraform-CLI", "1024", "Terraform-CLI：変数ネスト管理における最大繰返数の上限値
1～1024の間で設定可能
1～1024：設定した値
上記以外：1024

Terraform-CLI：Maximum iteration counts upper limit in Nested variable list
Can be set between 1 and 1024
Configured value: 1 ~ 1024
Other than the above: 1024", "0", _____DATE_____, "1");

-- T_COMN_MENU_TABLE_LINK: UPDATE
UPDATE T_COMN_MENU_TABLE_LINK SET BEFORE_VALIDATE_REGISTER = "external_valid_menu_before" WHERE TABLE_DEFINITION_ID = "10103";
UPDATE T_COMN_MENU_TABLE_LINK_JNL SET BEFORE_VALIDATE_REGISTER = "external_valid_menu_before" WHERE TABLE_DEFINITION_ID = "10103";

-- T_COMN_SHEET_TYPE: INSERT
INSERT INTO T_COMN_SHEET_TYPE (SHEET_TYPE_NAME_ID,SHEET_TYPE_NAME_JA,SHEET_TYPE_NAME_EN,MENU_CREATE_TARGET_FLAG,DISP_SEQ,NOTE,DISUSE_FLAG,LAST_UPDATE_TIMESTAMP,LAST_UPDATE_USER) VALUES(25,'パラメータ集','Parameter collection','0',25,NULL,'0',_____DATE_____,1);
INSERT INTO T_COMN_SHEET_TYPE (SHEET_TYPE_NAME_ID,SHEET_TYPE_NAME_JA,SHEET_TYPE_NAME_EN,MENU_CREATE_TARGET_FLAG,DISP_SEQ,NOTE,DISUSE_FLAG,LAST_UPDATE_TIMESTAMP,LAST_UPDATE_USER) VALUES(99,'独自メニュー用素材','Custom menu item','0',99,NULL,'0',_____DATE_____,1);
